source,raw_string,cfpb_company_name,entity_id,display_name,entity_type,lei,rssd,rssdhcr,fdic_cert,hmda_identifier,identifier_year,identifier_source,valid_from,valid_to,method,reviewed_by,reviewed_on,evidence
ccdb,WELLS FARGO & COMPANY,WELLS FARGO & COMPANY,EEEC3CB5858E0,WELLS FARGO&COMPANY,bank,KB1H1DSPRFMYMCUFXT09,451965,1120754,3511,KB1H1DSPRFMYMCUFXT09,2018,https://files.ffiec.cfpb.gov/static-data/snapshot/2018/2018_public_panel_csv.zip,,,manual,Codex (individual identity/evidence review; not independent human review),2026-09-26,https://api.fdic.gov/banks/institutions
ccdb,WELLS FARGO & COMPANY,WELLS FARGO & COMPANY,EEEC3CB5858E0,WELLS FARGO&COMPANY,bank,KB1H1DSPRFMYMCUFXT09,451965,1120754,3511,KB1H1DSPRFMYMCUFXT09,2019,https://files.ffiec.cfpb.gov/static-data/snapshot/2019/2019_public_panel_csv.zip,,,manual,Codex (individual identity/evidence review; not independent human review),2026-09-26,https://api.fdic.gov/banks/institutions
ccdb,WELLS FARGO & COMPANY,WELLS FARGO & COMPANY,EEEC3CB5858E0,WELLS FARGO&COMPANY,bank,KB1H1DSPRFMYMCUFXT09,451965,1120754,3511,KB1H1DSPRFMYMCUFXT09,2020,https://files.ffiec.cfpb.gov/static-data/snapshot/2020/2020_public_panel_csv.zip,,,manual,Codex (individual identity/evidence review; not independent human review),2026-09-26,https://api.fdic.gov/banks/institutions
ccdb,WELLS FARGO & COMPANY,WELLS FARGO & COMPANY,EEEC3CB5858E0,WELLS FARGO&COMPANY,bank,KB1H1DSPRFMYMCUFXT09,451965,1120754,3511,KB1H1DSPRFMYMCUFXT09,2021,https://files.ffiec.cfpb.gov/static-data/snapshot/2021/2021_public_panel_csv.zip,,,manual,Codex (individual identity/evidence review; not independent human review),2026-09-26,https://api.fdic.gov/banks/institutions
ccdb,WELLS FARGO & COMPANY,WELLS FARGO & COMPANY,EEEC3CB5858E0,WELLS FARGO&COMPANY,bank,KB1H1DSPRFMYMCUFXT09,451965,1120754,3511,KB1H1DSPRFMYMCUFXT09,2022,https://files.ffiec.cfpb.gov/static-data/snapshot/2022/2022_public_panel_csv.zip,,,manual,Codex (individual identity/evidence review; not independent human review),2026-09-26,https://api.fdic.gov/banks/institutions
ccdb,WELLS FARGO & COMPANY,WELLS FARGO & COMPANY,EEEC3CB5858E0,WELLS FARGO&COMPANY,bank,KB1H1DSPRFMYMCUFXT09,451965,1120754,3511,KB1H1DSPRFMYMCUFXT09,2023,https://files.ffiec.cfpb.gov/static-data/snapshot/2023/2023_public_panel_csv.zip,,,manual,Codex (individual identity/evidence review; not independent human review),2026-09-26,https://api.fdic.gov/banks/institutions
ccdb,WELLS FARGO & COMPANY,WELLS FARGO & COMPANY,EEEC3CB5858E0,WELLS FARGO&COMPANY,bank,KB1H1DSPRFMYMCUFXT09,,1120754,,KB1H1DSPRFMYMCUFXT09,2024,https://files.ffiec.cfpb.gov/static-data/snapshot/2024/2024_public_ts_csv.zip,,,manual,Codex (individual identity/evidence review; not independent human review),2026-09-26,https://api.fdic.gov/banks/institutions
ccdb,WELLS FARGO & COMPANY,WELLS FARGO & COMPANY,EEEC3CB5858E0,WELLS FARGO&COMPANY,bank,KB1H1DSPRFMYMCUFXT09,,1120754,,KB1H1DSPRFMYMCUFXT09,2025,https://files.ffiec.cfpb.gov/static-data/snapshot/2025/2025_public_ts_csv.zip,,,manual,Codex (individual identity/evidence review; not independent human review),2026-09-26,https://api.fdic.gov/banks/institutions
ccdb,WELLS FARGO & COMPANY,WELLS FARGO & COMPANY,EEEC3CB5858E0,WELLS FARGO&COMPANY,bank,,451965,1120754,3511,,2026,https://api.fdic.gov/banks/institutions,,,manual,Codex (individual identity/evidence review; not independent human review),2026-09-26,https://api.fdic.gov/banks/institutions
ccdb,WELLS FARGO & COMPANY,WELLS FARGO & COMPANY,EEEC3CB5858E0,WELLS FARGO&COMPANY,bank,,2362458,1120754,5146,,2026,https://api.fdic.gov/banks/institutions,,,manual,Codex (individual identity/evidence review; not independent human review),2026-09-26,https://api.fdic.gov/banks/institutions
ccdb,WELLS FARGO & COMPANY,WELLS FARGO & COMPANY,EEEC3CB5858E0,WELLS FARGO&COMPANY,bank,,1225761,1120754,27389,,2026,https://api.fdic.gov/banks/institutions,,,manual,Codex (individual identity/evidence review; not independent human review),2026-09-26,https://api.fdic.gov/banks/institutions
ccdb,"BANK OF AMERICA, NATIONAL ASSOCIATION","BANK OF AMERICA, NATIONAL ASSOCIATION",EC2C27F26E8F0,BANK OF AMERICA CORP,bank,B4TYDEB6GKMZO031MB27,480228,1073757,3510,B4TYDEB6GKMZO031MB27,2018,https://files.ffiec.cfpb.gov/static-data/snapshot/2018/2018_public_panel_csv.zip,,,manual,Codex (individual identity/evidence review; not independent human review),2026-09-26,https://api.fdic.gov/banks/institutions
ccdb,"BANK OF AMERICA, NATIONAL ASSOCIATION","BANK OF AMERICA, NATIONAL ASSOCIATION",EC2C27F26E8F0,BANK OF AMERICA CORP,bank,B4TYDEB6GKMZO031MB27,480228,1073757,3510,B4TYDEB6GKMZO031MB27,2019,https://files.ffiec.cfpb.gov/static-data/snapshot/2019/2019_public_panel_csv.zip,,,manual,Codex (individual identity/evidence review; not independent human review),2026-09-26,https://api.fdic.gov/banks/institutions
ccdb,"BANK OF AMERICA, NATIONAL ASSOCIATION","BANK OF AMERICA, NATIONAL ASSOCIATION",EC2C27F26E8F0,BANK OF AMERICA CORP,bank,B4TYDEB6GKMZO031MB27,480228,1073757,3510,B4TYDEB6GKMZO031MB27,2020,https://files.ffiec.cfpb.gov/static-data/snapshot/2020/2020_public_panel_csv.zip,,,manual,Codex (individual identity/evidence review; not independent human review),2026-09-26,https://api.fdic.gov/banks/institutions
ccdb,"BANK OF AMERICA, NATIONAL ASSOCIATION","BANK OF AMERICA, NATIONAL ASSOCIATION",EC2C27F26E8F0,BANK OF AMERICA CORP,bank,B4TYDEB6GKMZO031MB27,480228,1073757,3510,B4TYDEB6GKMZO031MB27,2021,https://files.ffiec.cfpb.gov/static-data/snapshot/2021/2021_public_panel_csv.zip,,,manual,Codex (individual identity/evidence review; not independent human review),2026-09-26,https://api.fdic.gov/banks/institutions
ccdb,"BANK OF AMERICA, NATIONAL ASSOCIATION","BANK OF AMERICA, NATIONAL ASSOCIATION",EC2C27F26E8F0,BANK OF AMERICA CORP,bank,B4TYDEB6GKMZO031MB27,480228,1073757,3510,B4TYDEB6GKMZO031MB27,2022,https://files.ffiec.cfpb.gov/static-data/snapshot/2022/2022_public_panel_csv.zip,,,manual,Codex (individual identity/evidence review; not independent human review),2026-09-26,https://api.fdic.gov/banks/institutions
ccdb,"BANK OF AMERICA, NATIONAL ASSOCIATION","BANK OF AMERICA, NATIONAL ASSOCIATION",EC2C27F26E8F0,BANK OF AMERICA CORP,bank,B4TYDEB6GKMZO031MB27,480228,1073757,3510,B4TYDEB6GKMZO031MB27,2023,https://files.ffiec.cfpb.gov/static-data/snapshot/2023/2023_public_panel_csv.zip,,,manual,Codex (individual identity/evidence review; not independent human review),2026-09-26,https://api.fdic.gov/banks/institutions
ccdb,"BANK OF AMERICA, NATIONAL ASSOCIATION","BANK OF AMERICA, NATIONAL ASSOCIATION",EC2C27F26E8F0,BANK OF AMERICA CORP,bank,B4TYDEB6GKMZO031MB27,,1073757,,B4TYDEB6GKMZO031MB27,2024,https://files.ffiec.cfpb.gov/static-data/snapshot/2024/2024_public_ts_csv.zip,,,manual,Codex (individual identity/evidence review; not independent human review),2026-09-26,https://api.fdic.gov/banks/institutions
ccdb,"BANK OF AMERICA, NATIONAL ASSOCIATION","BANK OF AMERICA, NATIONAL ASSOCIATION",EC2C27F26E8F0,BANK OF AMERICA CORP,bank,B4TYDEB6GKMZO031MB27,,1073757,,B4TYDEB6GKMZO031MB27,2025,https://files.ffiec.cfpb.gov/static-data/snapshot/2025/2025_public_ts_csv.zip,,,manual,Codex (individual identity/evidence review; not independent human review),2026-09-26,https://api.fdic.gov/banks/institutions
ccdb,"BANK OF AMERICA, NATIONAL ASSOCIATION","BANK OF AMERICA, NATIONAL ASSOCIATION",EC2C27F26E8F0,BANK OF AMERICA CORP,bank,,480228,1073757,3510,,2026,https://api.fdic.gov/banks/institutions,,,manual,Codex (individual identity/evidence review; not independent human review),2026-09-26,https://api.fdic.gov/banks/institutions
ccdb,"BANK OF AMERICA, NATIONAL ASSOCIATION","BANK OF AMERICA, NATIONAL ASSOCIATION",EC2C27F26E8F0,BANK OF AMERICA CORP,bank,,1443266,1073757,25178,,2026,https://api.fdic.gov/banks/institutions,,,manual,Codex (individual identity/evidence review; not independent human review),2026-09-26,https://api.fdic.gov/banks/institutions
ccdb,Ocwen Financial Corporation,Ocwen Financial Corporation,E58809E9BF1B6,Ocwen Financial Corporation,nonbank_servicer,,,,,,,No verified reporter/bank identifier; identity only,,,manual,Codex (individual identity/evidence review; not independent human review),2026-09-26,data/staging/stg_complaints.parquet
ccdb,JPMORGAN CHASE & CO.,JPMORGAN CHASE & CO.,EB426F57A0F60,JPMORGAN CHASE&CO,bank,7H6GLXDRUGQFU57RNE97,852218,1039502,628,7H6GLXDRUGQFU57RNE97,2018,https://files.ffiec.cfpb.gov/static-data/snapshot/2018/2018_public_panel_csv.zip,,,manual,Codex (individual identity/evidence review; not independent human review),2026-09-26,https://api.fdic.gov/banks/institutions
ccdb,JPMORGAN CHASE & CO.,JPMORGAN CHASE & CO.,EB426F57A0F60,JPMORGAN CHASE&CO,bank,7H6GLXDRUGQFU57RNE97,852218,1039502,628,7H6GLXDRUGQFU57RNE97,2019,https://files.ffiec.cfpb.gov/static-data/snapshot/2019/2019_public_panel_csv.zip,,,manual,Codex (individual identity/evidence review; not independent human review),2026-09-26,https://api.fdic.gov/banks/institutions
ccdb,JPMORGAN CHASE & CO.,JPMORGAN CHASE & CO.,EB426F57A0F60,JPMORGAN CHASE&CO,bank,7H6GLXDRUGQFU57RNE97,852218,1039502,628,7H6GLXDRUGQFU57RNE97,2020,https://files.ffiec.cfpb.gov/static-data/snapshot/2020/2020_public_panel_csv.zip,,,manual,Codex (individual identity/evidence review; not independent human review),2026-09-26,https://api.fdic.gov/banks/institutions
ccdb,JPMORGAN CHASE & CO.,JPMORGAN CHASE & CO.,EB426F57A0F60,JPMORGAN CHASE&CO,bank,7H6GLXDRUGQFU57RNE97,852218,1039502,628,7H6GLXDRUGQFU57RNE97,2021,https://files.ffiec.cfpb.gov/static-data/snapshot/2021/2021_public_panel_csv.zip,,,manual,Codex (individual identity/evidence review; not independent human review),2026-09-26,https://api.fdic.gov/banks/institutions
ccdb,JPMORGAN CHASE & CO.,JPMORGAN CHASE & CO.,EB426F57A0F60,JPMORGAN CHASE&CO,bank,7H6GLXDRUGQFU57RNE97,852218,1039502,628,7H6GLXDRUGQFU57RNE97,2022,https://files.ffiec.cfpb.gov/static-data/snapshot/2022/2022_public_panel_csv.zip,,,manual,Codex (individual identity/evidence review; not independent human review),2026-09-26,https://api.fdic.gov/banks/institutions
ccdb,JPMORGAN CHASE & CO.,JPMORGAN CHASE & CO.,EB426F57A0F60,JPMORGAN CHASE&CO,bank,7H6GLXDRUGQFU57RNE97,852218,1039502,628,7H6GLXDRUGQFU57RNE97,2023,https://files.ffiec.cfpb.gov/static-data/snapshot/2023/2023_public_panel_csv.zip,,,manual,Codex (individual identity/evidence review; not independent human review),2026-09-26,https://api.fdic.gov/banks/institutions
ccdb,JPMORGAN CHASE & CO.,JPMORGAN CHASE & CO.,EB426F57A0F60,JPMORGAN CHASE&CO,bank,7H6GLXDRUGQFU57RNE97,,1039502,,7H6GLXDRUGQFU57RNE97,2024,https://files.ffiec.cfpb.gov/static-data/snapshot/2024/2024_public_ts_csv.zip,,,manual,Codex (individual identity/evidence review; not independent human review),2026-09-26,https://api.fdic.gov/banks/institutions
ccdb,JPMORGAN CHASE & CO.,JPMORGAN CHASE & CO.,EB426F57A0F60,JPMORGAN CHASE&CO,bank,7H6GLXDRUGQFU57RNE97,,1039502,,7H6GLXDRUGQFU57RNE97,2025,https://files.ffiec.cfpb.gov/static-data/snapshot/2025/2025_public_ts_csv.zip,,,manual,Codex (individual identity/evidence review; not independent human review),2026-09-26,https://api.fdic.gov/banks/institutions
ccdb,JPMORGAN CHASE & CO.,JPMORGAN CHASE & CO.,EB426F57A0F60,JPMORGAN CHASE&CO,bank,,852218,1039502,628,,2026,https://api.fdic.gov/banks/institutions,,,manual,Codex (individual identity/evidence review; not independent human review),2026-09-26,https://api.fdic.gov/banks/institutions
ccdb,JPMORGAN CHASE & CO.,JPMORGAN CHASE & CO.,EB426F57A0F60,JPMORGAN CHASE&CO,bank,,651448,1039502,21761,,2026,https://api.fdic.gov/banks/institutions,,,manual,Codex (individual identity/evidence review; not independent human review),2026-09-26,https://api.fdic.gov/banks/institutions
ccdb,NATIONSTAR MORTGAGE LLC,NATIONSTAR MORTGAGE LLC,E1FC3BC613A71,NATIONSTAR MORTGAGE LLC,nonbank_servicer,549300LBCBNR1OT00651,3935523,,,549300LBCBNR1OT00651,2018,https://files.ffiec.cfpb.gov/static-data/snapshot/2018/2018_public_panel_csv.zip,,,manual,Codex (individual identity/evidence review; not independent human review),2026-09-26,data/staging/stg_complaints.parquet
ccdb,NATIONSTAR MORTGAGE LLC,NATIONSTAR MORTGAGE LLC,E1FC3BC613A71,NATIONSTAR MORTGAGE LLC,nonbank_servicer,549300LBCBNR1OT00651,3935523,,,549300LBCBNR1OT00651,2019,https://files.ffiec.cfpb.gov/static-data/snapshot/2019/2019_public_panel_csv.zip,,,manual,Codex (individual identity/evidence review; not independent human review),2026-09-26,data/staging/stg_complaints.parquet
ccdb,NATIONSTAR MORTGAGE LLC,NATIONSTAR MORTGAGE LLC,E1FC3BC613A71,NATIONSTAR MORTGAGE LLC,nonbank_servicer,549300LBCBNR1OT00651,3935523,,,549300LBCBNR1OT00651,2020,https://files.ffiec.cfpb.gov/static-data/snapshot/2020/2020_public_panel_csv.zip,,,manual,Codex (individual identity/evidence review; not independent human review),2026-09-26,data/staging/stg_complaints.parquet
ccdb,NATIONSTAR MORTGAGE LLC,NATIONSTAR MORTGAGE LLC,E1FC3BC613A71,NATIONSTAR MORTGAGE LLC,nonbank_servicer,549300LBCBNR1OT00651,3935523,,,549300LBCBNR1OT00651,2021,https://files.ffiec.cfpb.gov/static-data/snapshot/2021/2021_public_panel_csv.zip,,,manual,Codex (individual identity/evidence review; not independent human review),2026-09-26,data/staging/stg_complaints.parquet
ccdb,NATIONSTAR MORTGAGE LLC,NATIONSTAR MORTGAGE LLC,E1FC3BC613A71,NATIONSTAR MORTGAGE LLC,nonbank_servicer,549300LBCBNR1OT00651,3935523,,,549300LBCBNR1OT00651,2022,https://files.ffiec.cfpb.gov/static-data/snapshot/2022/2022_public_panel_csv.zip,,,manual,Codex (individual identity/evidence review; not independent human review),2026-09-26,data/staging/stg_complaints.parquet
ccdb,NATIONSTAR MORTGAGE LLC,NATIONSTAR MORTGAGE LLC,E1FC3BC613A71,NATIONSTAR MORTGAGE LLC,nonbank_servicer,549300LBCBNR1OT00651,,,,549300LBCBNR1OT00651,2023,https://files.ffiec.cfpb.gov/static-data/snapshot/2023/2023_public_panel_csv.zip,,,manual,Codex (individual identity/evidence review; not independent human review),2026-09-26,data/staging/stg_complaints.parquet
ccdb,NATIONSTAR MORTGAGE LLC,NATIONSTAR MORTGAGE LLC,E1FC3BC613A71,NATIONSTAR MORTGAGE LLC,nonbank_servicer,549300LBCBNR1OT00651,,,,549300LBCBNR1OT00651,2024,https://files.ffiec.cfpb.gov/static-data/snapshot/2024/2024_public_ts_csv.zip,,,manual,Codex (individual identity/evidence review; not independent human review),2026-09-26,data/staging/stg_complaints.parquet
ccdb,NATIONSTAR MORTGAGE LLC,NATIONSTAR MORTGAGE LLC,E1FC3BC613A71,NATIONSTAR MORTGAGE LLC,nonbank_servicer,549300LBCBNR1OT00651,,,,549300LBCBNR1OT00651,2025,https://files.ffiec.cfpb.gov/static-data/snapshot/2025/2025_public_ts_csv.zip,,,manual,Codex (individual identity/evidence review; not independent human review),2026-09-26,data/staging/stg_complaints.parquet
ccdb,"Shellpoint Partners, LLC","Shellpoint Partners, LLC",E1FDDE5D766D3,"Shellpoint Partners, LLC",nonbank_servicer,,,,,,,No verified reporter/bank identifier; identity only,,,manual,Codex (individual identity/evidence review; not independent human review),2026-09-26,data/staging/stg_complaints.parquet
ccdb,"SELECT PORTFOLIO SERVICING, INC.","SELECT PORTFOLIO SERVICING, INC.",EB163C5D356CB,"SELECT PORTFOLIO SERVICING, INC.",nonbank_servicer,,,,,,,No verified reporter/bank identifier; identity only,,,manual,Codex (individual identity/evidence review; not independent human review),2026-09-26,data/staging/stg_complaints.parquet
ccdb,Ditech Financial LLC,Ditech Financial LLC,E30922865A8BB,Ditech Financial LLC,nonbank_servicer,5493003KZFGGEWCRH554,3861163,,,5493003KZFGGEWCRH554,2018,https://files.ffiec.cfpb.gov/static-data/snapshot/2018/2018_public_panel_csv.zip,,,manual,Codex (individual identity/evidence review; not independent human review),2026-09-26,data/staging/stg_complaints.parquet
ccdb,Ditech Financial LLC,Ditech Financial LLC,E30922865A8BB,Ditech Financial LLC,nonbank_servicer,5493003KZFGGEWCRH554,3861163,,,5493003KZFGGEWCRH554,2019,https://files.ffiec.cfpb.gov/static-data/snapshot/2019/2019_public_panel_csv.zip,,,manual,Codex (individual identity/evidence review; not independent human review),2026-09-26,data/staging/stg_complaints.parquet
ccdb,"CITIBANK, N.A.","CITIBANK, N.A.",EFEEA1A616991,CITIGROUP INC,bank,E57ODZWZ7FF32TWEFA76,476810,1951350,7213,E57ODZWZ7FF32TWEFA76,2018,https://files.ffiec.cfpb.gov/static-data/snapshot/2018/2018_public_panel_csv.zip,,,manual,Codex (individual identity/evidence review; not independent human review),2026-09-26,https://api.fdic.gov/banks/institutions
ccdb,"CITIBANK, N.A.","CITIBANK, N.A.",EFEEA1A616991,CITIGROUP INC,bank,E57ODZWZ7FF32TWEFA76,476810,1951350,7213,E57ODZWZ7FF32TWEFA76,2019,https://files.ffiec.cfpb.gov/static-data/snapshot/2019/2019_public_panel_csv.zip,,,manual,Codex (individual identity/evidence review; not independent human review),2026-09-26,https://api.fdic.gov/banks/institutions
ccdb,"CITIBANK, N.A.","CITIBANK, N.A.",EFEEA1A616991,CITIGROUP INC,bank,E57ODZWZ7FF32TWEFA76,476810,1951350,7213,E57ODZWZ7FF32TWEFA76,2020,https://files.ffiec.cfpb.gov/static-data/snapshot/2020/2020_public_panel_csv.zip,,,manual,Codex (individual identity/evidence review; not independent human review),2026-09-26,https://api.fdic.gov/banks/institutions
ccdb,"CITIBANK, N.A.","CITIBANK, N.A.",EFEEA1A616991,CITIGROUP INC,bank,E57ODZWZ7FF32TWEFA76,476810,1951350,7213,E57ODZWZ7FF32TWEFA76,2021,https://files.ffiec.cfpb.gov/static-data/snapshot/2021/2021_public_panel_csv.zip,,,manual,Codex (individual identity/evidence review; not independent human review),2026-09-26,https://api.fdic.gov/banks/institutions
ccdb,"CITIBANK, N.A.","CITIBANK, N.A.",EFEEA1A616991,CITIGROUP INC,bank,E57ODZWZ7FF32TWEFA76,476810,1951350,7213,E57ODZWZ7FF32TWEFA76,2022,https://files.ffiec.cfpb.gov/static-data/snapshot/2022/2022_public_panel_csv.zip,,,manual,Codex (individual identity/evidence review; not independent human review),2026-09-26,https://api.fdic.gov/banks/institutions
ccdb,"CITIBANK, N.A.","CITIBANK, N.A.",EFEEA1A616991,CITIGROUP INC,bank,E57ODZWZ7FF32TWEFA76,476810,1951350,7213,E57ODZWZ7FF32TWEFA76,2023,https://files.ffiec.cfpb.gov/static-data/snapshot/2023/2023_public_panel_csv.zip,,,manual,Codex (individual identity/evidence review; not independent human review),2026-09-26,https://api.fdic.gov/banks/institutions
ccdb,"CITIBANK, N.A.","CITIBANK, N.A.",EFEEA1A616991,CITIGROUP INC,bank,E57ODZWZ7FF32TWEFA76,,1951350,,E57ODZWZ7FF32TWEFA76,2024,https://files.ffiec.cfpb.gov/static-data/snapshot/2024/2024_public_ts_csv.zip,,,manual,Codex (individual identity/evidence review; not independent human review),2026-09-26,https://api.fdic.gov/banks/institutions
ccdb,"CITIBANK, N.A.","CITIBANK, N.A.",EFEEA1A616991,CITIGROUP INC,bank,E57ODZWZ7FF32TWEFA76,,1951350,,E57ODZWZ7FF32TWEFA76,2025,https://files.ffiec.cfpb.gov/static-data/snapshot/2025/2025_public_ts_csv.zip,,,manual,Codex (individual identity/evidence review; not independent human review),2026-09-26,https://api.fdic.gov/banks/institutions
ccdb,"CITIBANK, N.A.","CITIBANK, N.A.",EFEEA1A616991,CITIGROUP INC,bank,,476810,1951350,7213,,2026,https://api.fdic.gov/banks/institutions,,,manual,Codex (individual identity/evidence review; not independent human review),2026-09-26,https://api.fdic.gov/banks/institutions
ccdb,Freedom Mortgage Company,Freedom Mortgage Company,ED481C2307342,Freedom Mortgage Company,nonbank_originator,549300LYRWPSYPK6S325,3966116,,,549300LYRWPSYPK6S325,2018,https://files.ffiec.cfpb.gov/static-data/snapshot/2018/2018_public_panel_csv.zip,,,manual,Codex (individual identity/evidence review; not independent human review),2026-09-26,data/staging/stg_complaints.parquet
ccdb,Freedom Mortgage Company,Freedom Mortgage Company,ED481C2307342,Freedom Mortgage Company,nonbank_originator,549300LYRWPSYPK6S325,3966116,,,549300LYRWPSYPK6S325,2019,https://files.ffiec.cfpb.gov/static-data/snapshot/2019/2019_public_panel_csv.zip,,,manual,Codex (individual identity/evidence review; not independent human review),2026-09-26,data/staging/stg_complaints.parquet
ccdb,Freedom Mortgage Company,Freedom Mortgage Company,ED481C2307342,Freedom Mortgage Company,nonbank_originator,549300LYRWPSYPK6S325,3966116,,,549300LYRWPSYPK6S325,2020,https://files.ffiec.cfpb.gov/static-data/snapshot/2020/2020_public_panel_csv.zip,,,manual,Codex (individual identity/evidence review; not independent human review),2026-09-26,data/staging/stg_complaints.parquet
ccdb,Freedom Mortgage Company,Freedom Mortgage Company,ED481C2307342,Freedom Mortgage Company,nonbank_originator,549300LYRWPSYPK6S325,3966116,,,549300LYRWPSYPK6S325,2021,https://files.ffiec.cfpb.gov/static-data/snapshot/2021/2021_public_panel_csv.zip,,,manual,Codex (individual identity/evidence review; not independent human review),2026-09-26,data/staging/stg_complaints.parquet
ccdb,Freedom Mortgage Company,Freedom Mortgage Company,ED481C2307342,Freedom Mortgage Company,nonbank_originator,549300LYRWPSYPK6S325,3966116,,,549300LYRWPSYPK6S325,2022,https://files.ffiec.cfpb.gov/static-data/snapshot/2022/2022_public_panel_csv.zip,,,manual,Codex (individual identity/evidence review; not independent human review),2026-09-26,data/staging/stg_complaints.parquet
ccdb,Freedom Mortgage Company,Freedom Mortgage Company,ED481C2307342,Freedom Mortgage Company,nonbank_originator,549300LYRWPSYPK6S325,3966116,,,549300LYRWPSYPK6S325,2023,https://files.ffiec.cfpb.gov/static-data/snapshot/2023/2023_public_panel_csv.zip,,,manual,Codex (individual identity/evidence review; not independent human review),2026-09-26,data/staging/stg_complaints.parquet
ccdb,Freedom Mortgage Company,Freedom Mortgage Company,ED481C2307342,Freedom Mortgage Company,nonbank_originator,549300LYRWPSYPK6S325,,,,549300LYRWPSYPK6S325,2024,https://files.ffiec.cfpb.gov/static-data/snapshot/2024/2024_public_ts_csv.zip,,,manual,Codex (individual identity/evidence review; not independent human review),2026-09-26,data/staging/stg_complaints.parquet
ccdb,Freedom Mortgage Company,Freedom Mortgage Company,ED481C2307342,Freedom Mortgage Company,nonbank_originator,549300LYRWPSYPK6S325,,,,549300LYRWPSYPK6S325,2025,https://files.ffiec.cfpb.gov/static-data/snapshot/2025/2025_public_ts_csv.zip,,,manual,Codex (individual identity/evidence review; not independent human review),2026-09-26,data/staging/stg_complaints.parquet
ccdb,U.S. BANCORP,U.S. BANCORP,E9924BD19EECC,U S BCORP,bank,6BYL5QZYBDK8S7L73M02,504713,1119794,6548,6BYL5QZYBDK8S7L73M02,2018,https://files.ffiec.cfpb.gov/static-data/snapshot/2018/2018_public_panel_csv.zip,,,manual,Codex (individual identity/evidence review; not independent human review),2026-09-26,https://api.fdic.gov/banks/institutions
ccdb,U.S. BANCORP,U.S. BANCORP,E9924BD19EECC,U S BCORP,bank,6BYL5QZYBDK8S7L73M02,504713,1119794,6548,6BYL5QZYBDK8S7L73M02,2019,https://files.ffiec.cfpb.gov/static-data/snapshot/2019/2019_public_panel_csv.zip,,,manual,Codex (individual identity/evidence review; not independent human review),2026-09-26,https://api.fdic.gov/banks/institutions
ccdb,U.S. BANCORP,U.S. BANCORP,E9924BD19EECC,U S BCORP,bank,6BYL5QZYBDK8S7L73M02,504713,1119794,6548,6BYL5QZYBDK8S7L73M02,2020,https://files.ffiec.cfpb.gov/static-data/snapshot/2020/2020_public_panel_csv.zip,,,manual,Codex (individual identity/evidence review; not independent human review),2026-09-26,https://api.fdic.gov/banks/institutions
ccdb,U.S. BANCORP,U.S. BANCORP,E9924BD19EECC,U S BCORP,bank,6BYL5QZYBDK8S7L73M02,504713,1119794,6548,6BYL5QZYBDK8S7L73M02,2021,https://files.ffiec.cfpb.gov/static-data/snapshot/2021/2021_public_panel_csv.zip,,,manual,Codex (individual identity/evidence review; not independent human review),2026-09-26,https://api.fdic.gov/banks/institutions
ccdb,U.S. BANCORP,U.S. BANCORP,E9924BD19EECC,U S BCORP,bank,6BYL5QZYBDK8S7L73M02,504713,1119794,6548,6BYL5QZYBDK8S7L73M02,2022,https://files.ffiec.cfpb.gov/static-data/snapshot/2022/2022_public_panel_csv.zip,,,manual,Codex (individual identity/evidence review; not independent human review),2026-09-26,https://api.fdic.gov/banks/institutions
ccdb,U.S. BANCORP,U.S. BANCORP,E9924BD19EECC,U S BCORP,bank,6BYL5QZYBDK8S7L73M02,504713,1119794,6548,6BYL5QZYBDK8S7L73M02,2023,https://files.ffiec.cfpb.gov/static-data/snapshot/2023/2023_public_panel_csv.zip,,,manual,Codex (individual identity/evidence review; not independent human review),2026-09-26,https://api.fdic.gov/banks/institutions
ccdb,U.S. BANCORP,U.S. BANCORP,E9924BD19EECC,U S BCORP,bank,6BYL5QZYBDK8S7L73M02,,1119794,,6BYL5QZYBDK8S7L73M02,2024,https://files.ffiec.cfpb.gov/static-data/snapshot/2024/2024_public_ts_csv.zip,,,manual,Codex (individual identity/evidence review; not independent human review),2026-09-26,https://api.fdic.gov/banks/institutions
ccdb,U.S. BANCORP,U.S. BANCORP,E9924BD19EECC,U S BCORP,bank,6BYL5QZYBDK8S7L73M02,,1119794,,6BYL5QZYBDK8S7L73M02,2025,https://files.ffiec.cfpb.gov/static-data/snapshot/2025/2025_public_ts_csv.zip,,,manual,Codex (individual identity/evidence review; not independent human review),2026-09-26,https://api.fdic.gov/banks/institutions
ccdb,U.S. BANCORP,U.S. BANCORP,E9924BD19EECC,U S BCORP,bank,,504713,1119794,6548,,2026,https://api.fdic.gov/banks/institutions,,,manual,Codex (individual identity/evidence review; not independent human review),2026-09-26,https://api.fdic.gov/banks/institutions
ccdb,Specialized Loan Servicing Holdings LLC,Specialized Loan Servicing Holdings LLC,EFB32B9881EC7,Specialized Loan Servicing Holdings LLC,nonbank_servicer,549300QSUEE20YO86W39,,,,549300QSUEE20YO86W39,2020,https://files.ffiec.cfpb.gov/static-data/snapshot/2020/2020_public_panel_csv.zip,,,manual,Codex (individual identity/evidence review; not independent human review),2026-09-26,data/staging/stg_complaints.parquet
ccdb,Specialized Loan Servicing Holdings LLC,Specialized Loan Servicing Holdings LLC,EFB32B9881EC7,Specialized Loan Servicing Holdings LLC,nonbank_servicer,549300QSUEE20YO86W39,,,,549300QSUEE20YO86W39,2021,https://files.ffiec.cfpb.gov/static-data/snapshot/2021/2021_public_panel_csv.zip,,,manual,Codex (individual identity/evidence review; not independent human review),2026-09-26,data/staging/stg_complaints.parquet
ccdb,Specialized Loan Servicing Holdings LLC,Specialized Loan Servicing Holdings LLC,EFB32B9881EC7,Specialized Loan Servicing Holdings LLC,nonbank_servicer,549300QSUEE20YO86W39,,,,549300QSUEE20YO86W39,2022,https://files.ffiec.cfpb.gov/static-data/snapshot/2022/2022_public_panel_csv.zip,,,manual,Codex (individual identity/evidence review; not independent human review),2026-09-26,data/staging/stg_complaints.parquet
ccdb,Specialized Loan Servicing Holdings LLC,Specialized Loan Servicing Holdings LLC,EFB32B9881EC7,Specialized Loan Servicing Holdings LLC,nonbank_servicer,549300QSUEE20YO86W39,,,,549300QSUEE20YO86W39,2023,https://files.ffiec.cfpb.gov/static-data/snapshot/2023/2023_public_panel_csv.zip,,,manual,Codex (individual identity/evidence review; not independent human review),2026-09-26,data/staging/stg_complaints.parquet
ccdb,"Rocket Mortgage, LLC","Rocket Mortgage, LLC",E1583D8BF9434,"Rocket Mortgage, LLC",nonbank_originator,549300FGXN1K3HLB1R50,3870679,,,549300FGXN1K3HLB1R50,2018,https://files.ffiec.cfpb.gov/static-data/snapshot/2018/2018_public_panel_csv.zip,,,manual,Codex (individual identity/evidence review; not independent human review),2026-09-26,data/staging/stg_complaints.parquet
ccdb,"Rocket Mortgage, LLC","Rocket Mortgage, LLC",E1583D8BF9434,"Rocket Mortgage, LLC",nonbank_originator,549300FGXN1K3HLB1R50,3870679,,,549300FGXN1K3HLB1R50,2019,https://files.ffiec.cfpb.gov/static-data/snapshot/2019/2019_public_panel_csv.zip,,,manual,Codex (individual identity/evidence review; not independent human review),2026-09-26,data/staging/stg_complaints.parquet
ccdb,"Rocket Mortgage, LLC","Rocket Mortgage, LLC",E1583D8BF9434,"Rocket Mortgage, LLC",nonbank_originator,549300FGXN1K3HLB1R50,3870679,,,549300FGXN1K3HLB1R50,2020,https://files.ffiec.cfpb.gov/static-data/snapshot/2020/2020_public_panel_csv.zip,,,manual,Codex (individual identity/evidence review; not independent human review),2026-09-26,data/staging/stg_complaints.parquet
ccdb,"Rocket Mortgage, LLC","Rocket Mortgage, LLC",E1583D8BF9434,"Rocket Mortgage, LLC",nonbank_originator,549300FGXN1K3HLB1R50,3870679,,,549300FGXN1K3HLB1R50,2021,https://files.ffiec.cfpb.gov/static-data/snapshot/2021/2021_public_panel_csv.zip,,,manual,Codex (individual identity/evidence review; not independent human review),2026-09-26,data/staging/stg_complaints.parquet
ccdb,"Rocket Mortgage, LLC","Rocket Mortgage, LLC",E1583D8BF9434,"Rocket Mortgage, LLC",nonbank_originator,549300FGXN1K3HLB1R50,3870679,,,549300FGXN1K3HLB1R50,2022,https://files.ffiec.cfpb.gov/static-data/snapshot/2022/2022_public_panel_csv.zip,,,manual,Codex (individual identity/evidence review; not independent human review),2026-09-26,data/staging/stg_complaints.parquet
ccdb,"Rocket Mortgage, LLC","Rocket Mortgage, LLC",E1583D8BF9434,"Rocket Mortgage, LLC",nonbank_originator,549300FGXN1K3HLB1R50,3870679,,,549300FGXN1K3HLB1R50,2023,https://files.ffiec.cfpb.gov/static-data/snapshot/2023/2023_public_panel_csv.zip,,,manual,Codex (individual identity/evidence review; not independent human review),2026-09-26,data/staging/stg_complaints.parquet
ccdb,"Rocket Mortgage, LLC","Rocket Mortgage, LLC",E1583D8BF9434,"Rocket Mortgage, LLC",nonbank_originator,549300FGXN1K3HLB1R50,,,,549300FGXN1K3HLB1R50,2024,https://files.ffiec.cfpb.gov/static-data/snapshot/2024/2024_public_ts_csv.zip,,,manual,Codex (individual identity/evidence review; not independent human review),2026-09-26,data/staging/stg_complaints.parquet
ccdb,"Rocket Mortgage, LLC","Rocket Mortgage, LLC",E1583D8BF9434,"Rocket Mortgage, LLC",nonbank_originator,549300FGXN1K3HLB1R50,,,,549300FGXN1K3HLB1R50,2025,https://files.ffiec.cfpb.gov/static-data/snapshot/2025/2025_public_ts_csv.zip,,,manual,Codex (individual identity/evidence review; not independent human review),2026-09-26,data/staging/stg_complaints.parquet
ccdb,PNC Bank N.A.,PNC Bank N.A.,EC88D0EDB5407,PNC FINL SERVICES GROUP INC,bank,AD6GFRVSDT01YPT1CS68,817824,1069778,6384,AD6GFRVSDT01YPT1CS68,2018,https://files.ffiec.cfpb.gov/static-data/snapshot/2018/2018_public_panel_csv.zip,,,manual,Codex (individual identity/evidence review; not independent human review),2026-09-26,https://api.fdic.gov/banks/institutions
ccdb,PNC Bank N.A.,PNC Bank N.A.,EC88D0EDB5407,PNC FINL SERVICES GROUP INC,bank,AD6GFRVSDT01YPT1CS68,817824,1069778,6384,AD6GFRVSDT01YPT1CS68,2019,https://files.ffiec.cfpb.gov/static-data/snapshot/2019/2019_public_panel_csv.zip,,,manual,Codex (individual identity/evidence review; not independent human review),2026-09-26,https://api.fdic.gov/banks/institutions
ccdb,PNC Bank N.A.,PNC Bank N.A.,EC88D0EDB5407,PNC FINL SERVICES GROUP INC,bank,AD6GFRVSDT01YPT1CS68,817824,1069778,6384,AD6GFRVSDT01YPT1CS68,2020,https://files.ffiec.cfpb.gov/static-data/snapshot/2020/2020_public_panel_csv.zip,,,manual,Codex (individual identity/evidence review; not independent human review),2026-09-26,https://api.fdic.gov/banks/institutions
ccdb,PNC Bank N.A.,PNC Bank N.A.,EC88D0EDB5407,PNC FINL SERVICES GROUP INC,bank,AD6GFRVSDT01YPT1CS68,817824,1069778,6384,AD6GFRVSDT01YPT1CS68,2021,https://files.ffiec.cfpb.gov/static-data/snapshot/2021/2021_public_panel_csv.zip,,,manual,Codex (individual identity/evidence review; not independent human review),2026-09-26,https://api.fdic.gov/banks/institutions
ccdb,PNC Bank N.A.,PNC Bank N.A.,EC88D0EDB5407,PNC FINL SERVICES GROUP INC,bank,AD6GFRVSDT01YPT1CS68,817824,1069778,6384,AD6GFRVSDT01YPT1CS68,2022,https://files.ffiec.cfpb.gov/static-data/snapshot/2022/2022_public_panel_csv.zip,,,manual,Codex (individual identity/evidence review; not independent human review),2026-09-26,https://api.fdic.gov/banks/institutions
ccdb,PNC Bank N.A.,PNC Bank N.A.,EC88D0EDB5407,PNC FINL SERVICES GROUP INC,bank,AD6GFRVSDT01YPT1CS68,817824,1069778,6384,AD6GFRVSDT01YPT1CS68,2023,https://files.ffiec.cfpb.gov/static-data/snapshot/2023/2023_public_panel_csv.zip,,,manual,Codex (individual identity/evidence review; not independent human review),2026-09-26,https://api.fdic.gov/banks/institutions
ccdb,PNC Bank N.A.,PNC Bank N.A.,EC88D0EDB5407,PNC FINL SERVICES GROUP INC,bank,AD6GFRVSDT01YPT1CS68,,1069778,,AD6GFRVSDT01YPT1CS68,2024,https://files.ffiec.cfpb.gov/static-data/snapshot/2024/2024_public_ts_csv.zip,,,manual,Codex (individual identity/evidence review; not independent human review),2026-09-26,https://api.fdic.gov/banks/institutions
ccdb,PNC Bank N.A.,PNC Bank N.A.,EC88D0EDB5407,PNC FINL SERVICES GROUP INC,bank,AD6GFRVSDT01YPT1CS68,,1069778,,AD6GFRVSDT01YPT1CS68,2025,https://files.ffiec.cfpb.gov/static-data/snapshot/2025/2025_public_ts_csv.zip,,,manual,Codex (individual identity/evidence review; not independent human review),2026-09-26,https://api.fdic.gov/banks/institutions
ccdb,PNC Bank N.A.,PNC Bank N.A.,EC88D0EDB5407,PNC FINL SERVICES GROUP INC,bank,,817824,1069778,6384,,2026,https://api.fdic.gov/banks/institutions,,,manual,Codex (individual identity/evidence review; not independent human review),2026-09-26,https://api.fdic.gov/banks/institutions
ccdb,"LoanCare, LLC","LoanCare, LLC",E25524C3723E3,"LoanCare, LLC",nonbank_servicer,,,,,,,No verified reporter/bank identifier; identity only,,,manual,Codex (individual identity/evidence review; not independent human review),2026-09-26,data/staging/stg_complaints.parquet
ccdb,"CARRINGTON MORTGAGE SERVICES, LLC","CARRINGTON MORTGAGE SERVICES, LLC",E204727426645,"CARRINGTON MORTGAGE SERVICES, LLC",nonbank_servicer,549300R9S3MVDV4MGF56,4438179,,,549300R9S3MVDV4MGF56,2018,https://files.ffiec.cfpb.gov/static-data/snapshot/2018/2018_public_panel_csv.zip,,,manual,Codex (individual identity/evidence review; not independent human review),2026-09-26,data/staging/stg_complaints.parquet
ccdb,"CARRINGTON MORTGAGE SERVICES, LLC","CARRINGTON MORTGAGE SERVICES, LLC",E204727426645,"CARRINGTON MORTGAGE SERVICES, LLC",nonbank_servicer,549300R9S3MVDV4MGF56,4438179,,,549300R9S3MVDV4MGF56,2019,https://files.ffiec.cfpb.gov/static-data/snapshot/2019/2019_public_panel_csv.zip,,,manual,Codex (individual identity/evidence review; not independent human review),2026-09-26,data/staging/stg_complaints.parquet
ccdb,"CARRINGTON MORTGAGE SERVICES, LLC","CARRINGTON MORTGAGE SERVICES, LLC",E204727426645,"CARRINGTON MORTGAGE SERVICES, LLC",nonbank_servicer,549300R9S3MVDV4MGF56,4438179,,,549300R9S3MVDV4MGF56,2020,https://files.ffiec.cfpb.gov/static-data/snapshot/2020/2020_public_panel_csv.zip,,,manual,Codex (individual identity/evidence review; not independent human review),2026-09-26,data/staging/stg_complaints.parquet
ccdb,"CARRINGTON MORTGAGE SERVICES, LLC","CARRINGTON MORTGAGE SERVICES, LLC",E204727426645,"CARRINGTON MORTGAGE SERVICES, LLC",nonbank_servicer,549300R9S3MVDV4MGF56,4438179,,,549300R9S3MVDV4MGF56,2021,https://files.ffiec.cfpb.gov/static-data/snapshot/2021/2021_public_panel_csv.zip,,,manual,Codex (individual identity/evidence review; not independent human review),2026-09-26,data/staging/stg_complaints.parquet
ccdb,"CARRINGTON MORTGAGE SERVICES, LLC","CARRINGTON MORTGAGE SERVICES, LLC",E204727426645,"CARRINGTON MORTGAGE SERVICES, LLC",nonbank_servicer,549300R9S3MVDV4MGF56,4438179,,,549300R9S3MVDV4MGF56,2022,https://files.ffiec.cfpb.gov/static-data/snapshot/2022/2022_public_panel_csv.zip,,,manual,Codex (individual identity/evidence review; not independent human review),2026-09-26,data/staging/stg_complaints.parquet
ccdb,"CARRINGTON MORTGAGE SERVICES, LLC","CARRINGTON MORTGAGE SERVICES, LLC",E204727426645,"CARRINGTON MORTGAGE SERVICES, LLC",nonbank_servicer,549300R9S3MVDV4MGF56,4438179,,,549300R9S3MVDV4MGF56,2023,https://files.ffiec.cfpb.gov/static-data/snapshot/2023/2023_public_panel_csv.zip,,,manual,Codex (individual identity/evidence review; not independent human review),2026-09-26,data/staging/stg_complaints.parquet
ccdb,"CARRINGTON MORTGAGE SERVICES, LLC","CARRINGTON MORTGAGE SERVICES, LLC",E204727426645,"CARRINGTON MORTGAGE SERVICES, LLC",nonbank_servicer,549300R9S3MVDV4MGF56,,,,549300R9S3MVDV4MGF56,2024,https://files.ffiec.cfpb.gov/static-data/snapshot/2024/2024_public_ts_csv.zip,,,manual,Codex (individual identity/evidence review; not independent human review),2026-09-26,data/staging/stg_complaints.parquet
ccdb,"CARRINGTON MORTGAGE SERVICES, LLC","CARRINGTON MORTGAGE SERVICES, LLC",E204727426645,"CARRINGTON MORTGAGE SERVICES, LLC",nonbank_servicer,549300R9S3MVDV4MGF56,,,,549300R9S3MVDV4MGF56,2025,https://files.ffiec.cfpb.gov/static-data/snapshot/2025/2025_public_ts_csv.zip,,,manual,Codex (individual identity/evidence review; not independent human review),2026-09-26,data/staging/stg_complaints.parquet
ccdb,"PENNYMAC LOAN SERVICES, LLC.","PENNYMAC LOAN SERVICES, LLC.",E06161BBFB0B1,"PENNYMAC LOAN SERVICES, LLC.",nonbank_servicer,RVDPPPGHCGZ40J4VQ731,4186591,,,RVDPPPGHCGZ40J4VQ731,2018,https://files.ffiec.cfpb.gov/static-data/snapshot/2018/2018_public_panel_csv.zip,,,manual,Codex (individual identity/evidence review; not independent human review),2026-09-26,data/staging/stg_complaints.parquet
ccdb,"PENNYMAC LOAN SERVICES, LLC.","PENNYMAC LOAN SERVICES, LLC.",E06161BBFB0B1,"PENNYMAC LOAN SERVICES, LLC.",nonbank_servicer,RVDPPPGHCGZ40J4VQ731,4186591,,,RVDPPPGHCGZ40J4VQ731,2019,https://files.ffiec.cfpb.gov/static-data/snapshot/2019/2019_public_panel_csv.zip,,,manual,Codex (individual identity/evidence review; not independent human review),2026-09-26,data/staging/stg_complaints.parquet
ccdb,"PENNYMAC LOAN SERVICES, LLC.","PENNYMAC LOAN SERVICES, LLC.",E06161BBFB0B1,"PENNYMAC LOAN SERVICES, LLC.",nonbank_servicer,RVDPPPGHCGZ40J4VQ731,4186591,,,RVDPPPGHCGZ40J4VQ731,2020,https://files.ffiec.cfpb.gov/static-data/snapshot/2020/2020_public_panel_csv.zip,,,manual,Codex (individual identity/evidence review; not independent human review),2026-09-26,data/staging/stg_complaints.parquet
ccdb,"PENNYMAC LOAN SERVICES, LLC.","PENNYMAC LOAN SERVICES, LLC.",E06161BBFB0B1,"PENNYMAC LOAN SERVICES, LLC.",nonbank_servicer,RVDPPPGHCGZ40J4VQ731,4186591,,,RVDPPPGHCGZ40J4VQ731,2021,https://files.ffiec.cfpb.gov/static-data/snapshot/2021/2021_public_panel_csv.zip,,,manual,Codex (individual identity/evidence review; not independent human review),2026-09-26,data/staging/stg_complaints.parquet
ccdb,"PENNYMAC LOAN SERVICES, LLC.","PENNYMAC LOAN SERVICES, LLC.",E06161BBFB0B1,"PENNYMAC LOAN SERVICES, LLC.",nonbank_servicer,RVDPPPGHCGZ40J4VQ731,4186591,,,RVDPPPGHCGZ40J4VQ731,2022,https://files.ffiec.cfpb.gov/static-data/snapshot/2022/2022_public_panel_csv.zip,,,manual,Codex (individual identity/evidence review; not independent human review),2026-09-26,data/staging/stg_complaints.parquet
ccdb,"PENNYMAC LOAN SERVICES, LLC.","PENNYMAC LOAN SERVICES, LLC.",E06161BBFB0B1,"PENNYMAC LOAN SERVICES, LLC.",nonbank_servicer,RVDPPPGHCGZ40J4VQ731,4186591,,,RVDPPPGHCGZ40J4VQ731,2023,https://files.ffiec.cfpb.gov/static-data/snapshot/2023/2023_public_panel_csv.zip,,,manual,Codex (individual identity/evidence review; not independent human review),2026-09-26,data/staging/stg_complaints.parquet
ccdb,"PENNYMAC LOAN SERVICES, LLC.","PENNYMAC LOAN SERVICES, LLC.",E06161BBFB0B1,"PENNYMAC LOAN SERVICES, LLC.",nonbank_servicer,RVDPPPGHCGZ40J4VQ731,,,,RVDPPPGHCGZ40J4VQ731,2024,https://files.ffiec.cfpb.gov/static-data/snapshot/2024/2024_public_ts_csv.zip,,,manual,Codex (individual identity/evidence review; not independent human review),2026-09-26,data/staging/stg_complaints.parquet
ccdb,"PENNYMAC LOAN SERVICES, LLC.","PENNYMAC LOAN SERVICES, LLC.",E06161BBFB0B1,"PENNYMAC LOAN SERVICES, LLC.",nonbank_servicer,RVDPPPGHCGZ40J4VQ731,,,,RVDPPPGHCGZ40J4VQ731,2025,https://files.ffiec.cfpb.gov/static-data/snapshot/2025/2025_public_ts_csv.zip,,,manual,Codex (individual identity/evidence review; not independent human review),2026-09-26,data/staging/stg_complaints.parquet
ccdb,HSBC NORTH AMERICA HOLDINGS INC.,HSBC NORTH AMERICA HOLDINGS INC.,E5571C16499FD,HSBC HOLDINGS PLC,bank,1IE8VN30JCEQV1H4R804,413208,1857108,57890,1IE8VN30JCEQV1H4R804,2018,https://files.ffiec.cfpb.gov/static-data/snapshot/2018/2018_public_panel_csv.zip,,,manual,Codex (individual identity/evidence review; not independent human review),2026-09-26,https://api.fdic.gov/banks/institutions
ccdb,HSBC NORTH AMERICA HOLDINGS INC.,HSBC NORTH AMERICA HOLDINGS INC.,E5571C16499FD,HSBC HOLDINGS PLC,bank,1IE8VN30JCEQV1H4R804,413208,1857108,57890,1IE8VN30JCEQV1H4R804,2019,https://files.ffiec.cfpb.gov/static-data/snapshot/2019/2019_public_panel_csv.zip,,,manual,Codex (individual identity/evidence review; not independent human review),2026-09-26,https://api.fdic.gov/banks/institutions
ccdb,HSBC NORTH AMERICA HOLDINGS INC.,HSBC NORTH AMERICA HOLDINGS INC.,E5571C16499FD,HSBC HOLDINGS PLC,bank,1IE8VN30JCEQV1H4R804,413208,1857108,57890,1IE8VN30JCEQV1H4R804,2020,https://files.ffiec.cfpb.gov/static-data/snapshot/2020/2020_public_panel_csv.zip,,,manual,Codex (individual identity/evidence review; not independent human review),2026-09-26,https://api.fdic.gov/banks/institutions
ccdb,HSBC NORTH AMERICA HOLDINGS INC.,HSBC NORTH AMERICA HOLDINGS INC.,E5571C16499FD,HSBC HOLDINGS PLC,bank,1IE8VN30JCEQV1H4R804,413208,1857108,57890,1IE8VN30JCEQV1H4R804,2021,https://files.ffiec.cfpb.gov/static-data/snapshot/2021/2021_public_panel_csv.zip,,,manual,Codex (individual identity/evidence review; not independent human review),2026-09-26,https://api.fdic.gov/banks/institutions
ccdb,HSBC NORTH AMERICA HOLDINGS INC.,HSBC NORTH AMERICA HOLDINGS INC.,E5571C16499FD,HSBC HOLDINGS PLC,bank,1IE8VN30JCEQV1H4R804,413208,1857108,57890,1IE8VN30JCEQV1H4R804,2022,https://files.ffiec.cfpb.gov/static-data/snapshot/2022/2022_public_panel_csv.zip,,,manual,Codex (individual identity/evidence review; not independent human review),2026-09-26,https://api.fdic.gov/banks/institutions
ccdb,HSBC NORTH AMERICA HOLDINGS INC.,HSBC NORTH AMERICA HOLDINGS INC.,E5571C16499FD,HSBC HOLDINGS PLC,bank,1IE8VN30JCEQV1H4R804,413208,1857108,57890,1IE8VN30JCEQV1H4R804,2023,https://files.ffiec.cfpb.gov/static-data/snapshot/2023/2023_public_panel_csv.zip,,,manual,Codex (individual identity/evidence review; not independent human review),2026-09-26,https://api.fdic.gov/banks/institutions
ccdb,HSBC NORTH AMERICA HOLDINGS INC.,HSBC NORTH AMERICA HOLDINGS INC.,E5571C16499FD,HSBC HOLDINGS PLC,bank,1IE8VN30JCEQV1H4R804,,1857108,,1IE8VN30JCEQV1H4R804,2024,https://files.ffiec.cfpb.gov/static-data/snapshot/2024/2024_public_ts_csv.zip,,,manual,Codex (individual identity/evidence review; not independent human review),2026-09-26,https://api.fdic.gov/banks/institutions
ccdb,HSBC NORTH AMERICA HOLDINGS INC.,HSBC NORTH AMERICA HOLDINGS INC.,E5571C16499FD,HSBC HOLDINGS PLC,bank,1IE8VN30JCEQV1H4R804,,1857108,,1IE8VN30JCEQV1H4R804,2025,https://files.ffiec.cfpb.gov/static-data/snapshot/2025/2025_public_ts_csv.zip,,,manual,Codex (individual identity/evidence review; not independent human review),2026-09-26,https://api.fdic.gov/banks/institutions
ccdb,HSBC NORTH AMERICA HOLDINGS INC.,HSBC NORTH AMERICA HOLDINGS INC.,E5571C16499FD,HSBC HOLDINGS PLC,bank,,413208,1857108,57890,,2026,https://api.fdic.gov/banks/institutions,,,manual,Codex (individual identity/evidence review; not independent human review),2026-09-26,https://api.fdic.gov/banks/institutions
ccdb,HSBC NORTH AMERICA HOLDINGS INC.,HSBC NORTH AMERICA HOLDINGS INC.,E5571C16499FD,HSBC HOLDINGS PLC,bank,,3357620,1857108,58188,,2026,https://api.fdic.gov/banks/institutions,,,manual,Codex (individual identity/evidence review; not independent human review),2026-09-26,https://api.fdic.gov/banks/institutions
ccdb,"Caliber Home Loans, Inc.","Caliber Home Loans, Inc.",EB2B27823D171,"Caliber Home Loans, Inc.",nonbank_originator,549300J7XKT2BI5WX213,3871519,,,549300J7XKT2BI5WX213,2018,https://files.ffiec.cfpb.gov/static-data/snapshot/2018/2018_public_panel_csv.zip,,,manual,Codex (individual identity/evidence review; not independent human review),2026-09-26,data/staging/stg_complaints.parquet
ccdb,"Caliber Home Loans, Inc.","Caliber Home Loans, Inc.",EB2B27823D171,"Caliber Home Loans, Inc.",nonbank_originator,549300J7XKT2BI5WX213,3871519,,,549300J7XKT2BI5WX213,2019,https://files.ffiec.cfpb.gov/static-data/snapshot/2019/2019_public_panel_csv.zip,,,manual,Codex (individual identity/evidence review; not independent human review),2026-09-26,data/staging/stg_complaints.parquet
ccdb,"Caliber Home Loans, Inc.","Caliber Home Loans, Inc.",EB2B27823D171,"Caliber Home Loans, Inc.",nonbank_originator,549300J7XKT2BI5WX213,3871519,,,549300J7XKT2BI5WX213,2020,https://files.ffiec.cfpb.gov/static-data/snapshot/2020/2020_public_panel_csv.zip,,,manual,Codex (individual identity/evidence review; not independent human review),2026-09-26,data/staging/stg_complaints.parquet
ccdb,"Caliber Home Loans, Inc.","Caliber Home Loans, Inc.",EB2B27823D171,"Caliber Home Loans, Inc.",nonbank_originator,549300J7XKT2BI5WX213,3871519,,,549300J7XKT2BI5WX213,2021,https://files.ffiec.cfpb.gov/static-data/snapshot/2021/2021_public_panel_csv.zip,,,manual,Codex (individual identity/evidence review; not independent human review),2026-09-26,data/staging/stg_complaints.parquet
ccdb,"Caliber Home Loans, Inc.","Caliber Home Loans, Inc.",EB2B27823D171,"Caliber Home Loans, Inc.",nonbank_originator,549300J7XKT2BI5WX213,3871519,,,549300J7XKT2BI5WX213,2022,https://files.ffiec.cfpb.gov/static-data/snapshot/2022/2022_public_panel_csv.zip,,,manual,Codex (individual identity/evidence review; not independent human review),2026-09-26,data/staging/stg_complaints.parquet
ccdb,"Caliber Home Loans, Inc.","Caliber Home Loans, Inc.",EB2B27823D171,"Caliber Home Loans, Inc.",nonbank_originator,549300J7XKT2BI5WX213,3871519,,,549300J7XKT2BI5WX213,2023,https://files.ffiec.cfpb.gov/static-data/snapshot/2023/2023_public_panel_csv.zip,,,manual,Codex (individual identity/evidence review; not independent human review),2026-09-26,data/staging/stg_complaints.parquet
ccdb,M&T BANK CORPORATION,M&T BANK CORPORATION,E796248861ED3,M&T BANK CORP,bank,WWB2V0FCW3A0EE3ZJN75,501105,1037003,588,WWB2V0FCW3A0EE3ZJN75,2018,https://files.ffiec.cfpb.gov/static-data/snapshot/2018/2018_public_panel_csv.zip,,,manual,Codex (individual identity/evidence review; not independent human review),2026-09-26,https://api.fdic.gov/banks/institutions
ccdb,M&T BANK CORPORATION,M&T BANK CORPORATION,E796248861ED3,M&T BANK CORP,bank,WWB2V0FCW3A0EE3ZJN75,501105,1037003,588,WWB2V0FCW3A0EE3ZJN75,2019,https://files.ffiec.cfpb.gov/static-data/snapshot/2019/2019_public_panel_csv.zip,,,manual,Codex (individual identity/evidence review; not independent human review),2026-09-26,https://api.fdic.gov/banks/institutions
ccdb,M&T BANK CORPORATION,M&T BANK CORPORATION,E796248861ED3,M&T BANK CORP,bank,WWB2V0FCW3A0EE3ZJN75,501105,1037003,588,WWB2V0FCW3A0EE3ZJN75,2020,https://files.ffiec.cfpb.gov/static-data/snapshot/2020/2020_public_panel_csv.zip,,,manual,Codex (individual identity/evidence review; not independent human review),2026-09-26,https://api.fdic.gov/banks/institutions
ccdb,M&T BANK CORPORATION,M&T BANK CORPORATION,E796248861ED3,M&T BANK CORP,bank,WWB2V0FCW3A0EE3ZJN75,501105,1037003,588,WWB2V0FCW3A0EE3ZJN75,2021,https://files.ffiec.cfpb.gov/static-data/snapshot/2021/2021_public_panel_csv.zip,,,manual,Codex (individual identity/evidence review; not independent human review),2026-09-26,https://api.fdic.gov/banks/institutions
ccdb,M&T BANK CORPORATION,M&T BANK CORPORATION,E796248861ED3,M&T BANK CORP,bank,WWB2V0FCW3A0EE3ZJN75,501105,1037003,588,WWB2V0FCW3A0EE3ZJN75,2022,https://files.ffiec.cfpb.gov/static-data/snapshot/2022/2022_public_panel_csv.zip,,,manual,Codex (individual identity/evidence review; not independent human review),2026-09-26,https://api.fdic.gov/banks/institutions
ccdb,M&T BANK CORPORATION,M&T BANK CORPORATION,E796248861ED3,M&T BANK CORP,bank,WWB2V0FCW3A0EE3ZJN75,501105,1037003,588,WWB2V0FCW3A0EE3ZJN75,2023,https://files.ffiec.cfpb.gov/static-data/snapshot/2023/2023_public_panel_csv.zip,,,manual,Codex (individual identity/evidence review; not independent human review),2026-09-26,https://api.fdic.gov/banks/institutions
ccdb,M&T BANK CORPORATION,M&T BANK CORPORATION,E796248861ED3,M&T BANK CORP,bank,WWB2V0FCW3A0EE3ZJN75,,1037003,,WWB2V0FCW3A0EE3ZJN75,2024,https://files.ffiec.cfpb.gov/static-data/snapshot/2024/2024_public_ts_csv.zip,,,manual,Codex (individual identity/evidence review; not independent human review),2026-09-26,https://api.fdic.gov/banks/institutions
ccdb,M&T BANK CORPORATION,M&T BANK CORPORATION,E796248861ED3,M&T BANK CORP,bank,WWB2V0FCW3A0EE3ZJN75,,1037003,,WWB2V0FCW3A0EE3ZJN75,2025,https://files.ffiec.cfpb.gov/static-data/snapshot/2025/2025_public_ts_csv.zip,,,manual,Codex (individual identity/evidence review; not independent human review),2026-09-26,https://api.fdic.gov/banks/institutions
ccdb,M&T BANK CORPORATION,M&T BANK CORPORATION,E796248861ED3,M&T BANK CORP,bank,,501105,1037003,588,,2026,https://api.fdic.gov/banks/institutions,,,manual,Codex (individual identity/evidence review; not independent human review),2026-09-26,https://api.fdic.gov/banks/institutions
ccdb,M&T BANK CORPORATION,M&T BANK CORPORATION,E796248861ED3,M&T BANK CORP,bank,,2265456,1037003,34069,,2026,https://api.fdic.gov/banks/institutions,,,manual,Codex (individual identity/evidence review; not independent human review),2026-09-26,https://api.fdic.gov/banks/institutions
ccdb,"Seterus, Inc.","Seterus, Inc.",E073BF657F5B1,"Seterus, Inc.",nonbank_servicer,,,,,,,No verified reporter/bank identifier; identity only,,,manual,Codex (individual identity/evidence review; not independent human review),2026-09-26,data/staging/stg_complaints.parquet
ccdb,"Flagstar Bank, N.A.","Flagstar Bank, N.A.",E4CED9D7E2719,Flagstar predecessor / MP (Thrift) LLC,bank,SS1TRMSN6BRNMOREEV51,146672,4224000,,SS1TRMSN6BRNMOREEV51,2018,https://files.ffiec.cfpb.gov/static-data/snapshot/2018/2018_public_panel_csv.zip,,2022-11-30,manual,Codex (individual identity/evidence review; not independent human review),2026-09-26,https://api.fdic.gov/banks/institutions; https://files.ffiec.cfpb.gov/static-data/snapshot/2023/2023_public_panel_csv.zip
ccdb,"Flagstar Bank, N.A.","Flagstar Bank, N.A.",E4CED9D7E2719,Flagstar predecessor / MP (Thrift) LLC,bank,SS1TRMSN6BRNMOREEV51,146672,4224000,,SS1TRMSN6BRNMOREEV51,2019,https://files.ffiec.cfpb.gov/static-data/snapshot/2019/2019_public_panel_csv.zip,,2022-11-30,manual,Codex (individual identity/evidence review; not independent human review),2026-09-26,https://api.fdic.gov/banks/institutions; https://files.ffiec.cfpb.gov/static-data/snapshot/2023/2023_public_panel_csv.zip
ccdb,"Flagstar Bank, N.A.","Flagstar Bank, N.A.",E4CED9D7E2719,Flagstar predecessor / MP (Thrift) LLC,bank,SS1TRMSN6BRNMOREEV51,146672,4224000,,SS1TRMSN6BRNMOREEV51,2020,https://files.ffiec.cfpb.gov/static-data/snapshot/2020/2020_public_panel_csv.zip,,2022-11-30,manual,Codex (individual identity/evidence review; not independent human review),2026-09-26,https://api.fdic.gov/banks/institutions; https://files.ffiec.cfpb.gov/static-data/snapshot/2023/2023_public_panel_csv.zip
ccdb,"Flagstar Bank, N.A.","Flagstar Bank, N.A.",E4CED9D7E2719,Flagstar predecessor / MP (Thrift) LLC,bank,SS1TRMSN6BRNMOREEV51,146672,4224000,,SS1TRMSN6BRNMOREEV51,2021,https://files.ffiec.cfpb.gov/static-data/snapshot/2021/2021_public_panel_csv.zip,,2022-11-30,manual,Codex (individual identity/evidence review; not independent human review),2026-09-26,https://api.fdic.gov/banks/institutions; https://files.ffiec.cfpb.gov/static-data/snapshot/2023/2023_public_panel_csv.zip
ccdb,"CITIZENS FINANCIAL GROUP, INC.","CITIZENS FINANCIAL GROUP, INC.",EC6692485BEB4,CITIZENS FINANCIAL GROUP INC,bank,DRMSV1Q0EKMEXLAU1P80,3303298,1132449,57957,DRMSV1Q0EKMEXLAU1P80,2018,https://files.ffiec.cfpb.gov/static-data/snapshot/2018/2018_public_panel_csv.zip,,,manual,Codex (individual identity/evidence review; not independent human review),2026-09-26,https://api.fdic.gov/banks/institutions
ccdb,"CITIZENS FINANCIAL GROUP, INC.","CITIZENS FINANCIAL GROUP, INC.",EC6692485BEB4,CITIZENS FINANCIAL GROUP INC,bank,DRMSV1Q0EKMEXLAU1P80,3303298,1132449,57957,DRMSV1Q0EKMEXLAU1P80,2019,https://files.ffiec.cfpb.gov/static-data/snapshot/2019/2019_public_panel_csv.zip,,,manual,Codex (individual identity/evidence review; not independent human review),2026-09-26,https://api.fdic.gov/banks/institutions
ccdb,"CITIZENS FINANCIAL GROUP, INC.","CITIZENS FINANCIAL GROUP, INC.",EC6692485BEB4,CITIZENS FINANCIAL GROUP INC,bank,DRMSV1Q0EKMEXLAU1P80,3303298,1132449,57957,DRMSV1Q0EKMEXLAU1P80,2020,https://files.ffiec.cfpb.gov/static-data/snapshot/2020/2020_public_panel_csv.zip,,,manual,Codex (individual identity/evidence review; not independent human review),2026-09-26,https://api.fdic.gov/banks/institutions
ccdb,"CITIZENS FINANCIAL GROUP, INC.","CITIZENS FINANCIAL GROUP, INC.",EC6692485BEB4,CITIZENS FINANCIAL GROUP INC,bank,DRMSV1Q0EKMEXLAU1P80,3303298,1132449,57957,DRMSV1Q0EKMEXLAU1P80,2021,https://files.ffiec.cfpb.gov/static-data/snapshot/2021/2021_public_panel_csv.zip,,,manual,Codex (individual identity/evidence review; not independent human review),2026-09-26,https://api.fdic.gov/banks/institutions
ccdb,"CITIZENS FINANCIAL GROUP, INC.","CITIZENS FINANCIAL GROUP, INC.",EC6692485BEB4,CITIZENS FINANCIAL GROUP INC,bank,DRMSV1Q0EKMEXLAU1P80,3303298,1132449,57957,DRMSV1Q0EKMEXLAU1P80,2022,https://files.ffiec.cfpb.gov/static-data/snapshot/2022/2022_public_panel_csv.zip,,,manual,Codex (individual identity/evidence review; not independent human review),2026-09-26,https://api.fdic.gov/banks/institutions
ccdb,"CITIZENS FINANCIAL GROUP, INC.","CITIZENS FINANCIAL GROUP, INC.",EC6692485BEB4,CITIZENS FINANCIAL GROUP INC,bank,DRMSV1Q0EKMEXLAU1P80,3303298,1132449,57957,DRMSV1Q0EKMEXLAU1P80,2023,https://files.ffiec.cfpb.gov/static-data/snapshot/2023/2023_public_panel_csv.zip,,,manual,Codex (individual identity/evidence review; not independent human review),2026-09-26,https://api.fdic.gov/banks/institutions
ccdb,"CITIZENS FINANCIAL GROUP, INC.","CITIZENS FINANCIAL GROUP, INC.",EC6692485BEB4,CITIZENS FINANCIAL GROUP INC,bank,DRMSV1Q0EKMEXLAU1P80,,1132449,,DRMSV1Q0EKMEXLAU1P80,2024,https://files.ffiec.cfpb.gov/static-data/snapshot/2024/2024_public_ts_csv.zip,,,manual,Codex (individual identity/evidence review; not independent human review),2026-09-26,https://api.fdic.gov/banks/institutions
ccdb,"CITIZENS FINANCIAL GROUP, INC.","CITIZENS FINANCIAL GROUP, INC.",EC6692485BEB4,CITIZENS FINANCIAL GROUP INC,bank,DRMSV1Q0EKMEXLAU1P80,,1132449,,DRMSV1Q0EKMEXLAU1P80,2025,https://files.ffiec.cfpb.gov/static-data/snapshot/2025/2025_public_ts_csv.zip,,,manual,Codex (individual identity/evidence review; not independent human review),2026-09-26,https://api.fdic.gov/banks/institutions
ccdb,"CITIZENS FINANCIAL GROUP, INC.","CITIZENS FINANCIAL GROUP, INC.",EC6692485BEB4,CITIZENS FINANCIAL GROUP INC,bank,,3303298,1132449,57957,,2026,https://api.fdic.gov/banks/institutions,,,manual,Codex (individual identity/evidence review; not independent human review),2026-09-26,https://api.fdic.gov/banks/institutions
ccdb,"SUNTRUST BANKS, INC.","SUNTRUST BANKS, INC.",EC6053E325B69,SUNTRUST BANKS INC,bank,7E1PDLW1JL6TS0BS1G03,675332,1131787,867,7E1PDLW1JL6TS0BS1G03,2018,https://files.ffiec.cfpb.gov/static-data/snapshot/2018/2018_public_panel_csv.zip,,,manual,Codex (individual identity/evidence review; not independent human review),2026-09-26,https://api.fdic.gov/banks/institutions
ccdb,"SUNTRUST BANKS, INC.","SUNTRUST BANKS, INC.",EC6053E325B69,SUNTRUST BANKS INC,bank,7E1PDLW1JL6TS0BS1G03,675332,1131787,867,7E1PDLW1JL6TS0BS1G03,2019,https://files.ffiec.cfpb.gov/static-data/snapshot/2019/2019_public_panel_csv.zip,,,manual,Codex (individual identity/evidence review; not independent human review),2026-09-26,https://api.fdic.gov/banks/institutions
ccdb,"SUNTRUST BANKS, INC.","SUNTRUST BANKS, INC.",EC6053E325B69,SUNTRUST BANKS INC,bank,,675332,1131787,867,,2026,https://api.fdic.gov/banks/institutions,,,manual,Codex (individual identity/evidence review; not independent human review),2026-09-26,https://api.fdic.gov/banks/institutions
ccdb,"Fay Servicing, LLC","Fay Servicing, LLC",E6BA7BF6F6970,"Fay Servicing, LLC",nonbank_servicer,549300D0H09HSURFXA20,5037122,,,549300D0H09HSURFXA20,2018,https://files.ffiec.cfpb.gov/static-data/snapshot/2018/2018_public_panel_csv.zip,,,manual,Codex (individual identity/evidence review; not independent human review),2026-09-26,data/staging/stg_complaints.parquet
ccdb,"Fay Servicing, LLC","Fay Servicing, LLC",E6BA7BF6F6970,"Fay Servicing, LLC",nonbank_servicer,549300D0H09HSURFXA20,5037122,,,549300D0H09HSURFXA20,2019,https://files.ffiec.cfpb.gov/static-data/snapshot/2019/2019_public_panel_csv.zip,,,manual,Codex (individual identity/evidence review; not independent human review),2026-09-26,data/staging/stg_complaints.parquet
ccdb,"Fay Servicing, LLC","Fay Servicing, LLC",E6BA7BF6F6970,"Fay Servicing, LLC",nonbank_servicer,549300D0H09HSURFXA20,5037122,,,549300D0H09HSURFXA20,2020,https://files.ffiec.cfpb.gov/static-data/snapshot/2020/2020_public_panel_csv.zip,,,manual,Codex (individual identity/evidence review; not independent human review),2026-09-26,data/staging/stg_complaints.parquet
ccdb,"Fay Servicing, LLC","Fay Servicing, LLC",E6BA7BF6F6970,"Fay Servicing, LLC",nonbank_servicer,549300D0H09HSURFXA20,5037122,,,549300D0H09HSURFXA20,2021,https://files.ffiec.cfpb.gov/static-data/snapshot/2021/2021_public_panel_csv.zip,,,manual,Codex (individual identity/evidence review; not independent human review),2026-09-26,data/staging/stg_complaints.parquet
ccdb,"Fay Servicing, LLC","Fay Servicing, LLC",E6BA7BF6F6970,"Fay Servicing, LLC",nonbank_servicer,549300D0H09HSURFXA20,5037122,,,549300D0H09HSURFXA20,2022,https://files.ffiec.cfpb.gov/static-data/snapshot/2022/2022_public_panel_csv.zip,,,manual,Codex (individual identity/evidence review; not independent human review),2026-09-26,data/staging/stg_complaints.parquet
ccdb,"Fay Servicing, LLC","Fay Servicing, LLC",E6BA7BF6F6970,"Fay Servicing, LLC",nonbank_servicer,549300D0H09HSURFXA20,5037122,,,549300D0H09HSURFXA20,2023,https://files.ffiec.cfpb.gov/static-data/snapshot/2023/2023_public_panel_csv.zip,,,manual,Codex (individual identity/evidence review; not independent human review),2026-09-26,data/staging/stg_complaints.parquet
ccdb,"Fay Servicing, LLC","Fay Servicing, LLC",E6BA7BF6F6970,"Fay Servicing, LLC",nonbank_servicer,549300D0H09HSURFXA20,,,,549300D0H09HSURFXA20,2024,https://files.ffiec.cfpb.gov/static-data/snapshot/2024/2024_public_ts_csv.zip,,,manual,Codex (individual identity/evidence review; not independent human review),2026-09-26,data/staging/stg_complaints.parquet
ccdb,"Fay Servicing, LLC","Fay Servicing, LLC",E6BA7BF6F6970,"Fay Servicing, LLC",nonbank_servicer,549300D0H09HSURFXA20,,,,549300D0H09HSURFXA20,2025,https://files.ffiec.cfpb.gov/static-data/snapshot/2025/2025_public_ts_csv.zip,,,manual,Codex (individual identity/evidence review; not independent human review),2026-09-26,data/staging/stg_complaints.parquet
ccdb,"Community Loan Servicing, LLC (formerly known as Bayview Loan Servicing, LLC)","Community Loan Servicing, LLC (formerly known as Bayview Loan Servicing, LLC)",E7BC26E9E7EDD,"Community Loan Servicing, LLC (formerly known as Bayview Loan Servicing, LLC)",nonbank_servicer,549300MSX2N1BGIIVG32,4184038,,,549300MSX2N1BGIIVG32,2018,https://files.ffiec.cfpb.gov/static-data/snapshot/2018/2018_public_panel_csv.zip,,,manual,Codex (individual identity/evidence review; not independent human review),2026-09-26,data/staging/stg_complaints.parquet
ccdb,"Community Loan Servicing, LLC (formerly known as Bayview Loan Servicing, LLC)","Community Loan Servicing, LLC (formerly known as Bayview Loan Servicing, LLC)",E7BC26E9E7EDD,"Community Loan Servicing, LLC (formerly known as Bayview Loan Servicing, LLC)",nonbank_servicer,549300MSX2N1BGIIVG32,4184038,,,549300MSX2N1BGIIVG32,2019,https://files.ffiec.cfpb.gov/static-data/snapshot/2019/2019_public_panel_csv.zip,,,manual,Codex (individual identity/evidence review; not independent human review),2026-09-26,data/staging/stg_complaints.parquet
ccdb,FIFTH THIRD FINANCIAL CORPORATION,FIFTH THIRD FINANCIAL CORPORATION,E99C4F19CABA9,FIFTH THIRD BCORP,bank,QFROUN1UWUYU0DVIWD51,723112,1070345,6672,QFROUN1UWUYU0DVIWD51,2018,https://files.ffiec.cfpb.gov/static-data/snapshot/2018/2018_public_panel_csv.zip,,,manual,Codex (individual identity/evidence review; not independent human review),2026-09-26,https://api.fdic.gov/banks/institutions
ccdb,FIFTH THIRD FINANCIAL CORPORATION,FIFTH THIRD FINANCIAL CORPORATION,E99C4F19CABA9,FIFTH THIRD BCORP,bank,QFROUN1UWUYU0DVIWD51,723112,1070345,6672,QFROUN1UWUYU0DVIWD51,2019,https://files.ffiec.cfpb.gov/static-data/snapshot/2019/2019_public_panel_csv.zip,,,manual,Codex (individual identity/evidence review; not independent human review),2026-09-26,https://api.fdic.gov/banks/institutions
ccdb,FIFTH THIRD FINANCIAL CORPORATION,FIFTH THIRD FINANCIAL CORPORATION,E99C4F19CABA9,FIFTH THIRD BCORP,bank,QFROUN1UWUYU0DVIWD51,723112,1070345,6672,QFROUN1UWUYU0DVIWD51,2020,https://files.ffiec.cfpb.gov/static-data/snapshot/2020/2020_public_panel_csv.zip,,,manual,Codex (individual identity/evidence review; not independent human review),2026-09-26,https://api.fdic.gov/banks/institutions
ccdb,FIFTH THIRD FINANCIAL CORPORATION,FIFTH THIRD FINANCIAL CORPORATION,E99C4F19CABA9,FIFTH THIRD BCORP,bank,QFROUN1UWUYU0DVIWD51,723112,1070345,6672,QFROUN1UWUYU0DVIWD51,2021,https://files.ffiec.cfpb.gov/static-data/snapshot/2021/2021_public_panel_csv.zip,,,manual,Codex (individual identity/evidence review; not independent human review),2026-09-26,https://api.fdic.gov/banks/institutions
ccdb,FIFTH THIRD FINANCIAL CORPORATION,FIFTH THIRD FINANCIAL CORPORATION,E99C4F19CABA9,FIFTH THIRD BCORP,bank,QFROUN1UWUYU0DVIWD51,723112,1070345,6672,QFROUN1UWUYU0DVIWD51,2022,https://files.ffiec.cfpb.gov/static-data/snapshot/2022/2022_public_panel_csv.zip,,,manual,Codex (individual identity/evidence review; not independent human review),2026-09-26,https://api.fdic.gov/banks/institutions
ccdb,FIFTH THIRD FINANCIAL CORPORATION,FIFTH THIRD FINANCIAL CORPORATION,E99C4F19CABA9,FIFTH THIRD BCORP,bank,QFROUN1UWUYU0DVIWD51,723112,1070345,6672,QFROUN1UWUYU0DVIWD51,2023,https://files.ffiec.cfpb.gov/static-data/snapshot/2023/2023_public_panel_csv.zip,,,manual,Codex (individual identity/evidence review; not independent human review),2026-09-26,https://api.fdic.gov/banks/institutions
ccdb,FIFTH THIRD FINANCIAL CORPORATION,FIFTH THIRD FINANCIAL CORPORATION,E99C4F19CABA9,FIFTH THIRD BCORP,bank,QFROUN1UWUYU0DVIWD51,,1070345,,QFROUN1UWUYU0DVIWD51,2024,https://files.ffiec.cfpb.gov/static-data/snapshot/2024/2024_public_ts_csv.zip,,,manual,Codex (individual identity/evidence review; not independent human review),2026-09-26,https://api.fdic.gov/banks/institutions
ccdb,FIFTH THIRD FINANCIAL CORPORATION,FIFTH THIRD FINANCIAL CORPORATION,E99C4F19CABA9,FIFTH THIRD BCORP,bank,QFROUN1UWUYU0DVIWD51,,1070345,,QFROUN1UWUYU0DVIWD51,2025,https://files.ffiec.cfpb.gov/static-data/snapshot/2025/2025_public_ts_csv.zip,,,manual,Codex (individual identity/evidence review; not independent human review),2026-09-26,https://api.fdic.gov/banks/institutions
ccdb,FIFTH THIRD FINANCIAL CORPORATION,FIFTH THIRD FINANCIAL CORPORATION,E99C4F19CABA9,FIFTH THIRD BCORP,bank,,723112,1070345,6672,,2026,https://api.fdic.gov/banks/institutions,,,manual,Codex (individual identity/evidence review; not independent human review),2026-09-26,https://api.fdic.gov/banks/institutions
ccdb,RUSHMORE LOAN MANAGEMENT SERVICES LLC,RUSHMORE LOAN MANAGEMENT SERVICES LLC,E54523B495FBB,RUSHMORE LOAN MANAGEMENT SERVICES LLC,nonbank_servicer,549300AI7PDYMZ609P28,4877518,,,549300AI7PDYMZ609P28,2018,https://files.ffiec.cfpb.gov/static-data/snapshot/2018/2018_public_panel_csv.zip,,,manual,Codex (individual identity/evidence review; not independent human review),2026-09-26,data/staging/stg_complaints.parquet
ccdb,RUSHMORE LOAN MANAGEMENT SERVICES LLC,RUSHMORE LOAN MANAGEMENT SERVICES LLC,E54523B495FBB,RUSHMORE LOAN MANAGEMENT SERVICES LLC,nonbank_servicer,549300AI7PDYMZ609P28,4877518,,,549300AI7PDYMZ609P28,2019,https://files.ffiec.cfpb.gov/static-data/snapshot/2019/2019_public_panel_csv.zip,,,manual,Codex (individual identity/evidence review; not independent human review),2026-09-26,data/staging/stg_complaints.parquet
ccdb,TRUIST FINANCIAL CORPORATION,TRUIST FINANCIAL CORPORATION,ED7AC947B93AB,TRUIST FINANCIAL CORP,bank,JJKC32MCHWDI71265Z06,852320,1074156,9846,JJKC32MCHWDI71265Z06,2018,https://files.ffiec.cfpb.gov/static-data/snapshot/2018/2018_public_panel_csv.zip,,,manual,Codex (individual identity/evidence review; not independent human review),2026-09-26,https://api.fdic.gov/banks/institutions
ccdb,TRUIST FINANCIAL CORPORATION,TRUIST FINANCIAL CORPORATION,ED7AC947B93AB,TRUIST FINANCIAL CORP,bank,JJKC32MCHWDI71265Z06,852320,1074156,9846,JJKC32MCHWDI71265Z06,2019,https://files.ffiec.cfpb.gov/static-data/snapshot/2019/2019_public_panel_csv.zip,,,manual,Codex (individual identity/evidence review; not independent human review),2026-09-26,https://api.fdic.gov/banks/institutions
ccdb,TRUIST FINANCIAL CORPORATION,TRUIST FINANCIAL CORPORATION,ED7AC947B93AB,TRUIST FINANCIAL CORP,bank,JJKC32MCHWDI71265Z06,852320,1074156,9846,JJKC32MCHWDI71265Z06,2020,https://files.ffiec.cfpb.gov/static-data/snapshot/2020/2020_public_panel_csv.zip,,,manual,Codex (individual identity/evidence review; not independent human review),2026-09-26,https://api.fdic.gov/banks/institutions
ccdb,TRUIST FINANCIAL CORPORATION,TRUIST FINANCIAL CORPORATION,ED7AC947B93AB,TRUIST FINANCIAL CORP,bank,JJKC32MCHWDI71265Z06,852320,1074156,9846,JJKC32MCHWDI71265Z06,2021,https://files.ffiec.cfpb.gov/static-data/snapshot/2021/2021_public_panel_csv.zip,,,manual,Codex (individual identity/evidence review; not independent human review),2026-09-26,https://api.fdic.gov/banks/institutions
ccdb,TRUIST FINANCIAL CORPORATION,TRUIST FINANCIAL CORPORATION,ED7AC947B93AB,TRUIST FINANCIAL CORP,bank,JJKC32MCHWDI71265Z06,852320,1074156,9846,JJKC32MCHWDI71265Z06,2022,https://files.ffiec.cfpb.gov/static-data/snapshot/2022/2022_public_panel_csv.zip,,,manual,Codex (individual identity/evidence review; not independent human review),2026-09-26,https://api.fdic.gov/banks/institutions
ccdb,TRUIST FINANCIAL CORPORATION,TRUIST FINANCIAL CORPORATION,ED7AC947B93AB,TRUIST FINANCIAL CORP,bank,JJKC32MCHWDI71265Z06,852320,1074156,9846,JJKC32MCHWDI71265Z06,2023,https://files.ffiec.cfpb.gov/static-data/snapshot/2023/2023_public_panel_csv.zip,,,manual,Codex (individual identity/evidence review; not independent human review),2026-09-26,https://api.fdic.gov/banks/institutions
ccdb,TRUIST FINANCIAL CORPORATION,TRUIST FINANCIAL CORPORATION,ED7AC947B93AB,TRUIST FINANCIAL CORP,bank,JJKC32MCHWDI71265Z06,,1074156,,JJKC32MCHWDI71265Z06,2024,https://files.ffiec.cfpb.gov/static-data/snapshot/2024/2024_public_ts_csv.zip,,,manual,Codex (individual identity/evidence review; not independent human review),2026-09-26,https://api.fdic.gov/banks/institutions
ccdb,TRUIST FINANCIAL CORPORATION,TRUIST FINANCIAL CORPORATION,ED7AC947B93AB,TRUIST FINANCIAL CORP,bank,JJKC32MCHWDI71265Z06,,1074156,,JJKC32MCHWDI71265Z06,2025,https://files.ffiec.cfpb.gov/static-data/snapshot/2025/2025_public_ts_csv.zip,,,manual,Codex (individual identity/evidence review; not independent human review),2026-09-26,https://api.fdic.gov/banks/institutions
ccdb,TRUIST FINANCIAL CORPORATION,TRUIST FINANCIAL CORPORATION,ED7AC947B93AB,TRUIST FINANCIAL CORP,bank,,852320,1074156,9846,,2026,https://api.fdic.gov/banks/institutions,,,manual,Codex (individual identity/evidence review; not independent human review),2026-09-26,https://api.fdic.gov/banks/institutions
ccdb,Selene Holdings LLC,Selene Holdings LLC,EE2ED85757AB4,Selene Finance LP,nonbank_servicer,,,,,,,No verified reporter/bank identifier; identity only,,,manual,Codex (individual identity/evidence review; not independent human review),2026-09-26,data/staging/stg_complaints.parquet
ccdb,RoundPoint Mortgage Servicing LLC,RoundPoint Mortgage Servicing LLC,EAC8B1082E172,RoundPoint Mortgage Servicing LLC,nonbank_servicer,5493000IIYWBLONJVJ30,,,,5493000IIYWBLONJVJ30,2020,https://files.ffiec.cfpb.gov/static-data/snapshot/2020/2020_public_panel_csv.zip,,,manual,Codex (individual identity/evidence review; not independent human review),2026-09-26,data/staging/stg_complaints.parquet
ccdb,RoundPoint Mortgage Servicing LLC,RoundPoint Mortgage Servicing LLC,EAC8B1082E172,RoundPoint Mortgage Servicing LLC,nonbank_servicer,5493000IIYWBLONJVJ30,,,,5493000IIYWBLONJVJ30,2021,https://files.ffiec.cfpb.gov/static-data/snapshot/2021/2021_public_panel_csv.zip,,,manual,Codex (individual identity/evidence review; not independent human review),2026-09-26,data/staging/stg_complaints.parquet
ccdb,RoundPoint Mortgage Servicing LLC,RoundPoint Mortgage Servicing LLC,EAC8B1082E172,RoundPoint Mortgage Servicing LLC,nonbank_servicer,5493000IIYWBLONJVJ30,,,,5493000IIYWBLONJVJ30,2022,https://files.ffiec.cfpb.gov/static-data/snapshot/2022/2022_public_panel_csv.zip,,,manual,Codex (individual identity/evidence review; not independent human review),2026-09-26,data/staging/stg_complaints.parquet
ccdb,RoundPoint Mortgage Servicing LLC,RoundPoint Mortgage Servicing LLC,EAC8B1082E172,RoundPoint Mortgage Servicing LLC,nonbank_servicer,5493000IIYWBLONJVJ30,,,,5493000IIYWBLONJVJ30,2023,https://files.ffiec.cfpb.gov/static-data/snapshot/2023/2023_public_panel_csv.zip,,,manual,Codex (individual identity/evidence review; not independent human review),2026-09-26,data/staging/stg_complaints.parquet
ccdb,RoundPoint Mortgage Servicing LLC,RoundPoint Mortgage Servicing LLC,EAC8B1082E172,RoundPoint Mortgage Servicing LLC,nonbank_servicer,5493000IIYWBLONJVJ30,,,,5493000IIYWBLONJVJ30,2024,https://files.ffiec.cfpb.gov/static-data/snapshot/2024/2024_public_ts_csv.zip,,,manual,Codex (individual identity/evidence review; not independent human review),2026-09-26,data/staging/stg_complaints.parquet
ccdb,RoundPoint Mortgage Servicing LLC,RoundPoint Mortgage Servicing LLC,EAC8B1082E172,RoundPoint Mortgage Servicing LLC,nonbank_servicer,5493000IIYWBLONJVJ30,,,,5493000IIYWBLONJVJ30,2025,https://files.ffiec.cfpb.gov/static-data/snapshot/2025/2025_public_ts_csv.zip,,,manual,Codex (individual identity/evidence review; not independent human review),2026-09-26,data/staging/stg_complaints.parquet
ccdb,"LAKEVIEW LOAN SERVICING, LLC","LAKEVIEW LOAN SERVICING, LLC",E3386A41C1D8E,"LAKEVIEW LOAN SERVICING, LLC",nonbank_servicer,549300NOCASXPA34X033,4878010,,,549300NOCASXPA34X033,2018,https://files.ffiec.cfpb.gov/static-data/snapshot/2018/2018_public_panel_csv.zip,,,manual,Codex (individual identity/evidence review; not independent human review),2026-09-26,data/staging/stg_complaints.parquet
ccdb,"LAKEVIEW LOAN SERVICING, LLC","LAKEVIEW LOAN SERVICING, LLC",E3386A41C1D8E,"LAKEVIEW LOAN SERVICING, LLC",nonbank_servicer,549300NOCASXPA34X033,4878010,,,549300NOCASXPA34X033,2019,https://files.ffiec.cfpb.gov/static-data/snapshot/2019/2019_public_panel_csv.zip,,,manual,Codex (individual identity/evidence review; not independent human review),2026-09-26,data/staging/stg_complaints.parquet
ccdb,"LAKEVIEW LOAN SERVICING, LLC","LAKEVIEW LOAN SERVICING, LLC",E3386A41C1D8E,"LAKEVIEW LOAN SERVICING, LLC",nonbank_servicer,549300NOCASXPA34X033,4878010,,,549300NOCASXPA34X033,2020,https://files.ffiec.cfpb.gov/static-data/snapshot/2020/2020_public_panel_csv.zip,,,manual,Codex (individual identity/evidence review; not independent human review),2026-09-26,data/staging/stg_complaints.parquet
ccdb,"LAKEVIEW LOAN SERVICING, LLC","LAKEVIEW LOAN SERVICING, LLC",E3386A41C1D8E,"LAKEVIEW LOAN SERVICING, LLC",nonbank_servicer,549300NOCASXPA34X033,4878010,,,549300NOCASXPA34X033,2021,https://files.ffiec.cfpb.gov/static-data/snapshot/2021/2021_public_panel_csv.zip,,,manual,Codex (individual identity/evidence review; not independent human review),2026-09-26,data/staging/stg_complaints.parquet
ccdb,"LAKEVIEW LOAN SERVICING, LLC","LAKEVIEW LOAN SERVICING, LLC",E3386A41C1D8E,"LAKEVIEW LOAN SERVICING, LLC",nonbank_servicer,549300NOCASXPA34X033,4878010,,,549300NOCASXPA34X033,2022,https://files.ffiec.cfpb.gov/static-data/snapshot/2022/2022_public_panel_csv.zip,,,manual,Codex (individual identity/evidence review; not independent human review),2026-09-26,data/staging/stg_complaints.parquet
ccdb,"LAKEVIEW LOAN SERVICING, LLC","LAKEVIEW LOAN SERVICING, LLC",E3386A41C1D8E,"LAKEVIEW LOAN SERVICING, LLC",nonbank_servicer,549300NOCASXPA34X033,4878010,,,549300NOCASXPA34X033,2023,https://files.ffiec.cfpb.gov/static-data/snapshot/2023/2023_public_panel_csv.zip,,,manual,Codex (individual identity/evidence review; not independent human review),2026-09-26,data/staging/stg_complaints.parquet
ccdb,"LAKEVIEW LOAN SERVICING, LLC","LAKEVIEW LOAN SERVICING, LLC",E3386A41C1D8E,"LAKEVIEW LOAN SERVICING, LLC",nonbank_servicer,549300NOCASXPA34X033,,,,549300NOCASXPA34X033,2024,https://files.ffiec.cfpb.gov/static-data/snapshot/2024/2024_public_ts_csv.zip,,,manual,Codex (individual identity/evidence review; not independent human review),2026-09-26,data/staging/stg_complaints.parquet
ccdb,"LAKEVIEW LOAN SERVICING, LLC","LAKEVIEW LOAN SERVICING, LLC",E3386A41C1D8E,"LAKEVIEW LOAN SERVICING, LLC",nonbank_servicer,549300NOCASXPA34X033,,,,549300NOCASXPA34X033,2025,https://files.ffiec.cfpb.gov/static-data/snapshot/2025/2025_public_ts_csv.zip,,,manual,Codex (individual identity/evidence review; not independent human review),2026-09-26,data/staging/stg_complaints.parquet
ccdb,"LD Holdings Group, LLC","LD Holdings Group, LLC",EFA4E9E07892E,"LD Holdings Group, LLC",nonbank_originator,,,,,,,No verified reporter/bank identifier; identity only,,,manual,Codex (individual identity/evidence review; not independent human review),2026-09-26,data/staging/stg_complaints.parquet
ccdb,PHH Mortgage Services Corporation,PHH Mortgage Services Corporation,E51D05DB96886,PHH Mortgage Services Corporation,nonbank_servicer,PAOOWF3GUFM46FBSP561,3873456,,,PAOOWF3GUFM46FBSP561,2018,https://files.ffiec.cfpb.gov/static-data/snapshot/2018/2018_public_panel_csv.zip,,,manual,Codex (individual identity/evidence review; not independent human review),2026-09-26,data/staging/stg_complaints.parquet
ccdb,PHH Mortgage Services Corporation,PHH Mortgage Services Corporation,E51D05DB96886,PHH Mortgage Services Corporation,nonbank_servicer,PAOOWF3GUFM46FBSP561,3873456,,,PAOOWF3GUFM46FBSP561,2019,https://files.ffiec.cfpb.gov/static-data/snapshot/2019/2019_public_panel_csv.zip,,,manual,Codex (individual identity/evidence review; not independent human review),2026-09-26,data/staging/stg_complaints.parquet
ccdb,PHH Mortgage Services Corporation,PHH Mortgage Services Corporation,E51D05DB96886,PHH Mortgage Services Corporation,nonbank_servicer,PAOOWF3GUFM46FBSP561,3873456,,,PAOOWF3GUFM46FBSP561,2020,https://files.ffiec.cfpb.gov/static-data/snapshot/2020/2020_public_panel_csv.zip,,,manual,Codex (individual identity/evidence review; not independent human review),2026-09-26,data/staging/stg_complaints.parquet
ccdb,PHH Mortgage Services Corporation,PHH Mortgage Services Corporation,E51D05DB96886,PHH Mortgage Services Corporation,nonbank_servicer,PAOOWF3GUFM46FBSP561,3873456,,,PAOOWF3GUFM46FBSP561,2021,https://files.ffiec.cfpb.gov/static-data/snapshot/2021/2021_public_panel_csv.zip,,,manual,Codex (individual identity/evidence review; not independent human review),2026-09-26,data/staging/stg_complaints.parquet
ccdb,PHH Mortgage Services Corporation,PHH Mortgage Services Corporation,E51D05DB96886,PHH Mortgage Services Corporation,nonbank_servicer,PAOOWF3GUFM46FBSP561,3873456,,,PAOOWF3GUFM46FBSP561,2022,https://files.ffiec.cfpb.gov/static-data/snapshot/2022/2022_public_panel_csv.zip,,,manual,Codex (individual identity/evidence review; not independent human review),2026-09-26,data/staging/stg_complaints.parquet
ccdb,PHH Mortgage Services Corporation,PHH Mortgage Services Corporation,E51D05DB96886,PHH Mortgage Services Corporation,nonbank_servicer,PAOOWF3GUFM46FBSP561,3873456,,,PAOOWF3GUFM46FBSP561,2023,https://files.ffiec.cfpb.gov/static-data/snapshot/2023/2023_public_panel_csv.zip,,,manual,Codex (individual identity/evidence review; not independent human review),2026-09-26,data/staging/stg_complaints.parquet
ccdb,PHH Mortgage Services Corporation,PHH Mortgage Services Corporation,E51D05DB96886,PHH Mortgage Services Corporation,nonbank_servicer,PAOOWF3GUFM46FBSP561,,,,PAOOWF3GUFM46FBSP561,2024,https://files.ffiec.cfpb.gov/static-data/snapshot/2024/2024_public_ts_csv.zip,,,manual,Codex (individual identity/evidence review; not independent human review),2026-09-26,data/staging/stg_complaints.parquet
ccdb,PHH Mortgage Services Corporation,PHH Mortgage Services Corporation,E51D05DB96886,PHH Mortgage Services Corporation,nonbank_servicer,PAOOWF3GUFM46FBSP561,,,,PAOOWF3GUFM46FBSP561,2025,https://files.ffiec.cfpb.gov/static-data/snapshot/2025/2025_public_ts_csv.zip,,,manual,Codex (individual identity/evidence review; not independent human review),2026-09-26,data/staging/stg_complaints.parquet
ccdb,NAVY FEDERAL CREDIT UNION,NAVY FEDERAL CREDIT UNION,E8CC698A4A61E,NAVY FEDERAL CREDIT UNION,credit_union,5493003GQDUH26DNNH17,617677,,,5493003GQDUH26DNNH17,2018,https://files.ffiec.cfpb.gov/static-data/snapshot/2018/2018_public_panel_csv.zip,,,manual,Codex (individual identity/evidence review; not independent human review),2026-09-26,data/staging/stg_complaints.parquet
ccdb,NAVY FEDERAL CREDIT UNION,NAVY FEDERAL CREDIT UNION,E8CC698A4A61E,NAVY FEDERAL CREDIT UNION,credit_union,5493003GQDUH26DNNH17,617677,,,5493003GQDUH26DNNH17,2019,https://files.ffiec.cfpb.gov/static-data/snapshot/2019/2019_public_panel_csv.zip,,,manual,Codex (individual identity/evidence review; not independent human review),2026-09-26,data/staging/stg_complaints.parquet
ccdb,NAVY FEDERAL CREDIT UNION,NAVY FEDERAL CREDIT UNION,E8CC698A4A61E,NAVY FEDERAL CREDIT UNION,credit_union,5493003GQDUH26DNNH17,617677,,,5493003GQDUH26DNNH17,2020,https://files.ffiec.cfpb.gov/static-data/snapshot/2020/2020_public_panel_csv.zip,,,manual,Codex (individual identity/evidence review; not independent human review),2026-09-26,data/staging/stg_complaints.parquet
ccdb,NAVY FEDERAL CREDIT UNION,NAVY FEDERAL CREDIT UNION,E8CC698A4A61E,NAVY FEDERAL CREDIT UNION,credit_union,5493003GQDUH26DNNH17,617677,,,5493003GQDUH26DNNH17,2021,https://files.ffiec.cfpb.gov/static-data/snapshot/2021/2021_public_panel_csv.zip,,,manual,Codex (individual identity/evidence review; not independent human review),2026-09-26,data/staging/stg_complaints.parquet
ccdb,NAVY FEDERAL CREDIT UNION,NAVY FEDERAL CREDIT UNION,E8CC698A4A61E,NAVY FEDERAL CREDIT UNION,credit_union,5493003GQDUH26DNNH17,617677,,,5493003GQDUH26DNNH17,2022,https://files.ffiec.cfpb.gov/static-data/snapshot/2022/2022_public_panel_csv.zip,,,manual,Codex (individual identity/evidence review; not independent human review),2026-09-26,data/staging/stg_complaints.parquet
ccdb,NAVY FEDERAL CREDIT UNION,NAVY FEDERAL CREDIT UNION,E8CC698A4A61E,NAVY FEDERAL CREDIT UNION,credit_union,5493003GQDUH26DNNH17,617677,,,5493003GQDUH26DNNH17,2023,https://files.ffiec.cfpb.gov/static-data/snapshot/2023/2023_public_panel_csv.zip,,,manual,Codex (individual identity/evidence review; not independent human review),2026-09-26,data/staging/stg_complaints.parquet
ccdb,NAVY FEDERAL CREDIT UNION,NAVY FEDERAL CREDIT UNION,E8CC698A4A61E,NAVY FEDERAL CREDIT UNION,credit_union,5493003GQDUH26DNNH17,,,,5493003GQDUH26DNNH17,2024,https://files.ffiec.cfpb.gov/static-data/snapshot/2024/2024_public_ts_csv.zip,,,manual,Codex (individual identity/evidence review; not independent human review),2026-09-26,data/staging/stg_complaints.parquet
ccdb,NAVY FEDERAL CREDIT UNION,NAVY FEDERAL CREDIT UNION,E8CC698A4A61E,NAVY FEDERAL CREDIT UNION,credit_union,5493003GQDUH26DNNH17,,,,5493003GQDUH26DNNH17,2025,https://files.ffiec.cfpb.gov/static-data/snapshot/2025/2025_public_ts_csv.zip,,,manual,Codex (individual identity/evidence review; not independent human review),2026-09-26,data/staging/stg_complaints.parquet
ccdb,"Dovenmuehle Mortgage, Inc.","Dovenmuehle Mortgage, Inc.",E2FE689061D63,"Dovenmuehle Mortgage, Inc.",nonbank_servicer,,,,,,,No verified reporter/bank identifier; identity only,,,manual,Codex (individual identity/evidence review; not independent human review),2026-09-26,data/staging/stg_complaints.parquet
ccdb,"United Shore Financial Services, LLC","United Shore Financial Services, LLC",EE982339EE76B,"United Shore Financial Services, LLC",nonbank_originator,549300HW662MN1WU8550,3870651,,,549300HW662MN1WU8550,2018,https://files.ffiec.cfpb.gov/static-data/snapshot/2018/2018_public_panel_csv.zip,,,manual,Codex (individual identity/evidence review; not independent human review),2026-09-26,data/staging/stg_complaints.parquet
ccdb,"United Shore Financial Services, LLC","United Shore Financial Services, LLC",EE982339EE76B,"United Shore Financial Services, LLC",nonbank_originator,549300HW662MN1WU8550,3870651,,,549300HW662MN1WU8550,2019,https://files.ffiec.cfpb.gov/static-data/snapshot/2019/2019_public_panel_csv.zip,,,manual,Codex (individual identity/evidence review; not independent human review),2026-09-26,data/staging/stg_complaints.parquet
ccdb,"United Shore Financial Services, LLC","United Shore Financial Services, LLC",EE982339EE76B,"United Shore Financial Services, LLC",nonbank_originator,549300HW662MN1WU8550,3870651,,,549300HW662MN1WU8550,2020,https://files.ffiec.cfpb.gov/static-data/snapshot/2020/2020_public_panel_csv.zip,,,manual,Codex (individual identity/evidence review; not independent human review),2026-09-26,data/staging/stg_complaints.parquet
ccdb,"United Shore Financial Services, LLC","United Shore Financial Services, LLC",EE982339EE76B,"United Shore Financial Services, LLC",nonbank_originator,549300HW662MN1WU8550,3870651,,,549300HW662MN1WU8550,2021,https://files.ffiec.cfpb.gov/static-data/snapshot/2021/2021_public_panel_csv.zip,,,manual,Codex (individual identity/evidence review; not independent human review),2026-09-26,data/staging/stg_complaints.parquet
ccdb,"United Shore Financial Services, LLC","United Shore Financial Services, LLC",EE982339EE76B,"United Shore Financial Services, LLC",nonbank_originator,549300HW662MN1WU8550,3870651,,,549300HW662MN1WU8550,2022,https://files.ffiec.cfpb.gov/static-data/snapshot/2022/2022_public_panel_csv.zip,,,manual,Codex (individual identity/evidence review; not independent human review),2026-09-26,data/staging/stg_complaints.parquet
ccdb,"United Shore Financial Services, LLC","United Shore Financial Services, LLC",EE982339EE76B,"United Shore Financial Services, LLC",nonbank_originator,549300HW662MN1WU8550,3870651,,,549300HW662MN1WU8550,2023,https://files.ffiec.cfpb.gov/static-data/snapshot/2023/2023_public_panel_csv.zip,,,manual,Codex (individual identity/evidence review; not independent human review),2026-09-26,data/staging/stg_complaints.parquet
ccdb,"United Shore Financial Services, LLC","United Shore Financial Services, LLC",EE982339EE76B,"United Shore Financial Services, LLC",nonbank_originator,549300HW662MN1WU8550,,,,549300HW662MN1WU8550,2024,https://files.ffiec.cfpb.gov/static-data/snapshot/2024/2024_public_ts_csv.zip,,,manual,Codex (individual identity/evidence review; not independent human review),2026-09-26,data/staging/stg_complaints.parquet
ccdb,"United Shore Financial Services, LLC","United Shore Financial Services, LLC",EE982339EE76B,"United Shore Financial Services, LLC",nonbank_originator,549300HW662MN1WU8550,,,,549300HW662MN1WU8550,2025,https://files.ffiec.cfpb.gov/static-data/snapshot/2025/2025_public_ts_csv.zip,,,manual,Codex (individual identity/evidence review; not independent human review),2026-09-26,data/staging/stg_complaints.parquet
ccdb,"AmeriHome Mortgage Company, LLC","AmeriHome Mortgage Company, LLC",E18CD77639D2E,"AmeriHome Mortgage Company, LLC",nonbank_originator,254900HA4DQWAE0W3342,3871751,,,254900HA4DQWAE0W3342,2018,https://files.ffiec.cfpb.gov/static-data/snapshot/2018/2018_public_panel_csv.zip,,,manual,Codex (individual identity/evidence review; not independent human review),2026-09-26,data/staging/stg_complaints.parquet
ccdb,"AmeriHome Mortgage Company, LLC","AmeriHome Mortgage Company, LLC",E18CD77639D2E,"AmeriHome Mortgage Company, LLC",nonbank_originator,254900HA4DQWAE0W3342,3871751,,,254900HA4DQWAE0W3342,2019,https://files.ffiec.cfpb.gov/static-data/snapshot/2019/2019_public_panel_csv.zip,,,manual,Codex (individual identity/evidence review; not independent human review),2026-09-26,data/staging/stg_complaints.parquet
ccdb,"AmeriHome Mortgage Company, LLC","AmeriHome Mortgage Company, LLC",E18CD77639D2E,"AmeriHome Mortgage Company, LLC",nonbank_originator,254900HA4DQWAE0W3342,3871751,,,254900HA4DQWAE0W3342,2020,https://files.ffiec.cfpb.gov/static-data/snapshot/2020/2020_public_panel_csv.zip,,,manual,Codex (individual identity/evidence review; not independent human review),2026-09-26,data/staging/stg_complaints.parquet
ccdb,"AmeriHome Mortgage Company, LLC","AmeriHome Mortgage Company, LLC",E18CD77639D2E,"AmeriHome Mortgage Company, LLC",nonbank_originator,254900HA4DQWAE0W3342,3871751,,,254900HA4DQWAE0W3342,2021,https://files.ffiec.cfpb.gov/static-data/snapshot/2021/2021_public_panel_csv.zip,,,manual,Codex (individual identity/evidence review; not independent human review),2026-09-26,data/staging/stg_complaints.parquet
ccdb,"AmeriHome Mortgage Company, LLC","AmeriHome Mortgage Company, LLC",E18CD77639D2E,"AmeriHome Mortgage Company, LLC",nonbank_originator,254900HA4DQWAE0W3342,3871751,,,254900HA4DQWAE0W3342,2022,https://files.ffiec.cfpb.gov/static-data/snapshot/2022/2022_public_panel_csv.zip,,,manual,Codex (individual identity/evidence review; not independent human review),2026-09-26,data/staging/stg_complaints.parquet
ccdb,"AmeriHome Mortgage Company, LLC","AmeriHome Mortgage Company, LLC",E18CD77639D2E,"AmeriHome Mortgage Company, LLC",nonbank_originator,254900HA4DQWAE0W3342,3871751,,,254900HA4DQWAE0W3342,2023,https://files.ffiec.cfpb.gov/static-data/snapshot/2023/2023_public_panel_csv.zip,,,manual,Codex (individual identity/evidence review; not independent human review),2026-09-26,data/staging/stg_complaints.parquet
ccdb,"AmeriHome Mortgage Company, LLC","AmeriHome Mortgage Company, LLC",E18CD77639D2E,"AmeriHome Mortgage Company, LLC",nonbank_originator,254900HA4DQWAE0W3342,,,,254900HA4DQWAE0W3342,2024,https://files.ffiec.cfpb.gov/static-data/snapshot/2024/2024_public_ts_csv.zip,,,manual,Codex (individual identity/evidence review; not independent human review),2026-09-26,data/staging/stg_complaints.parquet
ccdb,"AmeriHome Mortgage Company, LLC","AmeriHome Mortgage Company, LLC",E18CD77639D2E,"AmeriHome Mortgage Company, LLC",nonbank_originator,254900HA4DQWAE0W3342,,,,254900HA4DQWAE0W3342,2025,https://files.ffiec.cfpb.gov/static-data/snapshot/2025/2025_public_ts_csv.zip,,,manual,Codex (individual identity/evidence review; not independent human review),2026-09-26,data/staging/stg_complaints.parquet
ccdb,TD BANK US HOLDING COMPANY,TD BANK US HOLDING COMPANY,E2ADFA9D6F7D0,TORONTO-DOMINION BANK THE,bank,03D0JEWFDFUS0SEEKG89,497404,1238565,18409,03D0JEWFDFUS0SEEKG89,2018,https://files.ffiec.cfpb.gov/static-data/snapshot/2018/2018_public_panel_csv.zip,,,manual,Codex (individual identity/evidence review; not independent human review),2026-09-26,https://api.fdic.gov/banks/institutions
ccdb,TD BANK US HOLDING COMPANY,TD BANK US HOLDING COMPANY,E2ADFA9D6F7D0,TORONTO-DOMINION BANK THE,bank,03D0JEWFDFUS0SEEKG89,497404,1238565,18409,03D0JEWFDFUS0SEEKG89,2019,https://files.ffiec.cfpb.gov/static-data/snapshot/2019/2019_public_panel_csv.zip,,,manual,Codex (individual identity/evidence review; not independent human review),2026-09-26,https://api.fdic.gov/banks/institutions
ccdb,TD BANK US HOLDING COMPANY,TD BANK US HOLDING COMPANY,E2ADFA9D6F7D0,TORONTO-DOMINION BANK THE,bank,03D0JEWFDFUS0SEEKG89,497404,1238565,18409,03D0JEWFDFUS0SEEKG89,2020,https://files.ffiec.cfpb.gov/static-data/snapshot/2020/2020_public_panel_csv.zip,,,manual,Codex (individual identity/evidence review; not independent human review),2026-09-26,https://api.fdic.gov/banks/institutions
ccdb,TD BANK US HOLDING COMPANY,TD BANK US HOLDING COMPANY,E2ADFA9D6F7D0,TORONTO-DOMINION BANK THE,bank,03D0JEWFDFUS0SEEKG89,497404,1238565,18409,03D0JEWFDFUS0SEEKG89,2021,https://files.ffiec.cfpb.gov/static-data/snapshot/2021/2021_public_panel_csv.zip,,,manual,Codex (individual identity/evidence review; not independent human review),2026-09-26,https://api.fdic.gov/banks/institutions
ccdb,TD BANK US HOLDING COMPANY,TD BANK US HOLDING COMPANY,E2ADFA9D6F7D0,TORONTO-DOMINION BANK THE,bank,03D0JEWFDFUS0SEEKG89,497404,1238565,18409,03D0JEWFDFUS0SEEKG89,2022,https://files.ffiec.cfpb.gov/static-data/snapshot/2022/2022_public_panel_csv.zip,,,manual,Codex (individual identity/evidence review; not independent human review),2026-09-26,https://api.fdic.gov/banks/institutions
ccdb,TD BANK US HOLDING COMPANY,TD BANK US HOLDING COMPANY,E2ADFA9D6F7D0,TORONTO-DOMINION BANK THE,bank,03D0JEWFDFUS0SEEKG89,497404,1238565,18409,03D0JEWFDFUS0SEEKG89,2023,https://files.ffiec.cfpb.gov/static-data/snapshot/2023/2023_public_panel_csv.zip,,,manual,Codex (individual identity/evidence review; not independent human review),2026-09-26,https://api.fdic.gov/banks/institutions
ccdb,TD BANK US HOLDING COMPANY,TD BANK US HOLDING COMPANY,E2ADFA9D6F7D0,TORONTO-DOMINION BANK THE,bank,03D0JEWFDFUS0SEEKG89,,1238565,,03D0JEWFDFUS0SEEKG89,2024,https://files.ffiec.cfpb.gov/static-data/snapshot/2024/2024_public_ts_csv.zip,,,manual,Codex (individual identity/evidence review; not independent human review),2026-09-26,https://api.fdic.gov/banks/institutions
ccdb,TD BANK US HOLDING COMPANY,TD BANK US HOLDING COMPANY,E2ADFA9D6F7D0,TORONTO-DOMINION BANK THE,bank,03D0JEWFDFUS0SEEKG89,,1238565,,03D0JEWFDFUS0SEEKG89,2025,https://files.ffiec.cfpb.gov/static-data/snapshot/2025/2025_public_ts_csv.zip,,,manual,Codex (individual identity/evidence review; not independent human review),2026-09-26,https://api.fdic.gov/banks/institutions
ccdb,TD BANK US HOLDING COMPANY,TD BANK US HOLDING COMPANY,E2ADFA9D6F7D0,TORONTO-DOMINION BANK THE,bank,,497404,1238565,18409,,2026,https://api.fdic.gov/banks/institutions,,,manual,Codex (individual identity/evidence review; not independent human review),2026-09-26,https://api.fdic.gov/banks/institutions
ccdb,TD BANK US HOLDING COMPANY,TD BANK US HOLDING COMPANY,E2ADFA9D6F7D0,TORONTO-DOMINION BANK THE,bank,,2121196,1238565,33947,,2026,https://api.fdic.gov/banks/institutions,,,manual,Codex (individual identity/evidence review; not independent human review),2026-09-26,https://api.fdic.gov/banks/institutions
ccdb,"CIT BANK, NATIONAL ASSOCIATION","CIT BANK, NATIONAL ASSOCIATION",E811E1542D229,CIT GROUP INC,bank,FVPV0TNOIM6NUIE59530,3918898,1036967,58978,FVPV0TNOIM6NUIE59530,2018,https://files.ffiec.cfpb.gov/static-data/snapshot/2018/2018_public_panel_csv.zip,,,manual,Codex (individual identity/evidence review; not independent human review),2026-09-26,https://api.fdic.gov/banks/institutions
ccdb,"CIT BANK, NATIONAL ASSOCIATION","CIT BANK, NATIONAL ASSOCIATION",E811E1542D229,CIT GROUP INC,bank,FVPV0TNOIM6NUIE59530,3918898,1036967,58978,FVPV0TNOIM6NUIE59530,2019,https://files.ffiec.cfpb.gov/static-data/snapshot/2019/2019_public_panel_csv.zip,,,manual,Codex (individual identity/evidence review; not independent human review),2026-09-26,https://api.fdic.gov/banks/institutions
ccdb,"CIT BANK, NATIONAL ASSOCIATION","CIT BANK, NATIONAL ASSOCIATION",E811E1542D229,CIT GROUP INC,bank,FVPV0TNOIM6NUIE59530,3918898,1036967,58978,FVPV0TNOIM6NUIE59530,2020,https://files.ffiec.cfpb.gov/static-data/snapshot/2020/2020_public_panel_csv.zip,,,manual,Codex (individual identity/evidence review; not independent human review),2026-09-26,https://api.fdic.gov/banks/institutions
ccdb,"CIT BANK, NATIONAL ASSOCIATION","CIT BANK, NATIONAL ASSOCIATION",E811E1542D229,CIT GROUP INC,bank,FVPV0TNOIM6NUIE59530,3918898,1036967,58978,FVPV0TNOIM6NUIE59530,2021,https://files.ffiec.cfpb.gov/static-data/snapshot/2021/2021_public_panel_csv.zip,,,manual,Codex (individual identity/evidence review; not independent human review),2026-09-26,https://api.fdic.gov/banks/institutions
ccdb,"CIT BANK, NATIONAL ASSOCIATION","CIT BANK, NATIONAL ASSOCIATION",E811E1542D229,CIT GROUP INC,bank,,3918898,1036967,58978,,2026,https://api.fdic.gov/banks/institutions,,,manual,Codex (individual identity/evidence review; not independent human review),2026-09-26,https://api.fdic.gov/banks/institutions
ccdb,"PLANET HOME LENDING, LLC","PLANET HOME LENDING, LLC",E2C144F51D5CE,"PLANET HOME LENDING, LLC",nonbank_originator,54930021WPEXNHYZUL09,4889892,,,54930021WPEXNHYZUL09,2018,https://files.ffiec.cfpb.gov/static-data/snapshot/2018/2018_public_panel_csv.zip,,,manual,Codex (individual identity/evidence review; not independent human review),2026-09-26,data/staging/stg_complaints.parquet
ccdb,"PLANET HOME LENDING, LLC","PLANET HOME LENDING, LLC",E2C144F51D5CE,"PLANET HOME LENDING, LLC",nonbank_originator,54930021WPEXNHYZUL09,4889892,,,54930021WPEXNHYZUL09,2019,https://files.ffiec.cfpb.gov/static-data/snapshot/2019/2019_public_panel_csv.zip,,,manual,Codex (individual identity/evidence review; not independent human review),2026-09-26,data/staging/stg_complaints.parquet
ccdb,"PLANET HOME LENDING, LLC","PLANET HOME LENDING, LLC",E2C144F51D5CE,"PLANET HOME LENDING, LLC",nonbank_originator,54930021WPEXNHYZUL09,4889892,,,54930021WPEXNHYZUL09,2020,https://files.ffiec.cfpb.gov/static-data/snapshot/2020/2020_public_panel_csv.zip,,,manual,Codex (individual identity/evidence review; not independent human review),2026-09-26,data/staging/stg_complaints.parquet
ccdb,"PLANET HOME LENDING, LLC","PLANET HOME LENDING, LLC",E2C144F51D5CE,"PLANET HOME LENDING, LLC",nonbank_originator,54930021WPEXNHYZUL09,4889892,,,54930021WPEXNHYZUL09,2021,https://files.ffiec.cfpb.gov/static-data/snapshot/2021/2021_public_panel_csv.zip,,,manual,Codex (individual identity/evidence review; not independent human review),2026-09-26,data/staging/stg_complaints.parquet
ccdb,"PLANET HOME LENDING, LLC","PLANET HOME LENDING, LLC",E2C144F51D5CE,"PLANET HOME LENDING, LLC",nonbank_originator,54930021WPEXNHYZUL09,4889892,,,54930021WPEXNHYZUL09,2022,https://files.ffiec.cfpb.gov/static-data/snapshot/2022/2022_public_panel_csv.zip,,,manual,Codex (individual identity/evidence review; not independent human review),2026-09-26,data/staging/stg_complaints.parquet
ccdb,"PLANET HOME LENDING, LLC","PLANET HOME LENDING, LLC",E2C144F51D5CE,"PLANET HOME LENDING, LLC",nonbank_originator,54930021WPEXNHYZUL09,4889892,,,54930021WPEXNHYZUL09,2023,https://files.ffiec.cfpb.gov/static-data/snapshot/2023/2023_public_panel_csv.zip,,,manual,Codex (individual identity/evidence review; not independent human review),2026-09-26,data/staging/stg_complaints.parquet
ccdb,"PLANET HOME LENDING, LLC","PLANET HOME LENDING, LLC",E2C144F51D5CE,"PLANET HOME LENDING, LLC",nonbank_originator,54930021WPEXNHYZUL09,,,,54930021WPEXNHYZUL09,2024,https://files.ffiec.cfpb.gov/static-data/snapshot/2024/2024_public_ts_csv.zip,,,manual,Codex (individual identity/evidence review; not independent human review),2026-09-26,data/staging/stg_complaints.parquet
ccdb,"PLANET HOME LENDING, LLC","PLANET HOME LENDING, LLC",E2C144F51D5CE,"PLANET HOME LENDING, LLC",nonbank_originator,54930021WPEXNHYZUL09,,,,54930021WPEXNHYZUL09,2025,https://files.ffiec.cfpb.gov/static-data/snapshot/2025/2025_public_ts_csv.zip,,,manual,Codex (individual identity/evidence review; not independent human review),2026-09-26,data/staging/stg_complaints.parquet
ccdb,AMERISAVE MORTGAGE CORPORATION,AMERISAVE MORTGAGE CORPORATION,E72FB15867991,AMERISAVE MORTGAGE CORPORATION,nonbank_originator,549300YIQ7S7Z8PIHE53,3914377,,,549300YIQ7S7Z8PIHE53,2018,https://files.ffiec.cfpb.gov/static-data/snapshot/2018/2018_public_panel_csv.zip,,,manual,Codex (individual identity/evidence review; not independent human review),2026-09-26,data/staging/stg_complaints.parquet
ccdb,AMERISAVE MORTGAGE CORPORATION,AMERISAVE MORTGAGE CORPORATION,E72FB15867991,AMERISAVE MORTGAGE CORPORATION,nonbank_originator,549300YIQ7S7Z8PIHE53,3914377,,,549300YIQ7S7Z8PIHE53,2019,https://files.ffiec.cfpb.gov/static-data/snapshot/2019/2019_public_panel_csv.zip,,,manual,Codex (individual identity/evidence review; not independent human review),2026-09-26,data/staging/stg_complaints.parquet
ccdb,AMERISAVE MORTGAGE CORPORATION,AMERISAVE MORTGAGE CORPORATION,E72FB15867991,AMERISAVE MORTGAGE CORPORATION,nonbank_originator,549300YIQ7S7Z8PIHE53,3914377,,,549300YIQ7S7Z8PIHE53,2020,https://files.ffiec.cfpb.gov/static-data/snapshot/2020/2020_public_panel_csv.zip,,,manual,Codex (individual identity/evidence review; not independent human review),2026-09-26,data/staging/stg_complaints.parquet
ccdb,AMERISAVE MORTGAGE CORPORATION,AMERISAVE MORTGAGE CORPORATION,E72FB15867991,AMERISAVE MORTGAGE CORPORATION,nonbank_originator,549300YIQ7S7Z8PIHE53,3914377,,,549300YIQ7S7Z8PIHE53,2021,https://files.ffiec.cfpb.gov/static-data/snapshot/2021/2021_public_panel_csv.zip,,,manual,Codex (individual identity/evidence review; not independent human review),2026-09-26,data/staging/stg_complaints.parquet
ccdb,AMERISAVE MORTGAGE CORPORATION,AMERISAVE MORTGAGE CORPORATION,E72FB15867991,AMERISAVE MORTGAGE CORPORATION,nonbank_originator,549300YIQ7S7Z8PIHE53,3914377,,,549300YIQ7S7Z8PIHE53,2022,https://files.ffiec.cfpb.gov/static-data/snapshot/2022/2022_public_panel_csv.zip,,,manual,Codex (individual identity/evidence review; not independent human review),2026-09-26,data/staging/stg_complaints.parquet
ccdb,AMERISAVE MORTGAGE CORPORATION,AMERISAVE MORTGAGE CORPORATION,E72FB15867991,AMERISAVE MORTGAGE CORPORATION,nonbank_originator,549300YIQ7S7Z8PIHE53,3914377,,,549300YIQ7S7Z8PIHE53,2023,https://files.ffiec.cfpb.gov/static-data/snapshot/2023/2023_public_panel_csv.zip,,,manual,Codex (individual identity/evidence review; not independent human review),2026-09-26,data/staging/stg_complaints.parquet
ccdb,AMERISAVE MORTGAGE CORPORATION,AMERISAVE MORTGAGE CORPORATION,E72FB15867991,AMERISAVE MORTGAGE CORPORATION,nonbank_originator,549300YIQ7S7Z8PIHE53,,,,549300YIQ7S7Z8PIHE53,2024,https://files.ffiec.cfpb.gov/static-data/snapshot/2024/2024_public_ts_csv.zip,,,manual,Codex (individual identity/evidence review; not independent human review),2026-09-26,data/staging/stg_complaints.parquet
ccdb,AMERISAVE MORTGAGE CORPORATION,AMERISAVE MORTGAGE CORPORATION,E72FB15867991,AMERISAVE MORTGAGE CORPORATION,nonbank_originator,549300YIQ7S7Z8PIHE53,,,,549300YIQ7S7Z8PIHE53,2025,https://files.ffiec.cfpb.gov/static-data/snapshot/2025/2025_public_ts_csv.zip,,,manual,Codex (individual identity/evidence review; not independent human review),2026-09-26,data/staging/stg_complaints.parquet
ccdb,CrossCountry Mortgage LLC,CrossCountry Mortgage LLC,EA530F9DF6522,CrossCountry Mortgage LLC,nonbank_originator,549300VZVN841I2ILS84,4183602,,,549300VZVN841I2ILS84,2018,https://files.ffiec.cfpb.gov/static-data/snapshot/2018/2018_public_panel_csv.zip,,,manual,Codex (individual identity/evidence review; not independent human review),2026-09-26,data/staging/stg_complaints.parquet
ccdb,CrossCountry Mortgage LLC,CrossCountry Mortgage LLC,EA530F9DF6522,CrossCountry Mortgage LLC,nonbank_originator,549300VZVN841I2ILS84,4183602,,,549300VZVN841I2ILS84,2019,https://files.ffiec.cfpb.gov/static-data/snapshot/2019/2019_public_panel_csv.zip,,,manual,Codex (individual identity/evidence review; not independent human review),2026-09-26,data/staging/stg_complaints.parquet
ccdb,CrossCountry Mortgage LLC,CrossCountry Mortgage LLC,EA530F9DF6522,CrossCountry Mortgage LLC,nonbank_originator,549300VZVN841I2ILS84,4183602,,,549300VZVN841I2ILS84,2020,https://files.ffiec.cfpb.gov/static-data/snapshot/2020/2020_public_panel_csv.zip,,,manual,Codex (individual identity/evidence review; not independent human review),2026-09-26,data/staging/stg_complaints.parquet
ccdb,CrossCountry Mortgage LLC,CrossCountry Mortgage LLC,EA530F9DF6522,CrossCountry Mortgage LLC,nonbank_originator,549300VZVN841I2ILS84,4183602,,,549300VZVN841I2ILS84,2021,https://files.ffiec.cfpb.gov/static-data/snapshot/2021/2021_public_panel_csv.zip,,,manual,Codex (individual identity/evidence review; not independent human review),2026-09-26,data/staging/stg_complaints.parquet
ccdb,CrossCountry Mortgage LLC,CrossCountry Mortgage LLC,EA530F9DF6522,CrossCountry Mortgage LLC,nonbank_originator,549300VZVN841I2ILS84,4183602,,,549300VZVN841I2ILS84,2022,https://files.ffiec.cfpb.gov/static-data/snapshot/2022/2022_public_panel_csv.zip,,,manual,Codex (individual identity/evidence review; not independent human review),2026-09-26,data/staging/stg_complaints.parquet
ccdb,CrossCountry Mortgage LLC,CrossCountry Mortgage LLC,EA530F9DF6522,CrossCountry Mortgage LLC,nonbank_originator,549300VZVN841I2ILS84,4183602,,,549300VZVN841I2ILS84,2023,https://files.ffiec.cfpb.gov/static-data/snapshot/2023/2023_public_panel_csv.zip,,,manual,Codex (individual identity/evidence review; not independent human review),2026-09-26,data/staging/stg_complaints.parquet
ccdb,CrossCountry Mortgage LLC,CrossCountry Mortgage LLC,EA530F9DF6522,CrossCountry Mortgage LLC,nonbank_originator,549300VZVN841I2ILS84,,,,549300VZVN841I2ILS84,2024,https://files.ffiec.cfpb.gov/static-data/snapshot/2024/2024_public_ts_csv.zip,,,manual,Codex (individual identity/evidence review; not independent human review),2026-09-26,data/staging/stg_complaints.parquet
ccdb,CrossCountry Mortgage LLC,CrossCountry Mortgage LLC,EA530F9DF6522,CrossCountry Mortgage LLC,nonbank_originator,549300VZVN841I2ILS84,,,,549300VZVN841I2ILS84,2025,https://files.ffiec.cfpb.gov/static-data/snapshot/2025/2025_public_ts_csv.zip,,,manual,Codex (individual identity/evidence review; not independent human review),2026-09-26,data/staging/stg_complaints.parquet
ccdb,MIDFIRST BANK,MIDFIRST BANK,EDC335F416F27,MidFirst Bank / Records family,bank,337KMNHEWWWR6B7Q7W10,595270,5555701,4063,337KMNHEWWWR6B7Q7W10,2018,https://files.ffiec.cfpb.gov/static-data/snapshot/2018/2018_public_panel_csv.zip,,,manual,Codex (individual identity/evidence review; not independent human review),2026-09-26,https://api.fdic.gov/banks/institutions
ccdb,MIDFIRST BANK,MIDFIRST BANK,EDC335F416F27,MidFirst Bank / Records family,bank,337KMNHEWWWR6B7Q7W10,595270,5555701,4063,337KMNHEWWWR6B7Q7W10,2019,https://files.ffiec.cfpb.gov/static-data/snapshot/2019/2019_public_panel_csv.zip,,,manual,Codex (individual identity/evidence review; not independent human review),2026-09-26,https://api.fdic.gov/banks/institutions
ccdb,MIDFIRST BANK,MIDFIRST BANK,EDC335F416F27,MidFirst Bank / Records family,bank,337KMNHEWWWR6B7Q7W10,595270,5555701,4063,337KMNHEWWWR6B7Q7W10,2020,https://files.ffiec.cfpb.gov/static-data/snapshot/2020/2020_public_panel_csv.zip,,,manual,Codex (individual identity/evidence review; not independent human review),2026-09-26,https://api.fdic.gov/banks/institutions
ccdb,MIDFIRST BANK,MIDFIRST BANK,EDC335F416F27,MidFirst Bank / Records family,bank,337KMNHEWWWR6B7Q7W10,595270,5555701,4063,337KMNHEWWWR6B7Q7W10,2021,https://files.ffiec.cfpb.gov/static-data/snapshot/2021/2021_public_panel_csv.zip,,,manual,Codex (individual identity/evidence review; not independent human review),2026-09-26,https://api.fdic.gov/banks/institutions
ccdb,MIDFIRST BANK,MIDFIRST BANK,EDC335F416F27,MidFirst Bank / Records family,bank,337KMNHEWWWR6B7Q7W10,595270,5555701,4063,337KMNHEWWWR6B7Q7W10,2022,https://files.ffiec.cfpb.gov/static-data/snapshot/2022/2022_public_panel_csv.zip,,,manual,Codex (individual identity/evidence review; not independent human review),2026-09-26,https://api.fdic.gov/banks/institutions
ccdb,MIDFIRST BANK,MIDFIRST BANK,EDC335F416F27,MidFirst Bank / Records family,bank,337KMNHEWWWR6B7Q7W10,595270,5555701,4063,337KMNHEWWWR6B7Q7W10,2023,https://files.ffiec.cfpb.gov/static-data/snapshot/2023/2023_public_panel_csv.zip,,,manual,Codex (individual identity/evidence review; not independent human review),2026-09-26,https://api.fdic.gov/banks/institutions
ccdb,MIDFIRST BANK,MIDFIRST BANK,EDC335F416F27,MidFirst Bank / Records family,bank,337KMNHEWWWR6B7Q7W10,,5555701,,337KMNHEWWWR6B7Q7W10,2024,https://files.ffiec.cfpb.gov/static-data/snapshot/2024/2024_public_ts_csv.zip,,,manual,Codex (individual identity/evidence review; not independent human review),2026-09-26,https://api.fdic.gov/banks/institutions
ccdb,MIDFIRST BANK,MIDFIRST BANK,EDC335F416F27,MidFirst Bank / Records family,bank,337KMNHEWWWR6B7Q7W10,,5555701,,337KMNHEWWWR6B7Q7W10,2025,https://files.ffiec.cfpb.gov/static-data/snapshot/2025/2025_public_ts_csv.zip,,,manual,Codex (individual identity/evidence review; not independent human review),2026-09-26,https://api.fdic.gov/banks/institutions
ccdb,MIDFIRST BANK,MIDFIRST BANK,EDC335F416F27,MidFirst Bank / Records family,bank,,595270,5555701,4063,,2026,https://api.fdic.gov/banks/institutions,,,manual,Codex (individual identity/evidence review; not independent human review),2026-09-26,https://api.fdic.gov/banks/institutions
ccdb,"BSI Financial Holdings, Inc.","BSI Financial Holdings, Inc.",ED9E334BCFE15,"BSI Financial Holdings, Inc.",nonbank_servicer,,,,,,,No verified reporter/bank identifier; identity only,,,manual,Codex (individual identity/evidence review; not independent human review),2026-09-26,data/staging/stg_complaints.parquet
ccdb,BB&T CORPORATION,BB&T CORPORATION,ED7AC947B93AB,TRUIST FINANCIAL CORP,bank,JJKC32MCHWDI71265Z06,852320,1074156,9846,JJKC32MCHWDI71265Z06,2018,https://files.ffiec.cfpb.gov/static-data/snapshot/2018/2018_public_panel_csv.zip,,,manual,Codex (individual identity/evidence review; not independent human review),2026-09-26,https://api.fdic.gov/banks/institutions
ccdb,BB&T CORPORATION,BB&T CORPORATION,ED7AC947B93AB,TRUIST FINANCIAL CORP,bank,JJKC32MCHWDI71265Z06,852320,1074156,9846,JJKC32MCHWDI71265Z06,2019,https://files.ffiec.cfpb.gov/static-data/snapshot/2019/2019_public_panel_csv.zip,,,manual,Codex (individual identity/evidence review; not independent human review),2026-09-26,https://api.fdic.gov/banks/institutions
ccdb,BB&T CORPORATION,BB&T CORPORATION,ED7AC947B93AB,TRUIST FINANCIAL CORP,bank,JJKC32MCHWDI71265Z06,852320,1074156,9846,JJKC32MCHWDI71265Z06,2020,https://files.ffiec.cfpb.gov/static-data/snapshot/2020/2020_public_panel_csv.zip,,,manual,Codex (individual identity/evidence review; not independent human review),2026-09-26,https://api.fdic.gov/banks/institutions
ccdb,BB&T CORPORATION,BB&T CORPORATION,ED7AC947B93AB,TRUIST FINANCIAL CORP,bank,JJKC32MCHWDI71265Z06,852320,1074156,9846,JJKC32MCHWDI71265Z06,2021,https://files.ffiec.cfpb.gov/static-data/snapshot/2021/2021_public_panel_csv.zip,,,manual,Codex (individual identity/evidence review; not independent human review),2026-09-26,https://api.fdic.gov/banks/institutions
ccdb,BB&T CORPORATION,BB&T CORPORATION,ED7AC947B93AB,TRUIST FINANCIAL CORP,bank,JJKC32MCHWDI71265Z06,852320,1074156,9846,JJKC32MCHWDI71265Z06,2022,https://files.ffiec.cfpb.gov/static-data/snapshot/2022/2022_public_panel_csv.zip,,,manual,Codex (individual identity/evidence review; not independent human review),2026-09-26,https://api.fdic.gov/banks/institutions
ccdb,BB&T CORPORATION,BB&T CORPORATION,ED7AC947B93AB,TRUIST FINANCIAL CORP,bank,JJKC32MCHWDI71265Z06,852320,1074156,9846,JJKC32MCHWDI71265Z06,2023,https://files.ffiec.cfpb.gov/static-data/snapshot/2023/2023_public_panel_csv.zip,,,manual,Codex (individual identity/evidence review; not independent human review),2026-09-26,https://api.fdic.gov/banks/institutions
ccdb,BB&T CORPORATION,BB&T CORPORATION,ED7AC947B93AB,TRUIST FINANCIAL CORP,bank,JJKC32MCHWDI71265Z06,,1074156,,JJKC32MCHWDI71265Z06,2024,https://files.ffiec.cfpb.gov/static-data/snapshot/2024/2024_public_ts_csv.zip,,,manual,Codex (individual identity/evidence review; not independent human review),2026-09-26,https://api.fdic.gov/banks/institutions
ccdb,BB&T CORPORATION,BB&T CORPORATION,ED7AC947B93AB,TRUIST FINANCIAL CORP,bank,JJKC32MCHWDI71265Z06,,1074156,,JJKC32MCHWDI71265Z06,2025,https://files.ffiec.cfpb.gov/static-data/snapshot/2025/2025_public_ts_csv.zip,,,manual,Codex (individual identity/evidence review; not independent human review),2026-09-26,https://api.fdic.gov/banks/institutions
ccdb,BB&T CORPORATION,BB&T CORPORATION,ED7AC947B93AB,TRUIST FINANCIAL CORP,bank,,852320,1074156,9846,,2026,https://api.fdic.gov/banks/institutions,,,manual,Codex (individual identity/evidence review; not independent human review),2026-09-26,https://api.fdic.gov/banks/institutions
ccdb,"EVERBANK, NATIONAL ASSOCIATION","EVERBANK, NATIONAL ASSOCIATION",E1E10FA19D799,EVERBANK FINANCIAL CORP,bank,5Z1UQ1CWY0DQ3KJWDQ07,2735146,3838857,34775,5Z1UQ1CWY0DQ3KJWDQ07,2018,https://files.ffiec.cfpb.gov/static-data/snapshot/2018/2018_public_panel_csv.zip,,,manual,Codex (individual identity/evidence review; not independent human review),2026-09-26,https://api.fdic.gov/banks/institutions
ccdb,"EVERBANK, NATIONAL ASSOCIATION","EVERBANK, NATIONAL ASSOCIATION",E1E10FA19D799,EVERBANK FINANCIAL CORP,bank,5Z1UQ1CWY0DQ3KJWDQ07,2735146,3838857,34775,5Z1UQ1CWY0DQ3KJWDQ07,2019,https://files.ffiec.cfpb.gov/static-data/snapshot/2019/2019_public_panel_csv.zip,,,manual,Codex (individual identity/evidence review; not independent human review),2026-09-26,https://api.fdic.gov/banks/institutions
ccdb,"EVERBANK, NATIONAL ASSOCIATION","EVERBANK, NATIONAL ASSOCIATION",E1E10FA19D799,EVERBANK FINANCIAL CORP,bank,5Z1UQ1CWY0DQ3KJWDQ07,2735146,3838857,34775,5Z1UQ1CWY0DQ3KJWDQ07,2020,https://files.ffiec.cfpb.gov/static-data/snapshot/2020/2020_public_panel_csv.zip,,,manual,Codex (individual identity/evidence review; not independent human review),2026-09-26,https://api.fdic.gov/banks/institutions
ccdb,"EVERBANK, NATIONAL ASSOCIATION","EVERBANK, NATIONAL ASSOCIATION",E1E10FA19D799,EVERBANK FINANCIAL CORP,bank,5Z1UQ1CWY0DQ3KJWDQ07,2735146,3838857,34775,5Z1UQ1CWY0DQ3KJWDQ07,2021,https://files.ffiec.cfpb.gov/static-data/snapshot/2021/2021_public_panel_csv.zip,,,manual,Codex (individual identity/evidence review; not independent human review),2026-09-26,https://api.fdic.gov/banks/institutions
ccdb,"EVERBANK, NATIONAL ASSOCIATION","EVERBANK, NATIONAL ASSOCIATION",E1E10FA19D799,EVERBANK FINANCIAL CORP,bank,5Z1UQ1CWY0DQ3KJWDQ07,2735146,3838857,34775,5Z1UQ1CWY0DQ3KJWDQ07,2022,https://files.ffiec.cfpb.gov/static-data/snapshot/2022/2022_public_panel_csv.zip,,,manual,Codex (individual identity/evidence review; not independent human review),2026-09-26,https://api.fdic.gov/banks/institutions
ccdb,"EVERBANK, NATIONAL ASSOCIATION","EVERBANK, NATIONAL ASSOCIATION",E1E10FA19D799,EVERBANK FINANCIAL CORP,bank,5Z1UQ1CWY0DQ3KJWDQ07,,3838857,,5Z1UQ1CWY0DQ3KJWDQ07,2025,https://files.ffiec.cfpb.gov/static-data/snapshot/2025/2025_public_ts_csv.zip,,,manual,Codex (individual identity/evidence review; not independent human review),2026-09-26,https://api.fdic.gov/banks/institutions
ccdb,"EVERBANK, NATIONAL ASSOCIATION","EVERBANK, NATIONAL ASSOCIATION",E1E10FA19D799,EVERBANK FINANCIAL CORP,bank,,2735146,3838857,34775,,2026,https://api.fdic.gov/banks/institutions,,,manual,Codex (individual identity/evidence review; not independent human review),2026-09-26,https://api.fdic.gov/banks/institutions
ccdb,CAPITAL ONE FINANCIAL CORPORATION,CAPITAL ONE FINANCIAL CORPORATION,EBA75D3B76656,CAPITAL ONE FINANCIAL CORP,bank,207ALC1P1YM0OVDV0K75,112837,2277860,4297,207ALC1P1YM0OVDV0K75,2018,https://files.ffiec.cfpb.gov/static-data/snapshot/2018/2018_public_panel_csv.zip,,,manual,Codex (individual identity/evidence review; not independent human review),2026-09-26,https://api.fdic.gov/banks/institutions
ccdb,CAPITAL ONE FINANCIAL CORPORATION,CAPITAL ONE FINANCIAL CORPORATION,EBA75D3B76656,CAPITAL ONE FINANCIAL CORP,bank,207ALC1P1YM0OVDV0K75,112837,2277860,4297,207ALC1P1YM0OVDV0K75,2019,https://files.ffiec.cfpb.gov/static-data/snapshot/2019/2019_public_panel_csv.zip,,,manual,Codex (individual identity/evidence review; not independent human review),2026-09-26,https://api.fdic.gov/banks/institutions
ccdb,CAPITAL ONE FINANCIAL CORPORATION,CAPITAL ONE FINANCIAL CORPORATION,EBA75D3B76656,CAPITAL ONE FINANCIAL CORP,bank,207ALC1P1YM0OVDV0K75,112837,2277860,4297,207ALC1P1YM0OVDV0K75,2020,https://files.ffiec.cfpb.gov/static-data/snapshot/2020/2020_public_panel_csv.zip,,,manual,Codex (individual identity/evidence review; not independent human review),2026-09-26,https://api.fdic.gov/banks/institutions
ccdb,CAPITAL ONE FINANCIAL CORPORATION,CAPITAL ONE FINANCIAL CORPORATION,EBA75D3B76656,CAPITAL ONE FINANCIAL CORP,bank,207ALC1P1YM0OVDV0K75,112837,2277860,4297,207ALC1P1YM0OVDV0K75,2021,https://files.ffiec.cfpb.gov/static-data/snapshot/2021/2021_public_panel_csv.zip,,,manual,Codex (individual identity/evidence review; not independent human review),2026-09-26,https://api.fdic.gov/banks/institutions
ccdb,CAPITAL ONE FINANCIAL CORPORATION,CAPITAL ONE FINANCIAL CORPORATION,EBA75D3B76656,CAPITAL ONE FINANCIAL CORP,bank,207ALC1P1YM0OVDV0K75,112837,2277860,4297,207ALC1P1YM0OVDV0K75,2022,https://files.ffiec.cfpb.gov/static-data/snapshot/2022/2022_public_panel_csv.zip,,,manual,Codex (individual identity/evidence review; not independent human review),2026-09-26,https://api.fdic.gov/banks/institutions
ccdb,CAPITAL ONE FINANCIAL CORPORATION,CAPITAL ONE FINANCIAL CORPORATION,EBA75D3B76656,CAPITAL ONE FINANCIAL CORP,bank,,112837,2277860,4297,,2026,https://api.fdic.gov/banks/institutions,,,manual,Codex (individual identity/evidence review; not independent human review),2026-09-26,https://api.fdic.gov/banks/institutions
ccdb,REGIONS FINANCIAL CORPORATION,REGIONS FINANCIAL CORPORATION,EC4B8C9B8E722,REGIONS FINANCIAL CORP,bank,EQTWLK1G7ODGC2MGLV11,233031,3242838,12368,EQTWLK1G7ODGC2MGLV11,2018,https://files.ffiec.cfpb.gov/static-data/snapshot/2018/2018_public_panel_csv.zip,,,manual,Codex (individual identity/evidence review; not independent human review),2026-09-26,https://api.fdic.gov/banks/institutions
ccdb,REGIONS FINANCIAL CORPORATION,REGIONS FINANCIAL CORPORATION,EC4B8C9B8E722,REGIONS FINANCIAL CORP,bank,EQTWLK1G7ODGC2MGLV11,233031,3242838,12368,EQTWLK1G7ODGC2MGLV11,2019,https://files.ffiec.cfpb.gov/static-data/snapshot/2019/2019_public_panel_csv.zip,,,manual,Codex (individual identity/evidence review; not independent human review),2026-09-26,https://api.fdic.gov/banks/institutions
ccdb,REGIONS FINANCIAL CORPORATION,REGIONS FINANCIAL CORPORATION,EC4B8C9B8E722,REGIONS FINANCIAL CORP,bank,EQTWLK1G7ODGC2MGLV11,233031,3242838,12368,EQTWLK1G7ODGC2MGLV11,2020,https://files.ffiec.cfpb.gov/static-data/snapshot/2020/2020_public_panel_csv.zip,,,manual,Codex (individual identity/evidence review; not independent human review),2026-09-26,https://api.fdic.gov/banks/institutions
ccdb,REGIONS FINANCIAL CORPORATION,REGIONS FINANCIAL CORPORATION,EC4B8C9B8E722,REGIONS FINANCIAL CORP,bank,EQTWLK1G7ODGC2MGLV11,233031,3242838,12368,EQTWLK1G7ODGC2MGLV11,2021,https://files.ffiec.cfpb.gov/static-data/snapshot/2021/2021_public_panel_csv.zip,,,manual,Codex (individual identity/evidence review; not independent human review),2026-09-26,https://api.fdic.gov/banks/institutions
ccdb,REGIONS FINANCIAL CORPORATION,REGIONS FINANCIAL CORPORATION,EC4B8C9B8E722,REGIONS FINANCIAL CORP,bank,EQTWLK1G7ODGC2MGLV11,233031,3242838,12368,EQTWLK1G7ODGC2MGLV11,2022,https://files.ffiec.cfpb.gov/static-data/snapshot/2022/2022_public_panel_csv.zip,,,manual,Codex (individual identity/evidence review; not independent human review),2026-09-26,https://api.fdic.gov/banks/institutions
ccdb,REGIONS FINANCIAL CORPORATION,REGIONS FINANCIAL CORPORATION,EC4B8C9B8E722,REGIONS FINANCIAL CORP,bank,EQTWLK1G7ODGC2MGLV11,233031,3242838,12368,EQTWLK1G7ODGC2MGLV11,2023,https://files.ffiec.cfpb.gov/static-data/snapshot/2023/2023_public_panel_csv.zip,,,manual,Codex (individual identity/evidence review; not independent human review),2026-09-26,https://api.fdic.gov/banks/institutions
ccdb,REGIONS FINANCIAL CORPORATION,REGIONS FINANCIAL CORPORATION,EC4B8C9B8E722,REGIONS FINANCIAL CORP,bank,EQTWLK1G7ODGC2MGLV11,,3242838,,EQTWLK1G7ODGC2MGLV11,2024,https://files.ffiec.cfpb.gov/static-data/snapshot/2024/2024_public_ts_csv.zip,,,manual,Codex (individual identity/evidence review; not independent human review),2026-09-26,https://api.fdic.gov/banks/institutions
ccdb,REGIONS FINANCIAL CORPORATION,REGIONS FINANCIAL CORPORATION,EC4B8C9B8E722,REGIONS FINANCIAL CORP,bank,EQTWLK1G7ODGC2MGLV11,,3242838,,EQTWLK1G7ODGC2MGLV11,2025,https://files.ffiec.cfpb.gov/static-data/snapshot/2025/2025_public_ts_csv.zip,,,manual,Codex (individual identity/evidence review; not independent human review),2026-09-26,https://api.fdic.gov/banks/institutions
ccdb,REGIONS FINANCIAL CORPORATION,REGIONS FINANCIAL CORPORATION,EC4B8C9B8E722,REGIONS FINANCIAL CORP,bank,,233031,3242838,12368,,2026,https://api.fdic.gov/banks/institutions,,,manual,Codex (individual identity/evidence review; not independent human review),2026-09-26,https://api.fdic.gov/banks/institutions
ccdb,"HUNTINGTON NATIONAL BANK, THE","HUNTINGTON NATIONAL BANK, THE",EDFEA33F217F1,HUNTINGTON BANCSHARES INC,bank,2WHM8VNJH63UN14OL754,12311,1068191,6560,2WHM8VNJH63UN14OL754,2018,https://files.ffiec.cfpb.gov/static-data/snapshot/2018/2018_public_panel_csv.zip,,,manual,Codex (individual identity/evidence review; not independent human review),2026-09-26,https://api.fdic.gov/banks/institutions
ccdb,"HUNTINGTON NATIONAL BANK, THE","HUNTINGTON NATIONAL BANK, THE",EDFEA33F217F1,HUNTINGTON BANCSHARES INC,bank,2WHM8VNJH63UN14OL754,12311,1068191,6560,2WHM8VNJH63UN14OL754,2019,https://files.ffiec.cfpb.gov/static-data/snapshot/2019/2019_public_panel_csv.zip,,,manual,Codex (individual identity/evidence review; not independent human review),2026-09-26,https://api.fdic.gov/banks/institutions
ccdb,"HUNTINGTON NATIONAL BANK, THE","HUNTINGTON NATIONAL BANK, THE",EDFEA33F217F1,HUNTINGTON BANCSHARES INC,bank,2WHM8VNJH63UN14OL754,12311,1068191,6560,2WHM8VNJH63UN14OL754,2020,https://files.ffiec.cfpb.gov/static-data/snapshot/2020/2020_public_panel_csv.zip,,,manual,Codex (individual identity/evidence review; not independent human review),2026-09-26,https://api.fdic.gov/banks/institutions
ccdb,"HUNTINGTON NATIONAL BANK, THE","HUNTINGTON NATIONAL BANK, THE",EDFEA33F217F1,HUNTINGTON BANCSHARES INC,bank,2WHM8VNJH63UN14OL754,12311,1068191,6560,2WHM8VNJH63UN14OL754,2021,https://files.ffiec.cfpb.gov/static-data/snapshot/2021/2021_public_panel_csv.zip,,,manual,Codex (individual identity/evidence review; not independent human review),2026-09-26,https://api.fdic.gov/banks/institutions
ccdb,"HUNTINGTON NATIONAL BANK, THE","HUNTINGTON NATIONAL BANK, THE",EDFEA33F217F1,HUNTINGTON BANCSHARES INC,bank,2WHM8VNJH63UN14OL754,12311,1068191,6560,2WHM8VNJH63UN14OL754,2022,https://files.ffiec.cfpb.gov/static-data/snapshot/2022/2022_public_panel_csv.zip,,,manual,Codex (individual identity/evidence review; not independent human review),2026-09-26,https://api.fdic.gov/banks/institutions
ccdb,"HUNTINGTON NATIONAL BANK, THE","HUNTINGTON NATIONAL BANK, THE",EDFEA33F217F1,HUNTINGTON BANCSHARES INC,bank,2WHM8VNJH63UN14OL754,12311,1068191,6560,2WHM8VNJH63UN14OL754,2023,https://files.ffiec.cfpb.gov/static-data/snapshot/2023/2023_public_panel_csv.zip,,,manual,Codex (individual identity/evidence review; not independent human review),2026-09-26,https://api.fdic.gov/banks/institutions
ccdb,"HUNTINGTON NATIONAL BANK, THE","HUNTINGTON NATIONAL BANK, THE",EDFEA33F217F1,HUNTINGTON BANCSHARES INC,bank,2WHM8VNJH63UN14OL754,,1068191,,2WHM8VNJH63UN14OL754,2024,https://files.ffiec.cfpb.gov/static-data/snapshot/2024/2024_public_ts_csv.zip,,,manual,Codex (individual identity/evidence review; not independent human review),2026-09-26,https://api.fdic.gov/banks/institutions
ccdb,"HUNTINGTON NATIONAL BANK, THE","HUNTINGTON NATIONAL BANK, THE",EDFEA33F217F1,HUNTINGTON BANCSHARES INC,bank,2WHM8VNJH63UN14OL754,,1068191,,2WHM8VNJH63UN14OL754,2025,https://files.ffiec.cfpb.gov/static-data/snapshot/2025/2025_public_ts_csv.zip,,,manual,Codex (individual identity/evidence review; not independent human review),2026-09-26,https://api.fdic.gov/banks/institutions
ccdb,"HUNTINGTON NATIONAL BANK, THE","HUNTINGTON NATIONAL BANK, THE",EDFEA33F217F1,HUNTINGTON BANCSHARES INC,bank,,12311,1068191,6560,,2026,https://api.fdic.gov/banks/institutions,,,manual,Codex (individual identity/evidence review; not independent human review),2026-09-26,https://api.fdic.gov/banks/institutions
ccdb,"SANTANDER BANK, NATIONAL ASSOCIATION","SANTANDER BANK, NATIONAL ASSOCIATION",EED6B50CF122D,BANCO SANTANDER SA,bank,TR24TWEY5RVRQV65HD49,722777,1239254,29950,TR24TWEY5RVRQV65HD49,2018,https://files.ffiec.cfpb.gov/static-data/snapshot/2018/2018_public_panel_csv.zip,,,manual,Codex (individual identity/evidence review; not independent human review),2026-09-26,https://api.fdic.gov/banks/institutions
ccdb,"SANTANDER BANK, NATIONAL ASSOCIATION","SANTANDER BANK, NATIONAL ASSOCIATION",EED6B50CF122D,BANCO SANTANDER SA,bank,TR24TWEY5RVRQV65HD49,722777,1239254,29950,TR24TWEY5RVRQV65HD49,2019,https://files.ffiec.cfpb.gov/static-data/snapshot/2019/2019_public_panel_csv.zip,,,manual,Codex (individual identity/evidence review; not independent human review),2026-09-26,https://api.fdic.gov/banks/institutions
ccdb,"SANTANDER BANK, NATIONAL ASSOCIATION","SANTANDER BANK, NATIONAL ASSOCIATION",EED6B50CF122D,BANCO SANTANDER SA,bank,TR24TWEY5RVRQV65HD49,722777,1239254,29950,TR24TWEY5RVRQV65HD49,2020,https://files.ffiec.cfpb.gov/static-data/snapshot/2020/2020_public_panel_csv.zip,,,manual,Codex (individual identity/evidence review; not independent human review),2026-09-26,https://api.fdic.gov/banks/institutions
ccdb,"SANTANDER BANK, NATIONAL ASSOCIATION","SANTANDER BANK, NATIONAL ASSOCIATION",EED6B50CF122D,BANCO SANTANDER SA,bank,TR24TWEY5RVRQV65HD49,722777,1239254,29950,TR24TWEY5RVRQV65HD49,2021,https://files.ffiec.cfpb.gov/static-data/snapshot/2021/2021_public_panel_csv.zip,,,manual,Codex (individual identity/evidence review; not independent human review),2026-09-26,https://api.fdic.gov/banks/institutions
ccdb,"SANTANDER BANK, NATIONAL ASSOCIATION","SANTANDER BANK, NATIONAL ASSOCIATION",EED6B50CF122D,BANCO SANTANDER SA,bank,TR24TWEY5RVRQV65HD49,722777,1239254,29950,TR24TWEY5RVRQV65HD49,2022,https://files.ffiec.cfpb.gov/static-data/snapshot/2022/2022_public_panel_csv.zip,,,manual,Codex (individual identity/evidence review; not independent human review),2026-09-26,https://api.fdic.gov/banks/institutions
ccdb,"SANTANDER BANK, NATIONAL ASSOCIATION","SANTANDER BANK, NATIONAL ASSOCIATION",EED6B50CF122D,BANCO SANTANDER SA,bank,TR24TWEY5RVRQV65HD49,722777,1239254,29950,TR24TWEY5RVRQV65HD49,2023,https://files.ffiec.cfpb.gov/static-data/snapshot/2023/2023_public_panel_csv.zip,,,manual,Codex (individual identity/evidence review; not independent human review),2026-09-26,https://api.fdic.gov/banks/institutions
ccdb,"SANTANDER BANK, NATIONAL ASSOCIATION","SANTANDER BANK, NATIONAL ASSOCIATION",EED6B50CF122D,BANCO SANTANDER SA,bank,,722777,1239254,29950,,2026,https://api.fdic.gov/banks/institutions,,,manual,Codex (individual identity/evidence review; not independent human review),2026-09-26,https://api.fdic.gov/banks/institutions
ccdb,NEW YORK COMMUNITY BANCORP INC,NEW YORK COMMUNITY BANCORP INC,EBDAA9CD74FD1,New York Community / Flagstar Financial,bank,QODK9N71Q3XVQS2JKH91,694904,2132932,16022,QODK9N71Q3XVQS2JKH91,2018,https://files.ffiec.cfpb.gov/static-data/snapshot/2018/2018_public_panel_csv.zip,,,manual,Codex (individual identity/evidence review; not independent human review),2026-09-26,https://api.fdic.gov/banks/institutions
ccdb,NEW YORK COMMUNITY BANCORP INC,NEW YORK COMMUNITY BANCORP INC,EBDAA9CD74FD1,New York Community / Flagstar Financial,bank,QODK9N71Q3XVQS2JKH91,694904,2132932,16022,QODK9N71Q3XVQS2JKH91,2019,https://files.ffiec.cfpb.gov/static-data/snapshot/2019/2019_public_panel_csv.zip,,,manual,Codex (individual identity/evidence review; not independent human review),2026-09-26,https://api.fdic.gov/banks/institutions
ccdb,NEW YORK COMMUNITY BANCORP INC,NEW YORK COMMUNITY BANCORP INC,EBDAA9CD74FD1,New York Community / Flagstar Financial,bank,QODK9N71Q3XVQS2JKH91,694904,2132932,16022,QODK9N71Q3XVQS2JKH91,2020,https://files.ffiec.cfpb.gov/static-data/snapshot/2020/2020_public_panel_csv.zip,,,manual,Codex (individual identity/evidence review; not independent human review),2026-09-26,https://api.fdic.gov/banks/institutions
ccdb,NEW YORK COMMUNITY BANCORP INC,NEW YORK COMMUNITY BANCORP INC,EBDAA9CD74FD1,New York Community / Flagstar Financial,bank,QODK9N71Q3XVQS2JKH91,694904,2132932,16022,QODK9N71Q3XVQS2JKH91,2021,https://files.ffiec.cfpb.gov/static-data/snapshot/2021/2021_public_panel_csv.zip,,,manual,Codex (individual identity/evidence review; not independent human review),2026-09-26,https://api.fdic.gov/banks/institutions
ccdb,NEW YORK COMMUNITY BANCORP INC,NEW YORK COMMUNITY BANCORP INC,EBDAA9CD74FD1,New York Community / Flagstar Financial,bank,SS1TRMSN6BRNMOREEV51,694904,2132932,16022,SS1TRMSN6BRNMOREEV51,2022,https://files.ffiec.cfpb.gov/static-data/snapshot/2022/2022_public_panel_csv.zip,,,manual,Codex (individual identity/evidence review; not independent human review),2026-09-26,https://api.fdic.gov/banks/institutions
ccdb,NEW YORK COMMUNITY BANCORP INC,NEW YORK COMMUNITY BANCORP INC,EBDAA9CD74FD1,New York Community / Flagstar Financial,bank,SS1TRMSN6BRNMOREEV51,694904,2132932,16022,SS1TRMSN6BRNMOREEV51,2023,https://files.ffiec.cfpb.gov/static-data/snapshot/2023/2023_public_panel_csv.zip,,,manual,Codex (individual identity/evidence review; not independent human review),2026-09-26,https://api.fdic.gov/banks/institutions
ccdb,NEW YORK COMMUNITY BANCORP INC,NEW YORK COMMUNITY BANCORP INC,EBDAA9CD74FD1,New York Community / Flagstar Financial,bank,SS1TRMSN6BRNMOREEV51,,2132932,,SS1TRMSN6BRNMOREEV51,2024,https://files.ffiec.cfpb.gov/static-data/snapshot/2024/2024_public_ts_csv.zip,,,manual,Codex (individual identity/evidence review; not independent human review),2026-09-26,https://api.fdic.gov/banks/institutions
ccdb,NEW YORK COMMUNITY BANCORP INC,NEW YORK COMMUNITY BANCORP INC,EBDAA9CD74FD1,New York Community / Flagstar Financial,bank,SS1TRMSN6BRNMOREEV51,,2132932,,SS1TRMSN6BRNMOREEV51,2025,https://files.ffiec.cfpb.gov/static-data/snapshot/2025/2025_public_ts_csv.zip,,,manual,Codex (individual identity/evidence review; not independent human review),2026-09-26,https://api.fdic.gov/banks/institutions
ccdb,NEW YORK COMMUNITY BANCORP INC,NEW YORK COMMUNITY BANCORP INC,EBDAA9CD74FD1,New York Community / Flagstar Financial,bank,,694904,2132932,16022,,2026,https://api.fdic.gov/banks/institutions,,,manual,Codex (individual identity/evidence review; not independent human review),2026-09-26,https://api.fdic.gov/banks/institutions
ccdb,NEW YORK COMMUNITY BANCORP INC,NEW YORK COMMUNITY BANCORP INC,EBDAA9CD74FD1,New York Community / Flagstar Financial,bank,,694904,2132932,32541,,2026,https://api.fdic.gov/banks/institutions,,,manual,Codex (individual identity/evidence review; not independent human review),2026-09-26,https://api.fdic.gov/banks/institutions
ccdb,KEYCORP,KEYCORP,E141256315B89,KEYCORP,bank,HUX2X73FUCYHUVH1BK78,280110,1068025,17534,HUX2X73FUCYHUVH1BK78,2018,https://files.ffiec.cfpb.gov/static-data/snapshot/2018/2018_public_panel_csv.zip,,,manual,Codex (individual identity/evidence review; not independent human review),2026-09-26,https://api.fdic.gov/banks/institutions
ccdb,KEYCORP,KEYCORP,E141256315B89,KEYCORP,bank,HUX2X73FUCYHUVH1BK78,280110,1068025,17534,HUX2X73FUCYHUVH1BK78,2019,https://files.ffiec.cfpb.gov/static-data/snapshot/2019/2019_public_panel_csv.zip,,,manual,Codex (individual identity/evidence review; not independent human review),2026-09-26,https://api.fdic.gov/banks/institutions
ccdb,KEYCORP,KEYCORP,E141256315B89,KEYCORP,bank,HUX2X73FUCYHUVH1BK78,280110,1068025,17534,HUX2X73FUCYHUVH1BK78,2020,https://files.ffiec.cfpb.gov/static-data/snapshot/2020/2020_public_panel_csv.zip,,,manual,Codex (individual identity/evidence review; not independent human review),2026-09-26,https://api.fdic.gov/banks/institutions
ccdb,KEYCORP,KEYCORP,E141256315B89,KEYCORP,bank,HUX2X73FUCYHUVH1BK78,280110,1068025,17534,HUX2X73FUCYHUVH1BK78,2021,https://files.ffiec.cfpb.gov/static-data/snapshot/2021/2021_public_panel_csv.zip,,,manual,Codex (individual identity/evidence review; not independent human review),2026-09-26,https://api.fdic.gov/banks/institutions
ccdb,KEYCORP,KEYCORP,E141256315B89,KEYCORP,bank,HUX2X73FUCYHUVH1BK78,280110,1068025,17534,HUX2X73FUCYHUVH1BK78,2022,https://files.ffiec.cfpb.gov/static-data/snapshot/2022/2022_public_panel_csv.zip,,,manual,Codex (individual identity/evidence review; not independent human review),2026-09-26,https://api.fdic.gov/banks/institutions
ccdb,KEYCORP,KEYCORP,E141256315B89,KEYCORP,bank,HUX2X73FUCYHUVH1BK78,280110,1068025,17534,HUX2X73FUCYHUVH1BK78,2023,https://files.ffiec.cfpb.gov/static-data/snapshot/2023/2023_public_panel_csv.zip,,,manual,Codex (individual identity/evidence review; not independent human review),2026-09-26,https://api.fdic.gov/banks/institutions
ccdb,KEYCORP,KEYCORP,E141256315B89,KEYCORP,bank,HUX2X73FUCYHUVH1BK78,,1068025,,HUX2X73FUCYHUVH1BK78,2024,https://files.ffiec.cfpb.gov/static-data/snapshot/2024/2024_public_ts_csv.zip,,,manual,Codex (individual identity/evidence review; not independent human review),2026-09-26,https://api.fdic.gov/banks/institutions
ccdb,KEYCORP,KEYCORP,E141256315B89,KEYCORP,bank,HUX2X73FUCYHUVH1BK78,,1068025,,HUX2X73FUCYHUVH1BK78,2025,https://files.ffiec.cfpb.gov/static-data/snapshot/2025/2025_public_ts_csv.zip,,,manual,Codex (individual identity/evidence review; not independent human review),2026-09-26,https://api.fdic.gov/banks/institutions
ccdb,KEYCORP,KEYCORP,E141256315B89,KEYCORP,bank,,280110,1068025,17534,,2026,https://api.fdic.gov/banks/institutions,,,manual,Codex (individual identity/evidence review; not independent human review),2026-09-26,https://api.fdic.gov/banks/institutions
ccdb,UNITED SERVICES AUTOMOBILE ASSOCIATION,UNITED SERVICES AUTOMOBILE ASSOCIATION,EB82EE4EBB125,UNITED SERVICES AUTOMOBILE ASSN,bank,C5654JQHZUHN0772B561,619877,1447376,32188,C5654JQHZUHN0772B561,2018,https://files.ffiec.cfpb.gov/static-data/snapshot/2018/2018_public_panel_csv.zip,,,manual,Codex (individual identity/evidence review; not independent human review),2026-09-26,https://api.fdic.gov/banks/institutions
ccdb,UNITED SERVICES AUTOMOBILE ASSOCIATION,UNITED SERVICES AUTOMOBILE ASSOCIATION,EB82EE4EBB125,UNITED SERVICES AUTOMOBILE ASSN,bank,C5654JQHZUHN0772B561,619877,1447376,32188,C5654JQHZUHN0772B561,2019,https://files.ffiec.cfpb.gov/static-data/snapshot/2019/2019_public_panel_csv.zip,,,manual,Codex (individual identity/evidence review; not independent human review),2026-09-26,https://api.fdic.gov/banks/institutions
ccdb,UNITED SERVICES AUTOMOBILE ASSOCIATION,UNITED SERVICES AUTOMOBILE ASSOCIATION,EB82EE4EBB125,UNITED SERVICES AUTOMOBILE ASSN,bank,C5654JQHZUHN0772B561,619877,1447376,32188,C5654JQHZUHN0772B561,2020,https://files.ffiec.cfpb.gov/static-data/snapshot/2020/2020_public_panel_csv.zip,,,manual,Codex (individual identity/evidence review; not independent human review),2026-09-26,https://api.fdic.gov/banks/institutions
ccdb,UNITED SERVICES AUTOMOBILE ASSOCIATION,UNITED SERVICES AUTOMOBILE ASSOCIATION,EB82EE4EBB125,UNITED SERVICES AUTOMOBILE ASSN,bank,C5654JQHZUHN0772B561,619877,1447376,32188,C5654JQHZUHN0772B561,2021,https://files.ffiec.cfpb.gov/static-data/snapshot/2021/2021_public_panel_csv.zip,,,manual,Codex (individual identity/evidence review; not independent human review),2026-09-26,https://api.fdic.gov/banks/institutions
ccdb,UNITED SERVICES AUTOMOBILE ASSOCIATION,UNITED SERVICES AUTOMOBILE ASSOCIATION,EB82EE4EBB125,UNITED SERVICES AUTOMOBILE ASSN,bank,C5654JQHZUHN0772B561,619877,1447376,32188,C5654JQHZUHN0772B561,2022,https://files.ffiec.cfpb.gov/static-data/snapshot/2022/2022_public_panel_csv.zip,,,manual,Codex (individual identity/evidence review; not independent human review),2026-09-26,https://api.fdic.gov/banks/institutions
ccdb,UNITED SERVICES AUTOMOBILE ASSOCIATION,UNITED SERVICES AUTOMOBILE ASSOCIATION,EB82EE4EBB125,UNITED SERVICES AUTOMOBILE ASSN,bank,C5654JQHZUHN0772B561,619877,1447376,32188,C5654JQHZUHN0772B561,2023,https://files.ffiec.cfpb.gov/static-data/snapshot/2023/2023_public_panel_csv.zip,,,manual,Codex (individual identity/evidence review; not independent human review),2026-09-26,https://api.fdic.gov/banks/institutions
ccdb,UNITED SERVICES AUTOMOBILE ASSOCIATION,UNITED SERVICES AUTOMOBILE ASSOCIATION,EB82EE4EBB125,UNITED SERVICES AUTOMOBILE ASSN,bank,C5654JQHZUHN0772B561,,1447376,,C5654JQHZUHN0772B561,2024,https://files.ffiec.cfpb.gov/static-data/snapshot/2024/2024_public_ts_csv.zip,,,manual,Codex (individual identity/evidence review; not independent human review),2026-09-26,https://api.fdic.gov/banks/institutions
ccdb,UNITED SERVICES AUTOMOBILE ASSOCIATION,UNITED SERVICES AUTOMOBILE ASSOCIATION,EB82EE4EBB125,UNITED SERVICES AUTOMOBILE ASSN,bank,C5654JQHZUHN0772B561,,1447376,,C5654JQHZUHN0772B561,2025,https://files.ffiec.cfpb.gov/static-data/snapshot/2025/2025_public_ts_csv.zip,,,manual,Codex (individual identity/evidence review; not independent human review),2026-09-26,https://api.fdic.gov/banks/institutions
ccdb,UNITED SERVICES AUTOMOBILE ASSOCIATION,UNITED SERVICES AUTOMOBILE ASSOCIATION,EB82EE4EBB125,UNITED SERVICES AUTOMOBILE ASSN,bank,,619877,1447376,32188,,2026,https://api.fdic.gov/banks/institutions,,,manual,Codex (individual identity/evidence review; not independent human review),2026-09-26,https://api.fdic.gov/banks/institutions
ccdb,21ST MORTGAGE CORP.,21ST MORTGAGE CORP.,E9A0A8C3892C7,21ST MORTGAGE CORP.,nonbank_originator,549300XQVJ1XBNFA5536,3913576,,,549300XQVJ1XBNFA5536,2018,https://files.ffiec.cfpb.gov/static-data/snapshot/2018/2018_public_panel_csv.zip,,,manual,Codex (individual identity/evidence review; not independent human review),2026-09-26,data/staging/stg_complaints.parquet
ccdb,21ST MORTGAGE CORP.,21ST MORTGAGE CORP.,E9A0A8C3892C7,21ST MORTGAGE CORP.,nonbank_originator,549300XQVJ1XBNFA5536,3913576,,,549300XQVJ1XBNFA5536,2019,https://files.ffiec.cfpb.gov/static-data/snapshot/2019/2019_public_panel_csv.zip,,,manual,Codex (individual identity/evidence review; not independent human review),2026-09-26,data/staging/stg_complaints.parquet
ccdb,21ST MORTGAGE CORP.,21ST MORTGAGE CORP.,E9A0A8C3892C7,21ST MORTGAGE CORP.,nonbank_originator,549300XQVJ1XBNFA5536,3913576,,,549300XQVJ1XBNFA5536,2020,https://files.ffiec.cfpb.gov/static-data/snapshot/2020/2020_public_panel_csv.zip,,,manual,Codex (individual identity/evidence review; not independent human review),2026-09-26,data/staging/stg_complaints.parquet
ccdb,21ST MORTGAGE CORP.,21ST MORTGAGE CORP.,E9A0A8C3892C7,21ST MORTGAGE CORP.,nonbank_originator,549300XQVJ1XBNFA5536,3913576,,,549300XQVJ1XBNFA5536,2021,https://files.ffiec.cfpb.gov/static-data/snapshot/2021/2021_public_panel_csv.zip,,,manual,Codex (individual identity/evidence review; not independent human review),2026-09-26,data/staging/stg_complaints.parquet
ccdb,21ST MORTGAGE CORP.,21ST MORTGAGE CORP.,E9A0A8C3892C7,21ST MORTGAGE CORP.,nonbank_originator,549300XQVJ1XBNFA5536,3913576,,,549300XQVJ1XBNFA5536,2022,https://files.ffiec.cfpb.gov/static-data/snapshot/2022/2022_public_panel_csv.zip,,,manual,Codex (individual identity/evidence review; not independent human review),2026-09-26,data/staging/stg_complaints.parquet
ccdb,21ST MORTGAGE CORP.,21ST MORTGAGE CORP.,E9A0A8C3892C7,21ST MORTGAGE CORP.,nonbank_originator,549300XQVJ1XBNFA5536,3913576,,,549300XQVJ1XBNFA5536,2023,https://files.ffiec.cfpb.gov/static-data/snapshot/2023/2023_public_panel_csv.zip,,,manual,Codex (individual identity/evidence review; not independent human review),2026-09-26,data/staging/stg_complaints.parquet
ccdb,21ST MORTGAGE CORP.,21ST MORTGAGE CORP.,E9A0A8C3892C7,21ST MORTGAGE CORP.,nonbank_originator,549300XQVJ1XBNFA5536,,,,549300XQVJ1XBNFA5536,2024,https://files.ffiec.cfpb.gov/static-data/snapshot/2024/2024_public_ts_csv.zip,,,manual,Codex (individual identity/evidence review; not independent human review),2026-09-26,data/staging/stg_complaints.parquet
ccdb,21ST MORTGAGE CORP.,21ST MORTGAGE CORP.,E9A0A8C3892C7,21ST MORTGAGE CORP.,nonbank_originator,549300XQVJ1XBNFA5536,,,,549300XQVJ1XBNFA5536,2025,https://files.ffiec.cfpb.gov/static-data/snapshot/2025/2025_public_ts_csv.zip,,,manual,Codex (individual identity/evidence review; not independent human review),2026-09-26,data/staging/stg_complaints.parquet
ccdb,SN SERVICING CORPORATION,SN SERVICING CORPORATION,EABB6242BEA4E,SN SERVICING CORPORATION,nonbank_servicer,,,,,,,No verified reporter/bank identifier; identity only,,,manual,Codex (individual identity/evidence review; not independent human review),2026-09-26,data/staging/stg_complaints.parquet
ccdb,BMO BANK NATIONAL ASSOCIATION,BMO BANK NATIONAL ASSOCIATION,EA0E967627A26,BANK OF MONTREAL,bank,3Y4U8VZURTYWI1W2K376,75633,1231333,16571,3Y4U8VZURTYWI1W2K376,2018,https://files.ffiec.cfpb.gov/static-data/snapshot/2018/2018_public_panel_csv.zip,,,manual,Codex (individual identity/evidence review; not independent human review),2026-09-26,https://api.fdic.gov/banks/institutions
ccdb,BMO BANK NATIONAL ASSOCIATION,BMO BANK NATIONAL ASSOCIATION,EA0E967627A26,BANK OF MONTREAL,bank,3Y4U8VZURTYWI1W2K376,75633,1231333,16571,3Y4U8VZURTYWI1W2K376,2019,https://files.ffiec.cfpb.gov/static-data/snapshot/2019/2019_public_panel_csv.zip,,,manual,Codex (individual identity/evidence review; not independent human review),2026-09-26,https://api.fdic.gov/banks/institutions
ccdb,BMO BANK NATIONAL ASSOCIATION,BMO BANK NATIONAL ASSOCIATION,EA0E967627A26,BANK OF MONTREAL,bank,3Y4U8VZURTYWI1W2K376,75633,1231333,16571,3Y4U8VZURTYWI1W2K376,2020,https://files.ffiec.cfpb.gov/static-data/snapshot/2020/2020_public_panel_csv.zip,,,manual,Codex (individual identity/evidence review; not independent human review),2026-09-26,https://api.fdic.gov/banks/institutions
ccdb,BMO BANK NATIONAL ASSOCIATION,BMO BANK NATIONAL ASSOCIATION,EA0E967627A26,BANK OF MONTREAL,bank,3Y4U8VZURTYWI1W2K376,75633,1231333,16571,3Y4U8VZURTYWI1W2K376,2021,https://files.ffiec.cfpb.gov/static-data/snapshot/2021/2021_public_panel_csv.zip,,,manual,Codex (individual identity/evidence review; not independent human review),2026-09-26,https://api.fdic.gov/banks/institutions
ccdb,BMO BANK NATIONAL ASSOCIATION,BMO BANK NATIONAL ASSOCIATION,EA0E967627A26,BANK OF MONTREAL,bank,3Y4U8VZURTYWI1W2K376,75633,1231333,16571,3Y4U8VZURTYWI1W2K376,2022,https://files.ffiec.cfpb.gov/static-data/snapshot/2022/2022_public_panel_csv.zip,,,manual,Codex (individual identity/evidence review; not independent human review),2026-09-26,https://api.fdic.gov/banks/institutions
ccdb,BMO BANK NATIONAL ASSOCIATION,BMO BANK NATIONAL ASSOCIATION,EA0E967627A26,BANK OF MONTREAL,bank,3Y4U8VZURTYWI1W2K376,75633,1231333,16571,3Y4U8VZURTYWI1W2K376,2023,https://files.ffiec.cfpb.gov/static-data/snapshot/2023/2023_public_panel_csv.zip,,,manual,Codex (individual identity/evidence review; not independent human review),2026-09-26,https://api.fdic.gov/banks/institutions
ccdb,BMO BANK NATIONAL ASSOCIATION,BMO BANK NATIONAL ASSOCIATION,EA0E967627A26,BANK OF MONTREAL,bank,3Y4U8VZURTYWI1W2K376,,1231333,,3Y4U8VZURTYWI1W2K376,2024,https://files.ffiec.cfpb.gov/static-data/snapshot/2024/2024_public_ts_csv.zip,,,manual,Codex (individual identity/evidence review; not independent human review),2026-09-26,https://api.fdic.gov/banks/institutions
ccdb,BMO BANK NATIONAL ASSOCIATION,BMO BANK NATIONAL ASSOCIATION,EA0E967627A26,BANK OF MONTREAL,bank,3Y4U8VZURTYWI1W2K376,,1231333,,3Y4U8VZURTYWI1W2K376,2025,https://files.ffiec.cfpb.gov/static-data/snapshot/2025/2025_public_ts_csv.zip,,,manual,Codex (individual identity/evidence review; not independent human review),2026-09-26,https://api.fdic.gov/banks/institutions
ccdb,BMO BANK NATIONAL ASSOCIATION,BMO BANK NATIONAL ASSOCIATION,EA0E967627A26,BANK OF MONTREAL,bank,,75633,1231333,16571,,2026,https://api.fdic.gov/banks/institutions,,,manual,Codex (individual identity/evidence review; not independent human review),2026-09-26,https://api.fdic.gov/banks/institutions
ccdb,BMO BANK NATIONAL ASSOCIATION,BMO BANK NATIONAL ASSOCIATION,EA0E967627A26,BANK OF MONTREAL,bank,,3353154,1231333,58216,,2026,https://api.fdic.gov/banks/institutions,,,manual,Codex (individual identity/evidence review; not independent human review),2026-09-26,https://api.fdic.gov/banks/institutions
ccdb,PENTAGON FEDERAL CREDIT UNION,PENTAGON FEDERAL CREDIT UNION,EA742F32A9337,PENTAGON FEDERAL CREDIT UNION,credit_union,549300FX7K8PTEQUU487,546571,,,549300FX7K8PTEQUU487,2018,https://files.ffiec.cfpb.gov/static-data/snapshot/2018/2018_public_panel_csv.zip,,,manual,Codex (individual identity/evidence review; not independent human review),2026-09-26,data/staging/stg_complaints.parquet
ccdb,PENTAGON FEDERAL CREDIT UNION,PENTAGON FEDERAL CREDIT UNION,EA742F32A9337,PENTAGON FEDERAL CREDIT UNION,credit_union,549300FX7K8PTEQUU487,546571,,,549300FX7K8PTEQUU487,2019,https://files.ffiec.cfpb.gov/static-data/snapshot/2019/2019_public_panel_csv.zip,,,manual,Codex (individual identity/evidence review; not independent human review),2026-09-26,data/staging/stg_complaints.parquet
ccdb,PENTAGON FEDERAL CREDIT UNION,PENTAGON FEDERAL CREDIT UNION,EA742F32A9337,PENTAGON FEDERAL CREDIT UNION,credit_union,549300FX7K8PTEQUU487,546571,,,549300FX7K8PTEQUU487,2020,https://files.ffiec.cfpb.gov/static-data/snapshot/2020/2020_public_panel_csv.zip,,,manual,Codex (individual identity/evidence review; not independent human review),2026-09-26,data/staging/stg_complaints.parquet
ccdb,PENTAGON FEDERAL CREDIT UNION,PENTAGON FEDERAL CREDIT UNION,EA742F32A9337,PENTAGON FEDERAL CREDIT UNION,credit_union,549300FX7K8PTEQUU487,546571,,,549300FX7K8PTEQUU487,2021,https://files.ffiec.cfpb.gov/static-data/snapshot/2021/2021_public_panel_csv.zip,,,manual,Codex (individual identity/evidence review; not independent human review),2026-09-26,data/staging/stg_complaints.parquet
ccdb,PENTAGON FEDERAL CREDIT UNION,PENTAGON FEDERAL CREDIT UNION,EA742F32A9337,PENTAGON FEDERAL CREDIT UNION,credit_union,549300FX7K8PTEQUU487,546571,,,549300FX7K8PTEQUU487,2022,https://files.ffiec.cfpb.gov/static-data/snapshot/2022/2022_public_panel_csv.zip,,,manual,Codex (individual identity/evidence review; not independent human review),2026-09-26,data/staging/stg_complaints.parquet
ccdb,PENTAGON FEDERAL CREDIT UNION,PENTAGON FEDERAL CREDIT UNION,EA742F32A9337,PENTAGON FEDERAL CREDIT UNION,credit_union,549300FX7K8PTEQUU487,546571,,,549300FX7K8PTEQUU487,2023,https://files.ffiec.cfpb.gov/static-data/snapshot/2023/2023_public_panel_csv.zip,,,manual,Codex (individual identity/evidence review; not independent human review),2026-09-26,data/staging/stg_complaints.parquet
ccdb,PENTAGON FEDERAL CREDIT UNION,PENTAGON FEDERAL CREDIT UNION,EA742F32A9337,PENTAGON FEDERAL CREDIT UNION,credit_union,549300FX7K8PTEQUU487,,,,549300FX7K8PTEQUU487,2024,https://files.ffiec.cfpb.gov/static-data/snapshot/2024/2024_public_ts_csv.zip,,,manual,Codex (individual identity/evidence review; not independent human review),2026-09-26,data/staging/stg_complaints.parquet
ccdb,PENTAGON FEDERAL CREDIT UNION,PENTAGON FEDERAL CREDIT UNION,EA742F32A9337,PENTAGON FEDERAL CREDIT UNION,credit_union,549300FX7K8PTEQUU487,,,,549300FX7K8PTEQUU487,2025,https://files.ffiec.cfpb.gov/static-data/snapshot/2025/2025_public_ts_csv.zip,,,manual,Codex (individual identity/evidence review; not independent human review),2026-09-26,data/staging/stg_complaints.parquet
ccdb,"MONEY SOURCE, INC., THE","MONEY SOURCE, INC., THE",ED66424082417,"MONEY SOURCE, INC., THE",nonbank_servicer,549300JOT0D4J0SZIK67,3881732,,,549300JOT0D4J0SZIK67,2018,https://files.ffiec.cfpb.gov/static-data/snapshot/2018/2018_public_panel_csv.zip,,,manual,Codex (individual identity/evidence review; not independent human review),2026-09-26,data/staging/stg_complaints.parquet
ccdb,"MONEY SOURCE, INC., THE","MONEY SOURCE, INC., THE",ED66424082417,"MONEY SOURCE, INC., THE",nonbank_servicer,549300JOT0D4J0SZIK67,3881732,,,549300JOT0D4J0SZIK67,2019,https://files.ffiec.cfpb.gov/static-data/snapshot/2019/2019_public_panel_csv.zip,,,manual,Codex (individual identity/evidence review; not independent human review),2026-09-26,data/staging/stg_complaints.parquet
ccdb,"MONEY SOURCE, INC., THE","MONEY SOURCE, INC., THE",ED66424082417,"MONEY SOURCE, INC., THE",nonbank_servicer,549300JOT0D4J0SZIK67,3881732,,,549300JOT0D4J0SZIK67,2020,https://files.ffiec.cfpb.gov/static-data/snapshot/2020/2020_public_panel_csv.zip,,,manual,Codex (individual identity/evidence review; not independent human review),2026-09-26,data/staging/stg_complaints.parquet
ccdb,"MONEY SOURCE, INC., THE","MONEY SOURCE, INC., THE",ED66424082417,"MONEY SOURCE, INC., THE",nonbank_servicer,549300JOT0D4J0SZIK67,3881732,,,549300JOT0D4J0SZIK67,2021,https://files.ffiec.cfpb.gov/static-data/snapshot/2021/2021_public_panel_csv.zip,,,manual,Codex (individual identity/evidence review; not independent human review),2026-09-26,data/staging/stg_complaints.parquet
ccdb,"MONEY SOURCE, INC., THE","MONEY SOURCE, INC., THE",ED66424082417,"MONEY SOURCE, INC., THE",nonbank_servicer,549300JOT0D4J0SZIK67,3881732,,,549300JOT0D4J0SZIK67,2022,https://files.ffiec.cfpb.gov/static-data/snapshot/2022/2022_public_panel_csv.zip,,,manual,Codex (individual identity/evidence review; not independent human review),2026-09-26,data/staging/stg_complaints.parquet
ccdb,"MONEY SOURCE, INC., THE","MONEY SOURCE, INC., THE",ED66424082417,"MONEY SOURCE, INC., THE",nonbank_servicer,549300JOT0D4J0SZIK67,3881732,,,549300JOT0D4J0SZIK67,2023,https://files.ffiec.cfpb.gov/static-data/snapshot/2023/2023_public_panel_csv.zip,,,manual,Codex (individual identity/evidence review; not independent human review),2026-09-26,data/staging/stg_complaints.parquet
ccdb,"CMG Financial Services, Inc.","CMG Financial Services, Inc.",E973A2572465F,"CMG Financial Services, Inc.",nonbank_originator,,,,,,,No verified reporter/bank identifier; identity only,,,manual,Codex (individual identity/evidence review; not independent human review),2026-09-26,data/staging/stg_complaints.parquet
ccdb,"Residential Credit Solutions, Inc.","Residential Credit Solutions, Inc.",EB78C56BDE867,"Residential Credit Solutions, Inc.",nonbank_servicer,,,,,,,No verified reporter/bank identifier; identity only,,,manual,Codex (individual identity/evidence review; not independent human review),2026-09-26,data/staging/stg_complaints.parquet
ccdb,"ARVEST BANK GROUP, INC.","ARVEST BANK GROUP, INC.",E7D4C027DB2B7,ARVEST BANK GROUP INC,bank,COINQMNIM6RBU631DD85,311845,1095674,8728,COINQMNIM6RBU631DD85,2018,https://files.ffiec.cfpb.gov/static-data/snapshot/2018/2018_public_panel_csv.zip,,,manual,Codex (individual identity/evidence review; not independent human review),2026-09-26,https://api.fdic.gov/banks/institutions
ccdb,"ARVEST BANK GROUP, INC.","ARVEST BANK GROUP, INC.",E7D4C027DB2B7,ARVEST BANK GROUP INC,bank,COINQMNIM6RBU631DD85,311845,1095674,8728,COINQMNIM6RBU631DD85,2019,https://files.ffiec.cfpb.gov/static-data/snapshot/2019/2019_public_panel_csv.zip,,,manual,Codex (individual identity/evidence review; not independent human review),2026-09-26,https://api.fdic.gov/banks/institutions
ccdb,"ARVEST BANK GROUP, INC.","ARVEST BANK GROUP, INC.",E7D4C027DB2B7,ARVEST BANK GROUP INC,bank,COINQMNIM6RBU631DD85,311845,1095674,8728,COINQMNIM6RBU631DD85,2020,https://files.ffiec.cfpb.gov/static-data/snapshot/2020/2020_public_panel_csv.zip,,,manual,Codex (individual identity/evidence review; not independent human review),2026-09-26,https://api.fdic.gov/banks/institutions
ccdb,"ARVEST BANK GROUP, INC.","ARVEST BANK GROUP, INC.",E7D4C027DB2B7,ARVEST BANK GROUP INC,bank,COINQMNIM6RBU631DD85,311845,1095674,8728,COINQMNIM6RBU631DD85,2021,https://files.ffiec.cfpb.gov/static-data/snapshot/2021/2021_public_panel_csv.zip,,,manual,Codex (individual identity/evidence review; not independent human review),2026-09-26,https://api.fdic.gov/banks/institutions
ccdb,"ARVEST BANK GROUP, INC.","ARVEST BANK GROUP, INC.",E7D4C027DB2B7,ARVEST BANK GROUP INC,bank,COINQMNIM6RBU631DD85,311845,1095674,8728,COINQMNIM6RBU631DD85,2022,https://files.ffiec.cfpb.gov/static-data/snapshot/2022/2022_public_panel_csv.zip,,,manual,Codex (individual identity/evidence review; not independent human review),2026-09-26,https://api.fdic.gov/banks/institutions
ccdb,"ARVEST BANK GROUP, INC.","ARVEST BANK GROUP, INC.",E7D4C027DB2B7,ARVEST BANK GROUP INC,bank,COINQMNIM6RBU631DD85,311845,1095674,8728,COINQMNIM6RBU631DD85,2023,https://files.ffiec.cfpb.gov/static-data/snapshot/2023/2023_public_panel_csv.zip,,,manual,Codex (individual identity/evidence review; not independent human review),2026-09-26,https://api.fdic.gov/banks/institutions
ccdb,"ARVEST BANK GROUP, INC.","ARVEST BANK GROUP, INC.",E7D4C027DB2B7,ARVEST BANK GROUP INC,bank,COINQMNIM6RBU631DD85,,1095674,,COINQMNIM6RBU631DD85,2024,https://files.ffiec.cfpb.gov/static-data/snapshot/2024/2024_public_ts_csv.zip,,,manual,Codex (individual identity/evidence review; not independent human review),2026-09-26,https://api.fdic.gov/banks/institutions
ccdb,"ARVEST BANK GROUP, INC.","ARVEST BANK GROUP, INC.",E7D4C027DB2B7,ARVEST BANK GROUP INC,bank,COINQMNIM6RBU631DD85,,1095674,,COINQMNIM6RBU631DD85,2025,https://files.ffiec.cfpb.gov/static-data/snapshot/2025/2025_public_ts_csv.zip,,,manual,Codex (individual identity/evidence review; not independent human review),2026-09-26,https://api.fdic.gov/banks/institutions
ccdb,"ARVEST BANK GROUP, INC.","ARVEST BANK GROUP, INC.",E7D4C027DB2B7,ARVEST BANK GROUP INC,bank,,311845,1095674,8728,,2026,https://api.fdic.gov/banks/institutions,,,manual,Codex (individual identity/evidence review; not independent human review),2026-09-26,https://api.fdic.gov/banks/institutions
ccdb,Village Capital & Investment LLC,Village Capital & Investment LLC,E299C7B39C453,Village Capital & Investment LLC,nonbank_originator,549300VCMRO4ST680C11,3871528,,,549300VCMRO4ST680C11,2018,https://files.ffiec.cfpb.gov/static-data/snapshot/2018/2018_public_panel_csv.zip,,,manual,Codex (individual identity/evidence review; not independent human review),2026-09-26,data/staging/stg_complaints.parquet
ccdb,Village Capital & Investment LLC,Village Capital & Investment LLC,E299C7B39C453,Village Capital & Investment LLC,nonbank_originator,549300VCMRO4ST680C11,3871528,,,549300VCMRO4ST680C11,2019,https://files.ffiec.cfpb.gov/static-data/snapshot/2019/2019_public_panel_csv.zip,,,manual,Codex (individual identity/evidence review; not independent human review),2026-09-26,data/staging/stg_complaints.parquet
ccdb,Village Capital & Investment LLC,Village Capital & Investment LLC,E299C7B39C453,Village Capital & Investment LLC,nonbank_originator,549300VCMRO4ST680C11,3871528,,,549300VCMRO4ST680C11,2020,https://files.ffiec.cfpb.gov/static-data/snapshot/2020/2020_public_panel_csv.zip,,,manual,Codex (individual identity/evidence review; not independent human review),2026-09-26,data/staging/stg_complaints.parquet
ccdb,Village Capital & Investment LLC,Village Capital & Investment LLC,E299C7B39C453,Village Capital & Investment LLC,nonbank_originator,549300VCMRO4ST680C11,3871528,,,549300VCMRO4ST680C11,2021,https://files.ffiec.cfpb.gov/static-data/snapshot/2021/2021_public_panel_csv.zip,,,manual,Codex (individual identity/evidence review; not independent human review),2026-09-26,data/staging/stg_complaints.parquet
ccdb,Village Capital & Investment LLC,Village Capital & Investment LLC,E299C7B39C453,Village Capital & Investment LLC,nonbank_originator,549300VCMRO4ST680C11,3871528,,,549300VCMRO4ST680C11,2022,https://files.ffiec.cfpb.gov/static-data/snapshot/2022/2022_public_panel_csv.zip,,,manual,Codex (individual identity/evidence review; not independent human review),2026-09-26,data/staging/stg_complaints.parquet
ccdb,Village Capital & Investment LLC,Village Capital & Investment LLC,E299C7B39C453,Village Capital & Investment LLC,nonbank_originator,549300VCMRO4ST680C11,3871528,,,549300VCMRO4ST680C11,2023,https://files.ffiec.cfpb.gov/static-data/snapshot/2023/2023_public_panel_csv.zip,,,manual,Codex (individual identity/evidence review; not independent human review),2026-09-26,data/staging/stg_complaints.parquet
ccdb,Village Capital & Investment LLC,Village Capital & Investment LLC,E299C7B39C453,Village Capital & Investment LLC,nonbank_originator,549300VCMRO4ST680C11,,,,549300VCMRO4ST680C11,2024,https://files.ffiec.cfpb.gov/static-data/snapshot/2024/2024_public_ts_csv.zip,,,manual,Codex (individual identity/evidence review; not independent human review),2026-09-26,data/staging/stg_complaints.parquet
ccdb,Village Capital & Investment LLC,Village Capital & Investment LLC,E299C7B39C453,Village Capital & Investment LLC,nonbank_originator,549300VCMRO4ST680C11,,,,549300VCMRO4ST680C11,2025,https://files.ffiec.cfpb.gov/static-data/snapshot/2025/2025_public_ts_csv.zip,,,manual,Codex (individual identity/evidence review; not independent human review),2026-09-26,data/staging/stg_complaints.parquet
ccdb,"BROKER SOLUTIONS, INC.","BROKER SOLUTIONS, INC.",EA7E086856794,"BROKER SOLUTIONS, INC.",nonbank_originator,549300E2UX99HKDBR481,3955923,,,549300E2UX99HKDBR481,2018,https://files.ffiec.cfpb.gov/static-data/snapshot/2018/2018_public_panel_csv.zip,,,manual,Codex (individual identity/evidence review; not independent human review),2026-09-26,data/staging/stg_complaints.parquet
ccdb,"BROKER SOLUTIONS, INC.","BROKER SOLUTIONS, INC.",EA7E086856794,"BROKER SOLUTIONS, INC.",nonbank_originator,549300E2UX99HKDBR481,3955923,,,549300E2UX99HKDBR481,2019,https://files.ffiec.cfpb.gov/static-data/snapshot/2019/2019_public_panel_csv.zip,,,manual,Codex (individual identity/evidence review; not independent human review),2026-09-26,data/staging/stg_complaints.parquet
ccdb,"BROKER SOLUTIONS, INC.","BROKER SOLUTIONS, INC.",EA7E086856794,"BROKER SOLUTIONS, INC.",nonbank_originator,549300E2UX99HKDBR481,3955923,,,549300E2UX99HKDBR481,2020,https://files.ffiec.cfpb.gov/static-data/snapshot/2020/2020_public_panel_csv.zip,,,manual,Codex (individual identity/evidence review; not independent human review),2026-09-26,data/staging/stg_complaints.parquet
ccdb,"BROKER SOLUTIONS, INC.","BROKER SOLUTIONS, INC.",EA7E086856794,"BROKER SOLUTIONS, INC.",nonbank_originator,549300E2UX99HKDBR481,3955923,,,549300E2UX99HKDBR481,2021,https://files.ffiec.cfpb.gov/static-data/snapshot/2021/2021_public_panel_csv.zip,,,manual,Codex (individual identity/evidence review; not independent human review),2026-09-26,data/staging/stg_complaints.parquet
ccdb,"BROKER SOLUTIONS, INC.","BROKER SOLUTIONS, INC.",EA7E086856794,"BROKER SOLUTIONS, INC.",nonbank_originator,549300E2UX99HKDBR481,3955923,,,549300E2UX99HKDBR481,2022,https://files.ffiec.cfpb.gov/static-data/snapshot/2022/2022_public_panel_csv.zip,,,manual,Codex (individual identity/evidence review; not independent human review),2026-09-26,data/staging/stg_complaints.parquet
ccdb,"BROKER SOLUTIONS, INC.","BROKER SOLUTIONS, INC.",EA7E086856794,"BROKER SOLUTIONS, INC.",nonbank_originator,549300E2UX99HKDBR481,3955923,,,549300E2UX99HKDBR481,2023,https://files.ffiec.cfpb.gov/static-data/snapshot/2023/2023_public_panel_csv.zip,,,manual,Codex (individual identity/evidence review; not independent human review),2026-09-26,data/staging/stg_complaints.parquet
ccdb,"BROKER SOLUTIONS, INC.","BROKER SOLUTIONS, INC.",EA7E086856794,"BROKER SOLUTIONS, INC.",nonbank_originator,549300E2UX99HKDBR481,,,,549300E2UX99HKDBR481,2024,https://files.ffiec.cfpb.gov/static-data/snapshot/2024/2024_public_ts_csv.zip,,,manual,Codex (individual identity/evidence review; not independent human review),2026-09-26,data/staging/stg_complaints.parquet
ccdb,"BROKER SOLUTIONS, INC.","BROKER SOLUTIONS, INC.",EA7E086856794,"BROKER SOLUTIONS, INC.",nonbank_originator,549300E2UX99HKDBR481,,,,549300E2UX99HKDBR481,2025,https://files.ffiec.cfpb.gov/static-data/snapshot/2025/2025_public_ts_csv.zip,,,manual,Codex (individual identity/evidence review; not independent human review),2026-09-26,data/staging/stg_complaints.parquet
ccdb,GUARANTEED RATE INC.,GUARANTEED RATE INC.,E4C87DEE7BA6C,GUARANTEED RATE INC.,nonbank_originator,549300U3721PJGQZYY68,3870099,,,549300U3721PJGQZYY68,2018,https://files.ffiec.cfpb.gov/static-data/snapshot/2018/2018_public_panel_csv.zip,,,manual,Codex (individual identity/evidence review; not independent human review),2026-09-26,data/staging/stg_complaints.parquet
ccdb,GUARANTEED RATE INC.,GUARANTEED RATE INC.,E4C87DEE7BA6C,GUARANTEED RATE INC.,nonbank_originator,549300U3721PJGQZYY68,3870099,,,549300U3721PJGQZYY68,2019,https://files.ffiec.cfpb.gov/static-data/snapshot/2019/2019_public_panel_csv.zip,,,manual,Codex (individual identity/evidence review; not independent human review),2026-09-26,data/staging/stg_complaints.parquet
ccdb,GUARANTEED RATE INC.,GUARANTEED RATE INC.,E4C87DEE7BA6C,GUARANTEED RATE INC.,nonbank_originator,549300U3721PJGQZYY68,3870099,,,549300U3721PJGQZYY68,2020,https://files.ffiec.cfpb.gov/static-data/snapshot/2020/2020_public_panel_csv.zip,,,manual,Codex (individual identity/evidence review; not independent human review),2026-09-26,data/staging/stg_complaints.parquet
ccdb,GUARANTEED RATE INC.,GUARANTEED RATE INC.,E4C87DEE7BA6C,GUARANTEED RATE INC.,nonbank_originator,549300U3721PJGQZYY68,3870099,,,549300U3721PJGQZYY68,2021,https://files.ffiec.cfpb.gov/static-data/snapshot/2021/2021_public_panel_csv.zip,,,manual,Codex (individual identity/evidence review; not independent human review),2026-09-26,data/staging/stg_complaints.parquet
ccdb,GUARANTEED RATE INC.,GUARANTEED RATE INC.,E4C87DEE7BA6C,GUARANTEED RATE INC.,nonbank_originator,549300U3721PJGQZYY68,3870099,,,549300U3721PJGQZYY68,2022,https://files.ffiec.cfpb.gov/static-data/snapshot/2022/2022_public_panel_csv.zip,,,manual,Codex (individual identity/evidence review; not independent human review),2026-09-26,data/staging/stg_complaints.parquet
ccdb,GUARANTEED RATE INC.,GUARANTEED RATE INC.,E4C87DEE7BA6C,GUARANTEED RATE INC.,nonbank_originator,549300U3721PJGQZYY68,3870099,,,549300U3721PJGQZYY68,2023,https://files.ffiec.cfpb.gov/static-data/snapshot/2023/2023_public_panel_csv.zip,,,manual,Codex (individual identity/evidence review; not independent human review),2026-09-26,data/staging/stg_complaints.parquet
ccdb,GUARANTEED RATE INC.,GUARANTEED RATE INC.,E4C87DEE7BA6C,GUARANTEED RATE INC.,nonbank_originator,549300U3721PJGQZYY68,,,,549300U3721PJGQZYY68,2024,https://files.ffiec.cfpb.gov/static-data/snapshot/2024/2024_public_ts_csv.zip,,,manual,Codex (individual identity/evidence review; not independent human review),2026-09-26,data/staging/stg_complaints.parquet
ccdb,GUARANTEED RATE INC.,GUARANTEED RATE INC.,E4C87DEE7BA6C,GUARANTEED RATE INC.,nonbank_originator,549300U3721PJGQZYY68,,,,549300U3721PJGQZYY68,2025,https://files.ffiec.cfpb.gov/static-data/snapshot/2025/2025_public_ts_csv.zip,,,manual,Codex (individual identity/evidence review; not independent human review),2026-09-26,data/staging/stg_complaints.parquet
ccdb,Home Point Financial Corporation,Home Point Financial Corporation,E3AAEFE62826F,Home Point Financial Corporation,nonbank_servicer,549300BRJZYHYKT4BJ84,,,,549300BRJZYHYKT4BJ84,2018,https://files.ffiec.cfpb.gov/static-data/snapshot/2018/2018_public_panel_csv.zip,,,manual,Codex (individual identity/evidence review; not independent human review),2026-09-26,data/staging/stg_complaints.parquet
ccdb,Home Point Financial Corporation,Home Point Financial Corporation,E3AAEFE62826F,Home Point Financial Corporation,nonbank_servicer,549300BRJZYHYKT4BJ84,3944664,,,549300BRJZYHYKT4BJ84,2019,https://files.ffiec.cfpb.gov/static-data/snapshot/2019/2019_public_panel_csv.zip,,,manual,Codex (individual identity/evidence review; not independent human review),2026-09-26,data/staging/stg_complaints.parquet
ccdb,Home Point Financial Corporation,Home Point Financial Corporation,E3AAEFE62826F,Home Point Financial Corporation,nonbank_servicer,549300BRJZYHYKT4BJ84,3944664,,,549300BRJZYHYKT4BJ84,2020,https://files.ffiec.cfpb.gov/static-data/snapshot/2020/2020_public_panel_csv.zip,,,manual,Codex (individual identity/evidence review; not independent human review),2026-09-26,data/staging/stg_complaints.parquet
ccdb,Home Point Financial Corporation,Home Point Financial Corporation,E3AAEFE62826F,Home Point Financial Corporation,nonbank_servicer,549300BRJZYHYKT4BJ84,3944664,,,549300BRJZYHYKT4BJ84,2021,https://files.ffiec.cfpb.gov/static-data/snapshot/2021/2021_public_panel_csv.zip,,,manual,Codex (individual identity/evidence review; not independent human review),2026-09-26,data/staging/stg_complaints.parquet
ccdb,Home Point Financial Corporation,Home Point Financial Corporation,E3AAEFE62826F,Home Point Financial Corporation,nonbank_servicer,549300BRJZYHYKT4BJ84,3944664,,,549300BRJZYHYKT4BJ84,2022,https://files.ffiec.cfpb.gov/static-data/snapshot/2022/2022_public_panel_csv.zip,,,manual,Codex (individual identity/evidence review; not independent human review),2026-09-26,data/staging/stg_complaints.parquet
ccdb,"VANDERBILT MORTGAGE & FINANCE, INC","VANDERBILT MORTGAGE & FINANCE, INC",E91A0E7620550,"VANDERBILT MORTGAGE & FINANCE, INC",nonbank_originator,5493000YNV8IX4VD3X12,1936928,,,5493000YNV8IX4VD3X12,2018,https://files.ffiec.cfpb.gov/static-data/snapshot/2018/2018_public_panel_csv.zip,,,manual,Codex (individual identity/evidence review; not independent human review),2026-09-26,data/staging/stg_complaints.parquet
ccdb,"VANDERBILT MORTGAGE & FINANCE, INC","VANDERBILT MORTGAGE & FINANCE, INC",E91A0E7620550,"VANDERBILT MORTGAGE & FINANCE, INC",nonbank_originator,5493000YNV8IX4VD3X12,1936928,,,5493000YNV8IX4VD3X12,2019,https://files.ffiec.cfpb.gov/static-data/snapshot/2019/2019_public_panel_csv.zip,,,manual,Codex (individual identity/evidence review; not independent human review),2026-09-26,data/staging/stg_complaints.parquet
ccdb,"VANDERBILT MORTGAGE & FINANCE, INC","VANDERBILT MORTGAGE & FINANCE, INC",E91A0E7620550,"VANDERBILT MORTGAGE & FINANCE, INC",nonbank_originator,5493000YNV8IX4VD3X12,1936928,,,5493000YNV8IX4VD3X12,2020,https://files.ffiec.cfpb.gov/static-data/snapshot/2020/2020_public_panel_csv.zip,,,manual,Codex (individual identity/evidence review; not independent human review),2026-09-26,data/staging/stg_complaints.parquet
ccdb,"VANDERBILT MORTGAGE & FINANCE, INC","VANDERBILT MORTGAGE & FINANCE, INC",E91A0E7620550,"VANDERBILT MORTGAGE & FINANCE, INC",nonbank_originator,5493000YNV8IX4VD3X12,1936928,,,5493000YNV8IX4VD3X12,2021,https://files.ffiec.cfpb.gov/static-data/snapshot/2021/2021_public_panel_csv.zip,,,manual,Codex (individual identity/evidence review; not independent human review),2026-09-26,data/staging/stg_complaints.parquet
ccdb,"VANDERBILT MORTGAGE & FINANCE, INC","VANDERBILT MORTGAGE & FINANCE, INC",E91A0E7620550,"VANDERBILT MORTGAGE & FINANCE, INC",nonbank_originator,5493000YNV8IX4VD3X12,1936928,,,5493000YNV8IX4VD3X12,2022,https://files.ffiec.cfpb.gov/static-data/snapshot/2022/2022_public_panel_csv.zip,,,manual,Codex (individual identity/evidence review; not independent human review),2026-09-26,data/staging/stg_complaints.parquet
ccdb,"VANDERBILT MORTGAGE & FINANCE, INC","VANDERBILT MORTGAGE & FINANCE, INC",E91A0E7620550,"VANDERBILT MORTGAGE & FINANCE, INC",nonbank_originator,5493000YNV8IX4VD3X12,1936928,,,5493000YNV8IX4VD3X12,2023,https://files.ffiec.cfpb.gov/static-data/snapshot/2023/2023_public_panel_csv.zip,,,manual,Codex (individual identity/evidence review; not independent human review),2026-09-26,data/staging/stg_complaints.parquet
ccdb,"VANDERBILT MORTGAGE & FINANCE, INC","VANDERBILT MORTGAGE & FINANCE, INC",E91A0E7620550,"VANDERBILT MORTGAGE & FINANCE, INC",nonbank_originator,5493000YNV8IX4VD3X12,,,,5493000YNV8IX4VD3X12,2024,https://files.ffiec.cfpb.gov/static-data/snapshot/2024/2024_public_ts_csv.zip,,,manual,Codex (individual identity/evidence review; not independent human review),2026-09-26,data/staging/stg_complaints.parquet
ccdb,"VANDERBILT MORTGAGE & FINANCE, INC","VANDERBILT MORTGAGE & FINANCE, INC",E91A0E7620550,"VANDERBILT MORTGAGE & FINANCE, INC",nonbank_originator,5493000YNV8IX4VD3X12,,,,5493000YNV8IX4VD3X12,2025,https://files.ffiec.cfpb.gov/static-data/snapshot/2025/2025_public_ts_csv.zip,,,manual,Codex (individual identity/evidence review; not independent human review),2026-09-26,data/staging/stg_complaints.parquet
ccdb,Statebridge Company,Statebridge Company,ECD481168E289,Statebridge Company,nonbank_servicer,,,,,,,No verified reporter/bank identifier; identity only,,,manual,Codex (individual identity/evidence review; not independent human review),2026-09-26,data/staging/stg_complaints.parquet
ccdb,"CARDINAL FINANCIAL COMPANY, LIMITED PARTNERSHIP","CARDINAL FINANCIAL COMPANY, LIMITED PARTNERSHIP",E4907A144AE57,"CARDINAL FINANCIAL COMPANY, LIMITED PARTNERSHIP",nonbank_originator,549300VORTI31GZTJL53,3904891,,,549300VORTI31GZTJL53,2018,https://files.ffiec.cfpb.gov/static-data/snapshot/2018/2018_public_panel_csv.zip,,,manual,Codex (individual identity/evidence review; not independent human review),2026-09-26,data/staging/stg_complaints.parquet
ccdb,"CARDINAL FINANCIAL COMPANY, LIMITED PARTNERSHIP","CARDINAL FINANCIAL COMPANY, LIMITED PARTNERSHIP",E4907A144AE57,"CARDINAL FINANCIAL COMPANY, LIMITED PARTNERSHIP",nonbank_originator,549300VORTI31GZTJL53,3904891,,,549300VORTI31GZTJL53,2019,https://files.ffiec.cfpb.gov/static-data/snapshot/2019/2019_public_panel_csv.zip,,,manual,Codex (individual identity/evidence review; not independent human review),2026-09-26,data/staging/stg_complaints.parquet
ccdb,"CARDINAL FINANCIAL COMPANY, LIMITED PARTNERSHIP","CARDINAL FINANCIAL COMPANY, LIMITED PARTNERSHIP",E4907A144AE57,"CARDINAL FINANCIAL COMPANY, LIMITED PARTNERSHIP",nonbank_originator,549300VORTI31GZTJL53,3904891,,,549300VORTI31GZTJL53,2020,https://files.ffiec.cfpb.gov/static-data/snapshot/2020/2020_public_panel_csv.zip,,,manual,Codex (individual identity/evidence review; not independent human review),2026-09-26,data/staging/stg_complaints.parquet
ccdb,"CARDINAL FINANCIAL COMPANY, LIMITED PARTNERSHIP","CARDINAL FINANCIAL COMPANY, LIMITED PARTNERSHIP",E4907A144AE57,"CARDINAL FINANCIAL COMPANY, LIMITED PARTNERSHIP",nonbank_originator,549300VORTI31GZTJL53,3904891,,,549300VORTI31GZTJL53,2021,https://files.ffiec.cfpb.gov/static-data/snapshot/2021/2021_public_panel_csv.zip,,,manual,Codex (individual identity/evidence review; not independent human review),2026-09-26,data/staging/stg_complaints.parquet
ccdb,"CARDINAL FINANCIAL COMPANY, LIMITED PARTNERSHIP","CARDINAL FINANCIAL COMPANY, LIMITED PARTNERSHIP",E4907A144AE57,"CARDINAL FINANCIAL COMPANY, LIMITED PARTNERSHIP",nonbank_originator,549300VORTI31GZTJL53,3904891,,,549300VORTI31GZTJL53,2022,https://files.ffiec.cfpb.gov/static-data/snapshot/2022/2022_public_panel_csv.zip,,,manual,Codex (individual identity/evidence review; not independent human review),2026-09-26,data/staging/stg_complaints.parquet
ccdb,"CARDINAL FINANCIAL COMPANY, LIMITED PARTNERSHIP","CARDINAL FINANCIAL COMPANY, LIMITED PARTNERSHIP",E4907A144AE57,"CARDINAL FINANCIAL COMPANY, LIMITED PARTNERSHIP",nonbank_originator,549300VORTI31GZTJL53,3904891,,,549300VORTI31GZTJL53,2023,https://files.ffiec.cfpb.gov/static-data/snapshot/2023/2023_public_panel_csv.zip,,,manual,Codex (individual identity/evidence review; not independent human review),2026-09-26,data/staging/stg_complaints.parquet
ccdb,"CARDINAL FINANCIAL COMPANY, LIMITED PARTNERSHIP","CARDINAL FINANCIAL COMPANY, LIMITED PARTNERSHIP",E4907A144AE57,"CARDINAL FINANCIAL COMPANY, LIMITED PARTNERSHIP",nonbank_originator,549300VORTI31GZTJL53,,,,549300VORTI31GZTJL53,2024,https://files.ffiec.cfpb.gov/static-data/snapshot/2024/2024_public_ts_csv.zip,,,manual,Codex (individual identity/evidence review; not independent human review),2026-09-26,data/staging/stg_complaints.parquet
ccdb,"CARDINAL FINANCIAL COMPANY, LIMITED PARTNERSHIP","CARDINAL FINANCIAL COMPANY, LIMITED PARTNERSHIP",E4907A144AE57,"CARDINAL FINANCIAL COMPANY, LIMITED PARTNERSHIP",nonbank_originator,549300VORTI31GZTJL53,,,,549300VORTI31GZTJL53,2025,https://files.ffiec.cfpb.gov/static-data/snapshot/2025/2025_public_ts_csv.zip,,,manual,Codex (individual identity/evidence review; not independent human review),2026-09-26,data/staging/stg_complaints.parquet
ccdb,Guild Holdings Company,Guild Holdings Company,E7ED7A72E8DF3,Guild Holdings Company,nonbank_originator,,,,,,,No verified reporter/bank identifier; identity only,,,manual,Codex (individual identity/evidence review; not independent human review),2026-09-26,data/staging/stg_complaints.parquet
ccdb,"Mortgage Research Center, LLC","Mortgage Research Center, LLC",E9ED450892152,"Mortgage Research Center, LLC",nonbank_originator,549300DD5QQUHO6PCH70,3842407,,,549300DD5QQUHO6PCH70,2018,https://files.ffiec.cfpb.gov/static-data/snapshot/2018/2018_public_panel_csv.zip,,,manual,Codex (individual identity/evidence review; not independent human review),2026-09-26,data/staging/stg_complaints.parquet
ccdb,"Mortgage Research Center, LLC","Mortgage Research Center, LLC",E9ED450892152,"Mortgage Research Center, LLC",nonbank_originator,549300DD5QQUHO6PCH70,3842407,,,549300DD5QQUHO6PCH70,2019,https://files.ffiec.cfpb.gov/static-data/snapshot/2019/2019_public_panel_csv.zip,,,manual,Codex (individual identity/evidence review; not independent human review),2026-09-26,data/staging/stg_complaints.parquet
ccdb,"Mortgage Research Center, LLC","Mortgage Research Center, LLC",E9ED450892152,"Mortgage Research Center, LLC",nonbank_originator,549300DD5QQUHO6PCH70,3842407,,,549300DD5QQUHO6PCH70,2020,https://files.ffiec.cfpb.gov/static-data/snapshot/2020/2020_public_panel_csv.zip,,,manual,Codex (individual identity/evidence review; not independent human review),2026-09-26,data/staging/stg_complaints.parquet
ccdb,"Mortgage Research Center, LLC","Mortgage Research Center, LLC",E9ED450892152,"Mortgage Research Center, LLC",nonbank_originator,549300DD5QQUHO6PCH70,3842407,,,549300DD5QQUHO6PCH70,2021,https://files.ffiec.cfpb.gov/static-data/snapshot/2021/2021_public_panel_csv.zip,,,manual,Codex (individual identity/evidence review; not independent human review),2026-09-26,data/staging/stg_complaints.parquet
ccdb,"Mortgage Research Center, LLC","Mortgage Research Center, LLC",E9ED450892152,"Mortgage Research Center, LLC",nonbank_originator,549300DD5QQUHO6PCH70,3842407,,,549300DD5QQUHO6PCH70,2022,https://files.ffiec.cfpb.gov/static-data/snapshot/2022/2022_public_panel_csv.zip,,,manual,Codex (individual identity/evidence review; not independent human review),2026-09-26,data/staging/stg_complaints.parquet
ccdb,"Mortgage Research Center, LLC","Mortgage Research Center, LLC",E9ED450892152,"Mortgage Research Center, LLC",nonbank_originator,549300DD5QQUHO6PCH70,3842407,,,549300DD5QQUHO6PCH70,2023,https://files.ffiec.cfpb.gov/static-data/snapshot/2023/2023_public_panel_csv.zip,,,manual,Codex (individual identity/evidence review; not independent human review),2026-09-26,data/staging/stg_complaints.parquet
ccdb,"Mortgage Research Center, LLC","Mortgage Research Center, LLC",E9ED450892152,"Mortgage Research Center, LLC",nonbank_originator,549300DD5QQUHO6PCH70,,,,549300DD5QQUHO6PCH70,2024,https://files.ffiec.cfpb.gov/static-data/snapshot/2024/2024_public_ts_csv.zip,,,manual,Codex (individual identity/evidence review; not independent human review),2026-09-26,data/staging/stg_complaints.parquet
ccdb,"Mortgage Research Center, LLC","Mortgage Research Center, LLC",E9ED450892152,"Mortgage Research Center, LLC",nonbank_originator,549300DD5QQUHO6PCH70,,,,549300DD5QQUHO6PCH70,2025,https://files.ffiec.cfpb.gov/static-data/snapshot/2025/2025_public_ts_csv.zip,,,manual,Codex (individual identity/evidence review; not independent human review),2026-09-26,data/staging/stg_complaints.parquet
ccdb,"Reverse Mortgage Solutions, Inc.","Reverse Mortgage Solutions, Inc.",E58B09E687642,"Reverse Mortgage Solutions, Inc.",nonbank_servicer,,,,,,,No verified reporter/bank identifier; identity only,,,manual,Codex (individual identity/evidence review; not independent human review),2026-09-26,data/staging/stg_complaints.parquet
ccdb,"Real Time Group, Inc.","Real Time Group, Inc.",EF9F58BDA4819,"Real Time Group, Inc.",nonbank_servicer,,,,,,,No verified reporter/bank identifier; identity only,,,manual,Codex (individual identity/evidence review; not independent human review),2026-09-26,data/staging/stg_complaints.parquet
ccdb,BANCO POPULAR DE PUERTO RICO,BANCO POPULAR DE PUERTO RICO,E4C525C3C7714,POPULAR INC,bank,OJH4M4RQMT1WXN2BNC32,940311,1129382,34968,OJH4M4RQMT1WXN2BNC32,2018,https://files.ffiec.cfpb.gov/static-data/snapshot/2018/2018_public_panel_csv.zip,,,manual,Codex (individual identity/evidence review; not independent human review),2026-09-26,https://api.fdic.gov/banks/institutions
ccdb,BANCO POPULAR DE PUERTO RICO,BANCO POPULAR DE PUERTO RICO,E4C525C3C7714,POPULAR INC,bank,OJH4M4RQMT1WXN2BNC32,940311,1129382,34968,OJH4M4RQMT1WXN2BNC32,2019,https://files.ffiec.cfpb.gov/static-data/snapshot/2019/2019_public_panel_csv.zip,,,manual,Codex (individual identity/evidence review; not independent human review),2026-09-26,https://api.fdic.gov/banks/institutions
ccdb,BANCO POPULAR DE PUERTO RICO,BANCO POPULAR DE PUERTO RICO,E4C525C3C7714,POPULAR INC,bank,OJH4M4RQMT1WXN2BNC32,940311,1129382,34968,OJH4M4RQMT1WXN2BNC32,2020,https://files.ffiec.cfpb.gov/static-data/snapshot/2020/2020_public_panel_csv.zip,,,manual,Codex (individual identity/evidence review; not independent human review),2026-09-26,https://api.fdic.gov/banks/institutions
ccdb,BANCO POPULAR DE PUERTO RICO,BANCO POPULAR DE PUERTO RICO,E4C525C3C7714,POPULAR INC,bank,OJH4M4RQMT1WXN2BNC32,940311,1129382,34968,OJH4M4RQMT1WXN2BNC32,2021,https://files.ffiec.cfpb.gov/static-data/snapshot/2021/2021_public_panel_csv.zip,,,manual,Codex (individual identity/evidence review; not independent human review),2026-09-26,https://api.fdic.gov/banks/institutions
ccdb,BANCO POPULAR DE PUERTO RICO,BANCO POPULAR DE PUERTO RICO,E4C525C3C7714,POPULAR INC,bank,OJH4M4RQMT1WXN2BNC32,940311,1129382,34968,OJH4M4RQMT1WXN2BNC32,2022,https://files.ffiec.cfpb.gov/static-data/snapshot/2022/2022_public_panel_csv.zip,,,manual,Codex (individual identity/evidence review; not independent human review),2026-09-26,https://api.fdic.gov/banks/institutions
ccdb,BANCO POPULAR DE PUERTO RICO,BANCO POPULAR DE PUERTO RICO,E4C525C3C7714,POPULAR INC,bank,OJH4M4RQMT1WXN2BNC32,940311,1129382,34968,OJH4M4RQMT1WXN2BNC32,2023,https://files.ffiec.cfpb.gov/static-data/snapshot/2023/2023_public_panel_csv.zip,,,manual,Codex (individual identity/evidence review; not independent human review),2026-09-26,https://api.fdic.gov/banks/institutions
ccdb,BANCO POPULAR DE PUERTO RICO,BANCO POPULAR DE PUERTO RICO,E4C525C3C7714,POPULAR INC,bank,OJH4M4RQMT1WXN2BNC32,,1129382,,OJH4M4RQMT1WXN2BNC32,2024,https://files.ffiec.cfpb.gov/static-data/snapshot/2024/2024_public_ts_csv.zip,,,manual,Codex (individual identity/evidence review; not independent human review),2026-09-26,https://api.fdic.gov/banks/institutions
ccdb,BANCO POPULAR DE PUERTO RICO,BANCO POPULAR DE PUERTO RICO,E4C525C3C7714,POPULAR INC,bank,OJH4M4RQMT1WXN2BNC32,,1129382,,OJH4M4RQMT1WXN2BNC32,2025,https://files.ffiec.cfpb.gov/static-data/snapshot/2025/2025_public_ts_csv.zip,,,manual,Codex (individual identity/evidence review; not independent human review),2026-09-26,https://api.fdic.gov/banks/institutions
ccdb,BANCO POPULAR DE PUERTO RICO,BANCO POPULAR DE PUERTO RICO,E4C525C3C7714,POPULAR INC,bank,,2736291,1129382,34967,,2026,https://api.fdic.gov/banks/institutions,,,manual,Codex (individual identity/evidence review; not independent human review),2026-09-26,https://api.fdic.gov/banks/institutions
ccdb,BANCO POPULAR DE PUERTO RICO,BANCO POPULAR DE PUERTO RICO,E4C525C3C7714,POPULAR INC,bank,,940311,1129382,34968,,2026,https://api.fdic.gov/banks/institutions,,,manual,Codex (individual identity/evidence review; not independent human review),2026-09-26,https://api.fdic.gov/banks/institutions
ccdb,"Peer Advisors, LLC","Peer Advisors, LLC",E20E78396D860,"Peer Advisors, LLC",nonbank_servicer,,,,,,,No verified reporter/bank identifier; identity only,,,manual,Codex (individual identity/evidence review; not independent human review),2026-09-26,data/staging/stg_complaints.parquet
ccdb,BBVA FINANCIAL CORPORATION,BBVA FINANCIAL CORPORATION,E718D7EB76BA7,BBVA USA / Banco Bilbao Vizcaya Argentaria,bank,C90VT034M03BN29IRA40,697633,1391237,19048,C90VT034M03BN29IRA40,2018,https://files.ffiec.cfpb.gov/static-data/snapshot/2018/2018_public_panel_csv.zip,,,manual,Codex (individual identity/evidence review; not independent human review),2026-09-26,https://api.fdic.gov/banks/institutions
ccdb,BBVA FINANCIAL CORPORATION,BBVA FINANCIAL CORPORATION,E718D7EB76BA7,BBVA USA / Banco Bilbao Vizcaya Argentaria,bank,C90VT034M03BN29IRA40,697633,1391237,19048,C90VT034M03BN29IRA40,2019,https://files.ffiec.cfpb.gov/static-data/snapshot/2019/2019_public_panel_csv.zip,,,manual,Codex (individual identity/evidence review; not independent human review),2026-09-26,https://api.fdic.gov/banks/institutions
ccdb,BBVA FINANCIAL CORPORATION,BBVA FINANCIAL CORPORATION,E718D7EB76BA7,BBVA USA / Banco Bilbao Vizcaya Argentaria,bank,C90VT034M03BN29IRA40,697633,1391237,19048,C90VT034M03BN29IRA40,2020,https://files.ffiec.cfpb.gov/static-data/snapshot/2020/2020_public_panel_csv.zip,,,manual,Codex (individual identity/evidence review; not independent human review),2026-09-26,https://api.fdic.gov/banks/institutions
ccdb,BBVA FINANCIAL CORPORATION,BBVA FINANCIAL CORPORATION,E718D7EB76BA7,BBVA USA / Banco Bilbao Vizcaya Argentaria,bank,C90VT034M03BN29IRA40,697633,1391237,19048,C90VT034M03BN29IRA40,2021,https://files.ffiec.cfpb.gov/static-data/snapshot/2021/2021_public_panel_csv.zip,,,manual,Codex (individual identity/evidence review; not independent human review),2026-09-26,https://api.fdic.gov/banks/institutions
ccdb,BBVA FINANCIAL CORPORATION,BBVA FINANCIAL CORPORATION,E718D7EB76BA7,BBVA USA / Banco Bilbao Vizcaya Argentaria,bank,,697633,1391237,19048,,2026,https://api.fdic.gov/banks/institutions,,,manual,Codex (individual identity/evidence review; not independent human review),2026-09-26,https://api.fdic.gov/banks/institutions
ccdb,PROVIDENT FUNDING ASSOCIATES,PROVIDENT FUNDING ASSOCIATES,E922B5325334F,PROVIDENT FUNDING ASSOCIATES,nonbank_originator,54930043BMDE130FJ617,3332935,,,54930043BMDE130FJ617,2018,https://files.ffiec.cfpb.gov/static-data/snapshot/2018/2018_public_panel_csv.zip,,,manual,Codex (individual identity/evidence review; not independent human review),2026-09-26,data/staging/stg_complaints.parquet
ccdb,PROVIDENT FUNDING ASSOCIATES,PROVIDENT FUNDING ASSOCIATES,E922B5325334F,PROVIDENT FUNDING ASSOCIATES,nonbank_originator,54930043BMDE130FJ617,3332935,,,54930043BMDE130FJ617,2019,https://files.ffiec.cfpb.gov/static-data/snapshot/2019/2019_public_panel_csv.zip,,,manual,Codex (individual identity/evidence review; not independent human review),2026-09-26,data/staging/stg_complaints.parquet
ccdb,PROVIDENT FUNDING ASSOCIATES,PROVIDENT FUNDING ASSOCIATES,E922B5325334F,PROVIDENT FUNDING ASSOCIATES,nonbank_originator,54930043BMDE130FJ617,3332935,,,54930043BMDE130FJ617,2020,https://files.ffiec.cfpb.gov/static-data/snapshot/2020/2020_public_panel_csv.zip,,,manual,Codex (individual identity/evidence review; not independent human review),2026-09-26,data/staging/stg_complaints.parquet
ccdb,PROVIDENT FUNDING ASSOCIATES,PROVIDENT FUNDING ASSOCIATES,E922B5325334F,PROVIDENT FUNDING ASSOCIATES,nonbank_originator,54930043BMDE130FJ617,3332935,,,54930043BMDE130FJ617,2021,https://files.ffiec.cfpb.gov/static-data/snapshot/2021/2021_public_panel_csv.zip,,,manual,Codex (individual identity/evidence review; not independent human review),2026-09-26,data/staging/stg_complaints.parquet
ccdb,PROVIDENT FUNDING ASSOCIATES,PROVIDENT FUNDING ASSOCIATES,E922B5325334F,PROVIDENT FUNDING ASSOCIATES,nonbank_originator,54930043BMDE130FJ617,3332935,,,54930043BMDE130FJ617,2022,https://files.ffiec.cfpb.gov/static-data/snapshot/2022/2022_public_panel_csv.zip,,,manual,Codex (individual identity/evidence review; not independent human review),2026-09-26,data/staging/stg_complaints.parquet
ccdb,PROVIDENT FUNDING ASSOCIATES,PROVIDENT FUNDING ASSOCIATES,E922B5325334F,PROVIDENT FUNDING ASSOCIATES,nonbank_originator,54930043BMDE130FJ617,3332935,,,54930043BMDE130FJ617,2023,https://files.ffiec.cfpb.gov/static-data/snapshot/2023/2023_public_panel_csv.zip,,,manual,Codex (individual identity/evidence review; not independent human review),2026-09-26,data/staging/stg_complaints.parquet
ccdb,PROVIDENT FUNDING ASSOCIATES,PROVIDENT FUNDING ASSOCIATES,E922B5325334F,PROVIDENT FUNDING ASSOCIATES,nonbank_originator,54930043BMDE130FJ617,,,,54930043BMDE130FJ617,2024,https://files.ffiec.cfpb.gov/static-data/snapshot/2024/2024_public_ts_csv.zip,,,manual,Codex (individual identity/evidence review; not independent human review),2026-09-26,data/staging/stg_complaints.parquet
ccdb,PROVIDENT FUNDING ASSOCIATES,PROVIDENT FUNDING ASSOCIATES,E922B5325334F,PROVIDENT FUNDING ASSOCIATES,nonbank_originator,54930043BMDE130FJ617,,,,54930043BMDE130FJ617,2025,https://files.ffiec.cfpb.gov/static-data/snapshot/2025/2025_public_ts_csv.zip,,,manual,Codex (individual identity/evidence review; not independent human review),2026-09-26,data/staging/stg_complaints.parquet
ccdb,Movement Mortgage LLC,Movement Mortgage LLC,E0F85A0D4F508,Movement Mortgage LLC,nonbank_originator,549300DD4R4SYK5RAQ92,3958157,,,549300DD4R4SYK5RAQ92,2018,https://files.ffiec.cfpb.gov/static-data/snapshot/2018/2018_public_panel_csv.zip,,,manual,Codex (individual identity/evidence review; not independent human review),2026-09-26,data/staging/stg_complaints.parquet
ccdb,Movement Mortgage LLC,Movement Mortgage LLC,E0F85A0D4F508,Movement Mortgage LLC,nonbank_originator,549300DD4R4SYK5RAQ92,3958157,,,549300DD4R4SYK5RAQ92,2019,https://files.ffiec.cfpb.gov/static-data/snapshot/2019/2019_public_panel_csv.zip,,,manual,Codex (individual identity/evidence review; not independent human review),2026-09-26,data/staging/stg_complaints.parquet
ccdb,Movement Mortgage LLC,Movement Mortgage LLC,E0F85A0D4F508,Movement Mortgage LLC,nonbank_originator,549300DD4R4SYK5RAQ92,3958157,,,549300DD4R4SYK5RAQ92,2020,https://files.ffiec.cfpb.gov/static-data/snapshot/2020/2020_public_panel_csv.zip,,,manual,Codex (individual identity/evidence review; not independent human review),2026-09-26,data/staging/stg_complaints.parquet
ccdb,Movement Mortgage LLC,Movement Mortgage LLC,E0F85A0D4F508,Movement Mortgage LLC,nonbank_originator,549300DD4R4SYK5RAQ92,3958157,,,549300DD4R4SYK5RAQ92,2021,https://files.ffiec.cfpb.gov/static-data/snapshot/2021/2021_public_panel_csv.zip,,,manual,Codex (individual identity/evidence review; not independent human review),2026-09-26,data/staging/stg_complaints.parquet
ccdb,Movement Mortgage LLC,Movement Mortgage LLC,E0F85A0D4F508,Movement Mortgage LLC,nonbank_originator,549300DD4R4SYK5RAQ92,3958157,,,549300DD4R4SYK5RAQ92,2022,https://files.ffiec.cfpb.gov/static-data/snapshot/2022/2022_public_panel_csv.zip,,,manual,Codex (individual identity/evidence review; not independent human review),2026-09-26,data/staging/stg_complaints.parquet
ccdb,Movement Mortgage LLC,Movement Mortgage LLC,E0F85A0D4F508,Movement Mortgage LLC,nonbank_originator,549300DD4R4SYK5RAQ92,3958157,,,549300DD4R4SYK5RAQ92,2023,https://files.ffiec.cfpb.gov/static-data/snapshot/2023/2023_public_panel_csv.zip,,,manual,Codex (individual identity/evidence review; not independent human review),2026-09-26,data/staging/stg_complaints.parquet
ccdb,Movement Mortgage LLC,Movement Mortgage LLC,E0F85A0D4F508,Movement Mortgage LLC,nonbank_originator,549300DD4R4SYK5RAQ92,,,,549300DD4R4SYK5RAQ92,2024,https://files.ffiec.cfpb.gov/static-data/snapshot/2024/2024_public_ts_csv.zip,,,manual,Codex (individual identity/evidence review; not independent human review),2026-09-26,data/staging/stg_complaints.parquet
ccdb,Movement Mortgage LLC,Movement Mortgage LLC,E0F85A0D4F508,Movement Mortgage LLC,nonbank_originator,549300DD4R4SYK5RAQ92,,,,549300DD4R4SYK5RAQ92,2025,https://files.ffiec.cfpb.gov/static-data/snapshot/2025/2025_public_ts_csv.zip,,,manual,Codex (individual identity/evidence review; not independent human review),2026-09-26,data/staging/stg_complaints.parquet
ccdb,"SERVICEMAC, LLC","SERVICEMAC, LLC",E712507A45CC4,"SERVICEMAC, LLC",nonbank_servicer,,,,,,,No verified reporter/bank identifier; identity only,,,manual,Codex (individual identity/evidence review; not independent human review),2026-09-26,data/staging/stg_complaints.parquet
ccdb,Aspen Yo LLC,Aspen Yo LLC,E02AB9B03BCDB,Aspen Yo LLC,other,,,,,,,No verified reporter/bank identifier; identity only,,,manual,Codex (individual identity/evidence review; not independent human review),2026-09-26,data/staging/stg_complaints.parquet
ccdb,FCI Lender Services Inc.,FCI Lender Services Inc.,E182F7E774550,FCI Lender Services Inc.,nonbank_servicer,,,,,,,No verified reporter/bank identifier; identity only,,,manual,Codex (individual identity/evidence review; not independent human review),2026-09-26,data/staging/stg_complaints.parquet
ccdb,TCF NATIONAL BANK,TCF NATIONAL BANK,E9C6DA403A43C,TCF FINANCIAL CORP,bank,549300GJGUHNTC6JI536,266271,1201934,28330,549300GJGUHNTC6JI536,2018,https://files.ffiec.cfpb.gov/static-data/snapshot/2018/2018_public_panel_csv.zip,,,manual,Codex (individual identity/evidence review; not independent human review),2026-09-26,https://api.fdic.gov/banks/institutions
ccdb,TCF NATIONAL BANK,TCF NATIONAL BANK,E9C6DA403A43C,TCF FINANCIAL CORP,bank,549300GJGUHNTC6JI536,266271,1201934,28330,549300GJGUHNTC6JI536,2019,https://files.ffiec.cfpb.gov/static-data/snapshot/2019/2019_public_panel_csv.zip,,,manual,Codex (individual identity/evidence review; not independent human review),2026-09-26,https://api.fdic.gov/banks/institutions
ccdb,TCF NATIONAL BANK,TCF NATIONAL BANK,E9C6DA403A43C,TCF FINANCIAL CORP,bank,549300GJGUHNTC6JI536,266271,1201934,28330,549300GJGUHNTC6JI536,2020,https://files.ffiec.cfpb.gov/static-data/snapshot/2020/2020_public_panel_csv.zip,,,manual,Codex (individual identity/evidence review; not independent human review),2026-09-26,https://api.fdic.gov/banks/institutions
ccdb,TCF NATIONAL BANK,TCF NATIONAL BANK,E9C6DA403A43C,TCF FINANCIAL CORP,bank,549300GJGUHNTC6JI536,266271,1201934,28330,549300GJGUHNTC6JI536,2021,https://files.ffiec.cfpb.gov/static-data/snapshot/2021/2021_public_panel_csv.zip,,,manual,Codex (individual identity/evidence review; not independent human review),2026-09-26,https://api.fdic.gov/banks/institutions
ccdb,TCF NATIONAL BANK,TCF NATIONAL BANK,E9C6DA403A43C,TCF FINANCIAL CORP,bank,,266271,1201934,28330,,2026,https://api.fdic.gov/banks/institutions,,,manual,Codex (individual identity/evidence review; not independent human review),2026-09-26,https://api.fdic.gov/banks/institutions
ccdb,FIRST HORIZON BANK,FIRST HORIZON BANK,E0F4D2A3DE7F9,FIRST HORIZON CORP,bank,COOWI3L2W9TPYR3WJX37,485559,1094640,4977,COOWI3L2W9TPYR3WJX37,2018,https://files.ffiec.cfpb.gov/static-data/snapshot/2018/2018_public_panel_csv.zip,,,manual,Codex (individual identity/evidence review; not independent human review),2026-09-26,https://api.fdic.gov/banks/institutions
ccdb,FIRST HORIZON BANK,FIRST HORIZON BANK,E0F4D2A3DE7F9,FIRST HORIZON CORP,bank,COOWI3L2W9TPYR3WJX37,485559,1094640,4977,COOWI3L2W9TPYR3WJX37,2019,https://files.ffiec.cfpb.gov/static-data/snapshot/2019/2019_public_panel_csv.zip,,,manual,Codex (individual identity/evidence review; not independent human review),2026-09-26,https://api.fdic.gov/banks/institutions
ccdb,FIRST HORIZON BANK,FIRST HORIZON BANK,E0F4D2A3DE7F9,FIRST HORIZON CORP,bank,COOWI3L2W9TPYR3WJX37,485559,1094640,4977,COOWI3L2W9TPYR3WJX37,2020,https://files.ffiec.cfpb.gov/static-data/snapshot/2020/2020_public_panel_csv.zip,,,manual,Codex (individual identity/evidence review; not independent human review),2026-09-26,https://api.fdic.gov/banks/institutions
ccdb,FIRST HORIZON BANK,FIRST HORIZON BANK,E0F4D2A3DE7F9,FIRST HORIZON CORP,bank,COOWI3L2W9TPYR3WJX37,485559,1094640,4977,COOWI3L2W9TPYR3WJX37,2021,https://files.ffiec.cfpb.gov/static-data/snapshot/2021/2021_public_panel_csv.zip,,,manual,Codex (individual identity/evidence review; not independent human review),2026-09-26,https://api.fdic.gov/banks/institutions
ccdb,FIRST HORIZON BANK,FIRST HORIZON BANK,E0F4D2A3DE7F9,FIRST HORIZON CORP,bank,COOWI3L2W9TPYR3WJX37,485559,1094640,4977,COOWI3L2W9TPYR3WJX37,2022,https://files.ffiec.cfpb.gov/static-data/snapshot/2022/2022_public_panel_csv.zip,,,manual,Codex (individual identity/evidence review; not independent human review),2026-09-26,https://api.fdic.gov/banks/institutions
ccdb,FIRST HORIZON BANK,FIRST HORIZON BANK,E0F4D2A3DE7F9,FIRST HORIZON CORP,bank,COOWI3L2W9TPYR3WJX37,485559,1094640,4977,COOWI3L2W9TPYR3WJX37,2023,https://files.ffiec.cfpb.gov/static-data/snapshot/2023/2023_public_panel_csv.zip,,,manual,Codex (individual identity/evidence review; not independent human review),2026-09-26,https://api.fdic.gov/banks/institutions
ccdb,FIRST HORIZON BANK,FIRST HORIZON BANK,E0F4D2A3DE7F9,FIRST HORIZON CORP,bank,COOWI3L2W9TPYR3WJX37,,1094640,,COOWI3L2W9TPYR3WJX37,2024,https://files.ffiec.cfpb.gov/static-data/snapshot/2024/2024_public_ts_csv.zip,,,manual,Codex (individual identity/evidence review; not independent human review),2026-09-26,https://api.fdic.gov/banks/institutions
ccdb,FIRST HORIZON BANK,FIRST HORIZON BANK,E0F4D2A3DE7F9,FIRST HORIZON CORP,bank,COOWI3L2W9TPYR3WJX37,,1094640,,COOWI3L2W9TPYR3WJX37,2025,https://files.ffiec.cfpb.gov/static-data/snapshot/2025/2025_public_ts_csv.zip,,,manual,Codex (individual identity/evidence review; not independent human review),2026-09-26,https://api.fdic.gov/banks/institutions
ccdb,FIRST HORIZON BANK,FIRST HORIZON BANK,E0F4D2A3DE7F9,FIRST HORIZON CORP,bank,,485559,1094640,4977,,2026,https://api.fdic.gov/banks/institutions,,,manual,Codex (individual identity/evidence review; not independent human review),2026-09-26,https://api.fdic.gov/banks/institutions
ccdb,"Valon Technologies, Inc.","Valon Technologies, Inc.",E90082F0285AB,"Valon Technologies, Inc.",other,,,,,,,No verified reporter/bank identifier; identity only,,,manual,Codex (individual identity/evidence review; not independent human review),2026-09-26,data/staging/stg_complaints.parquet
ccdb,"AMA Advisors, LLC.","AMA Advisors, LLC.",E0D610F1C9955,"AMA Advisors, LLC.",nonbank_servicer,,,,,,,No verified reporter/bank identifier; identity only,,,manual,Codex (individual identity/evidence review; not independent human review),2026-09-26,data/staging/stg_complaints.parquet
ccdb,AMERICAN ADVISORS GROUP,AMERICAN ADVISORS GROUP,E2C85F0E46692,AMERICAN ADVISORS GROUP,nonbank_originator,549300TINI6CL78UD591,4730163,,,549300TINI6CL78UD591,2018,https://files.ffiec.cfpb.gov/static-data/snapshot/2018/2018_public_panel_csv.zip,,,manual,Codex (individual identity/evidence review; not independent human review),2026-09-26,data/staging/stg_complaints.parquet
ccdb,AMERICAN ADVISORS GROUP,AMERICAN ADVISORS GROUP,E2C85F0E46692,AMERICAN ADVISORS GROUP,nonbank_originator,549300TINI6CL78UD591,4730163,,,549300TINI6CL78UD591,2019,https://files.ffiec.cfpb.gov/static-data/snapshot/2019/2019_public_panel_csv.zip,,,manual,Codex (individual identity/evidence review; not independent human review),2026-09-26,data/staging/stg_complaints.parquet
ccdb,AMERICAN ADVISORS GROUP,AMERICAN ADVISORS GROUP,E2C85F0E46692,AMERICAN ADVISORS GROUP,nonbank_originator,549300TINI6CL78UD591,4730163,,,549300TINI6CL78UD591,2020,https://files.ffiec.cfpb.gov/static-data/snapshot/2020/2020_public_panel_csv.zip,,,manual,Codex (individual identity/evidence review; not independent human review),2026-09-26,data/staging/stg_complaints.parquet
ccdb,AMERICAN ADVISORS GROUP,AMERICAN ADVISORS GROUP,E2C85F0E46692,AMERICAN ADVISORS GROUP,nonbank_originator,549300TINI6CL78UD591,4730163,,,549300TINI6CL78UD591,2021,https://files.ffiec.cfpb.gov/static-data/snapshot/2021/2021_public_panel_csv.zip,,,manual,Codex (individual identity/evidence review; not independent human review),2026-09-26,data/staging/stg_complaints.parquet
ccdb,AMERICAN ADVISORS GROUP,AMERICAN ADVISORS GROUP,E2C85F0E46692,AMERICAN ADVISORS GROUP,nonbank_originator,549300TINI6CL78UD591,4730163,,,549300TINI6CL78UD591,2022,https://files.ffiec.cfpb.gov/static-data/snapshot/2022/2022_public_panel_csv.zip,,,manual,Codex (individual identity/evidence review; not independent human review),2026-09-26,data/staging/stg_complaints.parquet
ccdb,"SUN WEST MORTGAGE COMPANY, INC.","SUN WEST MORTGAGE COMPANY, INC.",E9A9FF2B46D0A,"SUN WEST MORTGAGE COMPANY, INC.",nonbank_originator,549300SK2GVCQXPD4S58,3875713,,,549300SK2GVCQXPD4S58,2018,https://files.ffiec.cfpb.gov/static-data/snapshot/2018/2018_public_panel_csv.zip,,,manual,Codex (individual identity/evidence review; not independent human review),2026-09-26,data/staging/stg_complaints.parquet
ccdb,"SUN WEST MORTGAGE COMPANY, INC.","SUN WEST MORTGAGE COMPANY, INC.",E9A9FF2B46D0A,"SUN WEST MORTGAGE COMPANY, INC.",nonbank_originator,549300SK2GVCQXPD4S58,3875713,,,549300SK2GVCQXPD4S58,2019,https://files.ffiec.cfpb.gov/static-data/snapshot/2019/2019_public_panel_csv.zip,,,manual,Codex (individual identity/evidence review; not independent human review),2026-09-26,data/staging/stg_complaints.parquet
ccdb,"SUN WEST MORTGAGE COMPANY, INC.","SUN WEST MORTGAGE COMPANY, INC.",E9A9FF2B46D0A,"SUN WEST MORTGAGE COMPANY, INC.",nonbank_originator,549300SK2GVCQXPD4S58,3875713,,,549300SK2GVCQXPD4S58,2020,https://files.ffiec.cfpb.gov/static-data/snapshot/2020/2020_public_panel_csv.zip,,,manual,Codex (individual identity/evidence review; not independent human review),2026-09-26,data/staging/stg_complaints.parquet
ccdb,"SUN WEST MORTGAGE COMPANY, INC.","SUN WEST MORTGAGE COMPANY, INC.",E9A9FF2B46D0A,"SUN WEST MORTGAGE COMPANY, INC.",nonbank_originator,549300SK2GVCQXPD4S58,3875713,,,549300SK2GVCQXPD4S58,2021,https://files.ffiec.cfpb.gov/static-data/snapshot/2021/2021_public_panel_csv.zip,,,manual,Codex (individual identity/evidence review; not independent human review),2026-09-26,data/staging/stg_complaints.parquet
ccdb,"SUN WEST MORTGAGE COMPANY, INC.","SUN WEST MORTGAGE COMPANY, INC.",E9A9FF2B46D0A,"SUN WEST MORTGAGE COMPANY, INC.",nonbank_originator,549300SK2GVCQXPD4S58,3875713,,,549300SK2GVCQXPD4S58,2022,https://files.ffiec.cfpb.gov/static-data/snapshot/2022/2022_public_panel_csv.zip,,,manual,Codex (individual identity/evidence review; not independent human review),2026-09-26,data/staging/stg_complaints.parquet
ccdb,"SUN WEST MORTGAGE COMPANY, INC.","SUN WEST MORTGAGE COMPANY, INC.",E9A9FF2B46D0A,"SUN WEST MORTGAGE COMPANY, INC.",nonbank_originator,549300SK2GVCQXPD4S58,3875713,,,549300SK2GVCQXPD4S58,2023,https://files.ffiec.cfpb.gov/static-data/snapshot/2023/2023_public_panel_csv.zip,,,manual,Codex (individual identity/evidence review; not independent human review),2026-09-26,data/staging/stg_complaints.parquet
ccdb,"SUN WEST MORTGAGE COMPANY, INC.","SUN WEST MORTGAGE COMPANY, INC.",E9A9FF2B46D0A,"SUN WEST MORTGAGE COMPANY, INC.",nonbank_originator,549300SK2GVCQXPD4S58,,,,549300SK2GVCQXPD4S58,2024,https://files.ffiec.cfpb.gov/static-data/snapshot/2024/2024_public_ts_csv.zip,,,manual,Codex (individual identity/evidence review; not independent human review),2026-09-26,data/staging/stg_complaints.parquet
ccdb,"SUN WEST MORTGAGE COMPANY, INC.","SUN WEST MORTGAGE COMPANY, INC.",E9A9FF2B46D0A,"SUN WEST MORTGAGE COMPANY, INC.",nonbank_originator,549300SK2GVCQXPD4S58,,,,549300SK2GVCQXPD4S58,2025,https://files.ffiec.cfpb.gov/static-data/snapshot/2025/2025_public_ts_csv.zip,,,manual,Codex (individual identity/evidence review; not independent human review),2026-09-26,data/staging/stg_complaints.parquet
ccdb,"Better Mortgage, Inc.","Better Mortgage, Inc.",EC5C21EED4E5A,"Better Mortgage, Inc.",nonbank_originator,549300XY701IELCE5Q08,4324982,,,549300XY701IELCE5Q08,2018,https://files.ffiec.cfpb.gov/static-data/snapshot/2018/2018_public_panel_csv.zip,,,manual,Codex (individual identity/evidence review; not independent human review),2026-09-26,data/staging/stg_complaints.parquet
ccdb,"Better Mortgage, Inc.","Better Mortgage, Inc.",EC5C21EED4E5A,"Better Mortgage, Inc.",nonbank_originator,549300XY701IELCE5Q08,4324982,,,549300XY701IELCE5Q08,2019,https://files.ffiec.cfpb.gov/static-data/snapshot/2019/2019_public_panel_csv.zip,,,manual,Codex (individual identity/evidence review; not independent human review),2026-09-26,data/staging/stg_complaints.parquet
ccdb,"Better Mortgage, Inc.","Better Mortgage, Inc.",EC5C21EED4E5A,"Better Mortgage, Inc.",nonbank_originator,549300XY701IELCE5Q08,4324982,,,549300XY701IELCE5Q08,2020,https://files.ffiec.cfpb.gov/static-data/snapshot/2020/2020_public_panel_csv.zip,,,manual,Codex (individual identity/evidence review; not independent human review),2026-09-26,data/staging/stg_complaints.parquet
ccdb,"Better Mortgage, Inc.","Better Mortgage, Inc.",EC5C21EED4E5A,"Better Mortgage, Inc.",nonbank_originator,549300XY701IELCE5Q08,4324982,,,549300XY701IELCE5Q08,2021,https://files.ffiec.cfpb.gov/static-data/snapshot/2021/2021_public_panel_csv.zip,,,manual,Codex (individual identity/evidence review; not independent human review),2026-09-26,data/staging/stg_complaints.parquet
ccdb,"Better Mortgage, Inc.","Better Mortgage, Inc.",EC5C21EED4E5A,"Better Mortgage, Inc.",nonbank_originator,549300XY701IELCE5Q08,4324982,,,549300XY701IELCE5Q08,2022,https://files.ffiec.cfpb.gov/static-data/snapshot/2022/2022_public_panel_csv.zip,,,manual,Codex (individual identity/evidence review; not independent human review),2026-09-26,data/staging/stg_complaints.parquet
ccdb,"Better Mortgage, Inc.","Better Mortgage, Inc.",EC5C21EED4E5A,"Better Mortgage, Inc.",nonbank_originator,549300XY701IELCE5Q08,4324982,,,549300XY701IELCE5Q08,2023,https://files.ffiec.cfpb.gov/static-data/snapshot/2023/2023_public_panel_csv.zip,,,manual,Codex (individual identity/evidence review; not independent human review),2026-09-26,data/staging/stg_complaints.parquet
ccdb,"Better Mortgage, Inc.","Better Mortgage, Inc.",EC5C21EED4E5A,"Better Mortgage, Inc.",nonbank_originator,549300XY701IELCE5Q08,,,,549300XY701IELCE5Q08,2024,https://files.ffiec.cfpb.gov/static-data/snapshot/2024/2024_public_ts_csv.zip,,,manual,Codex (individual identity/evidence review; not independent human review),2026-09-26,data/staging/stg_complaints.parquet
ccdb,"Better Mortgage, Inc.","Better Mortgage, Inc.",EC5C21EED4E5A,"Better Mortgage, Inc.",nonbank_originator,549300XY701IELCE5Q08,,,,549300XY701IELCE5Q08,2025,https://files.ffiec.cfpb.gov/static-data/snapshot/2025/2025_public_ts_csv.zip,,,manual,Codex (individual identity/evidence review; not independent human review),2026-09-26,data/staging/stg_complaints.parquet
ccdb,"Stearns Ventures, LLC","Stearns Ventures, LLC",EA73017851BEB,"Stearns Ventures, LLC",nonbank_originator,,,,,,,No verified reporter/bank identifier; identity only,,,manual,Codex (individual identity/evidence review; not independent human review),2026-09-26,data/staging/stg_complaints.parquet
ccdb,"Pacific Union Financial, LLC","Pacific Union Financial, LLC",E41CFAD8559FE,"Pacific Union Financial, LLC",nonbank_originator,549300410TULSMMGDX92,3955491,,,549300410TULSMMGDX92,2018,https://files.ffiec.cfpb.gov/static-data/snapshot/2018/2018_public_panel_csv.zip,,,manual,Codex (individual identity/evidence review; not independent human review),2026-09-26,data/staging/stg_complaints.parquet
ccdb,"Pacific Union Financial, LLC","Pacific Union Financial, LLC",E41CFAD8559FE,"Pacific Union Financial, LLC",nonbank_originator,549300410TULSMMGDX92,3955491,,,549300410TULSMMGDX92,2019,https://files.ffiec.cfpb.gov/static-data/snapshot/2019/2019_public_panel_csv.zip,,,manual,Codex (individual identity/evidence review; not independent human review),2026-09-26,data/staging/stg_complaints.parquet
ccdb,BOK FINANCIAL CORP,BOK FINANCIAL CORP,E6E4400138C69,BOK FINANCIAL CORP,bank,FU7RSW4CQQY98A2O7J66,339858,1883693,4214,FU7RSW4CQQY98A2O7J66,2018,https://files.ffiec.cfpb.gov/static-data/snapshot/2018/2018_public_panel_csv.zip,,,manual,Codex (individual identity/evidence review; not independent human review),2026-09-26,https://api.fdic.gov/banks/institutions
ccdb,BOK FINANCIAL CORP,BOK FINANCIAL CORP,E6E4400138C69,BOK FINANCIAL CORP,bank,FU7RSW4CQQY98A2O7J66,339858,1883693,4214,FU7RSW4CQQY98A2O7J66,2019,https://files.ffiec.cfpb.gov/static-data/snapshot/2019/2019_public_panel_csv.zip,,,manual,Codex (individual identity/evidence review; not independent human review),2026-09-26,https://api.fdic.gov/banks/institutions
ccdb,BOK FINANCIAL CORP,BOK FINANCIAL CORP,E6E4400138C69,BOK FINANCIAL CORP,bank,FU7RSW4CQQY98A2O7J66,339858,1883693,4214,FU7RSW4CQQY98A2O7J66,2020,https://files.ffiec.cfpb.gov/static-data/snapshot/2020/2020_public_panel_csv.zip,,,manual,Codex (individual identity/evidence review; not independent human review),2026-09-26,https://api.fdic.gov/banks/institutions
ccdb,BOK FINANCIAL CORP,BOK FINANCIAL CORP,E6E4400138C69,BOK FINANCIAL CORP,bank,FU7RSW4CQQY98A2O7J66,339858,1883693,4214,FU7RSW4CQQY98A2O7J66,2021,https://files.ffiec.cfpb.gov/static-data/snapshot/2021/2021_public_panel_csv.zip,,,manual,Codex (individual identity/evidence review; not independent human review),2026-09-26,https://api.fdic.gov/banks/institutions
ccdb,BOK FINANCIAL CORP,BOK FINANCIAL CORP,E6E4400138C69,BOK FINANCIAL CORP,bank,FU7RSW4CQQY98A2O7J66,339858,1883693,4214,FU7RSW4CQQY98A2O7J66,2022,https://files.ffiec.cfpb.gov/static-data/snapshot/2022/2022_public_panel_csv.zip,,,manual,Codex (individual identity/evidence review; not independent human review),2026-09-26,https://api.fdic.gov/banks/institutions
ccdb,BOK FINANCIAL CORP,BOK FINANCIAL CORP,E6E4400138C69,BOK FINANCIAL CORP,bank,FU7RSW4CQQY98A2O7J66,339858,1883693,4214,FU7RSW4CQQY98A2O7J66,2023,https://files.ffiec.cfpb.gov/static-data/snapshot/2023/2023_public_panel_csv.zip,,,manual,Codex (individual identity/evidence review; not independent human review),2026-09-26,https://api.fdic.gov/banks/institutions
ccdb,BOK FINANCIAL CORP,BOK FINANCIAL CORP,E6E4400138C69,BOK FINANCIAL CORP,bank,FU7RSW4CQQY98A2O7J66,,1883693,,FU7RSW4CQQY98A2O7J66,2024,https://files.ffiec.cfpb.gov/static-data/snapshot/2024/2024_public_ts_csv.zip,,,manual,Codex (individual identity/evidence review; not independent human review),2026-09-26,https://api.fdic.gov/banks/institutions
ccdb,BOK FINANCIAL CORP,BOK FINANCIAL CORP,E6E4400138C69,BOK FINANCIAL CORP,bank,FU7RSW4CQQY98A2O7J66,,1883693,,FU7RSW4CQQY98A2O7J66,2025,https://files.ffiec.cfpb.gov/static-data/snapshot/2025/2025_public_ts_csv.zip,,,manual,Codex (individual identity/evidence review; not independent human review),2026-09-26,https://api.fdic.gov/banks/institutions
ccdb,BOK FINANCIAL CORP,BOK FINANCIAL CORP,E6E4400138C69,BOK FINANCIAL CORP,bank,,339858,1883693,4214,,2026,https://api.fdic.gov/banks/institutions,,,manual,Codex (individual identity/evidence review; not independent human review),2026-09-26,https://api.fdic.gov/banks/institutions
ccdb,ALLY FINANCIAL INC.,ALLY FINANCIAL INC.,ECF2F96AAE504,ALLY FINANCIAL INC,bank,549300C04BJ0G297NC13,3284070,1562859,57803,549300C04BJ0G297NC13,2019,https://files.ffiec.cfpb.gov/static-data/snapshot/2019/2019_public_panel_csv.zip,,,manual,Codex (individual identity/evidence review; not independent human review),2026-09-26,https://api.fdic.gov/banks/institutions
ccdb,ALLY FINANCIAL INC.,ALLY FINANCIAL INC.,ECF2F96AAE504,ALLY FINANCIAL INC,bank,549300C04BJ0G297NC13,3284070,1562859,57803,549300C04BJ0G297NC13,2020,https://files.ffiec.cfpb.gov/static-data/snapshot/2020/2020_public_panel_csv.zip,,,manual,Codex (individual identity/evidence review; not independent human review),2026-09-26,https://api.fdic.gov/banks/institutions
ccdb,ALLY FINANCIAL INC.,ALLY FINANCIAL INC.,ECF2F96AAE504,ALLY FINANCIAL INC,bank,549300C04BJ0G297NC13,3284070,1562859,57803,549300C04BJ0G297NC13,2021,https://files.ffiec.cfpb.gov/static-data/snapshot/2021/2021_public_panel_csv.zip,,,manual,Codex (individual identity/evidence review; not independent human review),2026-09-26,https://api.fdic.gov/banks/institutions
ccdb,ALLY FINANCIAL INC.,ALLY FINANCIAL INC.,ECF2F96AAE504,ALLY FINANCIAL INC,bank,549300C04BJ0G297NC13,3284070,1562859,57803,549300C04BJ0G297NC13,2022,https://files.ffiec.cfpb.gov/static-data/snapshot/2022/2022_public_panel_csv.zip,,,manual,Codex (individual identity/evidence review; not independent human review),2026-09-26,https://api.fdic.gov/banks/institutions
ccdb,ALLY FINANCIAL INC.,ALLY FINANCIAL INC.,ECF2F96AAE504,ALLY FINANCIAL INC,bank,549300C04BJ0G297NC13,3284070,1562859,57803,549300C04BJ0G297NC13,2023,https://files.ffiec.cfpb.gov/static-data/snapshot/2023/2023_public_panel_csv.zip,,,manual,Codex (individual identity/evidence review; not independent human review),2026-09-26,https://api.fdic.gov/banks/institutions
ccdb,ALLY FINANCIAL INC.,ALLY FINANCIAL INC.,ECF2F96AAE504,ALLY FINANCIAL INC,bank,549300C04BJ0G297NC13,,1562859,,549300C04BJ0G297NC13,2024,https://files.ffiec.cfpb.gov/static-data/snapshot/2024/2024_public_ts_csv.zip,,,manual,Codex (individual identity/evidence review; not independent human review),2026-09-26,https://api.fdic.gov/banks/institutions
ccdb,ALLY FINANCIAL INC.,ALLY FINANCIAL INC.,ECF2F96AAE504,ALLY FINANCIAL INC,bank,549300C04BJ0G297NC13,,1562859,,549300C04BJ0G297NC13,2025,https://files.ffiec.cfpb.gov/static-data/snapshot/2025/2025_public_ts_csv.zip,,,manual,Codex (individual identity/evidence review; not independent human review),2026-09-26,https://api.fdic.gov/banks/institutions
ccdb,ALLY FINANCIAL INC.,ALLY FINANCIAL INC.,ECF2F96AAE504,ALLY FINANCIAL INC,bank,,3284070,1562859,57803,,2026,https://api.fdic.gov/banks/institutions,,,manual,Codex (individual identity/evidence review; not independent human review),2026-09-26,https://api.fdic.gov/banks/institutions
ccdb,Idaho Housing And Finance Association,Idaho Housing And Finance Association,E772FC958BDCB,Idaho Housing And Finance Association,other,,,,,,,No verified reporter/bank identifier; identity only,,,manual,Codex (individual identity/evidence review; not independent human review),2026-09-26,data/staging/stg_complaints.parquet
ccdb,Arbor Residential Mortgage LLC,Arbor Residential Mortgage LLC,E806DAD516CDE,Arbor Residential Mortgage LLC,nonbank_servicer,,,,,,,No verified reporter/bank identifier; identity only,,,manual,Codex (individual identity/evidence review; not independent human review),2026-09-26,data/staging/stg_complaints.parquet
ccdb,MORGAN STANLEY & CO. LLC,MORGAN STANLEY & CO. LLC,E9C6D3A158F9C,MORGAN STANLEY,bank,549300GS0W0TEUQS8571,2489805,2162966,34221,549300GS0W0TEUQS8571,2018,https://files.ffiec.cfpb.gov/static-data/snapshot/2018/2018_public_panel_csv.zip,,,manual,Codex (individual identity/evidence review; not independent human review),2026-09-26,https://api.fdic.gov/banks/institutions
ccdb,MORGAN STANLEY & CO. LLC,MORGAN STANLEY & CO. LLC,E9C6D3A158F9C,MORGAN STANLEY,bank,549300GS0W0TEUQS8571,2489805,2162966,34221,549300GS0W0TEUQS8571,2019,https://files.ffiec.cfpb.gov/static-data/snapshot/2019/2019_public_panel_csv.zip,,,manual,Codex (individual identity/evidence review; not independent human review),2026-09-26,https://api.fdic.gov/banks/institutions
ccdb,MORGAN STANLEY & CO. LLC,MORGAN STANLEY & CO. LLC,E9C6D3A158F9C,MORGAN STANLEY,bank,549300GS0W0TEUQS8571,2489805,2162966,34221,549300GS0W0TEUQS8571,2020,https://files.ffiec.cfpb.gov/static-data/snapshot/2020/2020_public_panel_csv.zip,,,manual,Codex (individual identity/evidence review; not independent human review),2026-09-26,https://api.fdic.gov/banks/institutions
ccdb,MORGAN STANLEY & CO. LLC,MORGAN STANLEY & CO. LLC,E9C6D3A158F9C,MORGAN STANLEY,bank,549300GS0W0TEUQS8571,2489805,2162966,34221,549300GS0W0TEUQS8571,2021,https://files.ffiec.cfpb.gov/static-data/snapshot/2021/2021_public_panel_csv.zip,,,manual,Codex (individual identity/evidence review; not independent human review),2026-09-26,https://api.fdic.gov/banks/institutions
ccdb,MORGAN STANLEY & CO. LLC,MORGAN STANLEY & CO. LLC,E9C6D3A158F9C,MORGAN STANLEY,bank,549300GS0W0TEUQS8571,2489805,2162966,34221,549300GS0W0TEUQS8571,2022,https://files.ffiec.cfpb.gov/static-data/snapshot/2022/2022_public_panel_csv.zip,,,manual,Codex (individual identity/evidence review; not independent human review),2026-09-26,https://api.fdic.gov/banks/institutions
ccdb,MORGAN STANLEY & CO. LLC,MORGAN STANLEY & CO. LLC,E9C6D3A158F9C,MORGAN STANLEY,bank,549300GS0W0TEUQS8571,2489805,2162966,34221,549300GS0W0TEUQS8571,2023,https://files.ffiec.cfpb.gov/static-data/snapshot/2023/2023_public_panel_csv.zip,,,manual,Codex (individual identity/evidence review; not independent human review),2026-09-26,https://api.fdic.gov/banks/institutions
ccdb,MORGAN STANLEY & CO. LLC,MORGAN STANLEY & CO. LLC,E9C6D3A158F9C,MORGAN STANLEY,bank,549300GS0W0TEUQS8571,,2162966,,549300GS0W0TEUQS8571,2024,https://files.ffiec.cfpb.gov/static-data/snapshot/2024/2024_public_ts_csv.zip,,,manual,Codex (individual identity/evidence review; not independent human review),2026-09-26,https://api.fdic.gov/banks/institutions
ccdb,MORGAN STANLEY & CO. LLC,MORGAN STANLEY & CO. LLC,E9C6D3A158F9C,MORGAN STANLEY,bank,549300GS0W0TEUQS8571,,2162966,,549300GS0W0TEUQS8571,2025,https://files.ffiec.cfpb.gov/static-data/snapshot/2025/2025_public_ts_csv.zip,,,manual,Codex (individual identity/evidence review; not independent human review),2026-09-26,https://api.fdic.gov/banks/institutions
ccdb,MORGAN STANLEY & CO. LLC,MORGAN STANLEY & CO. LLC,E9C6D3A158F9C,MORGAN STANLEY,bank,,1456501,2162966,32992,,2026,https://api.fdic.gov/banks/institutions,,,manual,Codex (individual identity/evidence review; not independent human review),2026-09-26,https://api.fdic.gov/banks/institutions
ccdb,MORGAN STANLEY & CO. LLC,MORGAN STANLEY & CO. LLC,E9C6D3A158F9C,MORGAN STANLEY,bank,,2489805,2162966,34221,,2026,https://api.fdic.gov/banks/institutions,,,manual,Codex (individual identity/evidence review; not independent human review),2026-09-26,https://api.fdic.gov/banks/institutions
ccdb,Fairway Independent Mortgage Corporation,Fairway Independent Mortgage Corporation,E3E99D69D853D,Fairway Independent Mortgage Corporation,nonbank_originator,549300MGPZBLQDIL7538,3954355,,,549300MGPZBLQDIL7538,2018,https://files.ffiec.cfpb.gov/static-data/snapshot/2018/2018_public_panel_csv.zip,,,manual,Codex (individual identity/evidence review; not independent human review),2026-09-26,data/staging/stg_complaints.parquet
ccdb,Fairway Independent Mortgage Corporation,Fairway Independent Mortgage Corporation,E3E99D69D853D,Fairway Independent Mortgage Corporation,nonbank_originator,549300MGPZBLQDIL7538,3954355,,,549300MGPZBLQDIL7538,2019,https://files.ffiec.cfpb.gov/static-data/snapshot/2019/2019_public_panel_csv.zip,,,manual,Codex (individual identity/evidence review; not independent human review),2026-09-26,data/staging/stg_complaints.parquet
ccdb,Fairway Independent Mortgage Corporation,Fairway Independent Mortgage Corporation,E3E99D69D853D,Fairway Independent Mortgage Corporation,nonbank_originator,549300MGPZBLQDIL7538,3954355,,,549300MGPZBLQDIL7538,2020,https://files.ffiec.cfpb.gov/static-data/snapshot/2020/2020_public_panel_csv.zip,,,manual,Codex (individual identity/evidence review; not independent human review),2026-09-26,data/staging/stg_complaints.parquet
ccdb,Fairway Independent Mortgage Corporation,Fairway Independent Mortgage Corporation,E3E99D69D853D,Fairway Independent Mortgage Corporation,nonbank_originator,549300MGPZBLQDIL7538,3954355,,,549300MGPZBLQDIL7538,2021,https://files.ffiec.cfpb.gov/static-data/snapshot/2021/2021_public_panel_csv.zip,,,manual,Codex (individual identity/evidence review; not independent human review),2026-09-26,data/staging/stg_complaints.parquet
ccdb,Fairway Independent Mortgage Corporation,Fairway Independent Mortgage Corporation,E3E99D69D853D,Fairway Independent Mortgage Corporation,nonbank_originator,549300MGPZBLQDIL7538,3954355,,,549300MGPZBLQDIL7538,2022,https://files.ffiec.cfpb.gov/static-data/snapshot/2022/2022_public_panel_csv.zip,,,manual,Codex (individual identity/evidence review; not independent human review),2026-09-26,data/staging/stg_complaints.parquet
ccdb,Fairway Independent Mortgage Corporation,Fairway Independent Mortgage Corporation,E3E99D69D853D,Fairway Independent Mortgage Corporation,nonbank_originator,549300MGPZBLQDIL7538,3954355,,,549300MGPZBLQDIL7538,2023,https://files.ffiec.cfpb.gov/static-data/snapshot/2023/2023_public_panel_csv.zip,,,manual,Codex (individual identity/evidence review; not independent human review),2026-09-26,data/staging/stg_complaints.parquet
ccdb,Fairway Independent Mortgage Corporation,Fairway Independent Mortgage Corporation,E3E99D69D853D,Fairway Independent Mortgage Corporation,nonbank_originator,549300MGPZBLQDIL7538,,,,549300MGPZBLQDIL7538,2024,https://files.ffiec.cfpb.gov/static-data/snapshot/2024/2024_public_ts_csv.zip,,,manual,Codex (individual identity/evidence review; not independent human review),2026-09-26,data/staging/stg_complaints.parquet
ccdb,Fairway Independent Mortgage Corporation,Fairway Independent Mortgage Corporation,E3E99D69D853D,Fairway Independent Mortgage Corporation,nonbank_originator,549300MGPZBLQDIL7538,,,,549300MGPZBLQDIL7538,2025,https://files.ffiec.cfpb.gov/static-data/snapshot/2025/2025_public_ts_csv.zip,,,manual,Codex (individual identity/evidence review; not independent human review),2026-09-26,data/staging/stg_complaints.parquet
ccdb,TFS FINANCIAL CORPORATION,TFS FINANCIAL CORPORATION,EEA501D46F351,THIRD FS&LA OF CLEVELAND MHC,bank,5493008CPTDVOS570626,915878,3828036,30012,5493008CPTDVOS570626,2018,https://files.ffiec.cfpb.gov/static-data/snapshot/2018/2018_public_panel_csv.zip,,,manual,Codex (individual identity/evidence review; not independent human review),2026-09-26,https://api.fdic.gov/banks/institutions
ccdb,TFS FINANCIAL CORPORATION,TFS FINANCIAL CORPORATION,EEA501D46F351,THIRD FS&LA OF CLEVELAND MHC,bank,5493008CPTDVOS570626,915878,3828036,30012,5493008CPTDVOS570626,2019,https://files.ffiec.cfpb.gov/static-data/snapshot/2019/2019_public_panel_csv.zip,,,manual,Codex (individual identity/evidence review; not independent human review),2026-09-26,https://api.fdic.gov/banks/institutions
ccdb,TFS FINANCIAL CORPORATION,TFS FINANCIAL CORPORATION,EEA501D46F351,THIRD FS&LA OF CLEVELAND MHC,bank,5493008CPTDVOS570626,915878,3828036,30012,5493008CPTDVOS570626,2020,https://files.ffiec.cfpb.gov/static-data/snapshot/2020/2020_public_panel_csv.zip,,,manual,Codex (individual identity/evidence review; not independent human review),2026-09-26,https://api.fdic.gov/banks/institutions
ccdb,TFS FINANCIAL CORPORATION,TFS FINANCIAL CORPORATION,EEA501D46F351,THIRD FS&LA OF CLEVELAND MHC,bank,5493008CPTDVOS570626,915878,3828036,30012,5493008CPTDVOS570626,2021,https://files.ffiec.cfpb.gov/static-data/snapshot/2021/2021_public_panel_csv.zip,,,manual,Codex (individual identity/evidence review; not independent human review),2026-09-26,https://api.fdic.gov/banks/institutions
ccdb,TFS FINANCIAL CORPORATION,TFS FINANCIAL CORPORATION,EEA501D46F351,THIRD FS&LA OF CLEVELAND MHC,bank,5493008CPTDVOS570626,915878,3828036,30012,5493008CPTDVOS570626,2022,https://files.ffiec.cfpb.gov/static-data/snapshot/2022/2022_public_panel_csv.zip,,,manual,Codex (individual identity/evidence review; not independent human review),2026-09-26,https://api.fdic.gov/banks/institutions
ccdb,TFS FINANCIAL CORPORATION,TFS FINANCIAL CORPORATION,EEA501D46F351,THIRD FS&LA OF CLEVELAND MHC,bank,5493008CPTDVOS570626,915878,3828036,30012,5493008CPTDVOS570626,2023,https://files.ffiec.cfpb.gov/static-data/snapshot/2023/2023_public_panel_csv.zip,,,manual,Codex (individual identity/evidence review; not independent human review),2026-09-26,https://api.fdic.gov/banks/institutions
ccdb,TFS FINANCIAL CORPORATION,TFS FINANCIAL CORPORATION,EEA501D46F351,THIRD FS&LA OF CLEVELAND MHC,bank,5493008CPTDVOS570626,,3828036,,5493008CPTDVOS570626,2024,https://files.ffiec.cfpb.gov/static-data/snapshot/2024/2024_public_ts_csv.zip,,,manual,Codex (individual identity/evidence review; not independent human review),2026-09-26,https://api.fdic.gov/banks/institutions
ccdb,TFS FINANCIAL CORPORATION,TFS FINANCIAL CORPORATION,EEA501D46F351,THIRD FS&LA OF CLEVELAND MHC,bank,5493008CPTDVOS570626,,3828036,,5493008CPTDVOS570626,2025,https://files.ffiec.cfpb.gov/static-data/snapshot/2025/2025_public_ts_csv.zip,,,manual,Codex (individual identity/evidence review; not independent human review),2026-09-26,https://api.fdic.gov/banks/institutions
ccdb,TFS FINANCIAL CORPORATION,TFS FINANCIAL CORPORATION,EEA501D46F351,THIRD FS&LA OF CLEVELAND MHC,bank,,915878,3828036,30012,,2026,https://api.fdic.gov/banks/institutions,,,manual,Codex (individual identity/evidence review; not independent human review),2026-09-26,https://api.fdic.gov/banks/institutions
ccdb,Data Mortgage Inc.,Data Mortgage Inc.,E3083051A1527,Data Mortgage Inc.,nonbank_originator,5493008E4KBJCB6UKR64,3880829,,,5493008E4KBJCB6UKR64,2018,https://files.ffiec.cfpb.gov/static-data/snapshot/2018/2018_public_panel_csv.zip,,,manual,Codex (individual identity/evidence review; not independent human review),2026-09-26,data/staging/stg_complaints.parquet
ccdb,Data Mortgage Inc.,Data Mortgage Inc.,E3083051A1527,Data Mortgage Inc.,nonbank_originator,5493008E4KBJCB6UKR64,3880829,,,5493008E4KBJCB6UKR64,2019,https://files.ffiec.cfpb.gov/static-data/snapshot/2019/2019_public_panel_csv.zip,,,manual,Codex (individual identity/evidence review; not independent human review),2026-09-26,data/staging/stg_complaints.parquet
ccdb,Data Mortgage Inc.,Data Mortgage Inc.,E3083051A1527,Data Mortgage Inc.,nonbank_originator,5493008E4KBJCB6UKR64,3880829,,,5493008E4KBJCB6UKR64,2020,https://files.ffiec.cfpb.gov/static-data/snapshot/2020/2020_public_panel_csv.zip,,,manual,Codex (individual identity/evidence review; not independent human review),2026-09-26,data/staging/stg_complaints.parquet
ccdb,Data Mortgage Inc.,Data Mortgage Inc.,E3083051A1527,Data Mortgage Inc.,nonbank_originator,5493008E4KBJCB6UKR64,3880829,,,5493008E4KBJCB6UKR64,2021,https://files.ffiec.cfpb.gov/static-data/snapshot/2021/2021_public_panel_csv.zip,,,manual,Codex (individual identity/evidence review; not independent human review),2026-09-26,data/staging/stg_complaints.parquet
ccdb,Data Mortgage Inc.,Data Mortgage Inc.,E3083051A1527,Data Mortgage Inc.,nonbank_originator,5493008E4KBJCB6UKR64,3880829,,,5493008E4KBJCB6UKR64,2022,https://files.ffiec.cfpb.gov/static-data/snapshot/2022/2022_public_panel_csv.zip,,,manual,Codex (individual identity/evidence review; not independent human review),2026-09-26,data/staging/stg_complaints.parquet
ccdb,Data Mortgage Inc.,Data Mortgage Inc.,E3083051A1527,Data Mortgage Inc.,nonbank_originator,5493008E4KBJCB6UKR64,3880829,,,5493008E4KBJCB6UKR64,2023,https://files.ffiec.cfpb.gov/static-data/snapshot/2023/2023_public_panel_csv.zip,,,manual,Codex (individual identity/evidence review; not independent human review),2026-09-26,data/staging/stg_complaints.parquet
ccdb,Data Mortgage Inc.,Data Mortgage Inc.,E3083051A1527,Data Mortgage Inc.,nonbank_originator,5493008E4KBJCB6UKR64,,,,5493008E4KBJCB6UKR64,2024,https://files.ffiec.cfpb.gov/static-data/snapshot/2024/2024_public_ts_csv.zip,,,manual,Codex (individual identity/evidence review; not independent human review),2026-09-26,data/staging/stg_complaints.parquet
ccdb,Data Mortgage Inc.,Data Mortgage Inc.,E3083051A1527,Data Mortgage Inc.,nonbank_originator,5493008E4KBJCB6UKR64,,,,5493008E4KBJCB6UKR64,2025,https://files.ffiec.cfpb.gov/static-data/snapshot/2025/2025_public_ts_csv.zip,,,manual,Codex (individual identity/evidence review; not independent human review),2026-09-26,data/staging/stg_complaints.parquet
ccdb,"PLAZA HOME MORTGAGE, INC.","PLAZA HOME MORTGAGE, INC.",EDE60FD674DA6,"PLAZA HOME MORTGAGE, INC.",nonbank_originator,549300JYXTZDSPJEPI44,3897500,,,549300JYXTZDSPJEPI44,2018,https://files.ffiec.cfpb.gov/static-data/snapshot/2018/2018_public_panel_csv.zip,,,manual,Codex (individual identity/evidence review; not independent human review),2026-09-26,data/staging/stg_complaints.parquet
ccdb,"PLAZA HOME MORTGAGE, INC.","PLAZA HOME MORTGAGE, INC.",EDE60FD674DA6,"PLAZA HOME MORTGAGE, INC.",nonbank_originator,549300JYXTZDSPJEPI44,3897500,,,549300JYXTZDSPJEPI44,2019,https://files.ffiec.cfpb.gov/static-data/snapshot/2019/2019_public_panel_csv.zip,,,manual,Codex (individual identity/evidence review; not independent human review),2026-09-26,data/staging/stg_complaints.parquet
ccdb,"PLAZA HOME MORTGAGE, INC.","PLAZA HOME MORTGAGE, INC.",EDE60FD674DA6,"PLAZA HOME MORTGAGE, INC.",nonbank_originator,549300JYXTZDSPJEPI44,3897500,,,549300JYXTZDSPJEPI44,2020,https://files.ffiec.cfpb.gov/static-data/snapshot/2020/2020_public_panel_csv.zip,,,manual,Codex (individual identity/evidence review; not independent human review),2026-09-26,data/staging/stg_complaints.parquet
ccdb,"PLAZA HOME MORTGAGE, INC.","PLAZA HOME MORTGAGE, INC.",EDE60FD674DA6,"PLAZA HOME MORTGAGE, INC.",nonbank_originator,549300JYXTZDSPJEPI44,3897500,,,549300JYXTZDSPJEPI44,2021,https://files.ffiec.cfpb.gov/static-data/snapshot/2021/2021_public_panel_csv.zip,,,manual,Codex (individual identity/evidence review; not independent human review),2026-09-26,data/staging/stg_complaints.parquet
ccdb,"PLAZA HOME MORTGAGE, INC.","PLAZA HOME MORTGAGE, INC.",EDE60FD674DA6,"PLAZA HOME MORTGAGE, INC.",nonbank_originator,549300JYXTZDSPJEPI44,3897500,,,549300JYXTZDSPJEPI44,2022,https://files.ffiec.cfpb.gov/static-data/snapshot/2022/2022_public_panel_csv.zip,,,manual,Codex (individual identity/evidence review; not independent human review),2026-09-26,data/staging/stg_complaints.parquet
ccdb,"PLAZA HOME MORTGAGE, INC.","PLAZA HOME MORTGAGE, INC.",EDE60FD674DA6,"PLAZA HOME MORTGAGE, INC.",nonbank_originator,549300JYXTZDSPJEPI44,3897500,,,549300JYXTZDSPJEPI44,2023,https://files.ffiec.cfpb.gov/static-data/snapshot/2023/2023_public_panel_csv.zip,,,manual,Codex (individual identity/evidence review; not independent human review),2026-09-26,data/staging/stg_complaints.parquet
ccdb,"PLAZA HOME MORTGAGE, INC.","PLAZA HOME MORTGAGE, INC.",EDE60FD674DA6,"PLAZA HOME MORTGAGE, INC.",nonbank_originator,549300JYXTZDSPJEPI44,,,,549300JYXTZDSPJEPI44,2024,https://files.ffiec.cfpb.gov/static-data/snapshot/2024/2024_public_ts_csv.zip,,,manual,Codex (individual identity/evidence review; not independent human review),2026-09-26,data/staging/stg_complaints.parquet
ccdb,"PLAZA HOME MORTGAGE, INC.","PLAZA HOME MORTGAGE, INC.",EDE60FD674DA6,"PLAZA HOME MORTGAGE, INC.",nonbank_originator,549300JYXTZDSPJEPI44,,,,549300JYXTZDSPJEPI44,2025,https://files.ffiec.cfpb.gov/static-data/snapshot/2025/2025_public_ts_csv.zip,,,manual,Codex (individual identity/evidence review; not independent human review),2026-09-26,data/staging/stg_complaints.parquet
ccdb,AMERIS BANCORP,AMERIS BANCORP,EEABDDDD2DFE8,AMERIS BCORP,bank,IUGPUX5LWRZ3B6KIZ697,764030,1082067,20504,IUGPUX5LWRZ3B6KIZ697,2018,https://files.ffiec.cfpb.gov/static-data/snapshot/2018/2018_public_panel_csv.zip,,,manual,Codex (individual identity/evidence review; not independent human review),2026-09-26,https://api.fdic.gov/banks/institutions
ccdb,AMERIS BANCORP,AMERIS BANCORP,EEABDDDD2DFE8,AMERIS BCORP,bank,IUGPUX5LWRZ3B6KIZ697,764030,1082067,20504,IUGPUX5LWRZ3B6KIZ697,2019,https://files.ffiec.cfpb.gov/static-data/snapshot/2019/2019_public_panel_csv.zip,,,manual,Codex (individual identity/evidence review; not independent human review),2026-09-26,https://api.fdic.gov/banks/institutions
ccdb,AMERIS BANCORP,AMERIS BANCORP,EEABDDDD2DFE8,AMERIS BCORP,bank,IUGPUX5LWRZ3B6KIZ697,764030,1082067,20504,IUGPUX5LWRZ3B6KIZ697,2020,https://files.ffiec.cfpb.gov/static-data/snapshot/2020/2020_public_panel_csv.zip,,,manual,Codex (individual identity/evidence review; not independent human review),2026-09-26,https://api.fdic.gov/banks/institutions
ccdb,AMERIS BANCORP,AMERIS BANCORP,EEABDDDD2DFE8,AMERIS BCORP,bank,IUGPUX5LWRZ3B6KIZ697,764030,1082067,20504,IUGPUX5LWRZ3B6KIZ697,2021,https://files.ffiec.cfpb.gov/static-data/snapshot/2021/2021_public_panel_csv.zip,,,manual,Codex (individual identity/evidence review; not independent human review),2026-09-26,https://api.fdic.gov/banks/institutions
ccdb,AMERIS BANCORP,AMERIS BANCORP,EEABDDDD2DFE8,AMERIS BCORP,bank,IUGPUX5LWRZ3B6KIZ697,764030,1082067,20504,IUGPUX5LWRZ3B6KIZ697,2022,https://files.ffiec.cfpb.gov/static-data/snapshot/2022/2022_public_panel_csv.zip,,,manual,Codex (individual identity/evidence review; not independent human review),2026-09-26,https://api.fdic.gov/banks/institutions
ccdb,AMERIS BANCORP,AMERIS BANCORP,EEABDDDD2DFE8,AMERIS BCORP,bank,IUGPUX5LWRZ3B6KIZ697,764030,1082067,20504,IUGPUX5LWRZ3B6KIZ697,2023,https://files.ffiec.cfpb.gov/static-data/snapshot/2023/2023_public_panel_csv.zip,,,manual,Codex (individual identity/evidence review; not independent human review),2026-09-26,https://api.fdic.gov/banks/institutions
ccdb,AMERIS BANCORP,AMERIS BANCORP,EEABDDDD2DFE8,AMERIS BCORP,bank,IUGPUX5LWRZ3B6KIZ697,,1082067,,IUGPUX5LWRZ3B6KIZ697,2024,https://files.ffiec.cfpb.gov/static-data/snapshot/2024/2024_public_ts_csv.zip,,,manual,Codex (individual identity/evidence review; not independent human review),2026-09-26,https://api.fdic.gov/banks/institutions
ccdb,AMERIS BANCORP,AMERIS BANCORP,EEABDDDD2DFE8,AMERIS BCORP,bank,IUGPUX5LWRZ3B6KIZ697,,1082067,,IUGPUX5LWRZ3B6KIZ697,2025,https://files.ffiec.cfpb.gov/static-data/snapshot/2025/2025_public_ts_csv.zip,,,manual,Codex (individual identity/evidence review; not independent human review),2026-09-26,https://api.fdic.gov/banks/institutions
ccdb,AMERIS BANCORP,AMERIS BANCORP,EEABDDDD2DFE8,AMERIS BCORP,bank,,764030,1082067,20504,,2026,https://api.fdic.gov/banks/institutions,,,manual,Codex (individual identity/evidence review; not independent human review),2026-09-26,https://api.fdic.gov/banks/institutions
ccdb,Finance of America Holdings LLC,Finance of America Holdings LLC,E55D8798567B8,Finance of America Holdings LLC,nonbank_originator,,,,,,,No verified reporter/bank identifier; identity only,,,manual,Codex (individual identity/evidence review; not independent human review),2026-09-26,data/staging/stg_complaints.parquet
ccdb,DISCOVER BANK,DISCOVER BANK,E9291B3C42904,DISCOVER FINANCIAL SERVICES,bank,X05BVSK68TQ7YTOSNR22,30810,3846375,5649,X05BVSK68TQ7YTOSNR22,2018,https://files.ffiec.cfpb.gov/static-data/snapshot/2018/2018_public_panel_csv.zip,,,manual,Codex (individual identity/evidence review; not independent human review),2026-09-26,https://api.fdic.gov/banks/institutions
ccdb,DISCOVER BANK,DISCOVER BANK,E9291B3C42904,DISCOVER FINANCIAL SERVICES,bank,X05BVSK68TQ7YTOSNR22,30810,3846375,5649,X05BVSK68TQ7YTOSNR22,2019,https://files.ffiec.cfpb.gov/static-data/snapshot/2019/2019_public_panel_csv.zip,,,manual,Codex (individual identity/evidence review; not independent human review),2026-09-26,https://api.fdic.gov/banks/institutions
ccdb,DISCOVER BANK,DISCOVER BANK,E9291B3C42904,DISCOVER FINANCIAL SERVICES,bank,X05BVSK68TQ7YTOSNR22,30810,3846375,5649,X05BVSK68TQ7YTOSNR22,2020,https://files.ffiec.cfpb.gov/static-data/snapshot/2020/2020_public_panel_csv.zip,,,manual,Codex (individual identity/evidence review; not independent human review),2026-09-26,https://api.fdic.gov/banks/institutions
ccdb,DISCOVER BANK,DISCOVER BANK,E9291B3C42904,DISCOVER FINANCIAL SERVICES,bank,X05BVSK68TQ7YTOSNR22,30810,3846375,5649,X05BVSK68TQ7YTOSNR22,2021,https://files.ffiec.cfpb.gov/static-data/snapshot/2021/2021_public_panel_csv.zip,,,manual,Codex (individual identity/evidence review; not independent human review),2026-09-26,https://api.fdic.gov/banks/institutions
ccdb,DISCOVER BANK,DISCOVER BANK,E9291B3C42904,DISCOVER FINANCIAL SERVICES,bank,X05BVSK68TQ7YTOSNR22,30810,3846375,5649,X05BVSK68TQ7YTOSNR22,2022,https://files.ffiec.cfpb.gov/static-data/snapshot/2022/2022_public_panel_csv.zip,,,manual,Codex (individual identity/evidence review; not independent human review),2026-09-26,https://api.fdic.gov/banks/institutions
ccdb,DISCOVER BANK,DISCOVER BANK,E9291B3C42904,DISCOVER FINANCIAL SERVICES,bank,X05BVSK68TQ7YTOSNR22,30810,3846375,5649,X05BVSK68TQ7YTOSNR22,2023,https://files.ffiec.cfpb.gov/static-data/snapshot/2023/2023_public_panel_csv.zip,,,manual,Codex (individual identity/evidence review; not independent human review),2026-09-26,https://api.fdic.gov/banks/institutions
ccdb,DISCOVER BANK,DISCOVER BANK,E9291B3C42904,DISCOVER FINANCIAL SERVICES,bank,X05BVSK68TQ7YTOSNR22,,3846375,,X05BVSK68TQ7YTOSNR22,2024,https://files.ffiec.cfpb.gov/static-data/snapshot/2024/2024_public_ts_csv.zip,,,manual,Codex (individual identity/evidence review; not independent human review),2026-09-26,https://api.fdic.gov/banks/institutions
ccdb,DISCOVER BANK,DISCOVER BANK,E9291B3C42904,DISCOVER FINANCIAL SERVICES,bank,X05BVSK68TQ7YTOSNR22,,3846375,,X05BVSK68TQ7YTOSNR22,2025,https://files.ffiec.cfpb.gov/static-data/snapshot/2025/2025_public_ts_csv.zip,,,manual,Codex (individual identity/evidence review; not independent human review),2026-09-26,https://api.fdic.gov/banks/institutions
ccdb,DISCOVER BANK,DISCOVER BANK,E9291B3C42904,DISCOVER FINANCIAL SERVICES,bank,,30810,3846375,5649,,2026,https://api.fdic.gov/banks/institutions,,,manual,Codex (individual identity/evidence review; not independent human review),2026-09-26,https://api.fdic.gov/banks/institutions
ccdb,Quality Loan Service Corporation,Quality Loan Service Corporation,E6F4E7AB27D33,Quality Loan Service Corporation,other,,,,,,,No verified reporter/bank identifier; identity only,,,manual,Codex (individual identity/evidence review; not independent human review),2026-09-26,data/staging/stg_complaints.parquet
ccdb,"Lennar Financial Services, LLC","Lennar Financial Services, LLC",E31BF475DBBDE,"Lennar Financial Services, LLC",nonbank_originator,,,,,,,No verified reporter/bank identifier; identity only,,,manual,Codex (individual identity/evidence review; not independent human review),2026-09-26,data/staging/stg_complaints.parquet
ccdb,BANK OF THE WEST,BANK OF THE WEST,E5823FB9F8455,BNP PARIBAS,bank,QOT5WN9RBKQTFRVKEV31,804963,1231968,3514,QOT5WN9RBKQTFRVKEV31,2018,https://files.ffiec.cfpb.gov/static-data/snapshot/2018/2018_public_panel_csv.zip,,,manual,Codex (individual identity/evidence review; not independent human review),2026-09-26,https://api.fdic.gov/banks/institutions
ccdb,BANK OF THE WEST,BANK OF THE WEST,E5823FB9F8455,BNP PARIBAS,bank,QOT5WN9RBKQTFRVKEV31,804963,1231968,3514,QOT5WN9RBKQTFRVKEV31,2019,https://files.ffiec.cfpb.gov/static-data/snapshot/2019/2019_public_panel_csv.zip,,,manual,Codex (individual identity/evidence review; not independent human review),2026-09-26,https://api.fdic.gov/banks/institutions
ccdb,BANK OF THE WEST,BANK OF THE WEST,E5823FB9F8455,BNP PARIBAS,bank,QOT5WN9RBKQTFRVKEV31,804963,1231968,3514,QOT5WN9RBKQTFRVKEV31,2020,https://files.ffiec.cfpb.gov/static-data/snapshot/2020/2020_public_panel_csv.zip,,,manual,Codex (individual identity/evidence review; not independent human review),2026-09-26,https://api.fdic.gov/banks/institutions
ccdb,BANK OF THE WEST,BANK OF THE WEST,E5823FB9F8455,BNP PARIBAS,bank,QOT5WN9RBKQTFRVKEV31,804963,1231968,3514,QOT5WN9RBKQTFRVKEV31,2021,https://files.ffiec.cfpb.gov/static-data/snapshot/2021/2021_public_panel_csv.zip,,,manual,Codex (individual identity/evidence review; not independent human review),2026-09-26,https://api.fdic.gov/banks/institutions
ccdb,BANK OF THE WEST,BANK OF THE WEST,E5823FB9F8455,BNP PARIBAS,bank,QOT5WN9RBKQTFRVKEV31,804963,1231968,3514,QOT5WN9RBKQTFRVKEV31,2022,https://files.ffiec.cfpb.gov/static-data/snapshot/2022/2022_public_panel_csv.zip,,,manual,Codex (individual identity/evidence review; not independent human review),2026-09-26,https://api.fdic.gov/banks/institutions
ccdb,BANK OF THE WEST,BANK OF THE WEST,E5823FB9F8455,BNP PARIBAS,bank,QOT5WN9RBKQTFRVKEV31,804963,1231968,3514,QOT5WN9RBKQTFRVKEV31,2023,https://files.ffiec.cfpb.gov/static-data/snapshot/2023/2023_public_panel_csv.zip,,,manual,Codex (individual identity/evidence review; not independent human review),2026-09-26,https://api.fdic.gov/banks/institutions
ccdb,BANK OF THE WEST,BANK OF THE WEST,E5823FB9F8455,BNP PARIBAS,bank,,804963,1231968,3514,,2026,https://api.fdic.gov/banks/institutions,,,manual,Codex (individual identity/evidence review; not independent human review),2026-09-26,https://api.fdic.gov/banks/institutions
ccdb,"Fidelity National Financial, Inc","Fidelity National Financial, Inc",E1FAABE5DBC7C,"Fidelity National Financial, Inc",other,,,,,,,No verified reporter/bank identifier; identity only,,,manual,Codex (individual identity/evidence review; not independent human review),2026-09-26,data/staging/stg_complaints.parquet
ccdb,PRIMARY RESIDENTIAL MORTGAGE,PRIMARY RESIDENTIAL MORTGAGE,EB7F1B7690613,PRIMARY RESIDENTIAL MORTGAGE,nonbank_originator,54930052M48FOD3CWA54,3877575,,,54930052M48FOD3CWA54,2018,https://files.ffiec.cfpb.gov/static-data/snapshot/2018/2018_public_panel_csv.zip,,,manual,Codex (individual identity/evidence review; not independent human review),2026-09-26,data/staging/stg_complaints.parquet
ccdb,PRIMARY RESIDENTIAL MORTGAGE,PRIMARY RESIDENTIAL MORTGAGE,EB7F1B7690613,PRIMARY RESIDENTIAL MORTGAGE,nonbank_originator,54930052M48FOD3CWA54,3877575,,,54930052M48FOD3CWA54,2019,https://files.ffiec.cfpb.gov/static-data/snapshot/2019/2019_public_panel_csv.zip,,,manual,Codex (individual identity/evidence review; not independent human review),2026-09-26,data/staging/stg_complaints.parquet
ccdb,PRIMARY RESIDENTIAL MORTGAGE,PRIMARY RESIDENTIAL MORTGAGE,EB7F1B7690613,PRIMARY RESIDENTIAL MORTGAGE,nonbank_originator,54930052M48FOD3CWA54,3877575,,,54930052M48FOD3CWA54,2020,https://files.ffiec.cfpb.gov/static-data/snapshot/2020/2020_public_panel_csv.zip,,,manual,Codex (individual identity/evidence review; not independent human review),2026-09-26,data/staging/stg_complaints.parquet
ccdb,PRIMARY RESIDENTIAL MORTGAGE,PRIMARY RESIDENTIAL MORTGAGE,EB7F1B7690613,PRIMARY RESIDENTIAL MORTGAGE,nonbank_originator,54930052M48FOD3CWA54,3877575,,,54930052M48FOD3CWA54,2021,https://files.ffiec.cfpb.gov/static-data/snapshot/2021/2021_public_panel_csv.zip,,,manual,Codex (individual identity/evidence review; not independent human review),2026-09-26,data/staging/stg_complaints.parquet
ccdb,PRIMARY RESIDENTIAL MORTGAGE,PRIMARY RESIDENTIAL MORTGAGE,EB7F1B7690613,PRIMARY RESIDENTIAL MORTGAGE,nonbank_originator,54930052M48FOD3CWA54,3877575,,,54930052M48FOD3CWA54,2022,https://files.ffiec.cfpb.gov/static-data/snapshot/2022/2022_public_panel_csv.zip,,,manual,Codex (individual identity/evidence review; not independent human review),2026-09-26,data/staging/stg_complaints.parquet
ccdb,PRIMARY RESIDENTIAL MORTGAGE,PRIMARY RESIDENTIAL MORTGAGE,EB7F1B7690613,PRIMARY RESIDENTIAL MORTGAGE,nonbank_originator,54930052M48FOD3CWA54,3877575,,,54930052M48FOD3CWA54,2023,https://files.ffiec.cfpb.gov/static-data/snapshot/2023/2023_public_panel_csv.zip,,,manual,Codex (individual identity/evidence review; not independent human review),2026-09-26,data/staging/stg_complaints.parquet
ccdb,PRIMARY RESIDENTIAL MORTGAGE,PRIMARY RESIDENTIAL MORTGAGE,EB7F1B7690613,PRIMARY RESIDENTIAL MORTGAGE,nonbank_originator,54930052M48FOD3CWA54,,,,54930052M48FOD3CWA54,2024,https://files.ffiec.cfpb.gov/static-data/snapshot/2024/2024_public_ts_csv.zip,,,manual,Codex (individual identity/evidence review; not independent human review),2026-09-26,data/staging/stg_complaints.parquet
ccdb,PRIMARY RESIDENTIAL MORTGAGE,PRIMARY RESIDENTIAL MORTGAGE,EB7F1B7690613,PRIMARY RESIDENTIAL MORTGAGE,nonbank_originator,54930052M48FOD3CWA54,,,,54930052M48FOD3CWA54,2025,https://files.ffiec.cfpb.gov/static-data/snapshot/2025/2025_public_ts_csv.zip,,,manual,Codex (individual identity/evidence review; not independent human review),2026-09-26,data/staging/stg_complaints.parquet
ccdb,PARAMOUNT RESIDENTIAL MORTGAGE GROUP,PARAMOUNT RESIDENTIAL MORTGAGE GROUP,EB65DCEF09CD6,PARAMOUNT RESIDENTIAL MORTGAGE GROUP,nonbank_originator,254900ZFWS2106HWPH46,3897443,,,254900ZFWS2106HWPH46,2018,https://files.ffiec.cfpb.gov/static-data/snapshot/2018/2018_public_panel_csv.zip,,,manual,Codex (individual identity/evidence review; not independent human review),2026-09-26,data/staging/stg_complaints.parquet
ccdb,PARAMOUNT RESIDENTIAL MORTGAGE GROUP,PARAMOUNT RESIDENTIAL MORTGAGE GROUP,EB65DCEF09CD6,PARAMOUNT RESIDENTIAL MORTGAGE GROUP,nonbank_originator,254900ZFWS2106HWPH46,3897443,,,254900ZFWS2106HWPH46,2019,https://files.ffiec.cfpb.gov/static-data/snapshot/2019/2019_public_panel_csv.zip,,,manual,Codex (individual identity/evidence review; not independent human review),2026-09-26,data/staging/stg_complaints.parquet
ccdb,PARAMOUNT RESIDENTIAL MORTGAGE GROUP,PARAMOUNT RESIDENTIAL MORTGAGE GROUP,EB65DCEF09CD6,PARAMOUNT RESIDENTIAL MORTGAGE GROUP,nonbank_originator,254900ZFWS2106HWPH46,3897443,,,254900ZFWS2106HWPH46,2020,https://files.ffiec.cfpb.gov/static-data/snapshot/2020/2020_public_panel_csv.zip,,,manual,Codex (individual identity/evidence review; not independent human review),2026-09-26,data/staging/stg_complaints.parquet
ccdb,PARAMOUNT RESIDENTIAL MORTGAGE GROUP,PARAMOUNT RESIDENTIAL MORTGAGE GROUP,EB65DCEF09CD6,PARAMOUNT RESIDENTIAL MORTGAGE GROUP,nonbank_originator,254900ZFWS2106HWPH46,3897443,,,254900ZFWS2106HWPH46,2021,https://files.ffiec.cfpb.gov/static-data/snapshot/2021/2021_public_panel_csv.zip,,,manual,Codex (individual identity/evidence review; not independent human review),2026-09-26,data/staging/stg_complaints.parquet
ccdb,PARAMOUNT RESIDENTIAL MORTGAGE GROUP,PARAMOUNT RESIDENTIAL MORTGAGE GROUP,EB65DCEF09CD6,PARAMOUNT RESIDENTIAL MORTGAGE GROUP,nonbank_originator,254900ZFWS2106HWPH46,3897443,,,254900ZFWS2106HWPH46,2022,https://files.ffiec.cfpb.gov/static-data/snapshot/2022/2022_public_panel_csv.zip,,,manual,Codex (individual identity/evidence review; not independent human review),2026-09-26,data/staging/stg_complaints.parquet
ccdb,PARAMOUNT RESIDENTIAL MORTGAGE GROUP,PARAMOUNT RESIDENTIAL MORTGAGE GROUP,EB65DCEF09CD6,PARAMOUNT RESIDENTIAL MORTGAGE GROUP,nonbank_originator,254900ZFWS2106HWPH46,3897443,,,254900ZFWS2106HWPH46,2023,https://files.ffiec.cfpb.gov/static-data/snapshot/2023/2023_public_panel_csv.zip,,,manual,Codex (individual identity/evidence review; not independent human review),2026-09-26,data/staging/stg_complaints.parquet
ccdb,PARAMOUNT RESIDENTIAL MORTGAGE GROUP,PARAMOUNT RESIDENTIAL MORTGAGE GROUP,EB65DCEF09CD6,PARAMOUNT RESIDENTIAL MORTGAGE GROUP,nonbank_originator,254900ZFWS2106HWPH46,,,,254900ZFWS2106HWPH46,2024,https://files.ffiec.cfpb.gov/static-data/snapshot/2024/2024_public_ts_csv.zip,,,manual,Codex (individual identity/evidence review; not independent human review),2026-09-26,data/staging/stg_complaints.parquet
ccdb,PARAMOUNT RESIDENTIAL MORTGAGE GROUP,PARAMOUNT RESIDENTIAL MORTGAGE GROUP,EB65DCEF09CD6,PARAMOUNT RESIDENTIAL MORTGAGE GROUP,nonbank_originator,254900ZFWS2106HWPH46,,,,254900ZFWS2106HWPH46,2025,https://files.ffiec.cfpb.gov/static-data/snapshot/2025/2025_public_ts_csv.zip,,,manual,Codex (individual identity/evidence review; not independent human review),2026-09-26,data/staging/stg_complaints.parquet
ccdb,Franklin Credit Management Corporation,Franklin Credit Management Corporation,E0FE83038482A,Franklin Credit Management Corporation,nonbank_servicer,,,,,,,No verified reporter/bank identifier; identity only,,,manual,Codex (individual identity/evidence review; not independent human review),2026-09-26,data/staging/stg_complaints.parquet
ccdb,Chrysalis Holdings LLC,Chrysalis Holdings LLC,EBD7B63074BE8,Chrysalis Holdings LLC,nonbank_originator,,,,,,,No verified reporter/bank identifier; identity only,,,manual,Codex (individual identity/evidence review; not independent human review),2026-09-26,data/staging/stg_complaints.parquet
ccdb,FRANKLIN AMERICAN MORTGAGE CO.,FRANKLIN AMERICAN MORTGAGE CO.,EC85B7D656E53,FRANKLIN AMERICAN MORTGAGE CO.,nonbank_originator,549300DT53TVM4JSTM24,3247123,,,549300DT53TVM4JSTM24,2018,https://files.ffiec.cfpb.gov/static-data/snapshot/2018/2018_public_panel_csv.zip,,,manual,Codex (individual identity/evidence review; not independent human review),2026-09-26,data/staging/stg_complaints.parquet
ccdb,FIRSTBANK PUERTO RICO,FIRSTBANK PUERTO RICO,EB2869CB18595,FIRST BCORP,bank,549300WWJ28EP3GZG107,510871,2744894,30387,549300WWJ28EP3GZG107,2018,https://files.ffiec.cfpb.gov/static-data/snapshot/2018/2018_public_panel_csv.zip,,,manual,Codex (individual identity/evidence review; not independent human review),2026-09-26,https://api.fdic.gov/banks/institutions
ccdb,FIRSTBANK PUERTO RICO,FIRSTBANK PUERTO RICO,EB2869CB18595,FIRST BCORP,bank,549300WWJ28EP3GZG107,510871,2744894,30387,549300WWJ28EP3GZG107,2019,https://files.ffiec.cfpb.gov/static-data/snapshot/2019/2019_public_panel_csv.zip,,,manual,Codex (individual identity/evidence review; not independent human review),2026-09-26,https://api.fdic.gov/banks/institutions
ccdb,FIRSTBANK PUERTO RICO,FIRSTBANK PUERTO RICO,EB2869CB18595,FIRST BCORP,bank,549300WWJ28EP3GZG107,510871,2744894,30387,549300WWJ28EP3GZG107,2020,https://files.ffiec.cfpb.gov/static-data/snapshot/2020/2020_public_panel_csv.zip,,,manual,Codex (individual identity/evidence review; not independent human review),2026-09-26,https://api.fdic.gov/banks/institutions
ccdb,FIRSTBANK PUERTO RICO,FIRSTBANK PUERTO RICO,EB2869CB18595,FIRST BCORP,bank,549300WWJ28EP3GZG107,510871,2744894,30387,549300WWJ28EP3GZG107,2021,https://files.ffiec.cfpb.gov/static-data/snapshot/2021/2021_public_panel_csv.zip,,,manual,Codex (individual identity/evidence review; not independent human review),2026-09-26,https://api.fdic.gov/banks/institutions
ccdb,FIRSTBANK PUERTO RICO,FIRSTBANK PUERTO RICO,EB2869CB18595,FIRST BCORP,bank,549300WWJ28EP3GZG107,510871,2744894,30387,549300WWJ28EP3GZG107,2022,https://files.ffiec.cfpb.gov/static-data/snapshot/2022/2022_public_panel_csv.zip,,,manual,Codex (individual identity/evidence review; not independent human review),2026-09-26,https://api.fdic.gov/banks/institutions
ccdb,FIRSTBANK PUERTO RICO,FIRSTBANK PUERTO RICO,EB2869CB18595,FIRST BCORP,bank,549300WWJ28EP3GZG107,510871,2744894,30387,549300WWJ28EP3GZG107,2023,https://files.ffiec.cfpb.gov/static-data/snapshot/2023/2023_public_panel_csv.zip,,,manual,Codex (individual identity/evidence review; not independent human review),2026-09-26,https://api.fdic.gov/banks/institutions
ccdb,FIRSTBANK PUERTO RICO,FIRSTBANK PUERTO RICO,EB2869CB18595,FIRST BCORP,bank,549300WWJ28EP3GZG107,,2744894,,549300WWJ28EP3GZG107,2024,https://files.ffiec.cfpb.gov/static-data/snapshot/2024/2024_public_ts_csv.zip,,,manual,Codex (individual identity/evidence review; not independent human review),2026-09-26,https://api.fdic.gov/banks/institutions
ccdb,FIRSTBANK PUERTO RICO,FIRSTBANK PUERTO RICO,EB2869CB18595,FIRST BCORP,bank,549300WWJ28EP3GZG107,,2744894,,549300WWJ28EP3GZG107,2025,https://files.ffiec.cfpb.gov/static-data/snapshot/2025/2025_public_ts_csv.zip,,,manual,Codex (individual identity/evidence review; not independent human review),2026-09-26,https://api.fdic.gov/banks/institutions
ccdb,FIRSTBANK PUERTO RICO,FIRSTBANK PUERTO RICO,EB2869CB18595,FIRST BCORP,bank,,510871,2744894,30387,,2026,https://api.fdic.gov/banks/institutions,,,manual,Codex (individual identity/evidence review; not independent human review),2026-09-26,https://api.fdic.gov/banks/institutions
ccdb,ASSOCIATED BANC-CORP,ASSOCIATED BANC-CORP,E4C7F433D63C0,ASSOCIATED BANC-CORP,bank,ZF85QS7OXKPBG52R7N18,917742,1199563,5296,ZF85QS7OXKPBG52R7N18,2018,https://files.ffiec.cfpb.gov/static-data/snapshot/2018/2018_public_panel_csv.zip,,,manual,Codex (individual identity/evidence review; not independent human review),2026-09-26,https://api.fdic.gov/banks/institutions
ccdb,ASSOCIATED BANC-CORP,ASSOCIATED BANC-CORP,E4C7F433D63C0,ASSOCIATED BANC-CORP,bank,ZF85QS7OXKPBG52R7N18,917742,1199563,5296,ZF85QS7OXKPBG52R7N18,2019,https://files.ffiec.cfpb.gov/static-data/snapshot/2019/2019_public_panel_csv.zip,,,manual,Codex (individual identity/evidence review; not independent human review),2026-09-26,https://api.fdic.gov/banks/institutions
ccdb,ASSOCIATED BANC-CORP,ASSOCIATED BANC-CORP,E4C7F433D63C0,ASSOCIATED BANC-CORP,bank,ZF85QS7OXKPBG52R7N18,917742,1199563,5296,ZF85QS7OXKPBG52R7N18,2020,https://files.ffiec.cfpb.gov/static-data/snapshot/2020/2020_public_panel_csv.zip,,,manual,Codex (individual identity/evidence review; not independent human review),2026-09-26,https://api.fdic.gov/banks/institutions
ccdb,ASSOCIATED BANC-CORP,ASSOCIATED BANC-CORP,E4C7F433D63C0,ASSOCIATED BANC-CORP,bank,ZF85QS7OXKPBG52R7N18,917742,1199563,5296,ZF85QS7OXKPBG52R7N18,2021,https://files.ffiec.cfpb.gov/static-data/snapshot/2021/2021_public_panel_csv.zip,,,manual,Codex (individual identity/evidence review; not independent human review),2026-09-26,https://api.fdic.gov/banks/institutions
ccdb,ASSOCIATED BANC-CORP,ASSOCIATED BANC-CORP,E4C7F433D63C0,ASSOCIATED BANC-CORP,bank,ZF85QS7OXKPBG52R7N18,917742,1199563,5296,ZF85QS7OXKPBG52R7N18,2022,https://files.ffiec.cfpb.gov/static-data/snapshot/2022/2022_public_panel_csv.zip,,,manual,Codex (individual identity/evidence review; not independent human review),2026-09-26,https://api.fdic.gov/banks/institutions
ccdb,ASSOCIATED BANC-CORP,ASSOCIATED BANC-CORP,E4C7F433D63C0,ASSOCIATED BANC-CORP,bank,ZF85QS7OXKPBG52R7N18,917742,1199563,5296,ZF85QS7OXKPBG52R7N18,2023,https://files.ffiec.cfpb.gov/static-data/snapshot/2023/2023_public_panel_csv.zip,,,manual,Codex (individual identity/evidence review; not independent human review),2026-09-26,https://api.fdic.gov/banks/institutions
ccdb,ASSOCIATED BANC-CORP,ASSOCIATED BANC-CORP,E4C7F433D63C0,ASSOCIATED BANC-CORP,bank,ZF85QS7OXKPBG52R7N18,,1199563,,ZF85QS7OXKPBG52R7N18,2024,https://files.ffiec.cfpb.gov/static-data/snapshot/2024/2024_public_ts_csv.zip,,,manual,Codex (individual identity/evidence review; not independent human review),2026-09-26,https://api.fdic.gov/banks/institutions
ccdb,ASSOCIATED BANC-CORP,ASSOCIATED BANC-CORP,E4C7F433D63C0,ASSOCIATED BANC-CORP,bank,ZF85QS7OXKPBG52R7N18,,1199563,,ZF85QS7OXKPBG52R7N18,2025,https://files.ffiec.cfpb.gov/static-data/snapshot/2025/2025_public_ts_csv.zip,,,manual,Codex (individual identity/evidence review; not independent human review),2026-09-26,https://api.fdic.gov/banks/institutions
ccdb,ASSOCIATED BANC-CORP,ASSOCIATED BANC-CORP,E4C7F433D63C0,ASSOCIATED BANC-CORP,bank,,917742,1199563,5296,,2026,https://api.fdic.gov/banks/institutions,,,manual,Codex (individual identity/evidence review; not independent human review),2026-09-26,https://api.fdic.gov/banks/institutions
ccdb,American Financial Network Inc.,American Financial Network Inc.,E6C300C66AB15,American Financial Network Inc.,nonbank_originator,5493008NWHQT1R22C024,4188175,,,5493008NWHQT1R22C024,2018,https://files.ffiec.cfpb.gov/static-data/snapshot/2018/2018_public_panel_csv.zip,,,manual,Codex (individual identity/evidence review; not independent human review),2026-09-26,data/staging/stg_complaints.parquet
ccdb,American Financial Network Inc.,American Financial Network Inc.,E6C300C66AB15,American Financial Network Inc.,nonbank_originator,5493008NWHQT1R22C024,4188175,,,5493008NWHQT1R22C024,2019,https://files.ffiec.cfpb.gov/static-data/snapshot/2019/2019_public_panel_csv.zip,,,manual,Codex (individual identity/evidence review; not independent human review),2026-09-26,data/staging/stg_complaints.parquet
ccdb,American Financial Network Inc.,American Financial Network Inc.,E6C300C66AB15,American Financial Network Inc.,nonbank_originator,5493008NWHQT1R22C024,4188175,,,5493008NWHQT1R22C024,2020,https://files.ffiec.cfpb.gov/static-data/snapshot/2020/2020_public_panel_csv.zip,,,manual,Codex (individual identity/evidence review; not independent human review),2026-09-26,data/staging/stg_complaints.parquet
ccdb,American Financial Network Inc.,American Financial Network Inc.,E6C300C66AB15,American Financial Network Inc.,nonbank_originator,5493008NWHQT1R22C024,4188175,,,5493008NWHQT1R22C024,2021,https://files.ffiec.cfpb.gov/static-data/snapshot/2021/2021_public_panel_csv.zip,,,manual,Codex (individual identity/evidence review; not independent human review),2026-09-26,data/staging/stg_complaints.parquet
ccdb,American Financial Network Inc.,American Financial Network Inc.,E6C300C66AB15,American Financial Network Inc.,nonbank_originator,5493008NWHQT1R22C024,4188175,,,5493008NWHQT1R22C024,2022,https://files.ffiec.cfpb.gov/static-data/snapshot/2022/2022_public_panel_csv.zip,,,manual,Codex (individual identity/evidence review; not independent human review),2026-09-26,data/staging/stg_complaints.parquet
ccdb,American Financial Network Inc.,American Financial Network Inc.,E6C300C66AB15,American Financial Network Inc.,nonbank_originator,5493008NWHQT1R22C024,4188175,,,5493008NWHQT1R22C024,2023,https://files.ffiec.cfpb.gov/static-data/snapshot/2023/2023_public_panel_csv.zip,,,manual,Codex (individual identity/evidence review; not independent human review),2026-09-26,data/staging/stg_complaints.parquet
ccdb,American Financial Network Inc.,American Financial Network Inc.,E6C300C66AB15,American Financial Network Inc.,nonbank_originator,5493008NWHQT1R22C024,,,,5493008NWHQT1R22C024,2024,https://files.ffiec.cfpb.gov/static-data/snapshot/2024/2024_public_ts_csv.zip,,,manual,Codex (individual identity/evidence review; not independent human review),2026-09-26,data/staging/stg_complaints.parquet
ccdb,American Financial Network Inc.,American Financial Network Inc.,E6C300C66AB15,American Financial Network Inc.,nonbank_originator,5493008NWHQT1R22C024,,,,5493008NWHQT1R22C024,2025,https://files.ffiec.cfpb.gov/static-data/snapshot/2025/2025_public_ts_csv.zip,,,manual,Codex (individual identity/evidence review; not independent human review),2026-09-26,data/staging/stg_complaints.parquet
ccdb,LAND HOME FINANCIAL SERVICES,LAND HOME FINANCIAL SERVICES,E4AED565BA8B0,LAND HOME FINANCIAL SERVICES,nonbank_originator,5493006RIR31ORKYB608,3885299,,,5493006RIR31ORKYB608,2018,https://files.ffiec.cfpb.gov/static-data/snapshot/2018/2018_public_panel_csv.zip,,,manual,Codex (individual identity/evidence review; not independent human review),2026-09-26,data/staging/stg_complaints.parquet
ccdb,LAND HOME FINANCIAL SERVICES,LAND HOME FINANCIAL SERVICES,E4AED565BA8B0,LAND HOME FINANCIAL SERVICES,nonbank_originator,5493006RIR31ORKYB608,3885299,,,5493006RIR31ORKYB608,2019,https://files.ffiec.cfpb.gov/static-data/snapshot/2019/2019_public_panel_csv.zip,,,manual,Codex (individual identity/evidence review; not independent human review),2026-09-26,data/staging/stg_complaints.parquet
ccdb,LAND HOME FINANCIAL SERVICES,LAND HOME FINANCIAL SERVICES,E4AED565BA8B0,LAND HOME FINANCIAL SERVICES,nonbank_originator,5493006RIR31ORKYB608,3885299,,,5493006RIR31ORKYB608,2020,https://files.ffiec.cfpb.gov/static-data/snapshot/2020/2020_public_panel_csv.zip,,,manual,Codex (individual identity/evidence review; not independent human review),2026-09-26,data/staging/stg_complaints.parquet
ccdb,LAND HOME FINANCIAL SERVICES,LAND HOME FINANCIAL SERVICES,E4AED565BA8B0,LAND HOME FINANCIAL SERVICES,nonbank_originator,5493006RIR31ORKYB608,3885299,,,5493006RIR31ORKYB608,2021,https://files.ffiec.cfpb.gov/static-data/snapshot/2021/2021_public_panel_csv.zip,,,manual,Codex (individual identity/evidence review; not independent human review),2026-09-26,data/staging/stg_complaints.parquet
ccdb,LAND HOME FINANCIAL SERVICES,LAND HOME FINANCIAL SERVICES,E4AED565BA8B0,LAND HOME FINANCIAL SERVICES,nonbank_originator,5493006RIR31ORKYB608,3885299,,,5493006RIR31ORKYB608,2022,https://files.ffiec.cfpb.gov/static-data/snapshot/2022/2022_public_panel_csv.zip,,,manual,Codex (individual identity/evidence review; not independent human review),2026-09-26,data/staging/stg_complaints.parquet
ccdb,LAND HOME FINANCIAL SERVICES,LAND HOME FINANCIAL SERVICES,E4AED565BA8B0,LAND HOME FINANCIAL SERVICES,nonbank_originator,5493006RIR31ORKYB608,3885299,,,5493006RIR31ORKYB608,2023,https://files.ffiec.cfpb.gov/static-data/snapshot/2023/2023_public_panel_csv.zip,,,manual,Codex (individual identity/evidence review; not independent human review),2026-09-26,data/staging/stg_complaints.parquet
ccdb,LAND HOME FINANCIAL SERVICES,LAND HOME FINANCIAL SERVICES,E4AED565BA8B0,LAND HOME FINANCIAL SERVICES,nonbank_originator,5493006RIR31ORKYB608,,,,5493006RIR31ORKYB608,2024,https://files.ffiec.cfpb.gov/static-data/snapshot/2024/2024_public_ts_csv.zip,,,manual,Codex (individual identity/evidence review; not independent human review),2026-09-26,data/staging/stg_complaints.parquet
ccdb,LAND HOME FINANCIAL SERVICES,LAND HOME FINANCIAL SERVICES,E4AED565BA8B0,LAND HOME FINANCIAL SERVICES,nonbank_originator,5493006RIR31ORKYB608,,,,5493006RIR31ORKYB608,2025,https://files.ffiec.cfpb.gov/static-data/snapshot/2025/2025_public_ts_csv.zip,,,manual,Codex (individual identity/evidence review; not independent human review),2026-09-26,data/staging/stg_complaints.parquet
ccdb,SYNCHRONY FINANCIAL,SYNCHRONY FINANCIAL,E2E0260B2F238,SYNCHRONY FINANCIAL,bank,,1216022,4504654,27314,,2026,https://api.fdic.gov/banks/institutions,,,manual,Codex (individual identity/evidence review; not independent human review),2026-09-26,https://api.fdic.gov/banks/institutions
ccdb,GATEWAY FIRST BANK,GATEWAY FIRST BANK,EC36798CEE27E,GATEWAY FIRST BCORP INC,bank,54930034MNPILHP25H80,3851427,5610860,15118,54930034MNPILHP25H80,2018,https://files.ffiec.cfpb.gov/static-data/snapshot/2018/2018_public_panel_csv.zip,,,manual,Codex (individual identity/evidence review; not independent human review),2026-09-26,https://api.fdic.gov/banks/institutions
ccdb,GATEWAY FIRST BANK,GATEWAY FIRST BANK,EC36798CEE27E,GATEWAY FIRST BCORP INC,bank,54930034MNPILHP25H80,3851427,5610860,15118,54930034MNPILHP25H80,2019,https://files.ffiec.cfpb.gov/static-data/snapshot/2019/2019_public_panel_csv.zip,,,manual,Codex (individual identity/evidence review; not independent human review),2026-09-26,https://api.fdic.gov/banks/institutions
ccdb,GATEWAY FIRST BANK,GATEWAY FIRST BANK,EC36798CEE27E,GATEWAY FIRST BCORP INC,bank,54930034MNPILHP25H80,3851427,5610860,15118,54930034MNPILHP25H80,2020,https://files.ffiec.cfpb.gov/static-data/snapshot/2020/2020_public_panel_csv.zip,,,manual,Codex (individual identity/evidence review; not independent human review),2026-09-26,https://api.fdic.gov/banks/institutions
ccdb,GATEWAY FIRST BANK,GATEWAY FIRST BANK,EC36798CEE27E,GATEWAY FIRST BCORP INC,bank,54930034MNPILHP25H80,3851427,5610860,15118,54930034MNPILHP25H80,2021,https://files.ffiec.cfpb.gov/static-data/snapshot/2021/2021_public_panel_csv.zip,,,manual,Codex (individual identity/evidence review; not independent human review),2026-09-26,https://api.fdic.gov/banks/institutions
ccdb,GATEWAY FIRST BANK,GATEWAY FIRST BANK,EC36798CEE27E,GATEWAY FIRST BCORP INC,bank,54930034MNPILHP25H80,3851427,5610860,15118,54930034MNPILHP25H80,2022,https://files.ffiec.cfpb.gov/static-data/snapshot/2022/2022_public_panel_csv.zip,,,manual,Codex (individual identity/evidence review; not independent human review),2026-09-26,https://api.fdic.gov/banks/institutions
ccdb,GATEWAY FIRST BANK,GATEWAY FIRST BANK,EC36798CEE27E,GATEWAY FIRST BCORP INC,bank,54930034MNPILHP25H80,3851427,5610860,15118,54930034MNPILHP25H80,2023,https://files.ffiec.cfpb.gov/static-data/snapshot/2023/2023_public_panel_csv.zip,,,manual,Codex (individual identity/evidence review; not independent human review),2026-09-26,https://api.fdic.gov/banks/institutions
ccdb,GATEWAY FIRST BANK,GATEWAY FIRST BANK,EC36798CEE27E,GATEWAY FIRST BCORP INC,bank,54930034MNPILHP25H80,,5610860,,54930034MNPILHP25H80,2024,https://files.ffiec.cfpb.gov/static-data/snapshot/2024/2024_public_ts_csv.zip,,,manual,Codex (individual identity/evidence review; not independent human review),2026-09-26,https://api.fdic.gov/banks/institutions
ccdb,GATEWAY FIRST BANK,GATEWAY FIRST BANK,EC36798CEE27E,GATEWAY FIRST BCORP INC,bank,54930034MNPILHP25H80,,5610860,,54930034MNPILHP25H80,2025,https://files.ffiec.cfpb.gov/static-data/snapshot/2025/2025_public_ts_csv.zip,,,manual,Codex (individual identity/evidence review; not independent human review),2026-09-26,https://api.fdic.gov/banks/institutions
ccdb,GATEWAY FIRST BANK,GATEWAY FIRST BANK,EC36798CEE27E,GATEWAY FIRST BCORP INC,bank,,3851427,5610860,15118,,2026,https://api.fdic.gov/banks/institutions,,,manual,Codex (individual identity/evidence review; not independent human review),2026-09-26,https://api.fdic.gov/banks/institutions
ccdb,"ONEMAIN FINANCIAL HOLDINGS, LLC.","ONEMAIN FINANCIAL HOLDINGS, LLC.",EDF0E7A6E82EF,"ONEMAIN FINANCIAL HOLDINGS, LLC.",other,,,,,,,No verified reporter/bank identifier; identity only,,,manual,Codex (individual identity/evidence review; not independent human review),2026-09-26,data/staging/stg_complaints.parquet
ccdb,FIRST NATIONAL BANK OF PENNSYLVANIA,FIRST NATIONAL BANK OF PENNSYLVANIA,EFC98082BDBFD,F N B CORP,bank,N8T7HW55LK5D2ORCKP39,379920,3005332,7888,N8T7HW55LK5D2ORCKP39,2018,https://files.ffiec.cfpb.gov/static-data/snapshot/2018/2018_public_panel_csv.zip,,,manual,Codex (individual identity/evidence review; not independent human review),2026-09-26,https://api.fdic.gov/banks/institutions
ccdb,FIRST NATIONAL BANK OF PENNSYLVANIA,FIRST NATIONAL BANK OF PENNSYLVANIA,EFC98082BDBFD,F N B CORP,bank,N8T7HW55LK5D2ORCKP39,379920,3005332,7888,N8T7HW55LK5D2ORCKP39,2019,https://files.ffiec.cfpb.gov/static-data/snapshot/2019/2019_public_panel_csv.zip,,,manual,Codex (individual identity/evidence review; not independent human review),2026-09-26,https://api.fdic.gov/banks/institutions
ccdb,FIRST NATIONAL BANK OF PENNSYLVANIA,FIRST NATIONAL BANK OF PENNSYLVANIA,EFC98082BDBFD,F N B CORP,bank,N8T7HW55LK5D2ORCKP39,379920,3005332,7888,N8T7HW55LK5D2ORCKP39,2020,https://files.ffiec.cfpb.gov/static-data/snapshot/2020/2020_public_panel_csv.zip,,,manual,Codex (individual identity/evidence review; not independent human review),2026-09-26,https://api.fdic.gov/banks/institutions
ccdb,FIRST NATIONAL BANK OF PENNSYLVANIA,FIRST NATIONAL BANK OF PENNSYLVANIA,EFC98082BDBFD,F N B CORP,bank,N8T7HW55LK5D2ORCKP39,379920,3005332,7888,N8T7HW55LK5D2ORCKP39,2021,https://files.ffiec.cfpb.gov/static-data/snapshot/2021/2021_public_panel_csv.zip,,,manual,Codex (individual identity/evidence review; not independent human review),2026-09-26,https://api.fdic.gov/banks/institutions
ccdb,FIRST NATIONAL BANK OF PENNSYLVANIA,FIRST NATIONAL BANK OF PENNSYLVANIA,EFC98082BDBFD,F N B CORP,bank,N8T7HW55LK5D2ORCKP39,379920,3005332,7888,N8T7HW55LK5D2ORCKP39,2022,https://files.ffiec.cfpb.gov/static-data/snapshot/2022/2022_public_panel_csv.zip,,,manual,Codex (individual identity/evidence review; not independent human review),2026-09-26,https://api.fdic.gov/banks/institutions
ccdb,FIRST NATIONAL BANK OF PENNSYLVANIA,FIRST NATIONAL BANK OF PENNSYLVANIA,EFC98082BDBFD,F N B CORP,bank,N8T7HW55LK5D2ORCKP39,379920,3005332,7888,N8T7HW55LK5D2ORCKP39,2023,https://files.ffiec.cfpb.gov/static-data/snapshot/2023/2023_public_panel_csv.zip,,,manual,Codex (individual identity/evidence review; not independent human review),2026-09-26,https://api.fdic.gov/banks/institutions
ccdb,FIRST NATIONAL BANK OF PENNSYLVANIA,FIRST NATIONAL BANK OF PENNSYLVANIA,EFC98082BDBFD,F N B CORP,bank,N8T7HW55LK5D2ORCKP39,,3005332,,N8T7HW55LK5D2ORCKP39,2024,https://files.ffiec.cfpb.gov/static-data/snapshot/2024/2024_public_ts_csv.zip,,,manual,Codex (individual identity/evidence review; not independent human review),2026-09-26,https://api.fdic.gov/banks/institutions
ccdb,FIRST NATIONAL BANK OF PENNSYLVANIA,FIRST NATIONAL BANK OF PENNSYLVANIA,EFC98082BDBFD,F N B CORP,bank,N8T7HW55LK5D2ORCKP39,,3005332,,N8T7HW55LK5D2ORCKP39,2025,https://files.ffiec.cfpb.gov/static-data/snapshot/2025/2025_public_ts_csv.zip,,,manual,Codex (individual identity/evidence review; not independent human review),2026-09-26,https://api.fdic.gov/banks/institutions
ccdb,FIRST NATIONAL BANK OF PENNSYLVANIA,FIRST NATIONAL BANK OF PENNSYLVANIA,EFC98082BDBFD,F N B CORP,bank,,379920,3005332,7888,,2026,https://api.fdic.gov/banks/institutions,,,manual,Codex (individual identity/evidence review; not independent human review),2026-09-26,https://api.fdic.gov/banks/institutions
ccdb,ZIONS BANCORPORATION,ZIONS BANCORPORATION,E1AC4ADE944DE,"Zions Bancorporation, N.A.",bank,8WH0EE09O9V05QJZ3V89,276579,,2270,8WH0EE09O9V05QJZ3V89,2018,https://files.ffiec.cfpb.gov/static-data/snapshot/2018/2018_public_panel_csv.zip,,,manual,Codex (individual identity/evidence review; not independent human review),2026-09-26,https://api.fdic.gov/banks/institutions
ccdb,ZIONS BANCORPORATION,ZIONS BANCORPORATION,E1AC4ADE944DE,"Zions Bancorporation, N.A.",bank,8WH0EE09O9V05QJZ3V89,276579,,2270,8WH0EE09O9V05QJZ3V89,2019,https://files.ffiec.cfpb.gov/static-data/snapshot/2019/2019_public_panel_csv.zip,,,manual,Codex (individual identity/evidence review; not independent human review),2026-09-26,https://api.fdic.gov/banks/institutions
ccdb,ZIONS BANCORPORATION,ZIONS BANCORPORATION,E1AC4ADE944DE,"Zions Bancorporation, N.A.",bank,8WH0EE09O9V05QJZ3V89,276579,,2270,8WH0EE09O9V05QJZ3V89,2020,https://files.ffiec.cfpb.gov/static-data/snapshot/2020/2020_public_panel_csv.zip,,,manual,Codex (individual identity/evidence review; not independent human review),2026-09-26,https://api.fdic.gov/banks/institutions
ccdb,ZIONS BANCORPORATION,ZIONS BANCORPORATION,E1AC4ADE944DE,"Zions Bancorporation, N.A.",bank,8WH0EE09O9V05QJZ3V89,276579,,2270,8WH0EE09O9V05QJZ3V89,2021,https://files.ffiec.cfpb.gov/static-data/snapshot/2021/2021_public_panel_csv.zip,,,manual,Codex (individual identity/evidence review; not independent human review),2026-09-26,https://api.fdic.gov/banks/institutions
ccdb,ZIONS BANCORPORATION,ZIONS BANCORPORATION,E1AC4ADE944DE,"Zions Bancorporation, N.A.",bank,8WH0EE09O9V05QJZ3V89,276579,,2270,8WH0EE09O9V05QJZ3V89,2022,https://files.ffiec.cfpb.gov/static-data/snapshot/2022/2022_public_panel_csv.zip,,,manual,Codex (individual identity/evidence review; not independent human review),2026-09-26,https://api.fdic.gov/banks/institutions
ccdb,ZIONS BANCORPORATION,ZIONS BANCORPORATION,E1AC4ADE944DE,"Zions Bancorporation, N.A.",bank,8WH0EE09O9V05QJZ3V89,276579,,2270,8WH0EE09O9V05QJZ3V89,2023,https://files.ffiec.cfpb.gov/static-data/snapshot/2023/2023_public_panel_csv.zip,,,manual,Codex (individual identity/evidence review; not independent human review),2026-09-26,https://api.fdic.gov/banks/institutions
ccdb,ZIONS BANCORPORATION,ZIONS BANCORPORATION,E1AC4ADE944DE,"Zions Bancorporation, N.A.",bank,8WH0EE09O9V05QJZ3V89,,,,8WH0EE09O9V05QJZ3V89,2024,https://files.ffiec.cfpb.gov/static-data/snapshot/2024/2024_public_ts_csv.zip,,,manual,Codex (individual identity/evidence review; not independent human review),2026-09-26,https://api.fdic.gov/banks/institutions
ccdb,ZIONS BANCORPORATION,ZIONS BANCORPORATION,E1AC4ADE944DE,"Zions Bancorporation, N.A.",bank,8WH0EE09O9V05QJZ3V89,,,,8WH0EE09O9V05QJZ3V89,2025,https://files.ffiec.cfpb.gov/static-data/snapshot/2025/2025_public_ts_csv.zip,,,manual,Codex (individual identity/evidence review; not independent human review),2026-09-26,https://api.fdic.gov/banks/institutions
ccdb,ZIONS BANCORPORATION,ZIONS BANCORPORATION,E1AC4ADE944DE,"Zions Bancorporation, N.A.",bank,,276579,,2270,,2026,https://api.fdic.gov/banks/institutions,,,manual,Codex (individual identity/evidence review; not independent human review),2026-09-26,https://api.fdic.gov/banks/institutions
ccdb,Union Home Mortgage Corp,Union Home Mortgage Corp,E5AD7D28D6C06,Union Home Mortgage Corp,nonbank_originator,549300RPOGWJRH63HS39,3837261,,,549300RPOGWJRH63HS39,2018,https://files.ffiec.cfpb.gov/static-data/snapshot/2018/2018_public_panel_csv.zip,,,manual,Codex (individual identity/evidence review; not independent human review),2026-09-26,data/staging/stg_complaints.parquet
ccdb,Union Home Mortgage Corp,Union Home Mortgage Corp,E5AD7D28D6C06,Union Home Mortgage Corp,nonbank_originator,549300RPOGWJRH63HS39,3837261,,,549300RPOGWJRH63HS39,2019,https://files.ffiec.cfpb.gov/static-data/snapshot/2019/2019_public_panel_csv.zip,,,manual,Codex (individual identity/evidence review; not independent human review),2026-09-26,data/staging/stg_complaints.parquet
ccdb,Union Home Mortgage Corp,Union Home Mortgage Corp,E5AD7D28D6C06,Union Home Mortgage Corp,nonbank_originator,549300RPOGWJRH63HS39,3837261,,,549300RPOGWJRH63HS39,2020,https://files.ffiec.cfpb.gov/static-data/snapshot/2020/2020_public_panel_csv.zip,,,manual,Codex (individual identity/evidence review; not independent human review),2026-09-26,data/staging/stg_complaints.parquet
ccdb,Union Home Mortgage Corp,Union Home Mortgage Corp,E5AD7D28D6C06,Union Home Mortgage Corp,nonbank_originator,549300RPOGWJRH63HS39,3837261,,,549300RPOGWJRH63HS39,2021,https://files.ffiec.cfpb.gov/static-data/snapshot/2021/2021_public_panel_csv.zip,,,manual,Codex (individual identity/evidence review; not independent human review),2026-09-26,data/staging/stg_complaints.parquet
ccdb,Union Home Mortgage Corp,Union Home Mortgage Corp,E5AD7D28D6C06,Union Home Mortgage Corp,nonbank_originator,549300RPOGWJRH63HS39,3837261,,,549300RPOGWJRH63HS39,2022,https://files.ffiec.cfpb.gov/static-data/snapshot/2022/2022_public_panel_csv.zip,,,manual,Codex (individual identity/evidence review; not independent human review),2026-09-26,data/staging/stg_complaints.parquet
ccdb,Union Home Mortgage Corp,Union Home Mortgage Corp,E5AD7D28D6C06,Union Home Mortgage Corp,nonbank_originator,549300RPOGWJRH63HS39,3837261,,,549300RPOGWJRH63HS39,2023,https://files.ffiec.cfpb.gov/static-data/snapshot/2023/2023_public_panel_csv.zip,,,manual,Codex (individual identity/evidence review; not independent human review),2026-09-26,data/staging/stg_complaints.parquet
ccdb,Union Home Mortgage Corp,Union Home Mortgage Corp,E5AD7D28D6C06,Union Home Mortgage Corp,nonbank_originator,549300RPOGWJRH63HS39,,,,549300RPOGWJRH63HS39,2024,https://files.ffiec.cfpb.gov/static-data/snapshot/2024/2024_public_ts_csv.zip,,,manual,Codex (individual identity/evidence review; not independent human review),2026-09-26,data/staging/stg_complaints.parquet
ccdb,Union Home Mortgage Corp,Union Home Mortgage Corp,E5AD7D28D6C06,Union Home Mortgage Corp,nonbank_originator,549300RPOGWJRH63HS39,,,,549300RPOGWJRH63HS39,2025,https://files.ffiec.cfpb.gov/static-data/snapshot/2025/2025_public_ts_csv.zip,,,manual,Codex (individual identity/evidence review; not independent human review),2026-09-26,data/staging/stg_complaints.parquet
ccdb,NVR INC.,NVR INC.,E6E7EB400BFED,NVR INC.,nonbank_originator,,,,,,,No verified reporter/bank identifier; identity only,,,manual,Codex (individual identity/evidence review; not independent human review),2026-09-26,data/staging/stg_complaints.parquet
ccdb,"PRIMELENDING, A PLAINSCAPITAL COMPANY","PRIMELENDING, A PLAINSCAPITAL COMPANY",E55E8F997C41C,"PRIMELENDING, A PLAINSCAPITAL COMPANY",nonbank_originator,549300121SF0K2LN2804,2888798,,,549300121SF0K2LN2804,2018,https://files.ffiec.cfpb.gov/static-data/snapshot/2018/2018_public_panel_csv.zip,,,manual,Codex (individual identity/evidence review; not independent human review),2026-09-26,data/staging/stg_complaints.parquet
ccdb,"PRIMELENDING, A PLAINSCAPITAL COMPANY","PRIMELENDING, A PLAINSCAPITAL COMPANY",E55E8F997C41C,"PRIMELENDING, A PLAINSCAPITAL COMPANY",nonbank_originator,549300121SF0K2LN2804,2888798,,,549300121SF0K2LN2804,2019,https://files.ffiec.cfpb.gov/static-data/snapshot/2019/2019_public_panel_csv.zip,,,manual,Codex (individual identity/evidence review; not independent human review),2026-09-26,data/staging/stg_complaints.parquet
ccdb,"PRIMELENDING, A PLAINSCAPITAL COMPANY","PRIMELENDING, A PLAINSCAPITAL COMPANY",E55E8F997C41C,"PRIMELENDING, A PLAINSCAPITAL COMPANY",nonbank_originator,549300121SF0K2LN2804,2888798,,,549300121SF0K2LN2804,2020,https://files.ffiec.cfpb.gov/static-data/snapshot/2020/2020_public_panel_csv.zip,,,manual,Codex (individual identity/evidence review; not independent human review),2026-09-26,data/staging/stg_complaints.parquet
ccdb,"PRIMELENDING, A PLAINSCAPITAL COMPANY","PRIMELENDING, A PLAINSCAPITAL COMPANY",E55E8F997C41C,"PRIMELENDING, A PLAINSCAPITAL COMPANY",nonbank_originator,549300121SF0K2LN2804,2888798,,,549300121SF0K2LN2804,2021,https://files.ffiec.cfpb.gov/static-data/snapshot/2021/2021_public_panel_csv.zip,,,manual,Codex (individual identity/evidence review; not independent human review),2026-09-26,data/staging/stg_complaints.parquet
ccdb,"PRIMELENDING, A PLAINSCAPITAL COMPANY","PRIMELENDING, A PLAINSCAPITAL COMPANY",E55E8F997C41C,"PRIMELENDING, A PLAINSCAPITAL COMPANY",nonbank_originator,549300121SF0K2LN2804,2888798,,,549300121SF0K2LN2804,2022,https://files.ffiec.cfpb.gov/static-data/snapshot/2022/2022_public_panel_csv.zip,,,manual,Codex (individual identity/evidence review; not independent human review),2026-09-26,data/staging/stg_complaints.parquet
ccdb,"PRIMELENDING, A PLAINSCAPITAL COMPANY","PRIMELENDING, A PLAINSCAPITAL COMPANY",E55E8F997C41C,"PRIMELENDING, A PLAINSCAPITAL COMPANY",nonbank_originator,549300121SF0K2LN2804,2888798,,,549300121SF0K2LN2804,2023,https://files.ffiec.cfpb.gov/static-data/snapshot/2023/2023_public_panel_csv.zip,,,manual,Codex (individual identity/evidence review; not independent human review),2026-09-26,data/staging/stg_complaints.parquet
ccdb,"PRIMELENDING, A PLAINSCAPITAL COMPANY","PRIMELENDING, A PLAINSCAPITAL COMPANY",E55E8F997C41C,"PRIMELENDING, A PLAINSCAPITAL COMPANY",nonbank_originator,549300121SF0K2LN2804,,,,549300121SF0K2LN2804,2024,https://files.ffiec.cfpb.gov/static-data/snapshot/2024/2024_public_ts_csv.zip,,,manual,Codex (individual identity/evidence review; not independent human review),2026-09-26,data/staging/stg_complaints.parquet
ccdb,"PRIMELENDING, A PLAINSCAPITAL COMPANY","PRIMELENDING, A PLAINSCAPITAL COMPANY",E55E8F997C41C,"PRIMELENDING, A PLAINSCAPITAL COMPANY",nonbank_originator,549300121SF0K2LN2804,,,,549300121SF0K2LN2804,2025,https://files.ffiec.cfpb.gov/static-data/snapshot/2025/2025_public_ts_csv.zip,,,manual,Codex (individual identity/evidence review; not independent human review),2026-09-26,data/staging/stg_complaints.parquet
ccdb,"EQUIFAX, INC.","EQUIFAX, INC.",EC2302E0F3042,"EQUIFAX, INC.",bureau,,,,,,,No verified reporter/bank identifier; identity only,,,manual,Codex (individual identity/evidence review; not independent human review),2026-09-26,data/staging/stg_complaints.parquet
ccdb,FIRST AMERICAN FINANCIAL CORPORATION,FIRST AMERICAN FINANCIAL CORPORATION,E2A96ED7731EF,FIRST AMERICAN FINANCIAL CORPORATION,other,,,,,,,No verified reporter/bank identifier; identity only,,,manual,Codex (individual identity/evidence review; not independent human review),2026-09-26,data/staging/stg_complaints.parquet
ccdb,"WEBSTER BANK, NATIONAL ASSOCIATION","WEBSTER BANK, NATIONAL ASSOCIATION",E468B6E606834,WEBSTER FINANCIAL CORP,bank,WV0OVGBTLUP1XIUJE722,761806,1145476,18221,WV0OVGBTLUP1XIUJE722,2018,https://files.ffiec.cfpb.gov/static-data/snapshot/2018/2018_public_panel_csv.zip,,,manual,Codex (individual identity/evidence review; not independent human review),2026-09-26,https://api.fdic.gov/banks/institutions
ccdb,"WEBSTER BANK, NATIONAL ASSOCIATION","WEBSTER BANK, NATIONAL ASSOCIATION",E468B6E606834,WEBSTER FINANCIAL CORP,bank,WV0OVGBTLUP1XIUJE722,761806,1145476,18221,WV0OVGBTLUP1XIUJE722,2019,https://files.ffiec.cfpb.gov/static-data/snapshot/2019/2019_public_panel_csv.zip,,,manual,Codex (individual identity/evidence review; not independent human review),2026-09-26,https://api.fdic.gov/banks/institutions
ccdb,"WEBSTER BANK, NATIONAL ASSOCIATION","WEBSTER BANK, NATIONAL ASSOCIATION",E468B6E606834,WEBSTER FINANCIAL CORP,bank,WV0OVGBTLUP1XIUJE722,761806,1145476,18221,WV0OVGBTLUP1XIUJE722,2020,https://files.ffiec.cfpb.gov/static-data/snapshot/2020/2020_public_panel_csv.zip,,,manual,Codex (individual identity/evidence review; not independent human review),2026-09-26,https://api.fdic.gov/banks/institutions
ccdb,"WEBSTER BANK, NATIONAL ASSOCIATION","WEBSTER BANK, NATIONAL ASSOCIATION",E468B6E606834,WEBSTER FINANCIAL CORP,bank,WV0OVGBTLUP1XIUJE722,761806,1145476,18221,WV0OVGBTLUP1XIUJE722,2021,https://files.ffiec.cfpb.gov/static-data/snapshot/2021/2021_public_panel_csv.zip,,,manual,Codex (individual identity/evidence review; not independent human review),2026-09-26,https://api.fdic.gov/banks/institutions
ccdb,"WEBSTER BANK, NATIONAL ASSOCIATION","WEBSTER BANK, NATIONAL ASSOCIATION",E468B6E606834,WEBSTER FINANCIAL CORP,bank,WV0OVGBTLUP1XIUJE722,761806,1145476,18221,WV0OVGBTLUP1XIUJE722,2022,https://files.ffiec.cfpb.gov/static-data/snapshot/2022/2022_public_panel_csv.zip,,,manual,Codex (individual identity/evidence review; not independent human review),2026-09-26,https://api.fdic.gov/banks/institutions
ccdb,"WEBSTER BANK, NATIONAL ASSOCIATION","WEBSTER BANK, NATIONAL ASSOCIATION",E468B6E606834,WEBSTER FINANCIAL CORP,bank,WV0OVGBTLUP1XIUJE722,761806,1145476,18221,WV0OVGBTLUP1XIUJE722,2023,https://files.ffiec.cfpb.gov/static-data/snapshot/2023/2023_public_panel_csv.zip,,,manual,Codex (individual identity/evidence review; not independent human review),2026-09-26,https://api.fdic.gov/banks/institutions
ccdb,"WEBSTER BANK, NATIONAL ASSOCIATION","WEBSTER BANK, NATIONAL ASSOCIATION",E468B6E606834,WEBSTER FINANCIAL CORP,bank,WV0OVGBTLUP1XIUJE722,,1145476,,WV0OVGBTLUP1XIUJE722,2024,https://files.ffiec.cfpb.gov/static-data/snapshot/2024/2024_public_ts_csv.zip,,,manual,Codex (individual identity/evidence review; not independent human review),2026-09-26,https://api.fdic.gov/banks/institutions
ccdb,"WEBSTER BANK, NATIONAL ASSOCIATION","WEBSTER BANK, NATIONAL ASSOCIATION",E468B6E606834,WEBSTER FINANCIAL CORP,bank,WV0OVGBTLUP1XIUJE722,,1145476,,WV0OVGBTLUP1XIUJE722,2025,https://files.ffiec.cfpb.gov/static-data/snapshot/2025/2025_public_ts_csv.zip,,,manual,Codex (individual identity/evidence review; not independent human review),2026-09-26,https://api.fdic.gov/banks/institutions
ccdb,"WEBSTER BANK, NATIONAL ASSOCIATION","WEBSTER BANK, NATIONAL ASSOCIATION",E468B6E606834,WEBSTER FINANCIAL CORP,bank,,761806,1145476,18221,,2026,https://api.fdic.gov/banks/institutions,,,manual,Codex (individual identity/evidence review; not independent human review),2026-09-26,https://api.fdic.gov/banks/institutions
ccdb,MidAmerica Mortgage Inc,MidAmerica Mortgage Inc,E595375A39DFA,MidAmerica Mortgage Inc,nonbank_originator,54930049L5WINET09Q97,3947843,,,54930049L5WINET09Q97,2018,https://files.ffiec.cfpb.gov/static-data/snapshot/2018/2018_public_panel_csv.zip,,,manual,Codex (individual identity/evidence review; not independent human review),2026-09-26,data/staging/stg_complaints.parquet
ccdb,MidAmerica Mortgage Inc,MidAmerica Mortgage Inc,E595375A39DFA,MidAmerica Mortgage Inc,nonbank_originator,54930049L5WINET09Q97,3947843,,,54930049L5WINET09Q97,2019,https://files.ffiec.cfpb.gov/static-data/snapshot/2019/2019_public_panel_csv.zip,,,manual,Codex (individual identity/evidence review; not independent human review),2026-09-26,data/staging/stg_complaints.parquet
ccdb,MidAmerica Mortgage Inc,MidAmerica Mortgage Inc,E595375A39DFA,MidAmerica Mortgage Inc,nonbank_originator,54930049L5WINET09Q97,3947843,,,54930049L5WINET09Q97,2020,https://files.ffiec.cfpb.gov/static-data/snapshot/2020/2020_public_panel_csv.zip,,,manual,Codex (individual identity/evidence review; not independent human review),2026-09-26,data/staging/stg_complaints.parquet
ccdb,MidAmerica Mortgage Inc,MidAmerica Mortgage Inc,E595375A39DFA,MidAmerica Mortgage Inc,nonbank_originator,54930049L5WINET09Q97,3947843,,,54930049L5WINET09Q97,2021,https://files.ffiec.cfpb.gov/static-data/snapshot/2021/2021_public_panel_csv.zip,,,manual,Codex (individual identity/evidence review; not independent human review),2026-09-26,data/staging/stg_complaints.parquet
ccdb,MidAmerica Mortgage Inc,MidAmerica Mortgage Inc,E595375A39DFA,MidAmerica Mortgage Inc,nonbank_originator,54930049L5WINET09Q97,3947843,,,54930049L5WINET09Q97,2022,https://files.ffiec.cfpb.gov/static-data/snapshot/2022/2022_public_panel_csv.zip,,,manual,Codex (individual identity/evidence review; not independent human review),2026-09-26,data/staging/stg_complaints.parquet
ccdb,MidAmerica Mortgage Inc,MidAmerica Mortgage Inc,E595375A39DFA,MidAmerica Mortgage Inc,nonbank_originator,54930049L5WINET09Q97,3947843,,,54930049L5WINET09Q97,2023,https://files.ffiec.cfpb.gov/static-data/snapshot/2023/2023_public_panel_csv.zip,,,manual,Codex (individual identity/evidence review; not independent human review),2026-09-26,data/staging/stg_complaints.parquet
ccdb,MidAmerica Mortgage Inc,MidAmerica Mortgage Inc,E595375A39DFA,MidAmerica Mortgage Inc,nonbank_originator,54930049L5WINET09Q97,,,,54930049L5WINET09Q97,2024,https://files.ffiec.cfpb.gov/static-data/snapshot/2024/2024_public_ts_csv.zip,,,manual,Codex (individual identity/evidence review; not independent human review),2026-09-26,data/staging/stg_complaints.parquet
ccdb,MidAmerica Mortgage Inc,MidAmerica Mortgage Inc,E595375A39DFA,MidAmerica Mortgage Inc,nonbank_originator,54930049L5WINET09Q97,,,,54930049L5WINET09Q97,2025,https://files.ffiec.cfpb.gov/static-data/snapshot/2025/2025_public_ts_csv.zip,,,manual,Codex (individual identity/evidence review; not independent human review),2026-09-26,data/staging/stg_complaints.parquet
ccdb,"FIRST CITIZENS BANCSHARES, INC.","FIRST CITIZENS BANCSHARES, INC.",E3EF704205792,FIRST CITIZENS BANCSHARES INC,bank,L9VVX1KT5TFTKS0MLF66,491224,1075612,11063,L9VVX1KT5TFTKS0MLF66,2018,https://files.ffiec.cfpb.gov/static-data/snapshot/2018/2018_public_panel_csv.zip,,,manual,Codex (individual identity/evidence review; not independent human review),2026-09-26,https://api.fdic.gov/banks/institutions
ccdb,"FIRST CITIZENS BANCSHARES, INC.","FIRST CITIZENS BANCSHARES, INC.",E3EF704205792,FIRST CITIZENS BANCSHARES INC,bank,L9VVX1KT5TFTKS0MLF66,491224,1075612,11063,L9VVX1KT5TFTKS0MLF66,2019,https://files.ffiec.cfpb.gov/static-data/snapshot/2019/2019_public_panel_csv.zip,,,manual,Codex (individual identity/evidence review; not independent human review),2026-09-26,https://api.fdic.gov/banks/institutions
ccdb,"FIRST CITIZENS BANCSHARES, INC.","FIRST CITIZENS BANCSHARES, INC.",E3EF704205792,FIRST CITIZENS BANCSHARES INC,bank,L9VVX1KT5TFTKS0MLF66,491224,1075612,11063,L9VVX1KT5TFTKS0MLF66,2020,https://files.ffiec.cfpb.gov/static-data/snapshot/2020/2020_public_panel_csv.zip,,,manual,Codex (individual identity/evidence review; not independent human review),2026-09-26,https://api.fdic.gov/banks/institutions
ccdb,"FIRST CITIZENS BANCSHARES, INC.","FIRST CITIZENS BANCSHARES, INC.",E3EF704205792,FIRST CITIZENS BANCSHARES INC,bank,L9VVX1KT5TFTKS0MLF66,491224,1075612,11063,L9VVX1KT5TFTKS0MLF66,2021,https://files.ffiec.cfpb.gov/static-data/snapshot/2021/2021_public_panel_csv.zip,,,manual,Codex (individual identity/evidence review; not independent human review),2026-09-26,https://api.fdic.gov/banks/institutions
ccdb,"FIRST CITIZENS BANCSHARES, INC.","FIRST CITIZENS BANCSHARES, INC.",E3EF704205792,FIRST CITIZENS BANCSHARES INC,bank,L9VVX1KT5TFTKS0MLF66,491224,1075612,11063,L9VVX1KT5TFTKS0MLF66,2022,https://files.ffiec.cfpb.gov/static-data/snapshot/2022/2022_public_panel_csv.zip,,,manual,Codex (individual identity/evidence review; not independent human review),2026-09-26,https://api.fdic.gov/banks/institutions
ccdb,"FIRST CITIZENS BANCSHARES, INC.","FIRST CITIZENS BANCSHARES, INC.",E3EF704205792,FIRST CITIZENS BANCSHARES INC,bank,L9VVX1KT5TFTKS0MLF66,491224,1075612,11063,L9VVX1KT5TFTKS0MLF66,2023,https://files.ffiec.cfpb.gov/static-data/snapshot/2023/2023_public_panel_csv.zip,,,manual,Codex (individual identity/evidence review; not independent human review),2026-09-26,https://api.fdic.gov/banks/institutions
ccdb,"FIRST CITIZENS BANCSHARES, INC.","FIRST CITIZENS BANCSHARES, INC.",E3EF704205792,FIRST CITIZENS BANCSHARES INC,bank,L9VVX1KT5TFTKS0MLF66,,1075612,,L9VVX1KT5TFTKS0MLF66,2024,https://files.ffiec.cfpb.gov/static-data/snapshot/2024/2024_public_ts_csv.zip,,,manual,Codex (individual identity/evidence review; not independent human review),2026-09-26,https://api.fdic.gov/banks/institutions
ccdb,"FIRST CITIZENS BANCSHARES, INC.","FIRST CITIZENS BANCSHARES, INC.",E3EF704205792,FIRST CITIZENS BANCSHARES INC,bank,L9VVX1KT5TFTKS0MLF66,,1075612,,L9VVX1KT5TFTKS0MLF66,2025,https://files.ffiec.cfpb.gov/static-data/snapshot/2025/2025_public_ts_csv.zip,,,manual,Codex (individual identity/evidence review; not independent human review),2026-09-26,https://api.fdic.gov/banks/institutions
ccdb,"FIRST CITIZENS BANCSHARES, INC.","FIRST CITIZENS BANCSHARES, INC.",E3EF704205792,FIRST CITIZENS BANCSHARES INC,bank,,491224,1075612,11063,,2026,https://api.fdic.gov/banks/institutions,,,manual,Codex (individual identity/evidence review; not independent human review),2026-09-26,https://api.fdic.gov/banks/institutions
ccdb,MORTGAGE SOLUTIONS OF COLORADO,MORTGAGE SOLUTIONS OF COLORADO,EBA3A552C2F88,MORTGAGE SOLUTIONS OF COLORADO,nonbank_originator,549300PBTV7FCWLSMM53,3848810,,,549300PBTV7FCWLSMM53,2018,https://files.ffiec.cfpb.gov/static-data/snapshot/2018/2018_public_panel_csv.zip,,,manual,Codex (individual identity/evidence review; not independent human review),2026-09-26,data/staging/stg_complaints.parquet
ccdb,MORTGAGE SOLUTIONS OF COLORADO,MORTGAGE SOLUTIONS OF COLORADO,EBA3A552C2F88,MORTGAGE SOLUTIONS OF COLORADO,nonbank_originator,549300PBTV7FCWLSMM53,3848810,,,549300PBTV7FCWLSMM53,2019,https://files.ffiec.cfpb.gov/static-data/snapshot/2019/2019_public_panel_csv.zip,,,manual,Codex (individual identity/evidence review; not independent human review),2026-09-26,data/staging/stg_complaints.parquet
ccdb,MORTGAGE SOLUTIONS OF COLORADO,MORTGAGE SOLUTIONS OF COLORADO,EBA3A552C2F88,MORTGAGE SOLUTIONS OF COLORADO,nonbank_originator,549300PBTV7FCWLSMM53,3848810,,,549300PBTV7FCWLSMM53,2020,https://files.ffiec.cfpb.gov/static-data/snapshot/2020/2020_public_panel_csv.zip,,,manual,Codex (individual identity/evidence review; not independent human review),2026-09-26,data/staging/stg_complaints.parquet
ccdb,MORTGAGE SOLUTIONS OF COLORADO,MORTGAGE SOLUTIONS OF COLORADO,EBA3A552C2F88,MORTGAGE SOLUTIONS OF COLORADO,nonbank_originator,549300PBTV7FCWLSMM53,3848810,,,549300PBTV7FCWLSMM53,2021,https://files.ffiec.cfpb.gov/static-data/snapshot/2021/2021_public_panel_csv.zip,,,manual,Codex (individual identity/evidence review; not independent human review),2026-09-26,data/staging/stg_complaints.parquet
ccdb,MORTGAGE SOLUTIONS OF COLORADO,MORTGAGE SOLUTIONS OF COLORADO,EBA3A552C2F88,MORTGAGE SOLUTIONS OF COLORADO,nonbank_originator,549300PBTV7FCWLSMM53,3848810,,,549300PBTV7FCWLSMM53,2022,https://files.ffiec.cfpb.gov/static-data/snapshot/2022/2022_public_panel_csv.zip,,,manual,Codex (individual identity/evidence review; not independent human review),2026-09-26,data/staging/stg_complaints.parquet
ccdb,MORTGAGE SOLUTIONS OF COLORADO,MORTGAGE SOLUTIONS OF COLORADO,EBA3A552C2F88,MORTGAGE SOLUTIONS OF COLORADO,nonbank_originator,549300PBTV7FCWLSMM53,3848810,,,549300PBTV7FCWLSMM53,2023,https://files.ffiec.cfpb.gov/static-data/snapshot/2023/2023_public_panel_csv.zip,,,manual,Codex (individual identity/evidence review; not independent human review),2026-09-26,data/staging/stg_complaints.parquet
ccdb,MORTGAGE SOLUTIONS OF COLORADO,MORTGAGE SOLUTIONS OF COLORADO,EBA3A552C2F88,MORTGAGE SOLUTIONS OF COLORADO,nonbank_originator,549300PBTV7FCWLSMM53,,,,549300PBTV7FCWLSMM53,2024,https://files.ffiec.cfpb.gov/static-data/snapshot/2024/2024_public_ts_csv.zip,,,manual,Codex (individual identity/evidence review; not independent human review),2026-09-26,data/staging/stg_complaints.parquet
ccdb,MORTGAGE SOLUTIONS OF COLORADO,MORTGAGE SOLUTIONS OF COLORADO,EBA3A552C2F88,MORTGAGE SOLUTIONS OF COLORADO,nonbank_originator,549300PBTV7FCWLSMM53,,,,549300PBTV7FCWLSMM53,2025,https://files.ffiec.cfpb.gov/static-data/snapshot/2025/2025_public_ts_csv.zip,,,manual,Codex (individual identity/evidence review; not independent human review),2026-09-26,data/staging/stg_complaints.parquet
ccdb,"BANKUNITED, NATIONAL ASSOCIATION","BANKUNITED, NATIONAL ASSOCIATION",E9C236160D8B5,BANKUNITED INC,bank,BFLFJ4PXRGDML87ZYT33,3938186,4028712,58979,BFLFJ4PXRGDML87ZYT33,2018,https://files.ffiec.cfpb.gov/static-data/snapshot/2018/2018_public_panel_csv.zip,,,manual,Codex (individual identity/evidence review; not independent human review),2026-09-26,https://api.fdic.gov/banks/institutions
ccdb,"BANKUNITED, NATIONAL ASSOCIATION","BANKUNITED, NATIONAL ASSOCIATION",E9C236160D8B5,BANKUNITED INC,bank,BFLFJ4PXRGDML87ZYT33,3938186,4028712,58979,BFLFJ4PXRGDML87ZYT33,2019,https://files.ffiec.cfpb.gov/static-data/snapshot/2019/2019_public_panel_csv.zip,,,manual,Codex (individual identity/evidence review; not independent human review),2026-09-26,https://api.fdic.gov/banks/institutions
ccdb,"BANKUNITED, NATIONAL ASSOCIATION","BANKUNITED, NATIONAL ASSOCIATION",E9C236160D8B5,BANKUNITED INC,bank,,3938186,4028712,58979,,2026,https://api.fdic.gov/banks/institutions,,,manual,Codex (individual identity/evidence review; not independent human review),2026-09-26,https://api.fdic.gov/banks/institutions
ccdb,"NOVAD Management Consulting, LLC","NOVAD Management Consulting, LLC",EB7E5DA6DF3D9,"NOVAD Management Consulting, LLC",nonbank_servicer,,,,,,,No verified reporter/bank identifier; identity only,,,manual,Codex (individual identity/evidence review; not independent human review),2026-09-26,data/staging/stg_complaints.parquet
ccdb,"BANK OF NEW YORK MELLON CORPORATION, THE","BANK OF NEW YORK MELLON CORPORATION, THE",E36F4BD58BE4A,BANK OF NY MELLON CORP THE,bank,4EP6JBYBTPTQ47LZOB67,934329,3587146,7946,4EP6JBYBTPTQ47LZOB67,2018,https://files.ffiec.cfpb.gov/static-data/snapshot/2018/2018_public_panel_csv.zip,,,manual,Codex (individual identity/evidence review; not independent human review),2026-09-26,https://api.fdic.gov/banks/institutions
ccdb,"BANK OF NEW YORK MELLON CORPORATION, THE","BANK OF NEW YORK MELLON CORPORATION, THE",E36F4BD58BE4A,BANK OF NY MELLON CORP THE,bank,4EP6JBYBTPTQ47LZOB67,934329,3587146,7946,4EP6JBYBTPTQ47LZOB67,2019,https://files.ffiec.cfpb.gov/static-data/snapshot/2019/2019_public_panel_csv.zip,,,manual,Codex (individual identity/evidence review; not independent human review),2026-09-26,https://api.fdic.gov/banks/institutions
ccdb,"BANK OF NEW YORK MELLON CORPORATION, THE","BANK OF NEW YORK MELLON CORPORATION, THE",E36F4BD58BE4A,BANK OF NY MELLON CORP THE,bank,4EP6JBYBTPTQ47LZOB67,934329,3587146,7946,4EP6JBYBTPTQ47LZOB67,2020,https://files.ffiec.cfpb.gov/static-data/snapshot/2020/2020_public_panel_csv.zip,,,manual,Codex (individual identity/evidence review; not independent human review),2026-09-26,https://api.fdic.gov/banks/institutions
ccdb,"BANK OF NEW YORK MELLON CORPORATION, THE","BANK OF NEW YORK MELLON CORPORATION, THE",E36F4BD58BE4A,BANK OF NY MELLON CORP THE,bank,4EP6JBYBTPTQ47LZOB67,934329,3587146,7946,4EP6JBYBTPTQ47LZOB67,2021,https://files.ffiec.cfpb.gov/static-data/snapshot/2021/2021_public_panel_csv.zip,,,manual,Codex (individual identity/evidence review; not independent human review),2026-09-26,https://api.fdic.gov/banks/institutions
ccdb,"BANK OF NEW YORK MELLON CORPORATION, THE","BANK OF NEW YORK MELLON CORPORATION, THE",E36F4BD58BE4A,BANK OF NY MELLON CORP THE,bank,4EP6JBYBTPTQ47LZOB67,934329,3587146,7946,4EP6JBYBTPTQ47LZOB67,2022,https://files.ffiec.cfpb.gov/static-data/snapshot/2022/2022_public_panel_csv.zip,,,manual,Codex (individual identity/evidence review; not independent human review),2026-09-26,https://api.fdic.gov/banks/institutions
ccdb,"BANK OF NEW YORK MELLON CORPORATION, THE","BANK OF NEW YORK MELLON CORPORATION, THE",E36F4BD58BE4A,BANK OF NY MELLON CORP THE,bank,4EP6JBYBTPTQ47LZOB67,934329,3587146,7946,4EP6JBYBTPTQ47LZOB67,2023,https://files.ffiec.cfpb.gov/static-data/snapshot/2023/2023_public_panel_csv.zip,,,manual,Codex (individual identity/evidence review; not independent human review),2026-09-26,https://api.fdic.gov/banks/institutions
ccdb,"BANK OF NEW YORK MELLON CORPORATION, THE","BANK OF NEW YORK MELLON CORPORATION, THE",E36F4BD58BE4A,BANK OF NY MELLON CORP THE,bank,4EP6JBYBTPTQ47LZOB67,,3587146,,4EP6JBYBTPTQ47LZOB67,2024,https://files.ffiec.cfpb.gov/static-data/snapshot/2024/2024_public_ts_csv.zip,,,manual,Codex (individual identity/evidence review; not independent human review),2026-09-26,https://api.fdic.gov/banks/institutions
ccdb,"BANK OF NEW YORK MELLON CORPORATION, THE","BANK OF NEW YORK MELLON CORPORATION, THE",E36F4BD58BE4A,BANK OF NY MELLON CORP THE,bank,4EP6JBYBTPTQ47LZOB67,,3587146,,4EP6JBYBTPTQ47LZOB67,2025,https://files.ffiec.cfpb.gov/static-data/snapshot/2025/2025_public_ts_csv.zip,,,manual,Codex (individual identity/evidence review; not independent human review),2026-09-26,https://api.fdic.gov/banks/institutions
ccdb,"BANK OF NEW YORK MELLON CORPORATION, THE","BANK OF NEW YORK MELLON CORPORATION, THE",E36F4BD58BE4A,BANK OF NY MELLON CORP THE,bank,,541101,3587146,639,,2026,https://api.fdic.gov/banks/institutions,,,manual,Codex (individual identity/evidence review; not independent human review),2026-09-26,https://api.fdic.gov/banks/institutions
ccdb,"BANK OF NEW YORK MELLON CORPORATION, THE","BANK OF NEW YORK MELLON CORPORATION, THE",E36F4BD58BE4A,BANK OF NY MELLON CORP THE,bank,,934329,3587146,7946,,2026,https://api.fdic.gov/banks/institutions,,,manual,Codex (individual identity/evidence review; not independent human review),2026-09-26,https://api.fdic.gov/banks/institutions
ccdb,"BANK OF NEW YORK MELLON CORPORATION, THE","BANK OF NEW YORK MELLON CORPORATION, THE",E36F4BD58BE4A,BANK OF NY MELLON CORP THE,bank,,398668,3587146,23472,,2026,https://api.fdic.gov/banks/institutions,,,manual,Codex (individual identity/evidence review; not independent human review),2026-09-26,https://api.fdic.gov/banks/institutions
ccdb,"BANK OF NEW YORK MELLON CORPORATION, THE","BANK OF NEW YORK MELLON CORPORATION, THE",E36F4BD58BE4A,BANK OF NY MELLON CORP THE,bank,,488318,3587146,24867,,2026,https://api.fdic.gov/banks/institutions,,,manual,Codex (individual identity/evidence review; not independent human review),2026-09-26,https://api.fdic.gov/banks/institutions
ccdb,DHI Mortgage Company,DHI Mortgage Company,EE034DEE8CD18,DHI Mortgage Company,nonbank_originator,5493001SXWZ4OFP8Z903,3332551,,,5493001SXWZ4OFP8Z903,2018,https://files.ffiec.cfpb.gov/static-data/snapshot/2018/2018_public_panel_csv.zip,,,manual,Codex (individual identity/evidence review; not independent human review),2026-09-26,data/staging/stg_complaints.parquet
ccdb,DHI Mortgage Company,DHI Mortgage Company,EE034DEE8CD18,DHI Mortgage Company,nonbank_originator,5493001SXWZ4OFP8Z903,3332551,,,5493001SXWZ4OFP8Z903,2019,https://files.ffiec.cfpb.gov/static-data/snapshot/2019/2019_public_panel_csv.zip,,,manual,Codex (individual identity/evidence review; not independent human review),2026-09-26,data/staging/stg_complaints.parquet
ccdb,DHI Mortgage Company,DHI Mortgage Company,EE034DEE8CD18,DHI Mortgage Company,nonbank_originator,5493001SXWZ4OFP8Z903,3332551,,,5493001SXWZ4OFP8Z903,2020,https://files.ffiec.cfpb.gov/static-data/snapshot/2020/2020_public_panel_csv.zip,,,manual,Codex (individual identity/evidence review; not independent human review),2026-09-26,data/staging/stg_complaints.parquet
ccdb,DHI Mortgage Company,DHI Mortgage Company,EE034DEE8CD18,DHI Mortgage Company,nonbank_originator,5493001SXWZ4OFP8Z903,3332551,,,5493001SXWZ4OFP8Z903,2021,https://files.ffiec.cfpb.gov/static-data/snapshot/2021/2021_public_panel_csv.zip,,,manual,Codex (individual identity/evidence review; not independent human review),2026-09-26,data/staging/stg_complaints.parquet
ccdb,DHI Mortgage Company,DHI Mortgage Company,EE034DEE8CD18,DHI Mortgage Company,nonbank_originator,5493001SXWZ4OFP8Z903,3332551,,,5493001SXWZ4OFP8Z903,2022,https://files.ffiec.cfpb.gov/static-data/snapshot/2022/2022_public_panel_csv.zip,,,manual,Codex (individual identity/evidence review; not independent human review),2026-09-26,data/staging/stg_complaints.parquet
ccdb,DHI Mortgage Company,DHI Mortgage Company,EE034DEE8CD18,DHI Mortgage Company,nonbank_originator,5493001SXWZ4OFP8Z903,3332551,,,5493001SXWZ4OFP8Z903,2023,https://files.ffiec.cfpb.gov/static-data/snapshot/2023/2023_public_panel_csv.zip,,,manual,Codex (individual identity/evidence review; not independent human review),2026-09-26,data/staging/stg_complaints.parquet
ccdb,DHI Mortgage Company,DHI Mortgage Company,EE034DEE8CD18,DHI Mortgage Company,nonbank_originator,5493001SXWZ4OFP8Z903,,,,5493001SXWZ4OFP8Z903,2024,https://files.ffiec.cfpb.gov/static-data/snapshot/2024/2024_public_ts_csv.zip,,,manual,Codex (individual identity/evidence review; not independent human review),2026-09-26,data/staging/stg_complaints.parquet
ccdb,DHI Mortgage Company,DHI Mortgage Company,EE034DEE8CD18,DHI Mortgage Company,nonbank_originator,5493001SXWZ4OFP8Z903,,,,5493001SXWZ4OFP8Z903,2025,https://files.ffiec.cfpb.gov/static-data/snapshot/2025/2025_public_ts_csv.zip,,,manual,Codex (individual identity/evidence review; not independent human review),2026-09-26,data/staging/stg_complaints.parquet
ccdb,"Paramount GR Holdings, LLC","Paramount GR Holdings, LLC",E9ABB3C040AA1,"Paramount GR Holdings, LLC",nonbank_originator,,,,,,,No verified reporter/bank identifier; identity only,,,manual,Codex (individual identity/evidence review; not independent human review),2026-09-26,data/staging/stg_complaints.parquet
ccdb,WSFS FINANCIAL CORPORATION,WSFS FINANCIAL CORPORATION,E395472B677AD,WSFS FINANCIAL CORP,bank,5493005DKMV1IHIM8E20,437914,3844269,17838,5493005DKMV1IHIM8E20,2018,https://files.ffiec.cfpb.gov/static-data/snapshot/2018/2018_public_panel_csv.zip,,,manual,Codex (individual identity/evidence review; not independent human review),2026-09-26,https://api.fdic.gov/banks/institutions
ccdb,WSFS FINANCIAL CORPORATION,WSFS FINANCIAL CORPORATION,E395472B677AD,WSFS FINANCIAL CORP,bank,5493005DKMV1IHIM8E20,437914,3844269,17838,5493005DKMV1IHIM8E20,2019,https://files.ffiec.cfpb.gov/static-data/snapshot/2019/2019_public_panel_csv.zip,,,manual,Codex (individual identity/evidence review; not independent human review),2026-09-26,https://api.fdic.gov/banks/institutions
ccdb,WSFS FINANCIAL CORPORATION,WSFS FINANCIAL CORPORATION,E395472B677AD,WSFS FINANCIAL CORP,bank,5493005DKMV1IHIM8E20,437914,3844269,17838,5493005DKMV1IHIM8E20,2020,https://files.ffiec.cfpb.gov/static-data/snapshot/2020/2020_public_panel_csv.zip,,,manual,Codex (individual identity/evidence review; not independent human review),2026-09-26,https://api.fdic.gov/banks/institutions
ccdb,WSFS FINANCIAL CORPORATION,WSFS FINANCIAL CORPORATION,E395472B677AD,WSFS FINANCIAL CORP,bank,5493005DKMV1IHIM8E20,437914,3844269,17838,5493005DKMV1IHIM8E20,2021,https://files.ffiec.cfpb.gov/static-data/snapshot/2021/2021_public_panel_csv.zip,,,manual,Codex (individual identity/evidence review; not independent human review),2026-09-26,https://api.fdic.gov/banks/institutions
ccdb,WSFS FINANCIAL CORPORATION,WSFS FINANCIAL CORPORATION,E395472B677AD,WSFS FINANCIAL CORP,bank,5493005DKMV1IHIM8E20,437914,3844269,17838,5493005DKMV1IHIM8E20,2022,https://files.ffiec.cfpb.gov/static-data/snapshot/2022/2022_public_panel_csv.zip,,,manual,Codex (individual identity/evidence review; not independent human review),2026-09-26,https://api.fdic.gov/banks/institutions
ccdb,WSFS FINANCIAL CORPORATION,WSFS FINANCIAL CORPORATION,E395472B677AD,WSFS FINANCIAL CORP,bank,5493005DKMV1IHIM8E20,437914,3844269,17838,5493005DKMV1IHIM8E20,2023,https://files.ffiec.cfpb.gov/static-data/snapshot/2023/2023_public_panel_csv.zip,,,manual,Codex (individual identity/evidence review; not independent human review),2026-09-26,https://api.fdic.gov/banks/institutions
ccdb,WSFS FINANCIAL CORPORATION,WSFS FINANCIAL CORPORATION,E395472B677AD,WSFS FINANCIAL CORP,bank,5493005DKMV1IHIM8E20,,3844269,,5493005DKMV1IHIM8E20,2024,https://files.ffiec.cfpb.gov/static-data/snapshot/2024/2024_public_ts_csv.zip,,,manual,Codex (individual identity/evidence review; not independent human review),2026-09-26,https://api.fdic.gov/banks/institutions
ccdb,WSFS FINANCIAL CORPORATION,WSFS FINANCIAL CORPORATION,E395472B677AD,WSFS FINANCIAL CORP,bank,5493005DKMV1IHIM8E20,,3844269,,5493005DKMV1IHIM8E20,2025,https://files.ffiec.cfpb.gov/static-data/snapshot/2025/2025_public_ts_csv.zip,,,manual,Codex (individual identity/evidence review; not independent human review),2026-09-26,https://api.fdic.gov/banks/institutions
ccdb,WSFS FINANCIAL CORPORATION,WSFS FINANCIAL CORPORATION,E395472B677AD,WSFS FINANCIAL CORP,bank,,437914,3844269,17838,,2026,https://api.fdic.gov/banks/institutions,,,manual,Codex (individual identity/evidence review; not independent human review),2026-09-26,https://api.fdic.gov/banks/institutions
ccdb,"American Financial Resources, Inc.","American Financial Resources, Inc.",EA25032638622,"American Financial Resources, Inc.",nonbank_originator,5493002B2WMHY23GFK92,4184793,,,5493002B2WMHY23GFK92,2018,https://files.ffiec.cfpb.gov/static-data/snapshot/2018/2018_public_panel_csv.zip,,,manual,Codex (individual identity/evidence review; not independent human review),2026-09-26,data/staging/stg_complaints.parquet
ccdb,"American Financial Resources, Inc.","American Financial Resources, Inc.",EA25032638622,"American Financial Resources, Inc.",nonbank_originator,5493002B2WMHY23GFK92,4184793,,,5493002B2WMHY23GFK92,2019,https://files.ffiec.cfpb.gov/static-data/snapshot/2019/2019_public_panel_csv.zip,,,manual,Codex (individual identity/evidence review; not independent human review),2026-09-26,data/staging/stg_complaints.parquet
ccdb,"American Financial Resources, Inc.","American Financial Resources, Inc.",EA25032638622,"American Financial Resources, Inc.",nonbank_originator,5493002B2WMHY23GFK92,4184793,,,5493002B2WMHY23GFK92,2020,https://files.ffiec.cfpb.gov/static-data/snapshot/2020/2020_public_panel_csv.zip,,,manual,Codex (individual identity/evidence review; not independent human review),2026-09-26,data/staging/stg_complaints.parquet
ccdb,"American Financial Resources, Inc.","American Financial Resources, Inc.",EA25032638622,"American Financial Resources, Inc.",nonbank_originator,5493002B2WMHY23GFK92,4184793,,,5493002B2WMHY23GFK92,2021,https://files.ffiec.cfpb.gov/static-data/snapshot/2021/2021_public_panel_csv.zip,,,manual,Codex (individual identity/evidence review; not independent human review),2026-09-26,data/staging/stg_complaints.parquet
ccdb,"American Financial Resources, Inc.","American Financial Resources, Inc.",EA25032638622,"American Financial Resources, Inc.",nonbank_originator,5493002B2WMHY23GFK92,4184793,,,5493002B2WMHY23GFK92,2022,https://files.ffiec.cfpb.gov/static-data/snapshot/2022/2022_public_panel_csv.zip,,,manual,Codex (individual identity/evidence review; not independent human review),2026-09-26,data/staging/stg_complaints.parquet
ccdb,"American Financial Resources, Inc.","American Financial Resources, Inc.",EA25032638622,"American Financial Resources, Inc.",nonbank_originator,5493002B2WMHY23GFK92,4184793,,,5493002B2WMHY23GFK92,2023,https://files.ffiec.cfpb.gov/static-data/snapshot/2023/2023_public_panel_csv.zip,,,manual,Codex (individual identity/evidence review; not independent human review),2026-09-26,data/staging/stg_complaints.parquet
ccdb,"American Financial Resources, Inc.","American Financial Resources, Inc.",EA25032638622,"American Financial Resources, Inc.",nonbank_originator,5493002B2WMHY23GFK92,,,,5493002B2WMHY23GFK92,2024,https://files.ffiec.cfpb.gov/static-data/snapshot/2024/2024_public_ts_csv.zip,,,manual,Codex (individual identity/evidence review; not independent human review),2026-09-26,data/staging/stg_complaints.parquet
ccdb,"American Financial Resources, Inc.","American Financial Resources, Inc.",EA25032638622,"American Financial Resources, Inc.",nonbank_originator,5493002B2WMHY23GFK92,,,,5493002B2WMHY23GFK92,2025,https://files.ffiec.cfpb.gov/static-data/snapshot/2025/2025_public_ts_csv.zip,,,manual,Codex (individual identity/evidence review; not independent human review),2026-09-26,data/staging/stg_complaints.parquet
ccdb,Southwest Business Corporation,Southwest Business Corporation,EDCBA28169857,Southwest Business Corporation,nonbank_originator,,,,,,,No verified reporter/bank identifier; identity only,,,manual,Codex (individual identity/evidence review; not independent human review),2026-09-26,data/staging/stg_complaints.parquet
ccdb,Alabama Housing Finance Authority,Alabama Housing Finance Authority,E261DCB2586C6,Alabama Housing Finance Authority,other,,,,,,,No verified reporter/bank identifier; identity only,,,manual,Codex (individual identity/evidence review; not independent human review),2026-09-26,data/staging/stg_complaints.parquet
ccdb,Experian Information Solutions Inc.,Experian Information Solutions Inc.,EB4BC963AE572,Experian Information Solutions Inc.,bureau,,,,,,,No verified reporter/bank identifier; identity only,,,manual,Codex (individual identity/evidence review; not independent human review),2026-09-26,data/staging/stg_complaints.parquet
ccdb,Supreme Lending,Supreme Lending,EC2ADB5FF5E55,Supreme Lending,nonbank_originator,549300XWUSRVVOHPRY47,3844577,,,549300XWUSRVVOHPRY47,2018,https://files.ffiec.cfpb.gov/static-data/snapshot/2018/2018_public_panel_csv.zip,,,manual,Codex (individual identity/evidence review; not independent human review),2026-09-26,data/staging/stg_complaints.parquet
ccdb,Supreme Lending,Supreme Lending,EC2ADB5FF5E55,Supreme Lending,nonbank_originator,549300XWUSRVVOHPRY47,3844577,,,549300XWUSRVVOHPRY47,2019,https://files.ffiec.cfpb.gov/static-data/snapshot/2019/2019_public_panel_csv.zip,,,manual,Codex (individual identity/evidence review; not independent human review),2026-09-26,data/staging/stg_complaints.parquet
ccdb,Supreme Lending,Supreme Lending,EC2ADB5FF5E55,Supreme Lending,nonbank_originator,549300XWUSRVVOHPRY47,3844577,,,549300XWUSRVVOHPRY47,2020,https://files.ffiec.cfpb.gov/static-data/snapshot/2020/2020_public_panel_csv.zip,,,manual,Codex (individual identity/evidence review; not independent human review),2026-09-26,data/staging/stg_complaints.parquet
ccdb,Supreme Lending,Supreme Lending,EC2ADB5FF5E55,Supreme Lending,nonbank_originator,549300XWUSRVVOHPRY47,3844577,,,549300XWUSRVVOHPRY47,2021,https://files.ffiec.cfpb.gov/static-data/snapshot/2021/2021_public_panel_csv.zip,,,manual,Codex (individual identity/evidence review; not independent human review),2026-09-26,data/staging/stg_complaints.parquet
ccdb,Supreme Lending,Supreme Lending,EC2ADB5FF5E55,Supreme Lending,nonbank_originator,549300XWUSRVVOHPRY47,3844577,,,549300XWUSRVVOHPRY47,2022,https://files.ffiec.cfpb.gov/static-data/snapshot/2022/2022_public_panel_csv.zip,,,manual,Codex (individual identity/evidence review; not independent human review),2026-09-26,data/staging/stg_complaints.parquet
ccdb,Supreme Lending,Supreme Lending,EC2ADB5FF5E55,Supreme Lending,nonbank_originator,549300XWUSRVVOHPRY47,3844577,,,549300XWUSRVVOHPRY47,2023,https://files.ffiec.cfpb.gov/static-data/snapshot/2023/2023_public_panel_csv.zip,,,manual,Codex (individual identity/evidence review; not independent human review),2026-09-26,data/staging/stg_complaints.parquet
ccdb,Supreme Lending,Supreme Lending,EC2ADB5FF5E55,Supreme Lending,nonbank_originator,549300XWUSRVVOHPRY47,,,,549300XWUSRVVOHPRY47,2024,https://files.ffiec.cfpb.gov/static-data/snapshot/2024/2024_public_ts_csv.zip,,,manual,Codex (individual identity/evidence review; not independent human review),2026-09-26,data/staging/stg_complaints.parquet
ccdb,Supreme Lending,Supreme Lending,EC2ADB5FF5E55,Supreme Lending,nonbank_originator,549300XWUSRVVOHPRY47,,,,549300XWUSRVVOHPRY47,2025,https://files.ffiec.cfpb.gov/static-data/snapshot/2025/2025_public_ts_csv.zip,,,manual,Codex (individual identity/evidence review; not independent human review),2026-09-26,data/staging/stg_complaints.parquet
ccdb,"AXOS FINANCIAL, INC.","AXOS FINANCIAL, INC.",EA662D8AAC5CF,AXOS FINANCIAL INC,bank,2549009X2AG1P20YAJ63,2917317,3814310,35546,2549009X2AG1P20YAJ63,2018,https://files.ffiec.cfpb.gov/static-data/snapshot/2018/2018_public_panel_csv.zip,,,manual,Codex (individual identity/evidence review; not independent human review),2026-09-26,https://api.fdic.gov/banks/institutions
ccdb,"AXOS FINANCIAL, INC.","AXOS FINANCIAL, INC.",EA662D8AAC5CF,AXOS FINANCIAL INC,bank,2549009X2AG1P20YAJ63,2917317,3814310,35546,2549009X2AG1P20YAJ63,2019,https://files.ffiec.cfpb.gov/static-data/snapshot/2019/2019_public_panel_csv.zip,,,manual,Codex (individual identity/evidence review; not independent human review),2026-09-26,https://api.fdic.gov/banks/institutions
ccdb,"AXOS FINANCIAL, INC.","AXOS FINANCIAL, INC.",EA662D8AAC5CF,AXOS FINANCIAL INC,bank,2549009X2AG1P20YAJ63,2917317,3814310,35546,2549009X2AG1P20YAJ63,2020,https://files.ffiec.cfpb.gov/static-data/snapshot/2020/2020_public_panel_csv.zip,,,manual,Codex (individual identity/evidence review; not independent human review),2026-09-26,https://api.fdic.gov/banks/institutions
ccdb,"AXOS FINANCIAL, INC.","AXOS FINANCIAL, INC.",EA662D8AAC5CF,AXOS FINANCIAL INC,bank,2549009X2AG1P20YAJ63,2917317,3814310,35546,2549009X2AG1P20YAJ63,2021,https://files.ffiec.cfpb.gov/static-data/snapshot/2021/2021_public_panel_csv.zip,,,manual,Codex (individual identity/evidence review; not independent human review),2026-09-26,https://api.fdic.gov/banks/institutions
ccdb,"AXOS FINANCIAL, INC.","AXOS FINANCIAL, INC.",EA662D8AAC5CF,AXOS FINANCIAL INC,bank,2549009X2AG1P20YAJ63,2917317,3814310,35546,2549009X2AG1P20YAJ63,2022,https://files.ffiec.cfpb.gov/static-data/snapshot/2022/2022_public_panel_csv.zip,,,manual,Codex (individual identity/evidence review; not independent human review),2026-09-26,https://api.fdic.gov/banks/institutions
ccdb,"AXOS FINANCIAL, INC.","AXOS FINANCIAL, INC.",EA662D8AAC5CF,AXOS FINANCIAL INC,bank,2549009X2AG1P20YAJ63,2917317,3814310,35546,2549009X2AG1P20YAJ63,2023,https://files.ffiec.cfpb.gov/static-data/snapshot/2023/2023_public_panel_csv.zip,,,manual,Codex (individual identity/evidence review; not independent human review),2026-09-26,https://api.fdic.gov/banks/institutions
ccdb,"AXOS FINANCIAL, INC.","AXOS FINANCIAL, INC.",EA662D8AAC5CF,AXOS FINANCIAL INC,bank,2549009X2AG1P20YAJ63,,3814310,,2549009X2AG1P20YAJ63,2024,https://files.ffiec.cfpb.gov/static-data/snapshot/2024/2024_public_ts_csv.zip,,,manual,Codex (individual identity/evidence review; not independent human review),2026-09-26,https://api.fdic.gov/banks/institutions
ccdb,"AXOS FINANCIAL, INC.","AXOS FINANCIAL, INC.",EA662D8AAC5CF,AXOS FINANCIAL INC,bank,2549009X2AG1P20YAJ63,,3814310,,2549009X2AG1P20YAJ63,2025,https://files.ffiec.cfpb.gov/static-data/snapshot/2025/2025_public_ts_csv.zip,,,manual,Codex (individual identity/evidence review; not independent human review),2026-09-26,https://api.fdic.gov/banks/institutions
ccdb,"AXOS FINANCIAL, INC.","AXOS FINANCIAL, INC.",EA662D8AAC5CF,AXOS FINANCIAL INC,bank,,2917317,3814310,35546,,2026,https://api.fdic.gov/banks/institutions,,,manual,Codex (individual identity/evidence review; not independent human review),2026-09-26,https://api.fdic.gov/banks/institutions
ccdb,"IMPAC MORTGAGE HOLDINGS, INC.","IMPAC MORTGAGE HOLDINGS, INC.",E9BB41D032619,"IMPAC MORTGAGE HOLDINGS, INC.",nonbank_originator,549300U2WRK55BY8UC05,4325019,,,549300U2WRK55BY8UC05,2018,https://files.ffiec.cfpb.gov/static-data/snapshot/2018/2018_public_panel_csv.zip,,,manual,Codex (individual identity/evidence review; not independent human review),2026-09-26,data/staging/stg_complaints.parquet
ccdb,"IMPAC MORTGAGE HOLDINGS, INC.","IMPAC MORTGAGE HOLDINGS, INC.",E9BB41D032619,"IMPAC MORTGAGE HOLDINGS, INC.",nonbank_originator,549300U2WRK55BY8UC05,4325019,,,549300U2WRK55BY8UC05,2019,https://files.ffiec.cfpb.gov/static-data/snapshot/2019/2019_public_panel_csv.zip,,,manual,Codex (individual identity/evidence review; not independent human review),2026-09-26,data/staging/stg_complaints.parquet
ccdb,"IMPAC MORTGAGE HOLDINGS, INC.","IMPAC MORTGAGE HOLDINGS, INC.",E9BB41D032619,"IMPAC MORTGAGE HOLDINGS, INC.",nonbank_originator,549300U2WRK55BY8UC05,4325019,,,549300U2WRK55BY8UC05,2020,https://files.ffiec.cfpb.gov/static-data/snapshot/2020/2020_public_panel_csv.zip,,,manual,Codex (individual identity/evidence review; not independent human review),2026-09-26,data/staging/stg_complaints.parquet
ccdb,"IMPAC MORTGAGE HOLDINGS, INC.","IMPAC MORTGAGE HOLDINGS, INC.",E9BB41D032619,"IMPAC MORTGAGE HOLDINGS, INC.",nonbank_originator,549300U2WRK55BY8UC05,4325019,,,549300U2WRK55BY8UC05,2021,https://files.ffiec.cfpb.gov/static-data/snapshot/2021/2021_public_panel_csv.zip,,,manual,Codex (individual identity/evidence review; not independent human review),2026-09-26,data/staging/stg_complaints.parquet
ccdb,"IMPAC MORTGAGE HOLDINGS, INC.","IMPAC MORTGAGE HOLDINGS, INC.",E9BB41D032619,"IMPAC MORTGAGE HOLDINGS, INC.",nonbank_originator,549300U2WRK55BY8UC05,4325019,,,549300U2WRK55BY8UC05,2022,https://files.ffiec.cfpb.gov/static-data/snapshot/2022/2022_public_panel_csv.zip,,,manual,Codex (individual identity/evidence review; not independent human review),2026-09-26,data/staging/stg_complaints.parquet
ccdb,"IMPAC MORTGAGE HOLDINGS, INC.","IMPAC MORTGAGE HOLDINGS, INC.",E9BB41D032619,"IMPAC MORTGAGE HOLDINGS, INC.",nonbank_originator,549300U2WRK55BY8UC05,4325019,,,549300U2WRK55BY8UC05,2023,https://files.ffiec.cfpb.gov/static-data/snapshot/2023/2023_public_panel_csv.zip,,,manual,Codex (individual identity/evidence review; not independent human review),2026-09-26,data/staging/stg_complaints.parquet
ccdb,"PulteGroup, Inc.","PulteGroup, Inc.",EE8D973B13F37,"PulteGroup, Inc.",nonbank_originator,,,,,,,No verified reporter/bank identifier; identity only,,,manual,Codex (individual identity/evidence review; not independent human review),2026-09-26,data/staging/stg_complaints.parquet
ccdb,Mr. Cooper Group Inc.,Mr. Cooper Group Inc.,E1FC3BC613A71,NATIONSTAR MORTGAGE LLC,nonbank_servicer,549300LBCBNR1OT00651,3935523,,,549300LBCBNR1OT00651,2018,https://files.ffiec.cfpb.gov/static-data/snapshot/2018/2018_public_panel_csv.zip,,,manual,Codex (individual identity/evidence review; not independent human review),2026-09-26,data/staging/stg_complaints.parquet
ccdb,Mr. Cooper Group Inc.,Mr. Cooper Group Inc.,E1FC3BC613A71,NATIONSTAR MORTGAGE LLC,nonbank_servicer,549300LBCBNR1OT00651,3935523,,,549300LBCBNR1OT00651,2019,https://files.ffiec.cfpb.gov/static-data/snapshot/2019/2019_public_panel_csv.zip,,,manual,Codex (individual identity/evidence review; not independent human review),2026-09-26,data/staging/stg_complaints.parquet
ccdb,Mr. Cooper Group Inc.,Mr. Cooper Group Inc.,E1FC3BC613A71,NATIONSTAR MORTGAGE LLC,nonbank_servicer,549300LBCBNR1OT00651,3935523,,,549300LBCBNR1OT00651,2020,https://files.ffiec.cfpb.gov/static-data/snapshot/2020/2020_public_panel_csv.zip,,,manual,Codex (individual identity/evidence review; not independent human review),2026-09-26,data/staging/stg_complaints.parquet
ccdb,Mr. Cooper Group Inc.,Mr. Cooper Group Inc.,E1FC3BC613A71,NATIONSTAR MORTGAGE LLC,nonbank_servicer,549300LBCBNR1OT00651,3935523,,,549300LBCBNR1OT00651,2021,https://files.ffiec.cfpb.gov/static-data/snapshot/2021/2021_public_panel_csv.zip,,,manual,Codex (individual identity/evidence review; not independent human review),2026-09-26,data/staging/stg_complaints.parquet
ccdb,Mr. Cooper Group Inc.,Mr. Cooper Group Inc.,E1FC3BC613A71,NATIONSTAR MORTGAGE LLC,nonbank_servicer,549300LBCBNR1OT00651,3935523,,,549300LBCBNR1OT00651,2022,https://files.ffiec.cfpb.gov/static-data/snapshot/2022/2022_public_panel_csv.zip,,,manual,Codex (individual identity/evidence review; not independent human review),2026-09-26,data/staging/stg_complaints.parquet
ccdb,Mr. Cooper Group Inc.,Mr. Cooper Group Inc.,E1FC3BC613A71,NATIONSTAR MORTGAGE LLC,nonbank_servicer,549300LBCBNR1OT00651,,,,549300LBCBNR1OT00651,2023,https://files.ffiec.cfpb.gov/static-data/snapshot/2023/2023_public_panel_csv.zip,,,manual,Codex (individual identity/evidence review; not independent human review),2026-09-26,data/staging/stg_complaints.parquet
ccdb,Mr. Cooper Group Inc.,Mr. Cooper Group Inc.,E1FC3BC613A71,NATIONSTAR MORTGAGE LLC,nonbank_servicer,549300LBCBNR1OT00651,,,,549300LBCBNR1OT00651,2024,https://files.ffiec.cfpb.gov/static-data/snapshot/2024/2024_public_ts_csv.zip,,,manual,Codex (individual identity/evidence review; not independent human review),2026-09-26,data/staging/stg_complaints.parquet
ccdb,Mr. Cooper Group Inc.,Mr. Cooper Group Inc.,E1FC3BC613A71,NATIONSTAR MORTGAGE LLC,nonbank_servicer,549300LBCBNR1OT00651,,,,549300LBCBNR1OT00651,2025,https://files.ffiec.cfpb.gov/static-data/snapshot/2025/2025_public_ts_csv.zip,,,manual,Codex (individual identity/evidence review; not independent human review),2026-09-26,data/staging/stg_complaints.parquet
ccdb,Selene Finance LP,Selene Finance LP,EE2ED85757AB4,Selene Finance LP,nonbank_servicer,,,,,,,No verified reporter/bank identifier; identity only,,,manual,Codex (individual identity/evidence review; not independent human review),2026-09-26,data/staging/stg_complaints.parquet
ccdb,"Servis One, Inc., Titusville, PA Branch","Servis One, Inc., Titusville, PA Branch",ED9E334BCFE15,"BSI Financial Holdings, Inc.",nonbank_servicer,,,,,,,No verified reporter/bank identifier; identity only,,,manual,Codex (individual identity/evidence review; not independent human review),2026-09-26,https://bsifinancial.com/terms.html
ccdb,"SANTANDER HOLDINGS USA, INC.","SANTANDER HOLDINGS USA, INC.",EED6B50CF122D,BANCO SANTANDER SA,bank,TR24TWEY5RVRQV65HD49,722777,1239254,29950,TR24TWEY5RVRQV65HD49,2018,https://files.ffiec.cfpb.gov/static-data/snapshot/2018/2018_public_panel_csv.zip,,,manual,Codex (individual identity/evidence review; not independent human review),2026-09-26,https://api.fdic.gov/banks/institutions
ccdb,"SANTANDER HOLDINGS USA, INC.","SANTANDER HOLDINGS USA, INC.",EED6B50CF122D,BANCO SANTANDER SA,bank,TR24TWEY5RVRQV65HD49,722777,1239254,29950,TR24TWEY5RVRQV65HD49,2019,https://files.ffiec.cfpb.gov/static-data/snapshot/2019/2019_public_panel_csv.zip,,,manual,Codex (individual identity/evidence review; not independent human review),2026-09-26,https://api.fdic.gov/banks/institutions
ccdb,"SANTANDER HOLDINGS USA, INC.","SANTANDER HOLDINGS USA, INC.",EED6B50CF122D,BANCO SANTANDER SA,bank,TR24TWEY5RVRQV65HD49,722777,1239254,29950,TR24TWEY5RVRQV65HD49,2020,https://files.ffiec.cfpb.gov/static-data/snapshot/2020/2020_public_panel_csv.zip,,,manual,Codex (individual identity/evidence review; not independent human review),2026-09-26,https://api.fdic.gov/banks/institutions
ccdb,"SANTANDER HOLDINGS USA, INC.","SANTANDER HOLDINGS USA, INC.",EED6B50CF122D,BANCO SANTANDER SA,bank,TR24TWEY5RVRQV65HD49,722777,1239254,29950,TR24TWEY5RVRQV65HD49,2021,https://files.ffiec.cfpb.gov/static-data/snapshot/2021/2021_public_panel_csv.zip,,,manual,Codex (individual identity/evidence review; not independent human review),2026-09-26,https://api.fdic.gov/banks/institutions
ccdb,"SANTANDER HOLDINGS USA, INC.","SANTANDER HOLDINGS USA, INC.",EED6B50CF122D,BANCO SANTANDER SA,bank,TR24TWEY5RVRQV65HD49,722777,1239254,29950,TR24TWEY5RVRQV65HD49,2022,https://files.ffiec.cfpb.gov/static-data/snapshot/2022/2022_public_panel_csv.zip,,,manual,Codex (individual identity/evidence review; not independent human review),2026-09-26,https://api.fdic.gov/banks/institutions
ccdb,"SANTANDER HOLDINGS USA, INC.","SANTANDER HOLDINGS USA, INC.",EED6B50CF122D,BANCO SANTANDER SA,bank,TR24TWEY5RVRQV65HD49,722777,1239254,29950,TR24TWEY5RVRQV65HD49,2023,https://files.ffiec.cfpb.gov/static-data/snapshot/2023/2023_public_panel_csv.zip,,,manual,Codex (individual identity/evidence review; not independent human review),2026-09-26,https://api.fdic.gov/banks/institutions
ccdb,"SANTANDER HOLDINGS USA, INC.","SANTANDER HOLDINGS USA, INC.",EED6B50CF122D,BANCO SANTANDER SA,bank,,722777,1239254,29950,,2026,https://api.fdic.gov/banks/institutions,,,manual,Codex (individual identity/evidence review; not independent human review),2026-09-26,https://api.fdic.gov/banks/institutions
ccdb,U.S. BANK NATIONAL ASSOCIATION - SAN FRANCISCO MAIN BRANCH,U.S. BANK NATIONAL ASSOCIATION - SAN FRANCISCO MAIN BRANCH,E9924BD19EECC,U S BCORP,bank,6BYL5QZYBDK8S7L73M02,504713,1119794,6548,6BYL5QZYBDK8S7L73M02,2018,https://files.ffiec.cfpb.gov/static-data/snapshot/2018/2018_public_panel_csv.zip,,,manual,Codex (individual identity/evidence review; not independent human review),2026-09-26,https://api.fdic.gov/banks/institutions
ccdb,U.S. BANK NATIONAL ASSOCIATION - SAN FRANCISCO MAIN BRANCH,U.S. BANK NATIONAL ASSOCIATION - SAN FRANCISCO MAIN BRANCH,E9924BD19EECC,U S BCORP,bank,6BYL5QZYBDK8S7L73M02,504713,1119794,6548,6BYL5QZYBDK8S7L73M02,2019,https://files.ffiec.cfpb.gov/static-data/snapshot/2019/2019_public_panel_csv.zip,,,manual,Codex (individual identity/evidence review; not independent human review),2026-09-26,https://api.fdic.gov/banks/institutions
ccdb,U.S. BANK NATIONAL ASSOCIATION - SAN FRANCISCO MAIN BRANCH,U.S. BANK NATIONAL ASSOCIATION - SAN FRANCISCO MAIN BRANCH,E9924BD19EECC,U S BCORP,bank,6BYL5QZYBDK8S7L73M02,504713,1119794,6548,6BYL5QZYBDK8S7L73M02,2020,https://files.ffiec.cfpb.gov/static-data/snapshot/2020/2020_public_panel_csv.zip,,,manual,Codex (individual identity/evidence review; not independent human review),2026-09-26,https://api.fdic.gov/banks/institutions
ccdb,U.S. BANK NATIONAL ASSOCIATION - SAN FRANCISCO MAIN BRANCH,U.S. BANK NATIONAL ASSOCIATION - SAN FRANCISCO MAIN BRANCH,E9924BD19EECC,U S BCORP,bank,6BYL5QZYBDK8S7L73M02,504713,1119794,6548,6BYL5QZYBDK8S7L73M02,2021,https://files.ffiec.cfpb.gov/static-data/snapshot/2021/2021_public_panel_csv.zip,,,manual,Codex (individual identity/evidence review; not independent human review),2026-09-26,https://api.fdic.gov/banks/institutions
ccdb,U.S. BANK NATIONAL ASSOCIATION - SAN FRANCISCO MAIN BRANCH,U.S. BANK NATIONAL ASSOCIATION - SAN FRANCISCO MAIN BRANCH,E9924BD19EECC,U S BCORP,bank,6BYL5QZYBDK8S7L73M02,504713,1119794,6548,6BYL5QZYBDK8S7L73M02,2022,https://files.ffiec.cfpb.gov/static-data/snapshot/2022/2022_public_panel_csv.zip,,,manual,Codex (individual identity/evidence review; not independent human review),2026-09-26,https://api.fdic.gov/banks/institutions
ccdb,U.S. BANK NATIONAL ASSOCIATION - SAN FRANCISCO MAIN BRANCH,U.S. BANK NATIONAL ASSOCIATION - SAN FRANCISCO MAIN BRANCH,E9924BD19EECC,U S BCORP,bank,6BYL5QZYBDK8S7L73M02,504713,1119794,6548,6BYL5QZYBDK8S7L73M02,2023,https://files.ffiec.cfpb.gov/static-data/snapshot/2023/2023_public_panel_csv.zip,,,manual,Codex (individual identity/evidence review; not independent human review),2026-09-26,https://api.fdic.gov/banks/institutions
ccdb,U.S. BANK NATIONAL ASSOCIATION - SAN FRANCISCO MAIN BRANCH,U.S. BANK NATIONAL ASSOCIATION - SAN FRANCISCO MAIN BRANCH,E9924BD19EECC,U S BCORP,bank,6BYL5QZYBDK8S7L73M02,,1119794,,6BYL5QZYBDK8S7L73M02,2024,https://files.ffiec.cfpb.gov/static-data/snapshot/2024/2024_public_ts_csv.zip,,,manual,Codex (individual identity/evidence review; not independent human review),2026-09-26,https://api.fdic.gov/banks/institutions
ccdb,U.S. BANK NATIONAL ASSOCIATION - SAN FRANCISCO MAIN BRANCH,U.S. BANK NATIONAL ASSOCIATION - SAN FRANCISCO MAIN BRANCH,E9924BD19EECC,U S BCORP,bank,6BYL5QZYBDK8S7L73M02,,1119794,,6BYL5QZYBDK8S7L73M02,2025,https://files.ffiec.cfpb.gov/static-data/snapshot/2025/2025_public_ts_csv.zip,,,manual,Codex (individual identity/evidence review; not independent human review),2026-09-26,https://api.fdic.gov/banks/institutions
ccdb,U.S. BANK NATIONAL ASSOCIATION - SAN FRANCISCO MAIN BRANCH,U.S. BANK NATIONAL ASSOCIATION - SAN FRANCISCO MAIN BRANCH,E9924BD19EECC,U S BCORP,bank,,504713,1119794,6548,,2026,https://api.fdic.gov/banks/institutions,,,manual,Codex (individual identity/evidence review; not independent human review),2026-09-26,https://api.fdic.gov/banks/institutions
ccdb,"Flagstar Bank, N.A.","Flagstar Bank, N.A.",EBDAA9CD74FD1,New York Community / Flagstar Financial,bank,QODK9N71Q3XVQS2JKH91,694904,2132932,16022,QODK9N71Q3XVQS2JKH91,2018,https://files.ffiec.cfpb.gov/static-data/snapshot/2018/2018_public_panel_csv.zip,2022-12-01,,manual,Codex (individual identity/evidence review; not independent human review),2026-09-26,https://ir.flagstar.com/news-and-events/news-releases/press-release-details/2022/NEW-YORK-COMMUNITY-BANCORP-INC.-COMPLETES-ACQUISITION-OF-FLAGSTAR-BANCORP-INC/default.aspx
ccdb,"Flagstar Bank, N.A.","Flagstar Bank, N.A.",EBDAA9CD74FD1,New York Community / Flagstar Financial,bank,QODK9N71Q3XVQS2JKH91,694904,2132932,16022,QODK9N71Q3XVQS2JKH91,2019,https://files.ffiec.cfpb.gov/static-data/snapshot/2019/2019_public_panel_csv.zip,2022-12-01,,manual,Codex (individual identity/evidence review; not independent human review),2026-09-26,https://ir.flagstar.com/news-and-events/news-releases/press-release-details/2022/NEW-YORK-COMMUNITY-BANCORP-INC.-COMPLETES-ACQUISITION-OF-FLAGSTAR-BANCORP-INC/default.aspx
ccdb,"Flagstar Bank, N.A.","Flagstar Bank, N.A.",EBDAA9CD74FD1,New York Community / Flagstar Financial,bank,QODK9N71Q3XVQS2JKH91,694904,2132932,16022,QODK9N71Q3XVQS2JKH91,2020,https://files.ffiec.cfpb.gov/static-data/snapshot/2020/2020_public_panel_csv.zip,2022-12-01,,manual,Codex (individual identity/evidence review; not independent human review),2026-09-26,https://ir.flagstar.com/news-and-events/news-releases/press-release-details/2022/NEW-YORK-COMMUNITY-BANCORP-INC.-COMPLETES-ACQUISITION-OF-FLAGSTAR-BANCORP-INC/default.aspx
ccdb,"Flagstar Bank, N.A.","Flagstar Bank, N.A.",EBDAA9CD74FD1,New York Community / Flagstar Financial,bank,QODK9N71Q3XVQS2JKH91,694904,2132932,16022,QODK9N71Q3XVQS2JKH91,2021,https://files.ffiec.cfpb.gov/static-data/snapshot/2021/2021_public_panel_csv.zip,2022-12-01,,manual,Codex (individual identity/evidence review; not independent human review),2026-09-26,https://ir.flagstar.com/news-and-events/news-releases/press-release-details/2022/NEW-YORK-COMMUNITY-BANCORP-INC.-COMPLETES-ACQUISITION-OF-FLAGSTAR-BANCORP-INC/default.aspx
ccdb,"Flagstar Bank, N.A.","Flagstar Bank, N.A.",EBDAA9CD74FD1,New York Community / Flagstar Financial,bank,SS1TRMSN6BRNMOREEV51,694904,2132932,16022,SS1TRMSN6BRNMOREEV51,2022,https://files.ffiec.cfpb.gov/static-data/snapshot/2022/2022_public_panel_csv.zip,2022-12-01,,manual,Codex (individual identity/evidence review; not independent human review),2026-09-26,https://ir.flagstar.com/news-and-events/news-releases/press-release-details/2022/NEW-YORK-COMMUNITY-BANCORP-INC.-COMPLETES-ACQUISITION-OF-FLAGSTAR-BANCORP-INC/default.aspx
ccdb,"Flagstar Bank, N.A.","Flagstar Bank, N.A.",EBDAA9CD74FD1,New York Community / Flagstar Financial,bank,SS1TRMSN6BRNMOREEV51,694904,2132932,16022,SS1TRMSN6BRNMOREEV51,2023,https://files.ffiec.cfpb.gov/static-data/snapshot/2023/2023_public_panel_csv.zip,2022-12-01,,manual,Codex (individual identity/evidence review; not independent human review),2026-09-26,https://ir.flagstar.com/news-and-events/news-releases/press-release-details/2022/NEW-YORK-COMMUNITY-BANCORP-INC.-COMPLETES-ACQUISITION-OF-FLAGSTAR-BANCORP-INC/default.aspx
ccdb,"Flagstar Bank, N.A.","Flagstar Bank, N.A.",EBDAA9CD74FD1,New York Community / Flagstar Financial,bank,SS1TRMSN6BRNMOREEV51,,2132932,,SS1TRMSN6BRNMOREEV51,2024,https://files.ffiec.cfpb.gov/static-data/snapshot/2024/2024_public_ts_csv.zip,2022-12-01,,manual,Codex (individual identity/evidence review; not independent human review),2026-09-26,https://ir.flagstar.com/news-and-events/news-releases/press-release-details/2022/NEW-YORK-COMMUNITY-BANCORP-INC.-COMPLETES-ACQUISITION-OF-FLAGSTAR-BANCORP-INC/default.aspx
ccdb,"Flagstar Bank, N.A.","Flagstar Bank, N.A.",EBDAA9CD74FD1,New York Community / Flagstar Financial,bank,SS1TRMSN6BRNMOREEV51,,2132932,,SS1TRMSN6BRNMOREEV51,2025,https://files.ffiec.cfpb.gov/static-data/snapshot/2025/2025_public_ts_csv.zip,2022-12-01,,manual,Codex (individual identity/evidence review; not independent human review),2026-09-26,https://ir.flagstar.com/news-and-events/news-releases/press-release-details/2022/NEW-YORK-COMMUNITY-BANCORP-INC.-COMPLETES-ACQUISITION-OF-FLAGSTAR-BANCORP-INC/default.aspx
ccdb,"Flagstar Bank, N.A.","Flagstar Bank, N.A.",EBDAA9CD74FD1,New York Community / Flagstar Financial,bank,,694904,2132932,16022,,2026,https://api.fdic.gov/banks/institutions,2022-12-01,,manual,Codex (individual identity/evidence review; not independent human review),2026-09-26,https://ir.flagstar.com/news-and-events/news-releases/press-release-details/2022/NEW-YORK-COMMUNITY-BANCORP-INC.-COMPLETES-ACQUISITION-OF-FLAGSTAR-BANCORP-INC/default.aspx
ccdb,"Flagstar Bank, N.A.","Flagstar Bank, N.A.",EBDAA9CD74FD1,New York Community / Flagstar Financial,bank,,694904,2132932,32541,,2026,https://api.fdic.gov/banks/institutions,2022-12-01,,manual,Codex (individual identity/evidence review; not independent human review),2026-09-26,https://ir.flagstar.com/news-and-events/news-releases/press-release-details/2022/NEW-YORK-COMMUNITY-BANCORP-INC.-COMPLETES-ACQUISITION-OF-FLAGSTAR-BANCORP-INC/default.aspx
ccdb,"Flagstar Bank, National Association","Flagstar Bank, National Association",EBDAA9CD74FD1,New York Community / Flagstar Financial,bank,QODK9N71Q3XVQS2JKH91,694904,2132932,16022,QODK9N71Q3XVQS2JKH91,2018,https://files.ffiec.cfpb.gov/static-data/snapshot/2018/2018_public_panel_csv.zip,2022-12-01,,manual,Codex (individual identity/evidence review; not independent human review),2026-09-26,https://ir.flagstar.com/news-and-events/news-releases/press-release-details/2022/NEW-YORK-COMMUNITY-BANCORP-INC.-COMPLETES-ACQUISITION-OF-FLAGSTAR-BANCORP-INC/default.aspx
ccdb,"Flagstar Bank, National Association","Flagstar Bank, National Association",EBDAA9CD74FD1,New York Community / Flagstar Financial,bank,QODK9N71Q3XVQS2JKH91,694904,2132932,16022,QODK9N71Q3XVQS2JKH91,2019,https://files.ffiec.cfpb.gov/static-data/snapshot/2019/2019_public_panel_csv.zip,2022-12-01,,manual,Codex (individual identity/evidence review; not independent human review),2026-09-26,https://ir.flagstar.com/news-and-events/news-releases/press-release-details/2022/NEW-YORK-COMMUNITY-BANCORP-INC.-COMPLETES-ACQUISITION-OF-FLAGSTAR-BANCORP-INC/default.aspx
ccdb,"Flagstar Bank, National Association","Flagstar Bank, National Association",EBDAA9CD74FD1,New York Community / Flagstar Financial,bank,QODK9N71Q3XVQS2JKH91,694904,2132932,16022,QODK9N71Q3XVQS2JKH91,2020,https://files.ffiec.cfpb.gov/static-data/snapshot/2020/2020_public_panel_csv.zip,2022-12-01,,manual,Codex (individual identity/evidence review; not independent human review),2026-09-26,https://ir.flagstar.com/news-and-events/news-releases/press-release-details/2022/NEW-YORK-COMMUNITY-BANCORP-INC.-COMPLETES-ACQUISITION-OF-FLAGSTAR-BANCORP-INC/default.aspx
ccdb,"Flagstar Bank, National Association","Flagstar Bank, National Association",EBDAA9CD74FD1,New York Community / Flagstar Financial,bank,QODK9N71Q3XVQS2JKH91,694904,2132932,16022,QODK9N71Q3XVQS2JKH91,2021,https://files.ffiec.cfpb.gov/static-data/snapshot/2021/2021_public_panel_csv.zip,2022-12-01,,manual,Codex (individual identity/evidence review; not independent human review),2026-09-26,https://ir.flagstar.com/news-and-events/news-releases/press-release-details/2022/NEW-YORK-COMMUNITY-BANCORP-INC.-COMPLETES-ACQUISITION-OF-FLAGSTAR-BANCORP-INC/default.aspx
ccdb,"Flagstar Bank, National Association","Flagstar Bank, National Association",EBDAA9CD74FD1,New York Community / Flagstar Financial,bank,SS1TRMSN6BRNMOREEV51,694904,2132932,16022,SS1TRMSN6BRNMOREEV51,2022,https://files.ffiec.cfpb.gov/static-data/snapshot/2022/2022_public_panel_csv.zip,2022-12-01,,manual,Codex (individual identity/evidence review; not independent human review),2026-09-26,https://ir.flagstar.com/news-and-events/news-releases/press-release-details/2022/NEW-YORK-COMMUNITY-BANCORP-INC.-COMPLETES-ACQUISITION-OF-FLAGSTAR-BANCORP-INC/default.aspx
ccdb,"Flagstar Bank, National Association","Flagstar Bank, National Association",EBDAA9CD74FD1,New York Community / Flagstar Financial,bank,SS1TRMSN6BRNMOREEV51,694904,2132932,16022,SS1TRMSN6BRNMOREEV51,2023,https://files.ffiec.cfpb.gov/static-data/snapshot/2023/2023_public_panel_csv.zip,2022-12-01,,manual,Codex (individual identity/evidence review; not independent human review),2026-09-26,https://ir.flagstar.com/news-and-events/news-releases/press-release-details/2022/NEW-YORK-COMMUNITY-BANCORP-INC.-COMPLETES-ACQUISITION-OF-FLAGSTAR-BANCORP-INC/default.aspx
ccdb,"Flagstar Bank, National Association","Flagstar Bank, National Association",EBDAA9CD74FD1,New York Community / Flagstar Financial,bank,SS1TRMSN6BRNMOREEV51,,2132932,,SS1TRMSN6BRNMOREEV51,2024,https://files.ffiec.cfpb.gov/static-data/snapshot/2024/2024_public_ts_csv.zip,2022-12-01,,manual,Codex (individual identity/evidence review; not independent human review),2026-09-26,https://ir.flagstar.com/news-and-events/news-releases/press-release-details/2022/NEW-YORK-COMMUNITY-BANCORP-INC.-COMPLETES-ACQUISITION-OF-FLAGSTAR-BANCORP-INC/default.aspx
ccdb,"Flagstar Bank, National Association","Flagstar Bank, National Association",EBDAA9CD74FD1,New York Community / Flagstar Financial,bank,SS1TRMSN6BRNMOREEV51,,2132932,,SS1TRMSN6BRNMOREEV51,2025,https://files.ffiec.cfpb.gov/static-data/snapshot/2025/2025_public_ts_csv.zip,2022-12-01,,manual,Codex (individual identity/evidence review; not independent human review),2026-09-26,https://ir.flagstar.com/news-and-events/news-releases/press-release-details/2022/NEW-YORK-COMMUNITY-BANCORP-INC.-COMPLETES-ACQUISITION-OF-FLAGSTAR-BANCORP-INC/default.aspx
ccdb,"Flagstar Bank, National Association","Flagstar Bank, National Association",EBDAA9CD74FD1,New York Community / Flagstar Financial,bank,,694904,2132932,16022,,2026,https://api.fdic.gov/banks/institutions,2022-12-01,,manual,Codex (individual identity/evidence review; not independent human review),2026-09-26,https://ir.flagstar.com/news-and-events/news-releases/press-release-details/2022/NEW-YORK-COMMUNITY-BANCORP-INC.-COMPLETES-ACQUISITION-OF-FLAGSTAR-BANCORP-INC/default.aspx
ccdb,"Flagstar Bank, National Association","Flagstar Bank, National Association",EBDAA9CD74FD1,New York Community / Flagstar Financial,bank,,694904,2132932,32541,,2026,https://api.fdic.gov/banks/institutions,2022-12-01,,manual,Codex (individual identity/evidence review; not independent human review),2026-09-26,https://ir.flagstar.com/news-and-events/news-releases/press-release-details/2022/NEW-YORK-COMMUNITY-BANCORP-INC.-COMPLETES-ACQUISITION-OF-FLAGSTAR-BANCORP-INC/default.aspx
ccdb,"Flagstar Bank, National Association","Flagstar Bank, National Association",E4CED9D7E2719,Flagstar predecessor / MP (Thrift) LLC,bank,SS1TRMSN6BRNMOREEV51,146672,4224000,,SS1TRMSN6BRNMOREEV51,2018,https://files.ffiec.cfpb.gov/static-data/snapshot/2018/2018_public_panel_csv.zip,,2022-11-30,manual,Codex (individual identity/evidence review; not independent human review),2026-09-26,https://files.ffiec.cfpb.gov/static-data/snapshot/2023/2023_public_panel_csv.zip
ccdb,"Flagstar Bank, National Association","Flagstar Bank, National Association",E4CED9D7E2719,Flagstar predecessor / MP (Thrift) LLC,bank,SS1TRMSN6BRNMOREEV51,146672,4224000,,SS1TRMSN6BRNMOREEV51,2019,https://files.ffiec.cfpb.gov/static-data/snapshot/2019/2019_public_panel_csv.zip,,2022-11-30,manual,Codex (individual identity/evidence review; not independent human review),2026-09-26,https://files.ffiec.cfpb.gov/static-data/snapshot/2023/2023_public_panel_csv.zip
ccdb,"Flagstar Bank, National Association","Flagstar Bank, National Association",E4CED9D7E2719,Flagstar predecessor / MP (Thrift) LLC,bank,SS1TRMSN6BRNMOREEV51,146672,4224000,,SS1TRMSN6BRNMOREEV51,2020,https://files.ffiec.cfpb.gov/static-data/snapshot/2020/2020_public_panel_csv.zip,,2022-11-30,manual,Codex (individual identity/evidence review; not independent human review),2026-09-26,https://files.ffiec.cfpb.gov/static-data/snapshot/2023/2023_public_panel_csv.zip
ccdb,"Flagstar Bank, National Association","Flagstar Bank, National Association",E4CED9D7E2719,Flagstar predecessor / MP (Thrift) LLC,bank,SS1TRMSN6BRNMOREEV51,146672,4224000,,SS1TRMSN6BRNMOREEV51,2021,https://files.ffiec.cfpb.gov/static-data/snapshot/2021/2021_public_panel_csv.zip,,2022-11-30,manual,Codex (individual identity/evidence review; not independent human review),2026-09-26,https://files.ffiec.cfpb.gov/static-data/snapshot/2023/2023_public_panel_csv.zip
enforcement,"1st Alliance Lending, LLC",,E989CB800DD43,"1st Alliance Lending, LLC",nonbank_originator,,,,,,,No verified reporter/bank identifier; identity only,,,manual,Codex (individual identity/evidence review; not independent human review),2026-09-26,https://www.consumerfinance.gov/enforcement/actions/1st-alliance-lending-llc-et-al/; caption_sha256=c72d25e5e57356f453cfc6e3e0a68fc683ef9aa65619dee52d90f28228717b4a
enforcement,"1st Alliance Lending, LLC (First Alliance)",,E989CB800DD43,"1st Alliance Lending, LLC",nonbank_originator,,,,,,,No verified reporter/bank identifier; identity only,,,manual,Codex (individual identity/evidence review; not independent human review),2026-09-26,https://www.consumerfinance.gov/enforcement/actions/1st-alliance-lending/; caption_sha256=0f6507d7061aecac6d817ac51c6fec4bb0a3d4ac85959101f717d46388ee0931
enforcement,ACI Payments Inc.,,EB5DD4567F44C,ACI Payments Inc.,other,,,,,,,No verified reporter/bank identifier; identity only,,,manual,Codex (individual identity/evidence review; not independent human review),2026-09-26,https://www.consumerfinance.gov/enforcement/actions/aci-worldwide-corp-and-aci-payments-inc/; caption_sha256=36b836b2a5f178e9810dfd336ce58fa882fc1a9aae97fe86a528b6000c4b6264
enforcement,ACI Worldwide Corp.,,EB243BF1A69E6,ACI Worldwide Corp.,other,,,,,,,No verified reporter/bank identifier; identity only,,,manual,Codex (individual identity/evidence review; not independent human review),2026-09-26,https://www.consumerfinance.gov/enforcement/actions/aci-worldwide-corp-and-aci-payments-inc/; caption_sha256=36b836b2a5f178e9810dfd336ce58fa882fc1a9aae97fe86a528b6000c4b6264
enforcement,"Accelerate Mortgage, LLC",,E11CB44BD8B43,"Accelerate Mortgage, LLC",nonbank_originator,,,,,,,No verified reporter/bank identifier; identity only,,,manual,Codex (individual identity/evidence review; not independent human review),2026-09-26,https://www.consumerfinance.gov/enforcement/actions/accelerate-mortgage-llc/; caption_sha256=42a64be27f20cf2931a45894d50c575bf32bb70e69a42074c0bb4591d676715d
enforcement,"Aegean Financial d/b/a Aegean Financial, Inc., Reverse Mortgage Professionals, Jubilados Financial, Newport Lending Reverse Mortgage, Promise Land Lending, Reverse Financial Group, and Reverse Mortgage Information Center",,E11893CED068F,Aegean Financial,other,,,,,,,No verified reporter/bank identifier; identity only,,,manual,Codex (individual identity/evidence review; not independent human review),2026-09-26,https://www.consumerfinance.gov/enforcement/actions/aegean-financial/; caption_sha256=1745c3cc594c1b8e32fcbc333cb08feb15497f265d2d468557d095a5b2b3885a
enforcement,"All County Settlements, LLC",,E8EFC0642D12F,"All County Settlements, LLC",other,,,,,,,No verified reporter/bank identifier; identity only,,,manual,Codex (individual identity/evidence review; not independent human review),2026-09-26,https://www.consumerfinance.gov/enforcement/actions/genuine-title-2/; caption_sha256=2d91c1dcf1a73a93c54a0d10924f7b0d55acd317f4f4858fc23f6ced55f99bd9
enforcement,"All Financial Services, LLC",,EC44AF8172606,"All Financial Services, LLC",nonbank_originator,,,,,,,No verified reporter/bank identifier; identity only,,,manual,Codex (individual identity/evidence review; not independent human review),2026-09-26,https://www.consumerfinance.gov/enforcement/actions/all-financial-services/; caption_sha256=e6fcc21ff3021a3c6eead49acbe53ac457c8afc00310d8c71dfa891c164deeae
enforcement,American Advisors Group,,E2C85F0E46692,AMERICAN ADVISORS GROUP,nonbank_originator,549300TINI6CL78UD591,4730163,,,549300TINI6CL78UD591,2018,https://files.ffiec.cfpb.gov/static-data/snapshot/2018/2018_public_panel_csv.zip,,,manual,Codex (individual identity/evidence review; not independent human review),2026-09-26,https://www.consumerfinance.gov/enforcement/actions/american-advisors-group-2/; caption_sha256=507cfb46d88a3b44b6c70324ad696a8eb93dd87e0f3ac0731aeba54bd4ef8bbc | https://www.consumerfinance.gov/enforcement/actions/american-advisors-group/; caption_sha256=507cfb46d88a3b44b6c70324ad696a8eb93dd87e0f3ac0731aeba54bd4ef8bbc
enforcement,American Advisors Group,,E2C85F0E46692,AMERICAN ADVISORS GROUP,nonbank_originator,549300TINI6CL78UD591,4730163,,,549300TINI6CL78UD591,2019,https://files.ffiec.cfpb.gov/static-data/snapshot/2019/2019_public_panel_csv.zip,,,manual,Codex (individual identity/evidence review; not independent human review),2026-09-26,https://www.consumerfinance.gov/enforcement/actions/american-advisors-group-2/; caption_sha256=507cfb46d88a3b44b6c70324ad696a8eb93dd87e0f3ac0731aeba54bd4ef8bbc | https://www.consumerfinance.gov/enforcement/actions/american-advisors-group/; caption_sha256=507cfb46d88a3b44b6c70324ad696a8eb93dd87e0f3ac0731aeba54bd4ef8bbc
enforcement,American Advisors Group,,E2C85F0E46692,AMERICAN ADVISORS GROUP,nonbank_originator,549300TINI6CL78UD591,4730163,,,549300TINI6CL78UD591,2020,https://files.ffiec.cfpb.gov/static-data/snapshot/2020/2020_public_panel_csv.zip,,,manual,Codex (individual identity/evidence review; not independent human review),2026-09-26,https://www.consumerfinance.gov/enforcement/actions/american-advisors-group-2/; caption_sha256=507cfb46d88a3b44b6c70324ad696a8eb93dd87e0f3ac0731aeba54bd4ef8bbc | https://www.consumerfinance.gov/enforcement/actions/american-advisors-group/; caption_sha256=507cfb46d88a3b44b6c70324ad696a8eb93dd87e0f3ac0731aeba54bd4ef8bbc
enforcement,American Advisors Group,,E2C85F0E46692,AMERICAN ADVISORS GROUP,nonbank_originator,549300TINI6CL78UD591,4730163,,,549300TINI6CL78UD591,2021,https://files.ffiec.cfpb.gov/static-data/snapshot/2021/2021_public_panel_csv.zip,,,manual,Codex (individual identity/evidence review; not independent human review),2026-09-26,https://www.consumerfinance.gov/enforcement/actions/american-advisors-group-2/; caption_sha256=507cfb46d88a3b44b6c70324ad696a8eb93dd87e0f3ac0731aeba54bd4ef8bbc | https://www.consumerfinance.gov/enforcement/actions/american-advisors-group/; caption_sha256=507cfb46d88a3b44b6c70324ad696a8eb93dd87e0f3ac0731aeba54bd4ef8bbc
enforcement,American Advisors Group,,E2C85F0E46692,AMERICAN ADVISORS GROUP,nonbank_originator,549300TINI6CL78UD591,4730163,,,549300TINI6CL78UD591,2022,https://files.ffiec.cfpb.gov/static-data/snapshot/2022/2022_public_panel_csv.zip,,,manual,Codex (individual identity/evidence review; not independent human review),2026-09-26,https://www.consumerfinance.gov/enforcement/actions/american-advisors-group-2/; caption_sha256=507cfb46d88a3b44b6c70324ad696a8eb93dd87e0f3ac0731aeba54bd4ef8bbc | https://www.consumerfinance.gov/enforcement/actions/american-advisors-group/; caption_sha256=507cfb46d88a3b44b6c70324ad696a8eb93dd87e0f3ac0731aeba54bd4ef8bbc
enforcement,"American Preferred Lending, Inc.",,E4CFEA14BBF75,"American Preferred Lending, Inc.",nonbank_originator,,,,,,,No verified reporter/bank identifier; identity only,,,manual,Codex (individual identity/evidence review; not independent human review),2026-09-26,https://www.consumerfinance.gov/enforcement/actions/american-preferred/; caption_sha256=d094460381b8f550fa47ada56b40107e0de72f54b8aa97d3aeabcf82be92338d
enforcement,Amerisave Mortgage Corp.,,E72FB15867991,AMERISAVE MORTGAGE CORPORATION,nonbank_originator,549300YIQ7S7Z8PIHE53,3914377,,,549300YIQ7S7Z8PIHE53,2018,https://files.ffiec.cfpb.gov/static-data/snapshot/2018/2018_public_panel_csv.zip,,,manual,Codex (individual identity/evidence review; not independent human review),2026-09-26,https://www.consumerfinance.gov/enforcement/actions/amerisave-mortgage-novo-appraisal-patrick-markert/; caption_sha256=a898f1b6006eb62a2b7194a5b594aa051f61258f9804fbd0f7c529fc29609caf
enforcement,Amerisave Mortgage Corp.,,E72FB15867991,AMERISAVE MORTGAGE CORPORATION,nonbank_originator,549300YIQ7S7Z8PIHE53,3914377,,,549300YIQ7S7Z8PIHE53,2019,https://files.ffiec.cfpb.gov/static-data/snapshot/2019/2019_public_panel_csv.zip,,,manual,Codex (individual identity/evidence review; not independent human review),2026-09-26,https://www.consumerfinance.gov/enforcement/actions/amerisave-mortgage-novo-appraisal-patrick-markert/; caption_sha256=a898f1b6006eb62a2b7194a5b594aa051f61258f9804fbd0f7c529fc29609caf
enforcement,Amerisave Mortgage Corp.,,E72FB15867991,AMERISAVE MORTGAGE CORPORATION,nonbank_originator,549300YIQ7S7Z8PIHE53,3914377,,,549300YIQ7S7Z8PIHE53,2020,https://files.ffiec.cfpb.gov/static-data/snapshot/2020/2020_public_panel_csv.zip,,,manual,Codex (individual identity/evidence review; not independent human review),2026-09-26,https://www.consumerfinance.gov/enforcement/actions/amerisave-mortgage-novo-appraisal-patrick-markert/; caption_sha256=a898f1b6006eb62a2b7194a5b594aa051f61258f9804fbd0f7c529fc29609caf
enforcement,Amerisave Mortgage Corp.,,E72FB15867991,AMERISAVE MORTGAGE CORPORATION,nonbank_originator,549300YIQ7S7Z8PIHE53,3914377,,,549300YIQ7S7Z8PIHE53,2021,https://files.ffiec.cfpb.gov/static-data/snapshot/2021/2021_public_panel_csv.zip,,,manual,Codex (individual identity/evidence review; not independent human review),2026-09-26,https://www.consumerfinance.gov/enforcement/actions/amerisave-mortgage-novo-appraisal-patrick-markert/; caption_sha256=a898f1b6006eb62a2b7194a5b594aa051f61258f9804fbd0f7c529fc29609caf
enforcement,Amerisave Mortgage Corp.,,E72FB15867991,AMERISAVE MORTGAGE CORPORATION,nonbank_originator,549300YIQ7S7Z8PIHE53,3914377,,,549300YIQ7S7Z8PIHE53,2022,https://files.ffiec.cfpb.gov/static-data/snapshot/2022/2022_public_panel_csv.zip,,,manual,Codex (individual identity/evidence review; not independent human review),2026-09-26,https://www.consumerfinance.gov/enforcement/actions/amerisave-mortgage-novo-appraisal-patrick-markert/; caption_sha256=a898f1b6006eb62a2b7194a5b594aa051f61258f9804fbd0f7c529fc29609caf
enforcement,Amerisave Mortgage Corp.,,E72FB15867991,AMERISAVE MORTGAGE CORPORATION,nonbank_originator,549300YIQ7S7Z8PIHE53,3914377,,,549300YIQ7S7Z8PIHE53,2023,https://files.ffiec.cfpb.gov/static-data/snapshot/2023/2023_public_panel_csv.zip,,,manual,Codex (individual identity/evidence review; not independent human review),2026-09-26,https://www.consumerfinance.gov/enforcement/actions/amerisave-mortgage-novo-appraisal-patrick-markert/; caption_sha256=a898f1b6006eb62a2b7194a5b594aa051f61258f9804fbd0f7c529fc29609caf
enforcement,Amerisave Mortgage Corp.,,E72FB15867991,AMERISAVE MORTGAGE CORPORATION,nonbank_originator,549300YIQ7S7Z8PIHE53,,,,549300YIQ7S7Z8PIHE53,2024,https://files.ffiec.cfpb.gov/static-data/snapshot/2024/2024_public_ts_csv.zip,,,manual,Codex (individual identity/evidence review; not independent human review),2026-09-26,https://www.consumerfinance.gov/enforcement/actions/amerisave-mortgage-novo-appraisal-patrick-markert/; caption_sha256=a898f1b6006eb62a2b7194a5b594aa051f61258f9804fbd0f7c529fc29609caf
enforcement,Amerisave Mortgage Corp.,,E72FB15867991,AMERISAVE MORTGAGE CORPORATION,nonbank_originator,549300YIQ7S7Z8PIHE53,,,,549300YIQ7S7Z8PIHE53,2025,https://files.ffiec.cfpb.gov/static-data/snapshot/2025/2025_public_ts_csv.zip,,,manual,Codex (individual identity/evidence review; not independent human review),2026-09-26,https://www.consumerfinance.gov/enforcement/actions/amerisave-mortgage-novo-appraisal-patrick-markert/; caption_sha256=a898f1b6006eb62a2b7194a5b594aa051f61258f9804fbd0f7c529fc29609caf
enforcement,Atrium Insurance Corporation,,E7B1D4703AF6B,Atrium Insurance Corporation,other,,,,,,,No verified reporter/bank identifier; identity only,,,manual,Codex (individual identity/evidence review; not independent human review),2026-09-26,https://www.consumerfinance.gov/enforcement/actions/phh-corporation/; caption_sha256=13ddfc0671f37f0ff4d5e51cf1cc6408daf390060c1aadd304d141c5b99525d5
enforcement,Atrium Reinsurance Corporation,,E7CD2E5EDE948,Atrium Reinsurance Corporation,other,,,,,,,No verified reporter/bank identifier; identity only,,,manual,Codex (individual identity/evidence review; not independent human review),2026-09-26,https://www.consumerfinance.gov/enforcement/actions/phh-corporation/; caption_sha256=13ddfc0671f37f0ff4d5e51cf1cc6408daf390060c1aadd304d141c5b99525d5
enforcement,"BTS Management and Consulting, LLC",,E9A23CCD5E7B5,"BTS Management and Consulting, LLC",other,,,,,,,No verified reporter/bank identifier; identity only,,,manual,Codex (individual identity/evidence review; not independent human review),2026-09-26,https://www.consumerfinance.gov/enforcement/actions/genuine-title-2/; caption_sha256=2d91c1dcf1a73a93c54a0d10924f7b0d55acd317f4f4858fc23f6ced55f99bd9
enforcement,BancorpSouth Bank,,EE13F7D214BE9,BancorpSouth / Cadence,bank,Q7C315HKI8VX0SSKBS64,606046,,11813,Q7C315HKI8VX0SSKBS64,2018,https://files.ffiec.cfpb.gov/static-data/snapshot/2018/2018_public_panel_csv.zip,,,manual,Codex (individual identity/evidence review; not independent human review),2026-09-26,https://www.consumerfinance.gov/enforcement/actions/united-states-america-and-consumer-financial-protection-bureau-v-bancorpsouth-bank/; caption_sha256=51894bb20767bd5e1f3c9f525a7f15c218ffa3f21d858f73f939dd75f0534f7f
enforcement,BancorpSouth Bank,,EE13F7D214BE9,BancorpSouth / Cadence,bank,Q7C315HKI8VX0SSKBS64,606046,,11813,Q7C315HKI8VX0SSKBS64,2019,https://files.ffiec.cfpb.gov/static-data/snapshot/2019/2019_public_panel_csv.zip,,,manual,Codex (individual identity/evidence review; not independent human review),2026-09-26,https://www.consumerfinance.gov/enforcement/actions/united-states-america-and-consumer-financial-protection-bureau-v-bancorpsouth-bank/; caption_sha256=51894bb20767bd5e1f3c9f525a7f15c218ffa3f21d858f73f939dd75f0534f7f
enforcement,BancorpSouth Bank,,EE13F7D214BE9,BancorpSouth / Cadence,bank,Q7C315HKI8VX0SSKBS64,606046,,11813,Q7C315HKI8VX0SSKBS64,2020,https://files.ffiec.cfpb.gov/static-data/snapshot/2020/2020_public_panel_csv.zip,,,manual,Codex (individual identity/evidence review; not independent human review),2026-09-26,https://www.consumerfinance.gov/enforcement/actions/united-states-america-and-consumer-financial-protection-bureau-v-bancorpsouth-bank/; caption_sha256=51894bb20767bd5e1f3c9f525a7f15c218ffa3f21d858f73f939dd75f0534f7f
enforcement,BancorpSouth Bank,,EE13F7D214BE9,BancorpSouth / Cadence,bank,Q7C315HKI8VX0SSKBS64,606046,,11813,Q7C315HKI8VX0SSKBS64,2021,https://files.ffiec.cfpb.gov/static-data/snapshot/2021/2021_public_panel_csv.zip,,,manual,Codex (individual identity/evidence review; not independent human review),2026-09-26,https://www.consumerfinance.gov/enforcement/actions/united-states-america-and-consumer-financial-protection-bureau-v-bancorpsouth-bank/; caption_sha256=51894bb20767bd5e1f3c9f525a7f15c218ffa3f21d858f73f939dd75f0534f7f
enforcement,BancorpSouth Bank,,EE13F7D214BE9,BancorpSouth / Cadence,bank,Q7C315HKI8VX0SSKBS64,606046,,11813,Q7C315HKI8VX0SSKBS64,2022,https://files.ffiec.cfpb.gov/static-data/snapshot/2022/2022_public_panel_csv.zip,,,manual,Codex (individual identity/evidence review; not independent human review),2026-09-26,https://www.consumerfinance.gov/enforcement/actions/united-states-america-and-consumer-financial-protection-bureau-v-bancorpsouth-bank/; caption_sha256=51894bb20767bd5e1f3c9f525a7f15c218ffa3f21d858f73f939dd75f0534f7f
enforcement,BancorpSouth Bank,,EE13F7D214BE9,BancorpSouth / Cadence,bank,Q7C315HKI8VX0SSKBS64,606046,,11813,Q7C315HKI8VX0SSKBS64,2023,https://files.ffiec.cfpb.gov/static-data/snapshot/2023/2023_public_panel_csv.zip,,,manual,Codex (individual identity/evidence review; not independent human review),2026-09-26,https://www.consumerfinance.gov/enforcement/actions/united-states-america-and-consumer-financial-protection-bureau-v-bancorpsouth-bank/; caption_sha256=51894bb20767bd5e1f3c9f525a7f15c218ffa3f21d858f73f939dd75f0534f7f
enforcement,BancorpSouth Bank,,EE13F7D214BE9,BancorpSouth / Cadence,bank,Q7C315HKI8VX0SSKBS64,,,,Q7C315HKI8VX0SSKBS64,2024,https://files.ffiec.cfpb.gov/static-data/snapshot/2024/2024_public_ts_csv.zip,,,manual,Codex (individual identity/evidence review; not independent human review),2026-09-26,https://www.consumerfinance.gov/enforcement/actions/united-states-america-and-consumer-financial-protection-bureau-v-bancorpsouth-bank/; caption_sha256=51894bb20767bd5e1f3c9f525a7f15c218ffa3f21d858f73f939dd75f0534f7f
enforcement,BancorpSouth Bank,,EE13F7D214BE9,BancorpSouth / Cadence,bank,Q7C315HKI8VX0SSKBS64,,,,Q7C315HKI8VX0SSKBS64,2025,https://files.ffiec.cfpb.gov/static-data/snapshot/2025/2025_public_ts_csv.zip,,,manual,Codex (individual identity/evidence review; not independent human review),2026-09-26,https://www.consumerfinance.gov/enforcement/actions/united-states-america-and-consumer-financial-protection-bureau-v-bancorpsouth-bank/; caption_sha256=51894bb20767bd5e1f3c9f525a7f15c218ffa3f21d858f73f939dd75f0534f7f
enforcement,BancorpSouth Bank,,EE13F7D214BE9,BancorpSouth / Cadence,bank,,606046,,11813,,2026,https://api.fdic.gov/banks/institutions,,,manual,Codex (individual identity/evidence review; not independent human review),2026-09-26,https://www.consumerfinance.gov/enforcement/actions/united-states-america-and-consumer-financial-protection-bureau-v-bancorpsouth-bank/; caption_sha256=51894bb20767bd5e1f3c9f525a7f15c218ffa3f21d858f73f939dd75f0534f7f
enforcement,"Bank of America, N.A.",,EC2C27F26E8F0,BANK OF AMERICA CORP,bank,B4TYDEB6GKMZO031MB27,480228,1073757,3510,B4TYDEB6GKMZO031MB27,2018,https://files.ffiec.cfpb.gov/static-data/snapshot/2018/2018_public_panel_csv.zip,,,manual,Codex (individual identity/evidence review; not independent human review),2026-09-26,https://www.consumerfinance.gov/enforcement/actions/bank-of-america-na-hmda-data-2023/; caption_sha256=129d8fc75ab61ee987dd078f79b906d7e8bb61b4521fc428db6cd5a41c0755fa
enforcement,"Bank of America, N.A.",,EC2C27F26E8F0,BANK OF AMERICA CORP,bank,B4TYDEB6GKMZO031MB27,480228,1073757,3510,B4TYDEB6GKMZO031MB27,2019,https://files.ffiec.cfpb.gov/static-data/snapshot/2019/2019_public_panel_csv.zip,,,manual,Codex (individual identity/evidence review; not independent human review),2026-09-26,https://www.consumerfinance.gov/enforcement/actions/bank-of-america-na-hmda-data-2023/; caption_sha256=129d8fc75ab61ee987dd078f79b906d7e8bb61b4521fc428db6cd5a41c0755fa
enforcement,"Bank of America, N.A.",,EC2C27F26E8F0,BANK OF AMERICA CORP,bank,B4TYDEB6GKMZO031MB27,480228,1073757,3510,B4TYDEB6GKMZO031MB27,2020,https://files.ffiec.cfpb.gov/static-data/snapshot/2020/2020_public_panel_csv.zip,,,manual,Codex (individual identity/evidence review; not independent human review),2026-09-26,https://www.consumerfinance.gov/enforcement/actions/bank-of-america-na-hmda-data-2023/; caption_sha256=129d8fc75ab61ee987dd078f79b906d7e8bb61b4521fc428db6cd5a41c0755fa
enforcement,"Bank of America, N.A.",,EC2C27F26E8F0,BANK OF AMERICA CORP,bank,B4TYDEB6GKMZO031MB27,480228,1073757,3510,B4TYDEB6GKMZO031MB27,2021,https://files.ffiec.cfpb.gov/static-data/snapshot/2021/2021_public_panel_csv.zip,,,manual,Codex (individual identity/evidence review; not independent human review),2026-09-26,https://www.consumerfinance.gov/enforcement/actions/bank-of-america-na-hmda-data-2023/; caption_sha256=129d8fc75ab61ee987dd078f79b906d7e8bb61b4521fc428db6cd5a41c0755fa
enforcement,"Bank of America, N.A.",,EC2C27F26E8F0,BANK OF AMERICA CORP,bank,B4TYDEB6GKMZO031MB27,480228,1073757,3510,B4TYDEB6GKMZO031MB27,2022,https://files.ffiec.cfpb.gov/static-data/snapshot/2022/2022_public_panel_csv.zip,,,manual,Codex (individual identity/evidence review; not independent human review),2026-09-26,https://www.consumerfinance.gov/enforcement/actions/bank-of-america-na-hmda-data-2023/; caption_sha256=129d8fc75ab61ee987dd078f79b906d7e8bb61b4521fc428db6cd5a41c0755fa
enforcement,"Bank of America, N.A.",,EC2C27F26E8F0,BANK OF AMERICA CORP,bank,B4TYDEB6GKMZO031MB27,480228,1073757,3510,B4TYDEB6GKMZO031MB27,2023,https://files.ffiec.cfpb.gov/static-data/snapshot/2023/2023_public_panel_csv.zip,,,manual,Codex (individual identity/evidence review; not independent human review),2026-09-26,https://www.consumerfinance.gov/enforcement/actions/bank-of-america-na-hmda-data-2023/; caption_sha256=129d8fc75ab61ee987dd078f79b906d7e8bb61b4521fc428db6cd5a41c0755fa
enforcement,"Bank of America, N.A.",,EC2C27F26E8F0,BANK OF AMERICA CORP,bank,B4TYDEB6GKMZO031MB27,,1073757,,B4TYDEB6GKMZO031MB27,2024,https://files.ffiec.cfpb.gov/static-data/snapshot/2024/2024_public_ts_csv.zip,,,manual,Codex (individual identity/evidence review; not independent human review),2026-09-26,https://www.consumerfinance.gov/enforcement/actions/bank-of-america-na-hmda-data-2023/; caption_sha256=129d8fc75ab61ee987dd078f79b906d7e8bb61b4521fc428db6cd5a41c0755fa
enforcement,"Bank of America, N.A.",,EC2C27F26E8F0,BANK OF AMERICA CORP,bank,B4TYDEB6GKMZO031MB27,,1073757,,B4TYDEB6GKMZO031MB27,2025,https://files.ffiec.cfpb.gov/static-data/snapshot/2025/2025_public_ts_csv.zip,,,manual,Codex (individual identity/evidence review; not independent human review),2026-09-26,https://www.consumerfinance.gov/enforcement/actions/bank-of-america-na-hmda-data-2023/; caption_sha256=129d8fc75ab61ee987dd078f79b906d7e8bb61b4521fc428db6cd5a41c0755fa
enforcement,"Bank of America, N.A.",,EC2C27F26E8F0,BANK OF AMERICA CORP,bank,,480228,1073757,3510,,2026,https://api.fdic.gov/banks/institutions,,,manual,Codex (individual identity/evidence review; not independent human review),2026-09-26,https://www.consumerfinance.gov/enforcement/actions/bank-of-america-na-hmda-data-2023/; caption_sha256=129d8fc75ab61ee987dd078f79b906d7e8bb61b4521fc428db6cd5a41c0755fa
enforcement,"Bank of America, N.A.",,EC2C27F26E8F0,BANK OF AMERICA CORP,bank,,1443266,1073757,25178,,2026,https://api.fdic.gov/banks/institutions,,,manual,Codex (individual identity/evidence review; not independent human review),2026-09-26,https://www.consumerfinance.gov/enforcement/actions/bank-of-america-na-hmda-data-2023/; caption_sha256=129d8fc75ab61ee987dd078f79b906d7e8bb61b4521fc428db6cd5a41c0755fa
enforcement,"Borders & Borders, PLC",,EC2B75EE2E056,"Borders & Borders, PLC",other,,,,,,,No verified reporter/bank identifier; identity only,,,manual,Codex (individual identity/evidence review; not independent human review),2026-09-26,https://www.consumerfinance.gov/enforcement/actions/borders-and-borders-plc-harry-borders-john-borders-jr-j-david-borders/; caption_sha256=5bac4174e531d53dbcac502c5e968d0dc465e6d22bbf611a9bd17194e7ba5c18
enforcement,"Carrington Mortgage Services, LLC",,E204727426645,"CARRINGTON MORTGAGE SERVICES, LLC",nonbank_servicer,549300R9S3MVDV4MGF56,4438179,,,549300R9S3MVDV4MGF56,2018,https://files.ffiec.cfpb.gov/static-data/snapshot/2018/2018_public_panel_csv.zip,,,manual,Codex (individual identity/evidence review; not independent human review),2026-09-26,https://www.consumerfinance.gov/enforcement/actions/carrington-mortgage-services-llc/; caption_sha256=cae8eb61a090791b63bd51dcb55308e373e66dd7832905fdf13a62c4a4809cd9
enforcement,"Carrington Mortgage Services, LLC",,E204727426645,"CARRINGTON MORTGAGE SERVICES, LLC",nonbank_servicer,549300R9S3MVDV4MGF56,4438179,,,549300R9S3MVDV4MGF56,2019,https://files.ffiec.cfpb.gov/static-data/snapshot/2019/2019_public_panel_csv.zip,,,manual,Codex (individual identity/evidence review; not independent human review),2026-09-26,https://www.consumerfinance.gov/enforcement/actions/carrington-mortgage-services-llc/; caption_sha256=cae8eb61a090791b63bd51dcb55308e373e66dd7832905fdf13a62c4a4809cd9
enforcement,"Carrington Mortgage Services, LLC",,E204727426645,"CARRINGTON MORTGAGE SERVICES, LLC",nonbank_servicer,549300R9S3MVDV4MGF56,4438179,,,549300R9S3MVDV4MGF56,2020,https://files.ffiec.cfpb.gov/static-data/snapshot/2020/2020_public_panel_csv.zip,,,manual,Codex (individual identity/evidence review; not independent human review),2026-09-26,https://www.consumerfinance.gov/enforcement/actions/carrington-mortgage-services-llc/; caption_sha256=cae8eb61a090791b63bd51dcb55308e373e66dd7832905fdf13a62c4a4809cd9
enforcement,"Carrington Mortgage Services, LLC",,E204727426645,"CARRINGTON MORTGAGE SERVICES, LLC",nonbank_servicer,549300R9S3MVDV4MGF56,4438179,,,549300R9S3MVDV4MGF56,2021,https://files.ffiec.cfpb.gov/static-data/snapshot/2021/2021_public_panel_csv.zip,,,manual,Codex (individual identity/evidence review; not independent human review),2026-09-26,https://www.consumerfinance.gov/enforcement/actions/carrington-mortgage-services-llc/; caption_sha256=cae8eb61a090791b63bd51dcb55308e373e66dd7832905fdf13a62c4a4809cd9
enforcement,"Carrington Mortgage Services, LLC",,E204727426645,"CARRINGTON MORTGAGE SERVICES, LLC",nonbank_servicer,549300R9S3MVDV4MGF56,4438179,,,549300R9S3MVDV4MGF56,2022,https://files.ffiec.cfpb.gov/static-data/snapshot/2022/2022_public_panel_csv.zip,,,manual,Codex (individual identity/evidence review; not independent human review),2026-09-26,https://www.consumerfinance.gov/enforcement/actions/carrington-mortgage-services-llc/; caption_sha256=cae8eb61a090791b63bd51dcb55308e373e66dd7832905fdf13a62c4a4809cd9
enforcement,"Carrington Mortgage Services, LLC",,E204727426645,"CARRINGTON MORTGAGE SERVICES, LLC",nonbank_servicer,549300R9S3MVDV4MGF56,4438179,,,549300R9S3MVDV4MGF56,2023,https://files.ffiec.cfpb.gov/static-data/snapshot/2023/2023_public_panel_csv.zip,,,manual,Codex (individual identity/evidence review; not independent human review),2026-09-26,https://www.consumerfinance.gov/enforcement/actions/carrington-mortgage-services-llc/; caption_sha256=cae8eb61a090791b63bd51dcb55308e373e66dd7832905fdf13a62c4a4809cd9
enforcement,"Carrington Mortgage Services, LLC",,E204727426645,"CARRINGTON MORTGAGE SERVICES, LLC",nonbank_servicer,549300R9S3MVDV4MGF56,,,,549300R9S3MVDV4MGF56,2024,https://files.ffiec.cfpb.gov/static-data/snapshot/2024/2024_public_ts_csv.zip,,,manual,Codex (individual identity/evidence review; not independent human review),2026-09-26,https://www.consumerfinance.gov/enforcement/actions/carrington-mortgage-services-llc/; caption_sha256=cae8eb61a090791b63bd51dcb55308e373e66dd7832905fdf13a62c4a4809cd9
enforcement,"Carrington Mortgage Services, LLC",,E204727426645,"CARRINGTON MORTGAGE SERVICES, LLC",nonbank_servicer,549300R9S3MVDV4MGF56,,,,549300R9S3MVDV4MGF56,2025,https://files.ffiec.cfpb.gov/static-data/snapshot/2025/2025_public_ts_csv.zip,,,manual,Codex (individual identity/evidence review; not independent human review),2026-09-26,https://www.consumerfinance.gov/enforcement/actions/carrington-mortgage-services-llc/; caption_sha256=cae8eb61a090791b63bd51dcb55308e373e66dd7832905fdf13a62c4a4809cd9
enforcement,"Carroll Abstracts, Inc.",,E21AB724DBAB6,"Carroll Abstracts, Inc.",other,,,,,,,No verified reporter/bank identifier; identity only,,,manual,Codex (individual identity/evidence review; not independent human review),2026-09-26,https://www.consumerfinance.gov/enforcement/actions/genuine-title-2/; caption_sha256=2d91c1dcf1a73a93c54a0d10924f7b0d55acd317f4f4858fc23f6ced55f99bd9
enforcement,"Castle & Cooke Mortgage, LLC",,E7AF0463B5C2F,"Castle & Cooke Mortgage, LLC",nonbank_originator,,,,,,,No verified reporter/bank identifier; identity only,,,manual,Codex (individual identity/evidence review; not independent human review),2026-09-26,https://www.consumerfinance.gov/enforcement/actions/castle-cooke-mortgage/; caption_sha256=fe5f3a87f38a8fd62a0ef118199576d348a8513c5f7a1201465d174ef127f957
enforcement,"Certified Forensic Loan Auditors, LLC",,E529442A32835,"Certified Forensic Loan Auditors, LLC",other,,,,,,,No verified reporter/bank identifier; identity only,,,manual,Codex (individual identity/evidence review; not independent human review),2026-09-26,https://www.consumerfinance.gov/enforcement/actions/certified-forensic-loan-auditors-llc-andrew-lehman-michael-carrigan/; caption_sha256=3c10d3a014fc7998a558fb3ef989e25925b5402dcc0869ace204cf4c85c42a95
enforcement,CitiFinancial Company (DE),,EB6924A9F1A7E,CitiFinancial Company (DE),other,,,,,,,No verified reporter/bank identifier; identity only,,,manual,Codex (individual identity/evidence review; not independent human review),2026-09-26,https://www.consumerfinance.gov/enforcement/actions/citifinancial-servicing-llc-de-citifinancial-company-de-citifinancial-services-inc-mn-and-citifinancial-inc-wv/; caption_sha256=7bdf11b298d16dc1faf0dc6067cce2b01ef0f16ec5e6ba45250def6c05b330f1
enforcement,"CitiFinancial Services, Inc. (MN)",,ECB4B975EE881,"CitiFinancial Services, Inc. (MN)",other,,,,,,,No verified reporter/bank identifier; identity only,,,manual,Codex (individual identity/evidence review; not independent human review),2026-09-26,https://www.consumerfinance.gov/enforcement/actions/citifinancial-servicing-llc-de-citifinancial-company-de-citifinancial-services-inc-mn-and-citifinancial-inc-wv/; caption_sha256=7bdf11b298d16dc1faf0dc6067cce2b01ef0f16ec5e6ba45250def6c05b330f1
enforcement,"CitiFinancial Servicing, LLC (DE)",,E03B3FAF4C560,"CitiFinancial Servicing, LLC (DE)",other,,,,,,,No verified reporter/bank identifier; identity only,,,manual,Codex (individual identity/evidence review; not independent human review),2026-09-26,https://www.consumerfinance.gov/enforcement/actions/citifinancial-servicing-llc-de-citifinancial-company-de-citifinancial-services-inc-mn-and-citifinancial-inc-wv/; caption_sha256=7bdf11b298d16dc1faf0dc6067cce2b01ef0f16ec5e6ba45250def6c05b330f1
enforcement,"CitiFinancial, Inc. (WV)",,E578A03BF2B1F,"CitiFinancial, Inc. (WV)",other,,,,,,,No verified reporter/bank identifier; identity only,,,manual,Codex (individual identity/evidence review; not independent human review),2026-09-26,https://www.consumerfinance.gov/enforcement/actions/citifinancial-servicing-llc-de-citifinancial-company-de-citifinancial-services-inc-mn-and-citifinancial-inc-wv/; caption_sha256=7bdf11b298d16dc1faf0dc6067cce2b01ef0f16ec5e6ba45250def6c05b330f1
enforcement,"CitiMortgage, Inc.",,E86AD1A803A59,"CitiMortgage, Inc.",other,,,,,,,No verified reporter/bank identifier; identity only,,,manual,Codex (individual identity/evidence review; not independent human review),2026-09-26,https://www.consumerfinance.gov/enforcement/actions/citimortgage-inc/; caption_sha256=a9610a9a7472cff6ee531492cf5fce3541e8e877fb50680ae6bc23541059c1b0
enforcement,"Clausen & Cobb Management Company, Inc.",,EFB923A08BD7C,"Clausen & Cobb Management Company, Inc.",other,,,,,,,No verified reporter/bank identifier; identity only,,,manual,Codex (individual identity/evidence review; not independent human review),2026-09-26,https://www.consumerfinance.gov/enforcement/actions/stephen-siringoringo-alfred-clausen-joshua-cobb-and-corporation-clausen-and-cobb-man/; caption_sha256=271f596f051065ea523128585e149274547e8cb4d367b1a10c0d83a598fdea70
enforcement,"ClearPath Lending, Inc.",,E769B6BC21998,"ClearPath Lending, Inc.",nonbank_originator,,,,,,,No verified reporter/bank identifier; identity only,,,manual,Codex (individual identity/evidence review; not independent human review),2026-09-26,https://www.consumerfinance.gov/enforcement/actions/clearpath-lending-inc/; caption_sha256=fb9fbb027c0c94a7b2f444c783f5a047b6f13df13189f34a79765f4bc9c4e627
enforcement,"Colony Ridge BV, LLC",,E2ED7A1A465DD,"Colony Ridge BV, LLC",other,,,,,,,No verified reporter/bank identifier; identity only,,,manual,Codex (individual identity/evidence review; not independent human review),2026-09-26,https://www.consumerfinance.gov/enforcement/actions/colony-ridge/; caption_sha256=d19c9c97798a9733091f9fa2b88cf5d2e2a51cc9bb56e363ad38326631092ee6
enforcement,"Colony Ridge Development, LLC",,E0C9E597496E9,"Colony Ridge Development, LLC",other,,,,,,,No verified reporter/bank identifier; identity only,,,manual,Codex (individual identity/evidence review; not independent human review),2026-09-26,https://www.consumerfinance.gov/enforcement/actions/colony-ridge/; caption_sha256=d19c9c97798a9733091f9fa2b88cf5d2e2a51cc9bb56e363ad38326631092ee6
enforcement,"Colony Ridge Land, LLC",,E4DF2D477CD65,"Colony Ridge Land, LLC",other,,,,,,,No verified reporter/bank identifier; identity only,,,manual,Codex (individual identity/evidence review; not independent human review),2026-09-26,https://www.consumerfinance.gov/enforcement/actions/colony-ridge/; caption_sha256=d19c9c97798a9733091f9fa2b88cf5d2e2a51cc9bb56e363ad38326631092ee6
enforcement,Consumer First Legal Group LLC,,E211EA3958581,Consumer First Legal Group LLC,other,,,,,,,No verified reporter/bank identifier; identity only,,,manual,Codex (individual identity/evidence review; not independent human review),2026-09-26,https://www.consumerfinance.gov/enforcement/actions/the-mortgage-law-group-llp-et-al/; caption_sha256=fd9a9469c7d798e6d9bfdb6be3afc5b5715735b64ddbcb208af324faa869d8fe
enforcement,Draper & Kramer Mortgage Corporation,,E1D949A90756B,Draper & Kramer Mortgage Corporation,nonbank_originator,,,,,,,No verified reporter/bank identifier; identity only,,,manual,Codex (individual identity/evidence review; not independent human review),2026-09-26,https://www.consumerfinance.gov/enforcement/actions/draper-kramer-mortgage-corporation/; caption_sha256=5432f1e6b66448cda678de7d2a7a64f63d0a166e3702cd362cb0de86a7b1f012
enforcement,Fairway Independent Mortgage Corporation,,E3E99D69D853D,Fairway Independent Mortgage Corporation,nonbank_originator,549300MGPZBLQDIL7538,3954355,,,549300MGPZBLQDIL7538,2018,https://files.ffiec.cfpb.gov/static-data/snapshot/2018/2018_public_panel_csv.zip,,,manual,Codex (individual identity/evidence review; not independent human review),2026-09-26,https://www.consumerfinance.gov/enforcement/actions/fairway-independent-mortgage-corporation/; caption_sha256=4995c80921d3628fac19b6b3e4851d2feb4dac902bdc8f069219d2051bd1d7d3
enforcement,Fairway Independent Mortgage Corporation,,E3E99D69D853D,Fairway Independent Mortgage Corporation,nonbank_originator,549300MGPZBLQDIL7538,3954355,,,549300MGPZBLQDIL7538,2019,https://files.ffiec.cfpb.gov/static-data/snapshot/2019/2019_public_panel_csv.zip,,,manual,Codex (individual identity/evidence review; not independent human review),2026-09-26,https://www.consumerfinance.gov/enforcement/actions/fairway-independent-mortgage-corporation/; caption_sha256=4995c80921d3628fac19b6b3e4851d2feb4dac902bdc8f069219d2051bd1d7d3
enforcement,Fairway Independent Mortgage Corporation,,E3E99D69D853D,Fairway Independent Mortgage Corporation,nonbank_originator,549300MGPZBLQDIL7538,3954355,,,549300MGPZBLQDIL7538,2020,https://files.ffiec.cfpb.gov/static-data/snapshot/2020/2020_public_panel_csv.zip,,,manual,Codex (individual identity/evidence review; not independent human review),2026-09-26,https://www.consumerfinance.gov/enforcement/actions/fairway-independent-mortgage-corporation/; caption_sha256=4995c80921d3628fac19b6b3e4851d2feb4dac902bdc8f069219d2051bd1d7d3
enforcement,Fairway Independent Mortgage Corporation,,E3E99D69D853D,Fairway Independent Mortgage Corporation,nonbank_originator,549300MGPZBLQDIL7538,3954355,,,549300MGPZBLQDIL7538,2021,https://files.ffiec.cfpb.gov/static-data/snapshot/2021/2021_public_panel_csv.zip,,,manual,Codex (individual identity/evidence review; not independent human review),2026-09-26,https://www.consumerfinance.gov/enforcement/actions/fairway-independent-mortgage-corporation/; caption_sha256=4995c80921d3628fac19b6b3e4851d2feb4dac902bdc8f069219d2051bd1d7d3
enforcement,Fairway Independent Mortgage Corporation,,E3E99D69D853D,Fairway Independent Mortgage Corporation,nonbank_originator,549300MGPZBLQDIL7538,3954355,,,549300MGPZBLQDIL7538,2022,https://files.ffiec.cfpb.gov/static-data/snapshot/2022/2022_public_panel_csv.zip,,,manual,Codex (individual identity/evidence review; not independent human review),2026-09-26,https://www.consumerfinance.gov/enforcement/actions/fairway-independent-mortgage-corporation/; caption_sha256=4995c80921d3628fac19b6b3e4851d2feb4dac902bdc8f069219d2051bd1d7d3
enforcement,Fairway Independent Mortgage Corporation,,E3E99D69D853D,Fairway Independent Mortgage Corporation,nonbank_originator,549300MGPZBLQDIL7538,3954355,,,549300MGPZBLQDIL7538,2023,https://files.ffiec.cfpb.gov/static-data/snapshot/2023/2023_public_panel_csv.zip,,,manual,Codex (individual identity/evidence review; not independent human review),2026-09-26,https://www.consumerfinance.gov/enforcement/actions/fairway-independent-mortgage-corporation/; caption_sha256=4995c80921d3628fac19b6b3e4851d2feb4dac902bdc8f069219d2051bd1d7d3
enforcement,Fairway Independent Mortgage Corporation,,E3E99D69D853D,Fairway Independent Mortgage Corporation,nonbank_originator,549300MGPZBLQDIL7538,,,,549300MGPZBLQDIL7538,2024,https://files.ffiec.cfpb.gov/static-data/snapshot/2024/2024_public_ts_csv.zip,,,manual,Codex (individual identity/evidence review; not independent human review),2026-09-26,https://www.consumerfinance.gov/enforcement/actions/fairway-independent-mortgage-corporation/; caption_sha256=4995c80921d3628fac19b6b3e4851d2feb4dac902bdc8f069219d2051bd1d7d3
enforcement,Fairway Independent Mortgage Corporation,,E3E99D69D853D,Fairway Independent Mortgage Corporation,nonbank_originator,549300MGPZBLQDIL7538,,,,549300MGPZBLQDIL7538,2025,https://files.ffiec.cfpb.gov/static-data/snapshot/2025/2025_public_ts_csv.zip,,,manual,Codex (individual identity/evidence review; not independent human review),2026-09-26,https://www.consumerfinance.gov/enforcement/actions/fairway-independent-mortgage-corporation/; caption_sha256=4995c80921d3628fac19b6b3e4851d2feb4dac902bdc8f069219d2051bd1d7d3
enforcement,"Fay Servicing, LLC",,E6BA7BF6F6970,"Fay Servicing, LLC",nonbank_servicer,549300D0H09HSURFXA20,5037122,,,549300D0H09HSURFXA20,2018,https://files.ffiec.cfpb.gov/static-data/snapshot/2018/2018_public_panel_csv.zip,,,manual,Codex (individual identity/evidence review; not independent human review),2026-09-26,https://www.consumerfinance.gov/enforcement/actions/fay-servicing-llc/; caption_sha256=608131e18baf3167d397d3df0c618479ffb069befc54e3026a4b6952dfea9ad3 | https://www.consumerfinance.gov/enforcement/actions/fay-servicing-llc-2024/; caption_sha256=608131e18baf3167d397d3df0c618479ffb069befc54e3026a4b6952dfea9ad3
enforcement,"Fay Servicing, LLC",,E6BA7BF6F6970,"Fay Servicing, LLC",nonbank_servicer,549300D0H09HSURFXA20,5037122,,,549300D0H09HSURFXA20,2019,https://files.ffiec.cfpb.gov/static-data/snapshot/2019/2019_public_panel_csv.zip,,,manual,Codex (individual identity/evidence review; not independent human review),2026-09-26,https://www.consumerfinance.gov/enforcement/actions/fay-servicing-llc/; caption_sha256=608131e18baf3167d397d3df0c618479ffb069befc54e3026a4b6952dfea9ad3 | https://www.consumerfinance.gov/enforcement/actions/fay-servicing-llc-2024/; caption_sha256=608131e18baf3167d397d3df0c618479ffb069befc54e3026a4b6952dfea9ad3
enforcement,"Fay Servicing, LLC",,E6BA7BF6F6970,"Fay Servicing, LLC",nonbank_servicer,549300D0H09HSURFXA20,5037122,,,549300D0H09HSURFXA20,2020,https://files.ffiec.cfpb.gov/static-data/snapshot/2020/2020_public_panel_csv.zip,,,manual,Codex (individual identity/evidence review; not independent human review),2026-09-26,https://www.consumerfinance.gov/enforcement/actions/fay-servicing-llc/; caption_sha256=608131e18baf3167d397d3df0c618479ffb069befc54e3026a4b6952dfea9ad3 | https://www.consumerfinance.gov/enforcement/actions/fay-servicing-llc-2024/; caption_sha256=608131e18baf3167d397d3df0c618479ffb069befc54e3026a4b6952dfea9ad3
enforcement,"Fay Servicing, LLC",,E6BA7BF6F6970,"Fay Servicing, LLC",nonbank_servicer,549300D0H09HSURFXA20,5037122,,,549300D0H09HSURFXA20,2021,https://files.ffiec.cfpb.gov/static-data/snapshot/2021/2021_public_panel_csv.zip,,,manual,Codex (individual identity/evidence review; not independent human review),2026-09-26,https://www.consumerfinance.gov/enforcement/actions/fay-servicing-llc/; caption_sha256=608131e18baf3167d397d3df0c618479ffb069befc54e3026a4b6952dfea9ad3 | https://www.consumerfinance.gov/enforcement/actions/fay-servicing-llc-2024/; caption_sha256=608131e18baf3167d397d3df0c618479ffb069befc54e3026a4b6952dfea9ad3
enforcement,"Fay Servicing, LLC",,E6BA7BF6F6970,"Fay Servicing, LLC",nonbank_servicer,549300D0H09HSURFXA20,5037122,,,549300D0H09HSURFXA20,2022,https://files.ffiec.cfpb.gov/static-data/snapshot/2022/2022_public_panel_csv.zip,,,manual,Codex (individual identity/evidence review; not independent human review),2026-09-26,https://www.consumerfinance.gov/enforcement/actions/fay-servicing-llc/; caption_sha256=608131e18baf3167d397d3df0c618479ffb069befc54e3026a4b6952dfea9ad3 | https://www.consumerfinance.gov/enforcement/actions/fay-servicing-llc-2024/; caption_sha256=608131e18baf3167d397d3df0c618479ffb069befc54e3026a4b6952dfea9ad3
enforcement,"Fay Servicing, LLC",,E6BA7BF6F6970,"Fay Servicing, LLC",nonbank_servicer,549300D0H09HSURFXA20,5037122,,,549300D0H09HSURFXA20,2023,https://files.ffiec.cfpb.gov/static-data/snapshot/2023/2023_public_panel_csv.zip,,,manual,Codex (individual identity/evidence review; not independent human review),2026-09-26,https://www.consumerfinance.gov/enforcement/actions/fay-servicing-llc/; caption_sha256=608131e18baf3167d397d3df0c618479ffb069befc54e3026a4b6952dfea9ad3 | https://www.consumerfinance.gov/enforcement/actions/fay-servicing-llc-2024/; caption_sha256=608131e18baf3167d397d3df0c618479ffb069befc54e3026a4b6952dfea9ad3
enforcement,"Fay Servicing, LLC",,E6BA7BF6F6970,"Fay Servicing, LLC",nonbank_servicer,549300D0H09HSURFXA20,,,,549300D0H09HSURFXA20,2024,https://files.ffiec.cfpb.gov/static-data/snapshot/2024/2024_public_ts_csv.zip,,,manual,Codex (individual identity/evidence review; not independent human review),2026-09-26,https://www.consumerfinance.gov/enforcement/actions/fay-servicing-llc/; caption_sha256=608131e18baf3167d397d3df0c618479ffb069befc54e3026a4b6952dfea9ad3 | https://www.consumerfinance.gov/enforcement/actions/fay-servicing-llc-2024/; caption_sha256=608131e18baf3167d397d3df0c618479ffb069befc54e3026a4b6952dfea9ad3
enforcement,"Fay Servicing, LLC",,E6BA7BF6F6970,"Fay Servicing, LLC",nonbank_servicer,549300D0H09HSURFXA20,,,,549300D0H09HSURFXA20,2025,https://files.ffiec.cfpb.gov/static-data/snapshot/2025/2025_public_ts_csv.zip,,,manual,Codex (individual identity/evidence review; not independent human review),2026-09-26,https://www.consumerfinance.gov/enforcement/actions/fay-servicing-llc/; caption_sha256=608131e18baf3167d397d3df0c618479ffb069befc54e3026a4b6952dfea9ad3 | https://www.consumerfinance.gov/enforcement/actions/fay-servicing-llc-2024/; caption_sha256=608131e18baf3167d397d3df0c618479ffb069befc54e3026a4b6952dfea9ad3
enforcement,Fidelity Mortgage Corporation,,E344804237C27,Fidelity Mortgage Corporation,nonbank_originator,,,,,,,No verified reporter/bank identifier; identity only,,,manual,Codex (individual identity/evidence review; not independent human review),2026-09-26,https://www.consumerfinance.gov/enforcement/actions/fidelity-mortgage-corporation-mark-figert/; caption_sha256=34cc8c59aec5cd3e3a83eade762d93b467e50f4d9edfba65aa82c58b23a5e549
enforcement,"Flagship Financial Group, LLC",,EA0C104A7C0C9,"Flagship Financial Group, LLC",nonbank_originator,,,,,,,No verified reporter/bank identifier; identity only,,,manual,Codex (individual identity/evidence review; not independent human review),2026-09-26,https://www.consumerfinance.gov/enforcement/actions/flagship-financial/; caption_sha256=ca40f637548e61582a76747212be9e43c4175b673eed7d55e7b7c657cdea5928
enforcement,"Flagstar Bank, F.S.B.",,E4CED9D7E2719,Flagstar predecessor / MP (Thrift) LLC,bank,SS1TRMSN6BRNMOREEV51,146672,4224000,,SS1TRMSN6BRNMOREEV51,2018,https://files.ffiec.cfpb.gov/static-data/snapshot/2018/2018_public_panel_csv.zip,,,manual,Codex (individual identity/evidence review; not independent human review),2026-09-26,https://www.consumerfinance.gov/enforcement/actions/flagstar/; caption_sha256=ce6b447ad1f02d62db36a1599a7ca4c7d6c8dc05f62677900e258ce06935676d
enforcement,"Flagstar Bank, F.S.B.",,E4CED9D7E2719,Flagstar predecessor / MP (Thrift) LLC,bank,SS1TRMSN6BRNMOREEV51,146672,4224000,,SS1TRMSN6BRNMOREEV51,2019,https://files.ffiec.cfpb.gov/static-data/snapshot/2019/2019_public_panel_csv.zip,,,manual,Codex (individual identity/evidence review; not independent human review),2026-09-26,https://www.consumerfinance.gov/enforcement/actions/flagstar/; caption_sha256=ce6b447ad1f02d62db36a1599a7ca4c7d6c8dc05f62677900e258ce06935676d
enforcement,"Flagstar Bank, F.S.B.",,E4CED9D7E2719,Flagstar predecessor / MP (Thrift) LLC,bank,SS1TRMSN6BRNMOREEV51,146672,4224000,,SS1TRMSN6BRNMOREEV51,2020,https://files.ffiec.cfpb.gov/static-data/snapshot/2020/2020_public_panel_csv.zip,,,manual,Codex (individual identity/evidence review; not independent human review),2026-09-26,https://www.consumerfinance.gov/enforcement/actions/flagstar/; caption_sha256=ce6b447ad1f02d62db36a1599a7ca4c7d6c8dc05f62677900e258ce06935676d
enforcement,"Flagstar Bank, F.S.B.",,E4CED9D7E2719,Flagstar predecessor / MP (Thrift) LLC,bank,SS1TRMSN6BRNMOREEV51,146672,4224000,,SS1TRMSN6BRNMOREEV51,2021,https://files.ffiec.cfpb.gov/static-data/snapshot/2021/2021_public_panel_csv.zip,,,manual,Codex (individual identity/evidence review; not independent human review),2026-09-26,https://www.consumerfinance.gov/enforcement/actions/flagstar/; caption_sha256=ce6b447ad1f02d62db36a1599a7ca4c7d6c8dc05f62677900e258ce06935676d
enforcement,Franklin Loan Corporation,,EA7437D0C1ADA,Franklin Loan Corporation,nonbank_originator,,,,,,,No verified reporter/bank identifier; identity only,,,manual,Codex (individual identity/evidence review; not independent human review),2026-09-26,https://www.consumerfinance.gov/enforcement/actions/franklin-loan-corporation/; caption_sha256=94abed97474935fdb303ce9f7de25ddf1336ab972f3c99b9e5ce78f70d0dcbfe
enforcement,Freedom Mortgage Corporation,,ED481C2307342,Freedom Mortgage Company,nonbank_originator,549300LYRWPSYPK6S325,3966116,,,549300LYRWPSYPK6S325,2018,https://files.ffiec.cfpb.gov/static-data/snapshot/2018/2018_public_panel_csv.zip,,,manual,Codex (individual identity/evidence review; not independent human review),2026-09-26,https://www.consumerfinance.gov/enforcement/actions/freedom-mortgage-corporation-2023-respa/; caption_sha256=e16ba4a5fa07e8db435068a9dea0f14a89b09dd7993301f9b6f91c4da492006b | https://www.consumerfinance.gov/enforcement/actions/freedom-mortgage-corporation-hmda-2023/; caption_sha256=e16ba4a5fa07e8db435068a9dea0f14a89b09dd7993301f9b6f91c4da492006b | https://www.consumerfinance.gov/enforcement/actions/freedom-mortgage-corporation/; caption_sha256=e16ba4a5fa07e8db435068a9dea0f14a89b09dd7993301f9b6f91c4da492006b
enforcement,Freedom Mortgage Corporation,,ED481C2307342,Freedom Mortgage Company,nonbank_originator,549300LYRWPSYPK6S325,3966116,,,549300LYRWPSYPK6S325,2019,https://files.ffiec.cfpb.gov/static-data/snapshot/2019/2019_public_panel_csv.zip,,,manual,Codex (individual identity/evidence review; not independent human review),2026-09-26,https://www.consumerfinance.gov/enforcement/actions/freedom-mortgage-corporation-2023-respa/; caption_sha256=e16ba4a5fa07e8db435068a9dea0f14a89b09dd7993301f9b6f91c4da492006b | https://www.consumerfinance.gov/enforcement/actions/freedom-mortgage-corporation-hmda-2023/; caption_sha256=e16ba4a5fa07e8db435068a9dea0f14a89b09dd7993301f9b6f91c4da492006b | https://www.consumerfinance.gov/enforcement/actions/freedom-mortgage-corporation/; caption_sha256=e16ba4a5fa07e8db435068a9dea0f14a89b09dd7993301f9b6f91c4da492006b
enforcement,Freedom Mortgage Corporation,,ED481C2307342,Freedom Mortgage Company,nonbank_originator,549300LYRWPSYPK6S325,3966116,,,549300LYRWPSYPK6S325,2020,https://files.ffiec.cfpb.gov/static-data/snapshot/2020/2020_public_panel_csv.zip,,,manual,Codex (individual identity/evidence review; not independent human review),2026-09-26,https://www.consumerfinance.gov/enforcement/actions/freedom-mortgage-corporation-2023-respa/; caption_sha256=e16ba4a5fa07e8db435068a9dea0f14a89b09dd7993301f9b6f91c4da492006b | https://www.consumerfinance.gov/enforcement/actions/freedom-mortgage-corporation-hmda-2023/; caption_sha256=e16ba4a5fa07e8db435068a9dea0f14a89b09dd7993301f9b6f91c4da492006b | https://www.consumerfinance.gov/enforcement/actions/freedom-mortgage-corporation/; caption_sha256=e16ba4a5fa07e8db435068a9dea0f14a89b09dd7993301f9b6f91c4da492006b
enforcement,Freedom Mortgage Corporation,,ED481C2307342,Freedom Mortgage Company,nonbank_originator,549300LYRWPSYPK6S325,3966116,,,549300LYRWPSYPK6S325,2021,https://files.ffiec.cfpb.gov/static-data/snapshot/2021/2021_public_panel_csv.zip,,,manual,Codex (individual identity/evidence review; not independent human review),2026-09-26,https://www.consumerfinance.gov/enforcement/actions/freedom-mortgage-corporation-2023-respa/; caption_sha256=e16ba4a5fa07e8db435068a9dea0f14a89b09dd7993301f9b6f91c4da492006b | https://www.consumerfinance.gov/enforcement/actions/freedom-mortgage-corporation-hmda-2023/; caption_sha256=e16ba4a5fa07e8db435068a9dea0f14a89b09dd7993301f9b6f91c4da492006b | https://www.consumerfinance.gov/enforcement/actions/freedom-mortgage-corporation/; caption_sha256=e16ba4a5fa07e8db435068a9dea0f14a89b09dd7993301f9b6f91c4da492006b
enforcement,Freedom Mortgage Corporation,,ED481C2307342,Freedom Mortgage Company,nonbank_originator,549300LYRWPSYPK6S325,3966116,,,549300LYRWPSYPK6S325,2022,https://files.ffiec.cfpb.gov/static-data/snapshot/2022/2022_public_panel_csv.zip,,,manual,Codex (individual identity/evidence review; not independent human review),2026-09-26,https://www.consumerfinance.gov/enforcement/actions/freedom-mortgage-corporation-2023-respa/; caption_sha256=e16ba4a5fa07e8db435068a9dea0f14a89b09dd7993301f9b6f91c4da492006b | https://www.consumerfinance.gov/enforcement/actions/freedom-mortgage-corporation-hmda-2023/; caption_sha256=e16ba4a5fa07e8db435068a9dea0f14a89b09dd7993301f9b6f91c4da492006b | https://www.consumerfinance.gov/enforcement/actions/freedom-mortgage-corporation/; caption_sha256=e16ba4a5fa07e8db435068a9dea0f14a89b09dd7993301f9b6f91c4da492006b
enforcement,Freedom Mortgage Corporation,,ED481C2307342,Freedom Mortgage Company,nonbank_originator,549300LYRWPSYPK6S325,3966116,,,549300LYRWPSYPK6S325,2023,https://files.ffiec.cfpb.gov/static-data/snapshot/2023/2023_public_panel_csv.zip,,,manual,Codex (individual identity/evidence review; not independent human review),2026-09-26,https://www.consumerfinance.gov/enforcement/actions/freedom-mortgage-corporation-2023-respa/; caption_sha256=e16ba4a5fa07e8db435068a9dea0f14a89b09dd7993301f9b6f91c4da492006b | https://www.consumerfinance.gov/enforcement/actions/freedom-mortgage-corporation-hmda-2023/; caption_sha256=e16ba4a5fa07e8db435068a9dea0f14a89b09dd7993301f9b6f91c4da492006b | https://www.consumerfinance.gov/enforcement/actions/freedom-mortgage-corporation/; caption_sha256=e16ba4a5fa07e8db435068a9dea0f14a89b09dd7993301f9b6f91c4da492006b
enforcement,Freedom Mortgage Corporation,,ED481C2307342,Freedom Mortgage Company,nonbank_originator,549300LYRWPSYPK6S325,,,,549300LYRWPSYPK6S325,2024,https://files.ffiec.cfpb.gov/static-data/snapshot/2024/2024_public_ts_csv.zip,,,manual,Codex (individual identity/evidence review; not independent human review),2026-09-26,https://www.consumerfinance.gov/enforcement/actions/freedom-mortgage-corporation-2023-respa/; caption_sha256=e16ba4a5fa07e8db435068a9dea0f14a89b09dd7993301f9b6f91c4da492006b | https://www.consumerfinance.gov/enforcement/actions/freedom-mortgage-corporation-hmda-2023/; caption_sha256=e16ba4a5fa07e8db435068a9dea0f14a89b09dd7993301f9b6f91c4da492006b | https://www.consumerfinance.gov/enforcement/actions/freedom-mortgage-corporation/; caption_sha256=e16ba4a5fa07e8db435068a9dea0f14a89b09dd7993301f9b6f91c4da492006b
enforcement,Freedom Mortgage Corporation,,ED481C2307342,Freedom Mortgage Company,nonbank_originator,549300LYRWPSYPK6S325,,,,549300LYRWPSYPK6S325,2025,https://files.ffiec.cfpb.gov/static-data/snapshot/2025/2025_public_ts_csv.zip,,,manual,Codex (individual identity/evidence review; not independent human review),2026-09-26,https://www.consumerfinance.gov/enforcement/actions/freedom-mortgage-corporation-2023-respa/; caption_sha256=e16ba4a5fa07e8db435068a9dea0f14a89b09dd7993301f9b6f91c4da492006b | https://www.consumerfinance.gov/enforcement/actions/freedom-mortgage-corporation-hmda-2023/; caption_sha256=e16ba4a5fa07e8db435068a9dea0f14a89b09dd7993301f9b6f91c4da492006b | https://www.consumerfinance.gov/enforcement/actions/freedom-mortgage-corporation/; caption_sha256=e16ba4a5fa07e8db435068a9dea0f14a89b09dd7993301f9b6f91c4da492006b
enforcement,"Genuine Title, LLC",,E3040837C8CE7,"Genuine Title, LLC",other,,,,,,,No verified reporter/bank identifier; identity only,,,manual,Codex (individual identity/evidence review; not independent human review),2026-09-26,https://www.consumerfinance.gov/enforcement/actions/genuine-title-2/; caption_sha256=2d91c1dcf1a73a93c54a0d10924f7b0d55acd317f4f4858fc23f6ced55f99bd9
enforcement,Genworth Mortgage Insurance Corporation,,E676898A99116,Genworth Mortgage Insurance Corporation,other,,,,,,,No verified reporter/bank identifier; identity only,,,manual,Codex (individual identity/evidence review; not independent human review),2026-09-26,https://www.consumerfinance.gov/enforcement/actions/genworth-mortgage-insurance-corporation/; caption_sha256=368fb17b2da8a5914cfea106d4aaa5873b48a3787d4559404be28c1b277652ed
enforcement,"Go Direct Lenders, Inc.",,E28FBC45D58AC,"Go Direct Lenders, Inc.",nonbank_originator,,,,,,,No verified reporter/bank identifier; identity only,,,manual,Codex (individual identity/evidence review; not independent human review),2026-09-26,https://www.consumerfinance.gov/enforcement/actions/go-direct-lenders-inc/; caption_sha256=5d61484ff1424352c1d4aa80acb7a9993820eaeddb43d4534d4b34b35a574c40
enforcement,"Green Tree Servicing, LLC",,E30922865A8BB,Ditech Financial LLC,nonbank_servicer,5493003KZFGGEWCRH554,3861163,,,5493003KZFGGEWCRH554,2018,https://files.ffiec.cfpb.gov/static-data/snapshot/2018/2018_public_panel_csv.zip,,,manual,Codex (individual identity/evidence review; not independent human review),2026-09-26,https://www.consumerfinance.gov/enforcement/actions/green-tree-servicing-llc/; caption_sha256=d601b55bb2f6d3eab29bf9815fe76b5849ea0fff27a33a44a5587353627c64d7 | https://www.sec.gov/Archives/edgar/data/1040719/000104071916000052/a101311fy2015q4.htm
enforcement,"Green Tree Servicing, LLC",,E30922865A8BB,Ditech Financial LLC,nonbank_servicer,5493003KZFGGEWCRH554,3861163,,,5493003KZFGGEWCRH554,2019,https://files.ffiec.cfpb.gov/static-data/snapshot/2019/2019_public_panel_csv.zip,,,manual,Codex (individual identity/evidence review; not independent human review),2026-09-26,https://www.consumerfinance.gov/enforcement/actions/green-tree-servicing-llc/; caption_sha256=d601b55bb2f6d3eab29bf9815fe76b5849ea0fff27a33a44a5587353627c64d7 | https://www.sec.gov/Archives/edgar/data/1040719/000104071916000052/a101311fy2015q4.htm
enforcement,Guarantee Mortgage Corporation,,E3CB16B430619,Guarantee Mortgage Corporation,nonbank_originator,,,,,,,No verified reporter/bank identifier; identity only,,,manual,Codex (individual identity/evidence review; not independent human review),2026-09-26,https://www.consumerfinance.gov/enforcement/actions/guarantee-mortgage/; caption_sha256=82c0c89c442c4323a24bf12bf3c46d5abda278ad74746c17d7007a8ecd78ae64
enforcement,"Harbour Portfolio Advisors, LLC",,E7AED1ED81120,"Harbour Portfolio Advisors, LLC",other,,,,,,,No verified reporter/bank identifier; identity only,,,manual,Codex (individual identity/evidence review; not independent human review),2026-09-26,https://www.consumerfinance.gov/enforcement/actions/harbour-portfolio-advisors-llc-et-al/; caption_sha256=9e0a02d5e520f0ced2f57507c974e31d3d62ee1e6f124db2f8017252279036cd
enforcement,"Hudson City Savings Bank, F.S.B.",,EA46E191FB851,Hudson City Bancorp,bank,,564605,2367556,13074,,2026,https://api.fdic.gov/banks/institutions,,,manual,Codex (individual identity/evidence review; not independent human review),2026-09-26,https://www.consumerfinance.gov/enforcement/actions/hudson-city-savings-bank-fsb/; caption_sha256=fb791c873fb32fdd9f30cf69af029b0797380b82c7ef5ee4fd8285ac5215b536
enforcement,"Hypotec, Inc.",,E183659323CB2,"Hypotec, Inc.",nonbank_originator,,,,,,,No verified reporter/bank identifier; identity only,,,manual,Codex (individual identity/evidence review; not independent human review),2026-09-26,https://www.consumerfinance.gov/enforcement/actions/hypotec-inc/; caption_sha256=546c670f7e6a32b7ed7fab4b70c0e6eddf05b994ddca8efae496694ea002cabe
enforcement,"JMG Holding Partners LLC, dba The Jason Mitchell Group",,E1A2F853BB227,"JMG Holding Partners LLC,",other,,,,,,,No verified reporter/bank identifier; identity only,,,manual,Codex (individual identity/evidence review; not independent human review),2026-09-26,https://www.consumerfinance.gov/enforcement/actions/rocket-homes-real-estate-llc-et-al/; caption_sha256=09f6e27c4bb9906b2625dbf154e5e986ea6a48cd3667be3e67fad492dd7b2fb2
enforcement,"JPMorgan Chase Bank, N.A.",,EB426F57A0F60,JPMORGAN CHASE&CO,bank,7H6GLXDRUGQFU57RNE97,852218,1039502,628,7H6GLXDRUGQFU57RNE97,2018,https://files.ffiec.cfpb.gov/static-data/snapshot/2018/2018_public_panel_csv.zip,,,manual,Codex (individual identity/evidence review; not independent human review),2026-09-26,https://www.consumerfinance.gov/enforcement/actions/genuine-title/; caption_sha256=2d8afc4977c5f170e8ba1258e8e4a6601b725d4c9d26003f988de3dab389e9b9 | https://www.consumerfinance.gov/enforcement/actions/genuine-title-jp-morgan/; caption_sha256=d816f19dc16a89a740b4da28e7852b88d160ef1c331876e0807a24c335687333
enforcement,"JPMorgan Chase Bank, N.A.",,EB426F57A0F60,JPMORGAN CHASE&CO,bank,7H6GLXDRUGQFU57RNE97,852218,1039502,628,7H6GLXDRUGQFU57RNE97,2019,https://files.ffiec.cfpb.gov/static-data/snapshot/2019/2019_public_panel_csv.zip,,,manual,Codex (individual identity/evidence review; not independent human review),2026-09-26,https://www.consumerfinance.gov/enforcement/actions/genuine-title/; caption_sha256=2d8afc4977c5f170e8ba1258e8e4a6601b725d4c9d26003f988de3dab389e9b9 | https://www.consumerfinance.gov/enforcement/actions/genuine-title-jp-morgan/; caption_sha256=d816f19dc16a89a740b4da28e7852b88d160ef1c331876e0807a24c335687333
enforcement,"JPMorgan Chase Bank, N.A.",,EB426F57A0F60,JPMORGAN CHASE&CO,bank,7H6GLXDRUGQFU57RNE97,852218,1039502,628,7H6GLXDRUGQFU57RNE97,2020,https://files.ffiec.cfpb.gov/static-data/snapshot/2020/2020_public_panel_csv.zip,,,manual,Codex (individual identity/evidence review; not independent human review),2026-09-26,https://www.consumerfinance.gov/enforcement/actions/genuine-title/; caption_sha256=2d8afc4977c5f170e8ba1258e8e4a6601b725d4c9d26003f988de3dab389e9b9 | https://www.consumerfinance.gov/enforcement/actions/genuine-title-jp-morgan/; caption_sha256=d816f19dc16a89a740b4da28e7852b88d160ef1c331876e0807a24c335687333
enforcement,"JPMorgan Chase Bank, N.A.",,EB426F57A0F60,JPMORGAN CHASE&CO,bank,7H6GLXDRUGQFU57RNE97,852218,1039502,628,7H6GLXDRUGQFU57RNE97,2021,https://files.ffiec.cfpb.gov/static-data/snapshot/2021/2021_public_panel_csv.zip,,,manual,Codex (individual identity/evidence review; not independent human review),2026-09-26,https://www.consumerfinance.gov/enforcement/actions/genuine-title/; caption_sha256=2d8afc4977c5f170e8ba1258e8e4a6601b725d4c9d26003f988de3dab389e9b9 | https://www.consumerfinance.gov/enforcement/actions/genuine-title-jp-morgan/; caption_sha256=d816f19dc16a89a740b4da28e7852b88d160ef1c331876e0807a24c335687333
enforcement,"JPMorgan Chase Bank, N.A.",,EB426F57A0F60,JPMORGAN CHASE&CO,bank,7H6GLXDRUGQFU57RNE97,852218,1039502,628,7H6GLXDRUGQFU57RNE97,2022,https://files.ffiec.cfpb.gov/static-data/snapshot/2022/2022_public_panel_csv.zip,,,manual,Codex (individual identity/evidence review; not independent human review),2026-09-26,https://www.consumerfinance.gov/enforcement/actions/genuine-title/; caption_sha256=2d8afc4977c5f170e8ba1258e8e4a6601b725d4c9d26003f988de3dab389e9b9 | https://www.consumerfinance.gov/enforcement/actions/genuine-title-jp-morgan/; caption_sha256=d816f19dc16a89a740b4da28e7852b88d160ef1c331876e0807a24c335687333
enforcement,"JPMorgan Chase Bank, N.A.",,EB426F57A0F60,JPMORGAN CHASE&CO,bank,7H6GLXDRUGQFU57RNE97,852218,1039502,628,7H6GLXDRUGQFU57RNE97,2023,https://files.ffiec.cfpb.gov/static-data/snapshot/2023/2023_public_panel_csv.zip,,,manual,Codex (individual identity/evidence review; not independent human review),2026-09-26,https://www.consumerfinance.gov/enforcement/actions/genuine-title/; caption_sha256=2d8afc4977c5f170e8ba1258e8e4a6601b725d4c9d26003f988de3dab389e9b9 | https://www.consumerfinance.gov/enforcement/actions/genuine-title-jp-morgan/; caption_sha256=d816f19dc16a89a740b4da28e7852b88d160ef1c331876e0807a24c335687333
enforcement,"JPMorgan Chase Bank, N.A.",,EB426F57A0F60,JPMORGAN CHASE&CO,bank,7H6GLXDRUGQFU57RNE97,,1039502,,7H6GLXDRUGQFU57RNE97,2024,https://files.ffiec.cfpb.gov/static-data/snapshot/2024/2024_public_ts_csv.zip,,,manual,Codex (individual identity/evidence review; not independent human review),2026-09-26,https://www.consumerfinance.gov/enforcement/actions/genuine-title/; caption_sha256=2d8afc4977c5f170e8ba1258e8e4a6601b725d4c9d26003f988de3dab389e9b9 | https://www.consumerfinance.gov/enforcement/actions/genuine-title-jp-morgan/; caption_sha256=d816f19dc16a89a740b4da28e7852b88d160ef1c331876e0807a24c335687333
enforcement,"JPMorgan Chase Bank, N.A.",,EB426F57A0F60,JPMORGAN CHASE&CO,bank,7H6GLXDRUGQFU57RNE97,,1039502,,7H6GLXDRUGQFU57RNE97,2025,https://files.ffiec.cfpb.gov/static-data/snapshot/2025/2025_public_ts_csv.zip,,,manual,Codex (individual identity/evidence review; not independent human review),2026-09-26,https://www.consumerfinance.gov/enforcement/actions/genuine-title/; caption_sha256=2d8afc4977c5f170e8ba1258e8e4a6601b725d4c9d26003f988de3dab389e9b9 | https://www.consumerfinance.gov/enforcement/actions/genuine-title-jp-morgan/; caption_sha256=d816f19dc16a89a740b4da28e7852b88d160ef1c331876e0807a24c335687333
enforcement,"JPMorgan Chase Bank, N.A.",,EB426F57A0F60,JPMORGAN CHASE&CO,bank,,852218,1039502,628,,2026,https://api.fdic.gov/banks/institutions,,,manual,Codex (individual identity/evidence review; not independent human review),2026-09-26,https://www.consumerfinance.gov/enforcement/actions/genuine-title/; caption_sha256=2d8afc4977c5f170e8ba1258e8e4a6601b725d4c9d26003f988de3dab389e9b9 | https://www.consumerfinance.gov/enforcement/actions/genuine-title-jp-morgan/; caption_sha256=d816f19dc16a89a740b4da28e7852b88d160ef1c331876e0807a24c335687333
enforcement,"JPMorgan Chase Bank, N.A.",,EB426F57A0F60,JPMORGAN CHASE&CO,bank,,651448,1039502,21761,,2026,https://api.fdic.gov/banks/institutions,,,manual,Codex (individual identity/evidence review; not independent human review),2026-09-26,https://www.consumerfinance.gov/enforcement/actions/genuine-title/; caption_sha256=2d8afc4977c5f170e8ba1258e8e4a6601b725d4c9d26003f988de3dab389e9b9 | https://www.consumerfinance.gov/enforcement/actions/genuine-title-jp-morgan/; caption_sha256=d816f19dc16a89a740b4da28e7852b88d160ef1c331876e0807a24c335687333
enforcement,"JRHBW Realty, Inc., d/b/a RealtySouth",,E61E145DD194B,"JRHBW Realty, Inc.,",other,,,,,,,No verified reporter/bank identifier; identity only,,,manual,Codex (individual identity/evidence review; not independent human review),2026-09-26,https://www.consumerfinance.gov/enforcement/actions/jrhbw-realty-inc-dba-realtysouth-titlesouth-llc/; caption_sha256=acb77c6019b7cf1df9212632a251aead689b3ba284bdd04bd5207cd79fd51ed9
enforcement,"Kyanite Services, Inc.",,E112D19ECDABF,"Kyanite Services, Inc.",other,,,,,,,No verified reporter/bank identifier; identity only,,,manual,Codex (individual identity/evidence review; not independent human review),2026-09-26,https://www.consumerfinance.gov/enforcement/actions/seterus-inc/; caption_sha256=3f484dd906b3d764994b577157be8c96181ddded9a12affc7efe054424964c1a
enforcement,"Lighthouse Title, Inc.",,E210AF3D23D8F,"Lighthouse Title, Inc.",other,,,,,,,No verified reporter/bank identifier; identity only,,,manual,Codex (individual identity/evidence review; not independent human review),2026-09-26,https://www.consumerfinance.gov/enforcement/actions/lighthouse-title/; caption_sha256=2b3253f2e749ee9ac480e9ab8a6124a754f7b49772029dbe1afce6f8cee29382
enforcement,"Loan Originator Services, LLC",,E81850A8A337B,"Loan Originator Services, LLC",other,,,,,,,No verified reporter/bank identifier; identity only,,,manual,Codex (individual identity/evidence review; not independent human review),2026-09-26,https://www.consumerfinance.gov/enforcement/actions/colony-ridge/; caption_sha256=d19c9c97798a9733091f9fa2b88cf5d2e2a51cc9bb56e363ad38326631092ee6
enforcement,Loan Payment Administration LLC,,E77D04DF1558F,Loan Payment Administration LLC,other,,,,,,,No verified reporter/bank identifier; identity only,,,manual,Codex (individual identity/evidence review; not independent human review),2026-09-26,https://www.consumerfinance.gov/enforcement/actions/nationwide-biweekly-administration/; caption_sha256=11ddd5ec8f2220315b586bd1a65ae6766a32f8edff93dc40030a1ee7f92c9385
enforcement,LoanCare Servicing,,E25524C3723E3,"LoanCare, LLC",nonbank_servicer,,,,,,,No verified reporter/bank identifier; identity only,,,manual,Codex (individual identity/evidence review; not independent human review),2026-09-26,https://www.consumerfinance.gov/enforcement/actions/loancare-servicing/; caption_sha256=5a0c0b1df159e86d2c1bee7d9413186c7347fc44dc6528ff9273d562853e097b
enforcement,"Low VA Rates, LLC",,E836D1BF8A437,"Low VA Rates, LLC",other,,,,,,,No verified reporter/bank identifier; identity only,,,manual,Codex (individual identity/evidence review; not independent human review),2026-09-26,https://www.consumerfinance.gov/enforcement/actions/low-va-rates-llc/; caption_sha256=fb56edfb423a772b80fd169a583b9d20616dcefabc16b7b86b33f7df82a2fb2a
enforcement,"MARC, LLC",,E50D54E063BCE,"MARC, LLC",other,,,,,,,No verified reporter/bank identifier; identity only,,,manual,Codex (individual identity/evidence review; not independent human review),2026-09-26,https://www.consumerfinance.gov/enforcement/actions/genuine-title-2/; caption_sha256=2d91c1dcf1a73a93c54a0d10924f7b0d55acd317f4f4858fc23f6ced55f99bd9
enforcement,Meridian Title Corporation,,EE1776D0EF9F6,Meridian Title Corporation,other,,,,,,,No verified reporter/bank identifier; identity only,,,manual,Codex (individual identity/evidence review; not independent human review),2026-09-26,https://www.consumerfinance.gov/enforcement/actions/meridian-title-corporation/; caption_sha256=4bb479def03070f2276db57ebd5607e2fa6883a4d0e9d844171213a029d56b58
enforcement,Mortgage Guaranty Insurance Corporation,,EEBA7CC0BD8E7,Mortgage Guaranty Insurance Corporation,other,,,,,,,No verified reporter/bank identifier; identity only,,,manual,Codex (individual identity/evidence review; not independent human review),2026-09-26,https://www.consumerfinance.gov/enforcement/actions/mortgage-guaranty-insurance-corporation/; caption_sha256=97b898fcf317803ce1e1d82a63d98edc36d803a4a61662ab86f7e83a89573252
enforcement,"Mortgage Master, Inc.",,E8BDD4FBCD641,"Mortgage Master, Inc.",nonbank_originator,,,,,,,No verified reporter/bank identifier; identity only,,,manual,Codex (individual identity/evidence review; not independent human review),2026-09-26,https://www.consumerfinance.gov/enforcement/actions/mortgage-master-inc/; caption_sha256=c3e37a951d76542d8e5e451233f6f55b009416f7cdd350acc9e635d1a94b50be
enforcement,"Mortgage Services, LLC",,ED0476B25A49E,"Mortgage Services, LLC",other,,,,,,,No verified reporter/bank identifier; identity only,,,manual,Codex (individual identity/evidence review; not independent human review),2026-09-26,https://www.consumerfinance.gov/enforcement/actions/genuine-title-2/; caption_sha256=2d91c1dcf1a73a93c54a0d10924f7b0d55acd317f4f4858fc23f6ced55f99bd9
enforcement,"NOVAD Management Consulting, LLC",,EB7E5DA6DF3D9,"NOVAD Management Consulting, LLC",nonbank_servicer,,,,,,,No verified reporter/bank identifier; identity only,,,manual,Codex (individual identity/evidence review; not independent human review),2026-09-26,https://www.consumerfinance.gov/enforcement/actions/novad-management-consulting-llc/; caption_sha256=c9080fe85fbceb81933779590ac34cd266c7c2e9ffb56b6ef500a23e1d45539e
enforcement,"National Asset Advisors, LLC",,E96B66BB450C9,"National Asset Advisors, LLC",other,,,,,,,No verified reporter/bank identifier; identity only,,,manual,Codex (individual identity/evidence review; not independent human review),2026-09-26,https://www.consumerfinance.gov/enforcement/actions/harbour-portfolio-advisors-llc-et-al/; caption_sha256=9e0a02d5e520f0ced2f57507c974e31d3d62ee1e6f124db2f8017252279036cd
enforcement,"National Asset Mortgage, LLC",,EA8D22E3707EA,"National Asset Mortgage, LLC",other,,,,,,,No verified reporter/bank identifier; identity only,,,manual,Codex (individual identity/evidence review; not independent human review),2026-09-26,https://www.consumerfinance.gov/enforcement/actions/harbour-portfolio-advisors-llc-et-al/; caption_sha256=9e0a02d5e520f0ced2f57507c974e31d3d62ee1e6f124db2f8017252279036cd
enforcement,National City Bank,,EBE2BEFC38878,National City Corporation,bank,,259518,1069125,6557,,2026,https://api.fdic.gov/banks/institutions,,,manual,Codex (individual identity/evidence review; not independent human review),2026-09-26,https://www.consumerfinance.gov/enforcement/actions/national-city-bank-natcity-through-successor-in-interest-pnc/; caption_sha256=2b66b11d9fdfc14af5fb4924da647dbf789b390af40b47d74097e3bbb40737ce
enforcement,"National Legal Help Center, Inc.",,ED86A82B0A17F,"National Legal Help Center, Inc.",other,,,,,,,No verified reporter/bank identifier; identity only,,,manual,Codex (individual identity/evidence review; not independent human review),2026-09-26,https://www.consumerfinance.gov/enforcement/actions/national-legal-help-center/; caption_sha256=e6f52ce4eaa72c2562e27a37f4ffeac76cdaa3f5c4ae62d2b79cec6f988454e0
enforcement,Nationstar Mortgage LLC,,E1FC3BC613A71,NATIONSTAR MORTGAGE LLC,nonbank_servicer,549300LBCBNR1OT00651,3935523,,,549300LBCBNR1OT00651,2018,https://files.ffiec.cfpb.gov/static-data/snapshot/2018/2018_public_panel_csv.zip,,,manual,Codex (individual identity/evidence review; not independent human review),2026-09-26,https://www.consumerfinance.gov/enforcement/actions/nationstar-mortgage-llc/; caption_sha256=526fe2442c1fbee234dcb2f16019adddf33b2196a134c50fb9723f8adf28cc4d
enforcement,Nationstar Mortgage LLC,,E1FC3BC613A71,NATIONSTAR MORTGAGE LLC,nonbank_servicer,549300LBCBNR1OT00651,3935523,,,549300LBCBNR1OT00651,2019,https://files.ffiec.cfpb.gov/static-data/snapshot/2019/2019_public_panel_csv.zip,,,manual,Codex (individual identity/evidence review; not independent human review),2026-09-26,https://www.consumerfinance.gov/enforcement/actions/nationstar-mortgage-llc/; caption_sha256=526fe2442c1fbee234dcb2f16019adddf33b2196a134c50fb9723f8adf28cc4d
enforcement,Nationstar Mortgage LLC,,E1FC3BC613A71,NATIONSTAR MORTGAGE LLC,nonbank_servicer,549300LBCBNR1OT00651,3935523,,,549300LBCBNR1OT00651,2020,https://files.ffiec.cfpb.gov/static-data/snapshot/2020/2020_public_panel_csv.zip,,,manual,Codex (individual identity/evidence review; not independent human review),2026-09-26,https://www.consumerfinance.gov/enforcement/actions/nationstar-mortgage-llc/; caption_sha256=526fe2442c1fbee234dcb2f16019adddf33b2196a134c50fb9723f8adf28cc4d
enforcement,Nationstar Mortgage LLC,,E1FC3BC613A71,NATIONSTAR MORTGAGE LLC,nonbank_servicer,549300LBCBNR1OT00651,3935523,,,549300LBCBNR1OT00651,2021,https://files.ffiec.cfpb.gov/static-data/snapshot/2021/2021_public_panel_csv.zip,,,manual,Codex (individual identity/evidence review; not independent human review),2026-09-26,https://www.consumerfinance.gov/enforcement/actions/nationstar-mortgage-llc/; caption_sha256=526fe2442c1fbee234dcb2f16019adddf33b2196a134c50fb9723f8adf28cc4d
enforcement,Nationstar Mortgage LLC,,E1FC3BC613A71,NATIONSTAR MORTGAGE LLC,nonbank_servicer,549300LBCBNR1OT00651,3935523,,,549300LBCBNR1OT00651,2022,https://files.ffiec.cfpb.gov/static-data/snapshot/2022/2022_public_panel_csv.zip,,,manual,Codex (individual identity/evidence review; not independent human review),2026-09-26,https://www.consumerfinance.gov/enforcement/actions/nationstar-mortgage-llc/; caption_sha256=526fe2442c1fbee234dcb2f16019adddf33b2196a134c50fb9723f8adf28cc4d
enforcement,Nationstar Mortgage LLC,,E1FC3BC613A71,NATIONSTAR MORTGAGE LLC,nonbank_servicer,549300LBCBNR1OT00651,,,,549300LBCBNR1OT00651,2023,https://files.ffiec.cfpb.gov/static-data/snapshot/2023/2023_public_panel_csv.zip,,,manual,Codex (individual identity/evidence review; not independent human review),2026-09-26,https://www.consumerfinance.gov/enforcement/actions/nationstar-mortgage-llc/; caption_sha256=526fe2442c1fbee234dcb2f16019adddf33b2196a134c50fb9723f8adf28cc4d
enforcement,Nationstar Mortgage LLC,,E1FC3BC613A71,NATIONSTAR MORTGAGE LLC,nonbank_servicer,549300LBCBNR1OT00651,,,,549300LBCBNR1OT00651,2024,https://files.ffiec.cfpb.gov/static-data/snapshot/2024/2024_public_ts_csv.zip,,,manual,Codex (individual identity/evidence review; not independent human review),2026-09-26,https://www.consumerfinance.gov/enforcement/actions/nationstar-mortgage-llc/; caption_sha256=526fe2442c1fbee234dcb2f16019adddf33b2196a134c50fb9723f8adf28cc4d
enforcement,Nationstar Mortgage LLC,,E1FC3BC613A71,NATIONSTAR MORTGAGE LLC,nonbank_servicer,549300LBCBNR1OT00651,,,,549300LBCBNR1OT00651,2025,https://files.ffiec.cfpb.gov/static-data/snapshot/2025/2025_public_ts_csv.zip,,,manual,Codex (individual identity/evidence review; not independent human review),2026-09-26,https://www.consumerfinance.gov/enforcement/actions/nationstar-mortgage-llc/; caption_sha256=526fe2442c1fbee234dcb2f16019adddf33b2196a134c50fb9723f8adf28cc4d
enforcement,"Nationstar Mortgage, LLC d/b/a Mr. Cooper",,E1FC3BC613A71,NATIONSTAR MORTGAGE LLC,nonbank_servicer,549300LBCBNR1OT00651,3935523,,,549300LBCBNR1OT00651,2018,https://files.ffiec.cfpb.gov/static-data/snapshot/2018/2018_public_panel_csv.zip,,,manual,Codex (individual identity/evidence review; not independent human review),2026-09-26,https://www.consumerfinance.gov/enforcement/actions/nationstar-mortgage-llc-dba-mr-cooper/; caption_sha256=c238e98c5c66c7dcaa133970af9db155fb843d874447e2a5bb8560ab6e1ef249
enforcement,"Nationstar Mortgage, LLC d/b/a Mr. Cooper",,E1FC3BC613A71,NATIONSTAR MORTGAGE LLC,nonbank_servicer,549300LBCBNR1OT00651,3935523,,,549300LBCBNR1OT00651,2019,https://files.ffiec.cfpb.gov/static-data/snapshot/2019/2019_public_panel_csv.zip,,,manual,Codex (individual identity/evidence review; not independent human review),2026-09-26,https://www.consumerfinance.gov/enforcement/actions/nationstar-mortgage-llc-dba-mr-cooper/; caption_sha256=c238e98c5c66c7dcaa133970af9db155fb843d874447e2a5bb8560ab6e1ef249
enforcement,"Nationstar Mortgage, LLC d/b/a Mr. Cooper",,E1FC3BC613A71,NATIONSTAR MORTGAGE LLC,nonbank_servicer,549300LBCBNR1OT00651,3935523,,,549300LBCBNR1OT00651,2020,https://files.ffiec.cfpb.gov/static-data/snapshot/2020/2020_public_panel_csv.zip,,,manual,Codex (individual identity/evidence review; not independent human review),2026-09-26,https://www.consumerfinance.gov/enforcement/actions/nationstar-mortgage-llc-dba-mr-cooper/; caption_sha256=c238e98c5c66c7dcaa133970af9db155fb843d874447e2a5bb8560ab6e1ef249
enforcement,"Nationstar Mortgage, LLC d/b/a Mr. Cooper",,E1FC3BC613A71,NATIONSTAR MORTGAGE LLC,nonbank_servicer,549300LBCBNR1OT00651,3935523,,,549300LBCBNR1OT00651,2021,https://files.ffiec.cfpb.gov/static-data/snapshot/2021/2021_public_panel_csv.zip,,,manual,Codex (individual identity/evidence review; not independent human review),2026-09-26,https://www.consumerfinance.gov/enforcement/actions/nationstar-mortgage-llc-dba-mr-cooper/; caption_sha256=c238e98c5c66c7dcaa133970af9db155fb843d874447e2a5bb8560ab6e1ef249
enforcement,"Nationstar Mortgage, LLC d/b/a Mr. Cooper",,E1FC3BC613A71,NATIONSTAR MORTGAGE LLC,nonbank_servicer,549300LBCBNR1OT00651,3935523,,,549300LBCBNR1OT00651,2022,https://files.ffiec.cfpb.gov/static-data/snapshot/2022/2022_public_panel_csv.zip,,,manual,Codex (individual identity/evidence review; not independent human review),2026-09-26,https://www.consumerfinance.gov/enforcement/actions/nationstar-mortgage-llc-dba-mr-cooper/; caption_sha256=c238e98c5c66c7dcaa133970af9db155fb843d874447e2a5bb8560ab6e1ef249
enforcement,"Nationstar Mortgage, LLC d/b/a Mr. Cooper",,E1FC3BC613A71,NATIONSTAR MORTGAGE LLC,nonbank_servicer,549300LBCBNR1OT00651,,,,549300LBCBNR1OT00651,2023,https://files.ffiec.cfpb.gov/static-data/snapshot/2023/2023_public_panel_csv.zip,,,manual,Codex (individual identity/evidence review; not independent human review),2026-09-26,https://www.consumerfinance.gov/enforcement/actions/nationstar-mortgage-llc-dba-mr-cooper/; caption_sha256=c238e98c5c66c7dcaa133970af9db155fb843d874447e2a5bb8560ab6e1ef249
enforcement,"Nationstar Mortgage, LLC d/b/a Mr. Cooper",,E1FC3BC613A71,NATIONSTAR MORTGAGE LLC,nonbank_servicer,549300LBCBNR1OT00651,,,,549300LBCBNR1OT00651,2024,https://files.ffiec.cfpb.gov/static-data/snapshot/2024/2024_public_ts_csv.zip,,,manual,Codex (individual identity/evidence review; not independent human review),2026-09-26,https://www.consumerfinance.gov/enforcement/actions/nationstar-mortgage-llc-dba-mr-cooper/; caption_sha256=c238e98c5c66c7dcaa133970af9db155fb843d874447e2a5bb8560ab6e1ef249
enforcement,"Nationstar Mortgage, LLC d/b/a Mr. Cooper",,E1FC3BC613A71,NATIONSTAR MORTGAGE LLC,nonbank_servicer,549300LBCBNR1OT00651,,,,549300LBCBNR1OT00651,2025,https://files.ffiec.cfpb.gov/static-data/snapshot/2025/2025_public_ts_csv.zip,,,manual,Codex (individual identity/evidence review; not independent human review),2026-09-26,https://www.consumerfinance.gov/enforcement/actions/nationstar-mortgage-llc-dba-mr-cooper/; caption_sha256=c238e98c5c66c7dcaa133970af9db155fb843d874447e2a5bb8560ab6e1ef249
enforcement,"Nationwide Biweekly Administration, Inc.",,E1F672D2F7449,"Nationwide Biweekly Administration, Inc.",other,,,,,,,No verified reporter/bank identifier; identity only,,,manual,Codex (individual identity/evidence review; not independent human review),2026-09-26,https://www.consumerfinance.gov/enforcement/actions/nationwide-biweekly-administration/; caption_sha256=11ddd5ec8f2220315b586bd1a65ae6766a32f8edff93dc40030a1ee7f92c9385
enforcement,Nationwide Equities Corporation,,E041A1E0189E2,Nationwide Equities Corporation,nonbank_originator,,,,,,,No verified reporter/bank identifier; identity only,,,manual,Codex (individual identity/evidence review; not independent human review),2026-09-26,https://www.consumerfinance.gov/enforcement/actions/nationwide-equities-corporation/; caption_sha256=cd4babf50eb90eb44755cb1e6b3bc5593ccda6c4826ed84572a6515438ee4270
enforcement,"New Day Financial, LLC",,EE96AFBA1C92C,"New Day Financial, LLC",nonbank_originator,,,,,,,No verified reporter/bank identifier; identity only,,,manual,Codex (individual identity/evidence review; not independent human review),2026-09-26,https://www.consumerfinance.gov/enforcement/actions/new-day-financial/; caption_sha256=7f30e949b4fd442f76718a3d04141efa82205242ce7feb96d31820d9ad8d0eeb | https://www.consumerfinance.gov/enforcement/actions/new-day-financial-2024/; caption_sha256=7f30e949b4fd442f76718a3d04141efa82205242ce7feb96d31820d9ad8d0eeb
enforcement,Novo Appraisal Management Co.,,E8BB05040D341,Novo Appraisal Management Co.,other,,,,,,,No verified reporter/bank identifier; identity only,,,manual,Codex (individual identity/evidence review; not independent human review),2026-09-26,https://www.consumerfinance.gov/enforcement/actions/amerisave-mortgage-novo-appraisal-patrick-markert/; caption_sha256=a898f1b6006eb62a2b7194a5b594aa051f61258f9804fbd0f7c529fc29609caf
enforcement,Ocwen Financial Corp.,,E58809E9BF1B6,Ocwen Financial Corporation,nonbank_servicer,,,,,,,No verified reporter/bank identifier; identity only,,,manual,Codex (individual identity/evidence review; not independent human review),2026-09-26,https://www.consumerfinance.gov/enforcement/actions/ocwen-financial-corp-and-ocwen-loan-servicing-llc/; caption_sha256=b0b258a9530b7a9d0e75f7f9bf5d2831c230de07c30582b9d67b02f4fbe23a2f
enforcement,Ocwen Financial Corporation,,E58809E9BF1B6,Ocwen Financial Corporation,nonbank_servicer,,,,,,,No verified reporter/bank identifier; identity only,,,manual,Codex (individual identity/evidence review; not independent human review),2026-09-26,https://www.consumerfinance.gov/enforcement/actions/ocwen-financial-corporation-ocwen-mortgage-servicing-inc-and-ocwen-loan-servicing-llc/; caption_sha256=25f3fcd8e52f6d646030db142790b2e65d22ab6c1cb79ef7390057dac735ba0a
enforcement,"Ocwen Loan Servicing, LLC",,E16D355DC8D9F,"Ocwen Loan Servicing, LLC",nonbank_servicer,,,,,,,No verified reporter/bank identifier; identity only,,,manual,Codex (individual identity/evidence review; not independent human review),2026-09-26,https://www.consumerfinance.gov/enforcement/actions/ocwen-financial-corporation-ocwen-mortgage-servicing-inc-and-ocwen-loan-servicing-llc/; caption_sha256=25f3fcd8e52f6d646030db142790b2e65d22ab6c1cb79ef7390057dac735ba0a | https://www.consumerfinance.gov/enforcement/actions/ocwen-financial-corp-and-ocwen-loan-servicing-llc/; caption_sha256=b0b258a9530b7a9d0e75f7f9bf5d2831c230de07c30582b9d67b02f4fbe23a2f
enforcement,"Ocwen Mortgage Servicing, Inc.",,E2A97C0A0269D,"Ocwen Mortgage Servicing, Inc.",nonbank_servicer,,,,,,,No verified reporter/bank identifier; identity only,,,manual,Codex (individual identity/evidence review; not independent human review),2026-09-26,https://www.consumerfinance.gov/enforcement/actions/ocwen-financial-corporation-ocwen-mortgage-servicing-inc-and-ocwen-loan-servicing-llc/; caption_sha256=25f3fcd8e52f6d646030db142790b2e65d22ab6c1cb79ef7390057dac735ba0a
enforcement,PHH Corporation,,E017B72F4EB5B,PHH Corporation,other,,,,,,,No verified reporter/bank identifier; identity only,,,manual,Codex (individual identity/evidence review; not independent human review),2026-09-26,https://www.consumerfinance.gov/enforcement/actions/phh-corporation/; caption_sha256=13ddfc0671f37f0ff4d5e51cf1cc6408daf390060c1aadd304d141c5b99525d5
enforcement,"PHH Home Loans, LLC",,E3040C6C50F76,"PHH Home Loans, LLC",nonbank_originator,,,,,,,No verified reporter/bank identifier; identity only,,,manual,Codex (individual identity/evidence review; not independent human review),2026-09-26,https://www.consumerfinance.gov/enforcement/actions/phh-corporation/; caption_sha256=13ddfc0671f37f0ff4d5e51cf1cc6408daf390060c1aadd304d141c5b99525d5
enforcement,PHH Mortgage Corporation,,E51D05DB96886,PHH Mortgage Services Corporation,nonbank_servicer,PAOOWF3GUFM46FBSP561,3873456,,,PAOOWF3GUFM46FBSP561,2018,https://files.ffiec.cfpb.gov/static-data/snapshot/2018/2018_public_panel_csv.zip,,,manual,Codex (individual identity/evidence review; not independent human review),2026-09-26,https://www.consumerfinance.gov/enforcement/actions/phh-corporation/; caption_sha256=13ddfc0671f37f0ff4d5e51cf1cc6408daf390060c1aadd304d141c5b99525d5
enforcement,PHH Mortgage Corporation,,E51D05DB96886,PHH Mortgage Services Corporation,nonbank_servicer,PAOOWF3GUFM46FBSP561,3873456,,,PAOOWF3GUFM46FBSP561,2019,https://files.ffiec.cfpb.gov/static-data/snapshot/2019/2019_public_panel_csv.zip,,,manual,Codex (individual identity/evidence review; not independent human review),2026-09-26,https://www.consumerfinance.gov/enforcement/actions/phh-corporation/; caption_sha256=13ddfc0671f37f0ff4d5e51cf1cc6408daf390060c1aadd304d141c5b99525d5
enforcement,PHH Mortgage Corporation,,E51D05DB96886,PHH Mortgage Services Corporation,nonbank_servicer,PAOOWF3GUFM46FBSP561,3873456,,,PAOOWF3GUFM46FBSP561,2020,https://files.ffiec.cfpb.gov/static-data/snapshot/2020/2020_public_panel_csv.zip,,,manual,Codex (individual identity/evidence review; not independent human review),2026-09-26,https://www.consumerfinance.gov/enforcement/actions/phh-corporation/; caption_sha256=13ddfc0671f37f0ff4d5e51cf1cc6408daf390060c1aadd304d141c5b99525d5
enforcement,PHH Mortgage Corporation,,E51D05DB96886,PHH Mortgage Services Corporation,nonbank_servicer,PAOOWF3GUFM46FBSP561,3873456,,,PAOOWF3GUFM46FBSP561,2021,https://files.ffiec.cfpb.gov/static-data/snapshot/2021/2021_public_panel_csv.zip,,,manual,Codex (individual identity/evidence review; not independent human review),2026-09-26,https://www.consumerfinance.gov/enforcement/actions/phh-corporation/; caption_sha256=13ddfc0671f37f0ff4d5e51cf1cc6408daf390060c1aadd304d141c5b99525d5
enforcement,PHH Mortgage Corporation,,E51D05DB96886,PHH Mortgage Services Corporation,nonbank_servicer,PAOOWF3GUFM46FBSP561,3873456,,,PAOOWF3GUFM46FBSP561,2022,https://files.ffiec.cfpb.gov/static-data/snapshot/2022/2022_public_panel_csv.zip,,,manual,Codex (individual identity/evidence review; not independent human review),2026-09-26,https://www.consumerfinance.gov/enforcement/actions/phh-corporation/; caption_sha256=13ddfc0671f37f0ff4d5e51cf1cc6408daf390060c1aadd304d141c5b99525d5
enforcement,PHH Mortgage Corporation,,E51D05DB96886,PHH Mortgage Services Corporation,nonbank_servicer,PAOOWF3GUFM46FBSP561,3873456,,,PAOOWF3GUFM46FBSP561,2023,https://files.ffiec.cfpb.gov/static-data/snapshot/2023/2023_public_panel_csv.zip,,,manual,Codex (individual identity/evidence review; not independent human review),2026-09-26,https://www.consumerfinance.gov/enforcement/actions/phh-corporation/; caption_sha256=13ddfc0671f37f0ff4d5e51cf1cc6408daf390060c1aadd304d141c5b99525d5
enforcement,PHH Mortgage Corporation,,E51D05DB96886,PHH Mortgage Services Corporation,nonbank_servicer,PAOOWF3GUFM46FBSP561,,,,PAOOWF3GUFM46FBSP561,2024,https://files.ffiec.cfpb.gov/static-data/snapshot/2024/2024_public_ts_csv.zip,,,manual,Codex (individual identity/evidence review; not independent human review),2026-09-26,https://www.consumerfinance.gov/enforcement/actions/phh-corporation/; caption_sha256=13ddfc0671f37f0ff4d5e51cf1cc6408daf390060c1aadd304d141c5b99525d5
enforcement,PHH Mortgage Corporation,,E51D05DB96886,PHH Mortgage Services Corporation,nonbank_servicer,PAOOWF3GUFM46FBSP561,,,,PAOOWF3GUFM46FBSP561,2025,https://files.ffiec.cfpb.gov/static-data/snapshot/2025/2025_public_ts_csv.zip,,,manual,Codex (individual identity/evidence review; not independent human review),2026-09-26,https://www.consumerfinance.gov/enforcement/actions/phh-corporation/; caption_sha256=13ddfc0671f37f0ff4d5e51cf1cc6408daf390060c1aadd304d141c5b99525d5
enforcement,"PHLoans.com, Inc.",,EC0F2BA889C79,"PHLoans.com, Inc.",nonbank_originator,,,,,,,No verified reporter/bank identifier; identity only,,,manual,Codex (individual identity/evidence review; not independent human review),2026-09-26,https://www.consumerfinance.gov/enforcement/actions/phloans/; caption_sha256=bef6a5861abd24fb83793dad6573ff43044fc70e7bf6e1eb2d577c2e2ddc9405
enforcement,Paul Taylor Corp,,E989548045CAA,Paul Taylor Corp,other,,,,,,,No verified reporter/bank identifier; identity only,,,manual,Codex (individual identity/evidence review; not independent human review),2026-09-26,https://www.consumerfinance.gov/enforcement/actions/paul-taylor-paul-taylor-homes-limited-paul-taylor-corp/; caption_sha256=c7da502aff9bbe569bd35e4fa899c08940ed5f57cfc90321980a00a93ed8b30a
enforcement,Paul Taylor Homes Limited,,E666AA07004C5,Paul Taylor Homes Limited,other,,,,,,,No verified reporter/bank identifier; identity only,,,manual,Codex (individual identity/evidence review; not independent human review),2026-09-26,https://www.consumerfinance.gov/enforcement/actions/paul-taylor-paul-taylor-homes-limited-paul-taylor-corp/; caption_sha256=c7da502aff9bbe569bd35e4fa899c08940ed5f57cfc90321980a00a93ed8b30a
enforcement,"Paymap, Inc.",,E336E00A9EBA6,"Paymap, Inc.",other,,,,,,,No verified reporter/bank identifier; identity only,,,manual,Codex (individual identity/evidence review; not independent human review),2026-09-26,https://www.consumerfinance.gov/enforcement/actions/paymap/; caption_sha256=bfa7e1cadb6fa7c9d550fe4d5632409e0e92a6fcfb41f9f20f87e847e98ae727
enforcement,"Planet Home Lending, LLC",,E2C144F51D5CE,"PLANET HOME LENDING, LLC",nonbank_originator,54930021WPEXNHYZUL09,4889892,,,54930021WPEXNHYZUL09,2018,https://files.ffiec.cfpb.gov/static-data/snapshot/2018/2018_public_panel_csv.zip,,,manual,Codex (individual identity/evidence review; not independent human review),2026-09-26,https://www.consumerfinance.gov/enforcement/actions/planet-home-lending-llc/; caption_sha256=d34375565bf509da6989ca44d65ce8784e9ac53a9425739100bc86fd5038c7b3
enforcement,"Planet Home Lending, LLC",,E2C144F51D5CE,"PLANET HOME LENDING, LLC",nonbank_originator,54930021WPEXNHYZUL09,4889892,,,54930021WPEXNHYZUL09,2019,https://files.ffiec.cfpb.gov/static-data/snapshot/2019/2019_public_panel_csv.zip,,,manual,Codex (individual identity/evidence review; not independent human review),2026-09-26,https://www.consumerfinance.gov/enforcement/actions/planet-home-lending-llc/; caption_sha256=d34375565bf509da6989ca44d65ce8784e9ac53a9425739100bc86fd5038c7b3
enforcement,"Planet Home Lending, LLC",,E2C144F51D5CE,"PLANET HOME LENDING, LLC",nonbank_originator,54930021WPEXNHYZUL09,4889892,,,54930021WPEXNHYZUL09,2020,https://files.ffiec.cfpb.gov/static-data/snapshot/2020/2020_public_panel_csv.zip,,,manual,Codex (individual identity/evidence review; not independent human review),2026-09-26,https://www.consumerfinance.gov/enforcement/actions/planet-home-lending-llc/; caption_sha256=d34375565bf509da6989ca44d65ce8784e9ac53a9425739100bc86fd5038c7b3
enforcement,"Planet Home Lending, LLC",,E2C144F51D5CE,"PLANET HOME LENDING, LLC",nonbank_originator,54930021WPEXNHYZUL09,4889892,,,54930021WPEXNHYZUL09,2021,https://files.ffiec.cfpb.gov/static-data/snapshot/2021/2021_public_panel_csv.zip,,,manual,Codex (individual identity/evidence review; not independent human review),2026-09-26,https://www.consumerfinance.gov/enforcement/actions/planet-home-lending-llc/; caption_sha256=d34375565bf509da6989ca44d65ce8784e9ac53a9425739100bc86fd5038c7b3
enforcement,"Planet Home Lending, LLC",,E2C144F51D5CE,"PLANET HOME LENDING, LLC",nonbank_originator,54930021WPEXNHYZUL09,4889892,,,54930021WPEXNHYZUL09,2022,https://files.ffiec.cfpb.gov/static-data/snapshot/2022/2022_public_panel_csv.zip,,,manual,Codex (individual identity/evidence review; not independent human review),2026-09-26,https://www.consumerfinance.gov/enforcement/actions/planet-home-lending-llc/; caption_sha256=d34375565bf509da6989ca44d65ce8784e9ac53a9425739100bc86fd5038c7b3
enforcement,"Planet Home Lending, LLC",,E2C144F51D5CE,"PLANET HOME LENDING, LLC",nonbank_originator,54930021WPEXNHYZUL09,4889892,,,54930021WPEXNHYZUL09,2023,https://files.ffiec.cfpb.gov/static-data/snapshot/2023/2023_public_panel_csv.zip,,,manual,Codex (individual identity/evidence review; not independent human review),2026-09-26,https://www.consumerfinance.gov/enforcement/actions/planet-home-lending-llc/; caption_sha256=d34375565bf509da6989ca44d65ce8784e9ac53a9425739100bc86fd5038c7b3
enforcement,"Planet Home Lending, LLC",,E2C144F51D5CE,"PLANET HOME LENDING, LLC",nonbank_originator,54930021WPEXNHYZUL09,,,,54930021WPEXNHYZUL09,2024,https://files.ffiec.cfpb.gov/static-data/snapshot/2024/2024_public_ts_csv.zip,,,manual,Codex (individual identity/evidence review; not independent human review),2026-09-26,https://www.consumerfinance.gov/enforcement/actions/planet-home-lending-llc/; caption_sha256=d34375565bf509da6989ca44d65ce8784e9ac53a9425739100bc86fd5038c7b3
enforcement,"Planet Home Lending, LLC",,E2C144F51D5CE,"PLANET HOME LENDING, LLC",nonbank_originator,54930021WPEXNHYZUL09,,,,54930021WPEXNHYZUL09,2025,https://files.ffiec.cfpb.gov/static-data/snapshot/2025/2025_public_ts_csv.zip,,,manual,Codex (individual identity/evidence review; not independent human review),2026-09-26,https://www.consumerfinance.gov/enforcement/actions/planet-home-lending-llc/; caption_sha256=d34375565bf509da6989ca44d65ce8784e9ac53a9425739100bc86fd5038c7b3
enforcement,"Prime Choice Funding, Inc.",,E93A6F30FE45C,"Prime Choice Funding, Inc.",nonbank_originator,,,,,,,No verified reporter/bank identifier; identity only,,,manual,Codex (individual identity/evidence review; not independent human review),2026-09-26,https://www.consumerfinance.gov/enforcement/actions/prime-choice-funding-inc/; caption_sha256=418fdf83dc17471d0c1cb914e877e7c3e0deb2f4e4e6e87c1be75e7d97c28fa6
enforcement,Prospect Mortgage LLC,,ECF26FEA85CA8,Prospect Mortgage LLC,nonbank_originator,,,,,,,No verified reporter/bank identifier; identity only,,,manual,Codex (individual identity/evidence review; not independent human review),2026-09-26,https://www.consumerfinance.gov/enforcement/actions/prospect-mortgage-llc/; caption_sha256=f33f8ab2d13981b47e0086fecb81dae5bd52275929b3e5d7a5e66dbe4a948fa0
enforcement,"Provident Funding Associates, L.P.",,E922B5325334F,PROVIDENT FUNDING ASSOCIATES,nonbank_originator,54930043BMDE130FJ617,3332935,,,54930043BMDE130FJ617,2018,https://files.ffiec.cfpb.gov/static-data/snapshot/2018/2018_public_panel_csv.zip,,,manual,Codex (individual identity/evidence review; not independent human review),2026-09-26,https://www.consumerfinance.gov/enforcement/actions/provident-funding-associates-lp/; caption_sha256=36191dd2b702a0617bf2c2fef66ca99625e384c056055867e721b9184f0d3b97
enforcement,"Provident Funding Associates, L.P.",,E922B5325334F,PROVIDENT FUNDING ASSOCIATES,nonbank_originator,54930043BMDE130FJ617,3332935,,,54930043BMDE130FJ617,2019,https://files.ffiec.cfpb.gov/static-data/snapshot/2019/2019_public_panel_csv.zip,,,manual,Codex (individual identity/evidence review; not independent human review),2026-09-26,https://www.consumerfinance.gov/enforcement/actions/provident-funding-associates-lp/; caption_sha256=36191dd2b702a0617bf2c2fef66ca99625e384c056055867e721b9184f0d3b97
enforcement,"Provident Funding Associates, L.P.",,E922B5325334F,PROVIDENT FUNDING ASSOCIATES,nonbank_originator,54930043BMDE130FJ617,3332935,,,54930043BMDE130FJ617,2020,https://files.ffiec.cfpb.gov/static-data/snapshot/2020/2020_public_panel_csv.zip,,,manual,Codex (individual identity/evidence review; not independent human review),2026-09-26,https://www.consumerfinance.gov/enforcement/actions/provident-funding-associates-lp/; caption_sha256=36191dd2b702a0617bf2c2fef66ca99625e384c056055867e721b9184f0d3b97
enforcement,"Provident Funding Associates, L.P.",,E922B5325334F,PROVIDENT FUNDING ASSOCIATES,nonbank_originator,54930043BMDE130FJ617,3332935,,,54930043BMDE130FJ617,2021,https://files.ffiec.cfpb.gov/static-data/snapshot/2021/2021_public_panel_csv.zip,,,manual,Codex (individual identity/evidence review; not independent human review),2026-09-26,https://www.consumerfinance.gov/enforcement/actions/provident-funding-associates-lp/; caption_sha256=36191dd2b702a0617bf2c2fef66ca99625e384c056055867e721b9184f0d3b97
enforcement,"Provident Funding Associates, L.P.",,E922B5325334F,PROVIDENT FUNDING ASSOCIATES,nonbank_originator,54930043BMDE130FJ617,3332935,,,54930043BMDE130FJ617,2022,https://files.ffiec.cfpb.gov/static-data/snapshot/2022/2022_public_panel_csv.zip,,,manual,Codex (individual identity/evidence review; not independent human review),2026-09-26,https://www.consumerfinance.gov/enforcement/actions/provident-funding-associates-lp/; caption_sha256=36191dd2b702a0617bf2c2fef66ca99625e384c056055867e721b9184f0d3b97
enforcement,"Provident Funding Associates, L.P.",,E922B5325334F,PROVIDENT FUNDING ASSOCIATES,nonbank_originator,54930043BMDE130FJ617,3332935,,,54930043BMDE130FJ617,2023,https://files.ffiec.cfpb.gov/static-data/snapshot/2023/2023_public_panel_csv.zip,,,manual,Codex (individual identity/evidence review; not independent human review),2026-09-26,https://www.consumerfinance.gov/enforcement/actions/provident-funding-associates-lp/; caption_sha256=36191dd2b702a0617bf2c2fef66ca99625e384c056055867e721b9184f0d3b97
enforcement,"Provident Funding Associates, L.P.",,E922B5325334F,PROVIDENT FUNDING ASSOCIATES,nonbank_originator,54930043BMDE130FJ617,,,,54930043BMDE130FJ617,2024,https://files.ffiec.cfpb.gov/static-data/snapshot/2024/2024_public_ts_csv.zip,,,manual,Codex (individual identity/evidence review; not independent human review),2026-09-26,https://www.consumerfinance.gov/enforcement/actions/provident-funding-associates-lp/; caption_sha256=36191dd2b702a0617bf2c2fef66ca99625e384c056055867e721b9184f0d3b97
enforcement,"Provident Funding Associates, L.P.",,E922B5325334F,PROVIDENT FUNDING ASSOCIATES,nonbank_originator,54930043BMDE130FJ617,,,,54930043BMDE130FJ617,2025,https://files.ffiec.cfpb.gov/static-data/snapshot/2025/2025_public_ts_csv.zip,,,manual,Codex (individual identity/evidence review; not independent human review),2026-09-26,https://www.consumerfinance.gov/enforcement/actions/provident-funding-associates-lp/; caption_sha256=36191dd2b702a0617bf2c2fef66ca99625e384c056055867e721b9184f0d3b97
enforcement,R M K Financial Corporation d/b/a Majestic Home Loans,,E5791ABCB999B,RMK Financial Corporation,nonbank_originator,,,,,,,No verified reporter/bank identifier; identity only,,,manual,Codex (individual identity/evidence review; not independent human review),2026-09-26,https://www.consumerfinance.gov/enforcement/actions/rmk-financial-corporation/; caption_sha256=e48b1eaee7df477d3dbbf19fab27e9b5a95ac7e694956f4ceb13197aa3ac080f
enforcement,"R&R Marketing Group, LLC",,E0DE729501C1C,"R&R Marketing Group, LLC",other,,,,,,,No verified reporter/bank identifier; identity only,,,manual,Codex (individual identity/evidence review; not independent human review),2026-09-26,https://www.consumerfinance.gov/enforcement/actions/genuine-title-2/; caption_sha256=2d91c1dcf1a73a93c54a0d10924f7b0d55acd317f4f4858fc23f6ced55f99bd9
enforcement,"RGC Services, Inc. dba Re/Max Gold Coast Realtors",,EBEAB71D561E9,"RGC Services, Inc.",other,,,,,,,No verified reporter/bank identifier; identity only,,,manual,Codex (individual identity/evidence review; not independent human review),2026-09-26,https://www.consumerfinance.gov/enforcement/actions/rgc-services-inc-dba-remax-gold-coast-realtors/; caption_sha256=7a22b4a9abc58d0db0bddd17c88fa0dcba6239a3ad6694a3ab0a238412ccdc54
enforcement,RMK Financial Corp. d/b/a Majestic Home Loan or MHL,,E5791ABCB999B,RMK Financial Corporation,nonbank_originator,,,,,,,No verified reporter/bank identifier; identity only,,,manual,Codex (individual identity/evidence review; not independent human review),2026-09-26,https://www.consumerfinance.gov/enforcement/actions/rmk-financial-corp-majestic-home-loan-mhl/; caption_sha256=b17429c5b7bbeb832ae41670d1c36a8c63700dce0a472f240109fe3dce6349f9
enforcement,"RPM Mortgage, Inc.",,E3F8B4CE273A2,"RPM Mortgage, Inc.",nonbank_originator,,,,,,,No verified reporter/bank identifier; identity only,,,manual,Codex (individual identity/evidence review; not independent human review),2026-09-26,https://www.consumerfinance.gov/enforcement/actions/rpm-mortgage/; caption_sha256=54a5a16532b12ca329765f8e96e7207594f68ec9c6fb8c41f7e39c88f917ece6
enforcement,"Radian Guaranty, Inc.",,E26978EEB6DDB,"Radian Guaranty, Inc.",other,,,,,,,No verified reporter/bank identifier; identity only,,,manual,Codex (individual identity/evidence review; not independent human review),2026-09-26,https://www.consumerfinance.gov/enforcement/actions/radian-guaranty-inc/; caption_sha256=25f325b826f5160e44f257c3a325d34bdc0b3c0b14193571ec618f22d9e37456
enforcement,"Realty Connect USA Long Island, Inc.",,E47066C001AAA,"Realty Connect USA Long Island, Inc.",other,,,,,,,No verified reporter/bank identifier; identity only,,,manual,Codex (individual identity/evidence review; not independent human review),2026-09-26,https://www.consumerfinance.gov/enforcement/actions/realty-connect-usa-long-island-inc/; caption_sha256=2f4b335b6c61ef929f98149c90eee965b55a645fd3788777487c0a04eca8c385
enforcement,Republic Mortgage Insurance Company,,E07B08C0DD26C,Republic Mortgage Insurance Company,other,,,,,,,No verified reporter/bank identifier; identity only,,,manual,Codex (individual identity/evidence review; not independent human review),2026-09-26,https://www.consumerfinance.gov/enforcement/actions/republic-mortgage-insurance-company/; caption_sha256=a39d8a1ba8de1a8d2b2b79767831ca0bbd8890b2a1dd2fe9020e5327d7b10fe8
enforcement,"Residential Credit Solutions, Inc.",,EB78C56BDE867,"Residential Credit Solutions, Inc.",nonbank_servicer,,,,,,,No verified reporter/bank identifier; identity only,,,manual,Codex (individual identity/evidence review; not independent human review),2026-09-26,https://www.consumerfinance.gov/enforcement/actions/residential-credit-solutions/; caption_sha256=003c10a2d8cfe1e8423df9a037214ee8a6dda62e6cc8bfb192996fe13f359746
enforcement,"Reverse Mortgage Solutions, Inc. d/b/a Security 1 Lending",,E58B09E687642,"Reverse Mortgage Solutions, Inc.",nonbank_servicer,,,,,,,No verified reporter/bank identifier; identity only,,,manual,Codex (individual identity/evidence review; not independent human review),2026-09-26,https://www.consumerfinance.gov/enforcement/actions/reverse-mortgage-solutions-inc-db-security-1-lending/; caption_sha256=c5da06817d1e26164bd6c454c6274552b49ca8c00f40c829aac68adc4c6740b7
enforcement,"Rocket Homes Real Estate LLC, dba Rocket Homes",,EB6260FD92B8C,"Rocket Homes Real Estate LLC,",other,,,,,,,No verified reporter/bank identifier; identity only,,,manual,Codex (individual identity/evidence review; not independent human review),2026-09-26,https://www.consumerfinance.gov/enforcement/actions/rocket-homes-real-estate-llc-et-al/; caption_sha256=09f6e27c4bb9906b2625dbf154e5e986ea6a48cd3667be3e67fad492dd7b2fb2
enforcement,"Service 1st Mortgage, Inc.",,EE2F0598285D6,"Service 1st Mortgage, Inc.",nonbank_originator,,,,,,,No verified reporter/bank identifier; identity only,,,manual,Codex (individual identity/evidence review; not independent human review),2026-09-26,https://www.consumerfinance.gov/enforcement/actions/service-1st-mortgage-inc/; caption_sha256=a2f2ef287bc156b1e57f49c43450cb988dbf0e1cce40ee72fbba8d52f765db22
enforcement,"Servis One, Inc., d/b/a BSI Financial Services",,ED9E334BCFE15,"BSI Financial Holdings, Inc.",nonbank_servicer,,,,,,,No verified reporter/bank identifier; identity only,,,manual,Codex (individual identity/evidence review; not independent human review),2026-09-26,https://www.consumerfinance.gov/enforcement/actions/servis-one-inc-db-bsi-financial-services/; caption_sha256=045a5189b546d1ecb3f8175fae6c5419ed7462081747bfce48e083c36fdd7349
enforcement,"Seterus, Inc.",,E073BF657F5B1,"Seterus, Inc.",nonbank_servicer,,,,,,,No verified reporter/bank identifier; identity only,,,manual,Codex (individual identity/evidence review; not independent human review),2026-09-26,https://www.consumerfinance.gov/enforcement/actions/seterus-inc/; caption_sha256=3f484dd906b3d764994b577157be8c96181ddded9a12affc7efe054424964c1a
enforcement,"Sovereign Lending Group, Inc.",,E925FE6047BD0,"Sovereign Lending Group, Inc.",nonbank_originator,,,,,,,No verified reporter/bank identifier; identity only,,,manual,Codex (individual identity/evidence review; not independent human review),2026-09-26,https://www.consumerfinance.gov/enforcement/actions/sovereign-lending-group-inc/; caption_sha256=a99852df532e627558a0fa020c7a4e277c8b0a366f3e208790f674d7ecbbc0eb
enforcement,"Specialized Loan Servicing, LLC",,EFB32B9881EC7,Specialized Loan Servicing Holdings LLC,nonbank_servicer,549300QSUEE20YO86W39,,,,549300QSUEE20YO86W39,2020,https://files.ffiec.cfpb.gov/static-data/snapshot/2020/2020_public_panel_csv.zip,,,manual,Codex (individual identity/evidence review; not independent human review),2026-09-26,https://www.consumerfinance.gov/enforcement/actions/specialized-loan-servicing-llc/; caption_sha256=b626e2c0fa17ff9b540827a3a8b690f92ed9f9095b7e074df40e40e4266002c9
enforcement,"Specialized Loan Servicing, LLC",,EFB32B9881EC7,Specialized Loan Servicing Holdings LLC,nonbank_servicer,549300QSUEE20YO86W39,,,,549300QSUEE20YO86W39,2021,https://files.ffiec.cfpb.gov/static-data/snapshot/2021/2021_public_panel_csv.zip,,,manual,Codex (individual identity/evidence review; not independent human review),2026-09-26,https://www.consumerfinance.gov/enforcement/actions/specialized-loan-servicing-llc/; caption_sha256=b626e2c0fa17ff9b540827a3a8b690f92ed9f9095b7e074df40e40e4266002c9
enforcement,"Specialized Loan Servicing, LLC",,EFB32B9881EC7,Specialized Loan Servicing Holdings LLC,nonbank_servicer,549300QSUEE20YO86W39,,,,549300QSUEE20YO86W39,2022,https://files.ffiec.cfpb.gov/static-data/snapshot/2022/2022_public_panel_csv.zip,,,manual,Codex (individual identity/evidence review; not independent human review),2026-09-26,https://www.consumerfinance.gov/enforcement/actions/specialized-loan-servicing-llc/; caption_sha256=b626e2c0fa17ff9b540827a3a8b690f92ed9f9095b7e074df40e40e4266002c9
enforcement,"Specialized Loan Servicing, LLC",,EFB32B9881EC7,Specialized Loan Servicing Holdings LLC,nonbank_servicer,549300QSUEE20YO86W39,,,,549300QSUEE20YO86W39,2023,https://files.ffiec.cfpb.gov/static-data/snapshot/2023/2023_public_panel_csv.zip,,,manual,Codex (individual identity/evidence review; not independent human review),2026-09-26,https://www.consumerfinance.gov/enforcement/actions/specialized-loan-servicing-llc/; caption_sha256=b626e2c0fa17ff9b540827a3a8b690f92ed9f9095b7e074df40e40e4266002c9
enforcement,"Stonebridge Title Services, Inc.",,EC82F30815169,"Stonebridge Title Services, Inc.",other,,,,,,,No verified reporter/bank identifier; identity only,,,manual,Codex (individual identity/evidence review; not independent human review),2026-09-26,https://www.consumerfinance.gov/enforcement/actions/stonebridge-title-services/; caption_sha256=7dee3773532e7c80d8e54c187384bf562ec1bfc416010ff3655ee695a16e3c01
enforcement,"SunTrust Mortgage, Inc.",,EC6053E325B69,SUNTRUST BANKS INC,bank,7E1PDLW1JL6TS0BS1G03,675332,1131787,867,7E1PDLW1JL6TS0BS1G03,2018,https://files.ffiec.cfpb.gov/static-data/snapshot/2018/2018_public_panel_csv.zip,,,manual,Codex (individual identity/evidence review; not independent human review),2026-09-26,https://www.consumerfinance.gov/enforcement/actions/suntrust-mortgage-inc/; caption_sha256=1707b660ff6110e5bdf725be2ecb624de7e4c6b0c7640a083d1078daf558efb1
enforcement,"SunTrust Mortgage, Inc.",,EC6053E325B69,SUNTRUST BANKS INC,bank,7E1PDLW1JL6TS0BS1G03,675332,1131787,867,7E1PDLW1JL6TS0BS1G03,2019,https://files.ffiec.cfpb.gov/static-data/snapshot/2019/2019_public_panel_csv.zip,,,manual,Codex (individual identity/evidence review; not independent human review),2026-09-26,https://www.consumerfinance.gov/enforcement/actions/suntrust-mortgage-inc/; caption_sha256=1707b660ff6110e5bdf725be2ecb624de7e4c6b0c7640a083d1078daf558efb1
enforcement,"SunTrust Mortgage, Inc.",,EC6053E325B69,SUNTRUST BANKS INC,bank,,675332,1131787,867,,2026,https://api.fdic.gov/banks/institutions,,,manual,Codex (individual identity/evidence review; not independent human review),2026-09-26,https://www.consumerfinance.gov/enforcement/actions/suntrust-mortgage-inc/; caption_sha256=1707b660ff6110e5bdf725be2ecb624de7e4c6b0c7640a083d1078daf558efb1
enforcement,"Sutherland Global Services, Inc.",,EB4C498D5A270,"Sutherland Global Services, Inc.",nonbank_servicer,,,,,,,No verified reporter/bank identifier; identity only,,,manual,Codex (individual identity/evidence review; not independent human review),2026-09-26,https://www.consumerfinance.gov/enforcement/actions/sutherland-global-services-inc/; caption_sha256=cdcdfb0fd507db01222fd5a6ad334ea5a29842550904435c9fbdfbd7d2573b2a
enforcement,"Sutherland Government Solutions, Inc.",,E3E54E1C25EA0,"Sutherland Government Solutions, Inc.",nonbank_servicer,,,,,,,No verified reporter/bank identifier; identity only,,,manual,Codex (individual identity/evidence review; not independent human review),2026-09-26,https://www.consumerfinance.gov/enforcement/actions/sutherland-global-services-inc/; caption_sha256=cdcdfb0fd507db01222fd5a6ad334ea5a29842550904435c9fbdfbd7d2573b2a
enforcement,"Sutherland Mortgage Services, Inc.",,E1A34103731B4,"Sutherland Mortgage Services, Inc.",nonbank_servicer,,,,,,,No verified reporter/bank identifier; identity only,,,manual,Codex (individual identity/evidence review; not independent human review),2026-09-26,https://www.consumerfinance.gov/enforcement/actions/sutherland-global-services-inc/; caption_sha256=cdcdfb0fd507db01222fd5a6ad334ea5a29842550904435c9fbdfbd7d2573b2a
enforcement,"The Mortgage Law Group, LLP d/b/a The Law Firm of Macey, Aleman & Searns",,EABAE9AD55E75,"The Mortgage Law Group, LLP",other,,,,,,,No verified reporter/bank identifier; identity only,,,manual,Codex (individual identity/evidence review; not independent human review),2026-09-26,https://www.consumerfinance.gov/enforcement/actions/the-mortgage-law-group-llp-et-al/; caption_sha256=fd9a9469c7d798e6d9bfdb6be3afc5b5715735b64ddbcb208af324faa869d8fe
enforcement,"TitleSouth, LLC",,E671E243B2434,"TitleSouth, LLC",other,,,,,,,No verified reporter/bank identifier; identity only,,,manual,Codex (individual identity/evidence review; not independent human review),2026-09-26,https://www.consumerfinance.gov/enforcement/actions/jrhbw-realty-inc-dba-realtysouth-titlesouth-llc/; caption_sha256=acb77c6019b7cf1df9212632a251aead689b3ba284bdd04bd5207cd79fd51ed9
enforcement,"Townstone Financial, Inc.",,EE321BC6F8F25,"Townstone Financial, Inc.",nonbank_originator,,,,,,,No verified reporter/bank identifier; identity only,,,manual,Codex (individual identity/evidence review; not independent human review),2026-09-26,https://www.consumerfinance.gov/enforcement/actions/townstone-financial-inc-and-barry-sturner/; caption_sha256=3f53b914f4bc91fe1f2d52047ee9cb9f4db6a69a5635b66c5a998e3bf3f0a43c
enforcement,"Trident Mortgage Company, LP",,E38C5DEF756B4,"Trident Mortgage Company, LP",nonbank_originator,,,,,,,No verified reporter/bank identifier; identity only,,,manual,Codex (individual identity/evidence review; not independent human review),2026-09-26,https://www.consumerfinance.gov/enforcement/actions/trident-mortgage-company-lp/; caption_sha256=4bd358d4b141bfa07411a32a3c1e10558e7d8aac4dc81eedf6059ce64bd46056
enforcement,Trustmark National Bank,,E1F64F22C9C13,TRUSTMARK CORP,bank,01J4SO3XTWZF4PP38209,342634,1079562,4988,01J4SO3XTWZF4PP38209,2018,https://files.ffiec.cfpb.gov/static-data/snapshot/2018/2018_public_panel_csv.zip,,,manual,Codex (individual identity/evidence review; not independent human review),2026-09-26,https://www.consumerfinance.gov/enforcement/actions/trustmark-national-bank/; caption_sha256=e8f72668bf78a40fc6722351d05256ecebe0569f253e6746f2876f82d4ebd41d
enforcement,Trustmark National Bank,,E1F64F22C9C13,TRUSTMARK CORP,bank,01J4SO3XTWZF4PP38209,342634,1079562,4988,01J4SO3XTWZF4PP38209,2019,https://files.ffiec.cfpb.gov/static-data/snapshot/2019/2019_public_panel_csv.zip,,,manual,Codex (individual identity/evidence review; not independent human review),2026-09-26,https://www.consumerfinance.gov/enforcement/actions/trustmark-national-bank/; caption_sha256=e8f72668bf78a40fc6722351d05256ecebe0569f253e6746f2876f82d4ebd41d
enforcement,Trustmark National Bank,,E1F64F22C9C13,TRUSTMARK CORP,bank,01J4SO3XTWZF4PP38209,342634,1079562,4988,01J4SO3XTWZF4PP38209,2020,https://files.ffiec.cfpb.gov/static-data/snapshot/2020/2020_public_panel_csv.zip,,,manual,Codex (individual identity/evidence review; not independent human review),2026-09-26,https://www.consumerfinance.gov/enforcement/actions/trustmark-national-bank/; caption_sha256=e8f72668bf78a40fc6722351d05256ecebe0569f253e6746f2876f82d4ebd41d
enforcement,Trustmark National Bank,,E1F64F22C9C13,TRUSTMARK CORP,bank,01J4SO3XTWZF4PP38209,342634,1079562,4988,01J4SO3XTWZF4PP38209,2021,https://files.ffiec.cfpb.gov/static-data/snapshot/2021/2021_public_panel_csv.zip,,,manual,Codex (individual identity/evidence review; not independent human review),2026-09-26,https://www.consumerfinance.gov/enforcement/actions/trustmark-national-bank/; caption_sha256=e8f72668bf78a40fc6722351d05256ecebe0569f253e6746f2876f82d4ebd41d
enforcement,Trustmark National Bank,,E1F64F22C9C13,TRUSTMARK CORP,bank,01J4SO3XTWZF4PP38209,342634,1079562,4988,01J4SO3XTWZF4PP38209,2022,https://files.ffiec.cfpb.gov/static-data/snapshot/2022/2022_public_panel_csv.zip,,,manual,Codex (individual identity/evidence review; not independent human review),2026-09-26,https://www.consumerfinance.gov/enforcement/actions/trustmark-national-bank/; caption_sha256=e8f72668bf78a40fc6722351d05256ecebe0569f253e6746f2876f82d4ebd41d
enforcement,Trustmark National Bank,,E1F64F22C9C13,TRUSTMARK CORP,bank,01J4SO3XTWZF4PP38209,342634,1079562,4988,01J4SO3XTWZF4PP38209,2023,https://files.ffiec.cfpb.gov/static-data/snapshot/2023/2023_public_panel_csv.zip,,,manual,Codex (individual identity/evidence review; not independent human review),2026-09-26,https://www.consumerfinance.gov/enforcement/actions/trustmark-national-bank/; caption_sha256=e8f72668bf78a40fc6722351d05256ecebe0569f253e6746f2876f82d4ebd41d
enforcement,Trustmark National Bank,,E1F64F22C9C13,TRUSTMARK CORP,bank,01J4SO3XTWZF4PP38209,,1079562,,01J4SO3XTWZF4PP38209,2024,https://files.ffiec.cfpb.gov/static-data/snapshot/2024/2024_public_ts_csv.zip,,,manual,Codex (individual identity/evidence review; not independent human review),2026-09-26,https://www.consumerfinance.gov/enforcement/actions/trustmark-national-bank/; caption_sha256=e8f72668bf78a40fc6722351d05256ecebe0569f253e6746f2876f82d4ebd41d
enforcement,Trustmark National Bank,,E1F64F22C9C13,TRUSTMARK CORP,bank,01J4SO3XTWZF4PP38209,,1079562,,01J4SO3XTWZF4PP38209,2025,https://files.ffiec.cfpb.gov/static-data/snapshot/2025/2025_public_ts_csv.zip,,,manual,Codex (individual identity/evidence review; not independent human review),2026-09-26,https://www.consumerfinance.gov/enforcement/actions/trustmark-national-bank/; caption_sha256=e8f72668bf78a40fc6722351d05256ecebe0569f253e6746f2876f82d4ebd41d
enforcement,Trustmark National Bank,,E1F64F22C9C13,TRUSTMARK CORP,bank,,342634,1079562,4988,,2026,https://api.fdic.gov/banks/institutions,,,manual,Codex (individual identity/evidence review; not independent human review),2026-09-26,https://www.consumerfinance.gov/enforcement/actions/trustmark-national-bank/; caption_sha256=e8f72668bf78a40fc6722351d05256ecebe0569f253e6746f2876f82d4ebd41d
enforcement,United Guaranty Corporation,,E50B1071F4B3F,United Guaranty Corporation,other,,,,,,,No verified reporter/bank identifier; identity only,,,manual,Codex (individual identity/evidence review; not independent human review),2026-09-26,https://www.consumerfinance.gov/enforcement/actions/united-guaranty-corporation/; caption_sha256=dcc9ce5ec2f95134f4e66479215d7d28619f8468bcded471db2756466d4f397e
enforcement,"Vanderbilt Mortgage & Finance, Inc.",,E91A0E7620550,"VANDERBILT MORTGAGE & FINANCE, INC",nonbank_originator,5493000YNV8IX4VD3X12,1936928,,,5493000YNV8IX4VD3X12,2018,https://files.ffiec.cfpb.gov/static-data/snapshot/2018/2018_public_panel_csv.zip,,,manual,Codex (individual identity/evidence review; not independent human review),2026-09-26,https://www.consumerfinance.gov/enforcement/actions/vanderbilt-mortgage-finance-inc/; caption_sha256=385b672c6a2425cbae299c662d854b64ab8c8ef8a309b22b2d9b47aec0e20b9c
enforcement,"Vanderbilt Mortgage & Finance, Inc.",,E91A0E7620550,"VANDERBILT MORTGAGE & FINANCE, INC",nonbank_originator,5493000YNV8IX4VD3X12,1936928,,,5493000YNV8IX4VD3X12,2019,https://files.ffiec.cfpb.gov/static-data/snapshot/2019/2019_public_panel_csv.zip,,,manual,Codex (individual identity/evidence review; not independent human review),2026-09-26,https://www.consumerfinance.gov/enforcement/actions/vanderbilt-mortgage-finance-inc/; caption_sha256=385b672c6a2425cbae299c662d854b64ab8c8ef8a309b22b2d9b47aec0e20b9c
enforcement,"Vanderbilt Mortgage & Finance, Inc.",,E91A0E7620550,"VANDERBILT MORTGAGE & FINANCE, INC",nonbank_originator,5493000YNV8IX4VD3X12,1936928,,,5493000YNV8IX4VD3X12,2020,https://files.ffiec.cfpb.gov/static-data/snapshot/2020/2020_public_panel_csv.zip,,,manual,Codex (individual identity/evidence review; not independent human review),2026-09-26,https://www.consumerfinance.gov/enforcement/actions/vanderbilt-mortgage-finance-inc/; caption_sha256=385b672c6a2425cbae299c662d854b64ab8c8ef8a309b22b2d9b47aec0e20b9c
enforcement,"Vanderbilt Mortgage & Finance, Inc.",,E91A0E7620550,"VANDERBILT MORTGAGE & FINANCE, INC",nonbank_originator,5493000YNV8IX4VD3X12,1936928,,,5493000YNV8IX4VD3X12,2021,https://files.ffiec.cfpb.gov/static-data/snapshot/2021/2021_public_panel_csv.zip,,,manual,Codex (individual identity/evidence review; not independent human review),2026-09-26,https://www.consumerfinance.gov/enforcement/actions/vanderbilt-mortgage-finance-inc/; caption_sha256=385b672c6a2425cbae299c662d854b64ab8c8ef8a309b22b2d9b47aec0e20b9c
enforcement,"Vanderbilt Mortgage & Finance, Inc.",,E91A0E7620550,"VANDERBILT MORTGAGE & FINANCE, INC",nonbank_originator,5493000YNV8IX4VD3X12,1936928,,,5493000YNV8IX4VD3X12,2022,https://files.ffiec.cfpb.gov/static-data/snapshot/2022/2022_public_panel_csv.zip,,,manual,Codex (individual identity/evidence review; not independent human review),2026-09-26,https://www.consumerfinance.gov/enforcement/actions/vanderbilt-mortgage-finance-inc/; caption_sha256=385b672c6a2425cbae299c662d854b64ab8c8ef8a309b22b2d9b47aec0e20b9c
enforcement,"Vanderbilt Mortgage & Finance, Inc.",,E91A0E7620550,"VANDERBILT MORTGAGE & FINANCE, INC",nonbank_originator,5493000YNV8IX4VD3X12,1936928,,,5493000YNV8IX4VD3X12,2023,https://files.ffiec.cfpb.gov/static-data/snapshot/2023/2023_public_panel_csv.zip,,,manual,Codex (individual identity/evidence review; not independent human review),2026-09-26,https://www.consumerfinance.gov/enforcement/actions/vanderbilt-mortgage-finance-inc/; caption_sha256=385b672c6a2425cbae299c662d854b64ab8c8ef8a309b22b2d9b47aec0e20b9c
enforcement,"Vanderbilt Mortgage & Finance, Inc.",,E91A0E7620550,"VANDERBILT MORTGAGE & FINANCE, INC",nonbank_originator,5493000YNV8IX4VD3X12,,,,5493000YNV8IX4VD3X12,2024,https://files.ffiec.cfpb.gov/static-data/snapshot/2024/2024_public_ts_csv.zip,,,manual,Codex (individual identity/evidence review; not independent human review),2026-09-26,https://www.consumerfinance.gov/enforcement/actions/vanderbilt-mortgage-finance-inc/; caption_sha256=385b672c6a2425cbae299c662d854b64ab8c8ef8a309b22b2d9b47aec0e20b9c
enforcement,"Vanderbilt Mortgage & Finance, Inc.",,E91A0E7620550,"VANDERBILT MORTGAGE & FINANCE, INC",nonbank_originator,5493000YNV8IX4VD3X12,,,,5493000YNV8IX4VD3X12,2025,https://files.ffiec.cfpb.gov/static-data/snapshot/2025/2025_public_ts_csv.zip,,,manual,Codex (individual identity/evidence review; not independent human review),2026-09-26,https://www.consumerfinance.gov/enforcement/actions/vanderbilt-mortgage-finance-inc/; caption_sha256=385b672c6a2425cbae299c662d854b64ab8c8ef8a309b22b2d9b47aec0e20b9c
enforcement,"Village Capital and Investment, LLC",,E299C7B39C453,Village Capital & Investment LLC,nonbank_originator,549300VCMRO4ST680C11,3871528,,,549300VCMRO4ST680C11,2018,https://files.ffiec.cfpb.gov/static-data/snapshot/2018/2018_public_panel_csv.zip,,,manual,Codex (individual identity/evidence review; not independent human review),2026-09-26,https://www.consumerfinance.gov/enforcement/actions/village-capital-and-investment-llc/; caption_sha256=9c77ed16274d431eeb7426225381f962b321507d7b1bbbee0f79cb6868d25c3f
enforcement,"Village Capital and Investment, LLC",,E299C7B39C453,Village Capital & Investment LLC,nonbank_originator,549300VCMRO4ST680C11,3871528,,,549300VCMRO4ST680C11,2019,https://files.ffiec.cfpb.gov/static-data/snapshot/2019/2019_public_panel_csv.zip,,,manual,Codex (individual identity/evidence review; not independent human review),2026-09-26,https://www.consumerfinance.gov/enforcement/actions/village-capital-and-investment-llc/; caption_sha256=9c77ed16274d431eeb7426225381f962b321507d7b1bbbee0f79cb6868d25c3f
enforcement,"Village Capital and Investment, LLC",,E299C7B39C453,Village Capital & Investment LLC,nonbank_originator,549300VCMRO4ST680C11,3871528,,,549300VCMRO4ST680C11,2020,https://files.ffiec.cfpb.gov/static-data/snapshot/2020/2020_public_panel_csv.zip,,,manual,Codex (individual identity/evidence review; not independent human review),2026-09-26,https://www.consumerfinance.gov/enforcement/actions/village-capital-and-investment-llc/; caption_sha256=9c77ed16274d431eeb7426225381f962b321507d7b1bbbee0f79cb6868d25c3f
enforcement,"Village Capital and Investment, LLC",,E299C7B39C453,Village Capital & Investment LLC,nonbank_originator,549300VCMRO4ST680C11,3871528,,,549300VCMRO4ST680C11,2021,https://files.ffiec.cfpb.gov/static-data/snapshot/2021/2021_public_panel_csv.zip,,,manual,Codex (individual identity/evidence review; not independent human review),2026-09-26,https://www.consumerfinance.gov/enforcement/actions/village-capital-and-investment-llc/; caption_sha256=9c77ed16274d431eeb7426225381f962b321507d7b1bbbee0f79cb6868d25c3f
enforcement,"Village Capital and Investment, LLC",,E299C7B39C453,Village Capital & Investment LLC,nonbank_originator,549300VCMRO4ST680C11,3871528,,,549300VCMRO4ST680C11,2022,https://files.ffiec.cfpb.gov/static-data/snapshot/2022/2022_public_panel_csv.zip,,,manual,Codex (individual identity/evidence review; not independent human review),2026-09-26,https://www.consumerfinance.gov/enforcement/actions/village-capital-and-investment-llc/; caption_sha256=9c77ed16274d431eeb7426225381f962b321507d7b1bbbee0f79cb6868d25c3f
enforcement,"Village Capital and Investment, LLC",,E299C7B39C453,Village Capital & Investment LLC,nonbank_originator,549300VCMRO4ST680C11,3871528,,,549300VCMRO4ST680C11,2023,https://files.ffiec.cfpb.gov/static-data/snapshot/2023/2023_public_panel_csv.zip,,,manual,Codex (individual identity/evidence review; not independent human review),2026-09-26,https://www.consumerfinance.gov/enforcement/actions/village-capital-and-investment-llc/; caption_sha256=9c77ed16274d431eeb7426225381f962b321507d7b1bbbee0f79cb6868d25c3f
enforcement,"Village Capital and Investment, LLC",,E299C7B39C453,Village Capital & Investment LLC,nonbank_originator,549300VCMRO4ST680C11,,,,549300VCMRO4ST680C11,2024,https://files.ffiec.cfpb.gov/static-data/snapshot/2024/2024_public_ts_csv.zip,,,manual,Codex (individual identity/evidence review; not independent human review),2026-09-26,https://www.consumerfinance.gov/enforcement/actions/village-capital-and-investment-llc/; caption_sha256=9c77ed16274d431eeb7426225381f962b321507d7b1bbbee0f79cb6868d25c3f
enforcement,"Village Capital and Investment, LLC",,E299C7B39C453,Village Capital & Investment LLC,nonbank_originator,549300VCMRO4ST680C11,,,,549300VCMRO4ST680C11,2025,https://files.ffiec.cfpb.gov/static-data/snapshot/2025/2025_public_ts_csv.zip,,,manual,Codex (individual identity/evidence review; not independent human review),2026-09-26,https://www.consumerfinance.gov/enforcement/actions/village-capital-and-investment-llc/; caption_sha256=9c77ed16274d431eeb7426225381f962b321507d7b1bbbee0f79cb6868d25c3f
enforcement,Washington Federal,,ED7D34A644FA7,WAFD INC,bank,D38AC76TAMYI50NBPX33,656377,3065617,28088,D38AC76TAMYI50NBPX33,2018,https://files.ffiec.cfpb.gov/static-data/snapshot/2018/2018_public_panel_csv.zip,,,manual,Codex (individual identity/evidence review; not independent human review),2026-09-26,https://www.consumerfinance.gov/enforcement/actions/washington-federal/; caption_sha256=7a50f3d59c2d7e9a77ddb77da8373e5801e0af02142ee4c4a995ae70c3eb4644
enforcement,Washington Federal,,ED7D34A644FA7,WAFD INC,bank,D38AC76TAMYI50NBPX33,656377,3065617,28088,D38AC76TAMYI50NBPX33,2019,https://files.ffiec.cfpb.gov/static-data/snapshot/2019/2019_public_panel_csv.zip,,,manual,Codex (individual identity/evidence review; not independent human review),2026-09-26,https://www.consumerfinance.gov/enforcement/actions/washington-federal/; caption_sha256=7a50f3d59c2d7e9a77ddb77da8373e5801e0af02142ee4c4a995ae70c3eb4644
enforcement,Washington Federal,,ED7D34A644FA7,WAFD INC,bank,D38AC76TAMYI50NBPX33,656377,3065617,28088,D38AC76TAMYI50NBPX33,2020,https://files.ffiec.cfpb.gov/static-data/snapshot/2020/2020_public_panel_csv.zip,,,manual,Codex (individual identity/evidence review; not independent human review),2026-09-26,https://www.consumerfinance.gov/enforcement/actions/washington-federal/; caption_sha256=7a50f3d59c2d7e9a77ddb77da8373e5801e0af02142ee4c4a995ae70c3eb4644
enforcement,Washington Federal,,ED7D34A644FA7,WAFD INC,bank,D38AC76TAMYI50NBPX33,656377,3065617,28088,D38AC76TAMYI50NBPX33,2021,https://files.ffiec.cfpb.gov/static-data/snapshot/2021/2021_public_panel_csv.zip,,,manual,Codex (individual identity/evidence review; not independent human review),2026-09-26,https://www.consumerfinance.gov/enforcement/actions/washington-federal/; caption_sha256=7a50f3d59c2d7e9a77ddb77da8373e5801e0af02142ee4c4a995ae70c3eb4644
enforcement,Washington Federal,,ED7D34A644FA7,WAFD INC,bank,D38AC76TAMYI50NBPX33,656377,3065617,28088,D38AC76TAMYI50NBPX33,2022,https://files.ffiec.cfpb.gov/static-data/snapshot/2022/2022_public_panel_csv.zip,,,manual,Codex (individual identity/evidence review; not independent human review),2026-09-26,https://www.consumerfinance.gov/enforcement/actions/washington-federal/; caption_sha256=7a50f3d59c2d7e9a77ddb77da8373e5801e0af02142ee4c4a995ae70c3eb4644
enforcement,Washington Federal,,ED7D34A644FA7,WAFD INC,bank,D38AC76TAMYI50NBPX33,656377,3065617,28088,D38AC76TAMYI50NBPX33,2023,https://files.ffiec.cfpb.gov/static-data/snapshot/2023/2023_public_panel_csv.zip,,,manual,Codex (individual identity/evidence review; not independent human review),2026-09-26,https://www.consumerfinance.gov/enforcement/actions/washington-federal/; caption_sha256=7a50f3d59c2d7e9a77ddb77da8373e5801e0af02142ee4c4a995ae70c3eb4644
enforcement,Washington Federal,,ED7D34A644FA7,WAFD INC,bank,D38AC76TAMYI50NBPX33,,3065617,,D38AC76TAMYI50NBPX33,2024,https://files.ffiec.cfpb.gov/static-data/snapshot/2024/2024_public_ts_csv.zip,,,manual,Codex (individual identity/evidence review; not independent human review),2026-09-26,https://www.consumerfinance.gov/enforcement/actions/washington-federal/; caption_sha256=7a50f3d59c2d7e9a77ddb77da8373e5801e0af02142ee4c4a995ae70c3eb4644
enforcement,Washington Federal,,ED7D34A644FA7,WAFD INC,bank,D38AC76TAMYI50NBPX33,,3065617,,D38AC76TAMYI50NBPX33,2025,https://files.ffiec.cfpb.gov/static-data/snapshot/2025/2025_public_ts_csv.zip,,,manual,Codex (individual identity/evidence review; not independent human review),2026-09-26,https://www.consumerfinance.gov/enforcement/actions/washington-federal/; caption_sha256=7a50f3d59c2d7e9a77ddb77da8373e5801e0af02142ee4c4a995ae70c3eb4644
enforcement,Washington Federal,,ED7D34A644FA7,WAFD INC,bank,,656377,3065617,28088,,2026,https://api.fdic.gov/banks/institutions,,,manual,Codex (individual identity/evidence review; not independent human review),2026-09-26,https://www.consumerfinance.gov/enforcement/actions/washington-federal/; caption_sha256=7a50f3d59c2d7e9a77ddb77da8373e5801e0af02142ee4c4a995ae70c3eb4644
enforcement,"Washington Federal Bank, N.A.",,ED7D34A644FA7,WAFD INC,bank,D38AC76TAMYI50NBPX33,656377,3065617,28088,D38AC76TAMYI50NBPX33,2018,https://files.ffiec.cfpb.gov/static-data/snapshot/2018/2018_public_panel_csv.zip,,,manual,Codex (individual identity/evidence review; not independent human review),2026-09-26,https://www.consumerfinance.gov/enforcement/actions/washington-federal-na/; caption_sha256=c8e35028492c07cdcaa06daee52d4e9ff2553ac36b33cfb4d09c1dcd29545278
enforcement,"Washington Federal Bank, N.A.",,ED7D34A644FA7,WAFD INC,bank,D38AC76TAMYI50NBPX33,656377,3065617,28088,D38AC76TAMYI50NBPX33,2019,https://files.ffiec.cfpb.gov/static-data/snapshot/2019/2019_public_panel_csv.zip,,,manual,Codex (individual identity/evidence review; not independent human review),2026-09-26,https://www.consumerfinance.gov/enforcement/actions/washington-federal-na/; caption_sha256=c8e35028492c07cdcaa06daee52d4e9ff2553ac36b33cfb4d09c1dcd29545278
enforcement,"Washington Federal Bank, N.A.",,ED7D34A644FA7,WAFD INC,bank,D38AC76TAMYI50NBPX33,656377,3065617,28088,D38AC76TAMYI50NBPX33,2020,https://files.ffiec.cfpb.gov/static-data/snapshot/2020/2020_public_panel_csv.zip,,,manual,Codex (individual identity/evidence review; not independent human review),2026-09-26,https://www.consumerfinance.gov/enforcement/actions/washington-federal-na/; caption_sha256=c8e35028492c07cdcaa06daee52d4e9ff2553ac36b33cfb4d09c1dcd29545278
enforcement,"Washington Federal Bank, N.A.",,ED7D34A644FA7,WAFD INC,bank,D38AC76TAMYI50NBPX33,656377,3065617,28088,D38AC76TAMYI50NBPX33,2021,https://files.ffiec.cfpb.gov/static-data/snapshot/2021/2021_public_panel_csv.zip,,,manual,Codex (individual identity/evidence review; not independent human review),2026-09-26,https://www.consumerfinance.gov/enforcement/actions/washington-federal-na/; caption_sha256=c8e35028492c07cdcaa06daee52d4e9ff2553ac36b33cfb4d09c1dcd29545278
enforcement,"Washington Federal Bank, N.A.",,ED7D34A644FA7,WAFD INC,bank,D38AC76TAMYI50NBPX33,656377,3065617,28088,D38AC76TAMYI50NBPX33,2022,https://files.ffiec.cfpb.gov/static-data/snapshot/2022/2022_public_panel_csv.zip,,,manual,Codex (individual identity/evidence review; not independent human review),2026-09-26,https://www.consumerfinance.gov/enforcement/actions/washington-federal-na/; caption_sha256=c8e35028492c07cdcaa06daee52d4e9ff2553ac36b33cfb4d09c1dcd29545278
enforcement,"Washington Federal Bank, N.A.",,ED7D34A644FA7,WAFD INC,bank,D38AC76TAMYI50NBPX33,656377,3065617,28088,D38AC76TAMYI50NBPX33,2023,https://files.ffiec.cfpb.gov/static-data/snapshot/2023/2023_public_panel_csv.zip,,,manual,Codex (individual identity/evidence review; not independent human review),2026-09-26,https://www.consumerfinance.gov/enforcement/actions/washington-federal-na/; caption_sha256=c8e35028492c07cdcaa06daee52d4e9ff2553ac36b33cfb4d09c1dcd29545278
enforcement,"Washington Federal Bank, N.A.",,ED7D34A644FA7,WAFD INC,bank,D38AC76TAMYI50NBPX33,,3065617,,D38AC76TAMYI50NBPX33,2024,https://files.ffiec.cfpb.gov/static-data/snapshot/2024/2024_public_ts_csv.zip,,,manual,Codex (individual identity/evidence review; not independent human review),2026-09-26,https://www.consumerfinance.gov/enforcement/actions/washington-federal-na/; caption_sha256=c8e35028492c07cdcaa06daee52d4e9ff2553ac36b33cfb4d09c1dcd29545278
enforcement,"Washington Federal Bank, N.A.",,ED7D34A644FA7,WAFD INC,bank,D38AC76TAMYI50NBPX33,,3065617,,D38AC76TAMYI50NBPX33,2025,https://files.ffiec.cfpb.gov/static-data/snapshot/2025/2025_public_ts_csv.zip,,,manual,Codex (individual identity/evidence review; not independent human review),2026-09-26,https://www.consumerfinance.gov/enforcement/actions/washington-federal-na/; caption_sha256=c8e35028492c07cdcaa06daee52d4e9ff2553ac36b33cfb4d09c1dcd29545278
enforcement,"Washington Federal Bank, N.A.",,ED7D34A644FA7,WAFD INC,bank,,656377,3065617,28088,,2026,https://api.fdic.gov/banks/institutions,,,manual,Codex (individual identity/evidence review; not independent human review),2026-09-26,https://www.consumerfinance.gov/enforcement/actions/washington-federal-na/; caption_sha256=c8e35028492c07cdcaa06daee52d4e9ff2553ac36b33cfb4d09c1dcd29545278
enforcement,"Wells Fargo Bank, N.A.",,EEEC3CB5858E0,WELLS FARGO&COMPANY,bank,KB1H1DSPRFMYMCUFXT09,451965,1120754,3511,KB1H1DSPRFMYMCUFXT09,2018,https://files.ffiec.cfpb.gov/static-data/snapshot/2018/2018_public_panel_csv.zip,,,manual,Codex (individual identity/evidence review; not independent human review),2026-09-26,https://www.consumerfinance.gov/enforcement/actions/wells-fargo-bank-na-2018/; caption_sha256=1c96269e2abed1366ba9ccd0c184c0612c0dd0c1b33fcab19172bf3318787115 | https://www.consumerfinance.gov/enforcement/actions/genuine-title-wells-fargo/; caption_sha256=1c96269e2abed1366ba9ccd0c184c0612c0dd0c1b33fcab19172bf3318787115 | https://www.consumerfinance.gov/enforcement/actions/genuine-title/; caption_sha256=2d8afc4977c5f170e8ba1258e8e4a6601b725d4c9d26003f988de3dab389e9b9 | https://www.consumerfinance.gov/enforcement/actions/wells-fargo-bank-na-2022/; caption_sha256=1c96269e2abed1366ba9ccd0c184c0612c0dd0c1b33fcab19172bf3318787115
enforcement,"Wells Fargo Bank, N.A.",,EEEC3CB5858E0,WELLS FARGO&COMPANY,bank,KB1H1DSPRFMYMCUFXT09,451965,1120754,3511,KB1H1DSPRFMYMCUFXT09,2019,https://files.ffiec.cfpb.gov/static-data/snapshot/2019/2019_public_panel_csv.zip,,,manual,Codex (individual identity/evidence review; not independent human review),2026-09-26,https://www.consumerfinance.gov/enforcement/actions/wells-fargo-bank-na-2018/; caption_sha256=1c96269e2abed1366ba9ccd0c184c0612c0dd0c1b33fcab19172bf3318787115 | https://www.consumerfinance.gov/enforcement/actions/genuine-title-wells-fargo/; caption_sha256=1c96269e2abed1366ba9ccd0c184c0612c0dd0c1b33fcab19172bf3318787115 | https://www.consumerfinance.gov/enforcement/actions/genuine-title/; caption_sha256=2d8afc4977c5f170e8ba1258e8e4a6601b725d4c9d26003f988de3dab389e9b9 | https://www.consumerfinance.gov/enforcement/actions/wells-fargo-bank-na-2022/; caption_sha256=1c96269e2abed1366ba9ccd0c184c0612c0dd0c1b33fcab19172bf3318787115
enforcement,"Wells Fargo Bank, N.A.",,EEEC3CB5858E0,WELLS FARGO&COMPANY,bank,KB1H1DSPRFMYMCUFXT09,451965,1120754,3511,KB1H1DSPRFMYMCUFXT09,2020,https://files.ffiec.cfpb.gov/static-data/snapshot/2020/2020_public_panel_csv.zip,,,manual,Codex (individual identity/evidence review; not independent human review),2026-09-26,https://www.consumerfinance.gov/enforcement/actions/wells-fargo-bank-na-2018/; caption_sha256=1c96269e2abed1366ba9ccd0c184c0612c0dd0c1b33fcab19172bf3318787115 | https://www.consumerfinance.gov/enforcement/actions/genuine-title-wells-fargo/; caption_sha256=1c96269e2abed1366ba9ccd0c184c0612c0dd0c1b33fcab19172bf3318787115 | https://www.consumerfinance.gov/enforcement/actions/genuine-title/; caption_sha256=2d8afc4977c5f170e8ba1258e8e4a6601b725d4c9d26003f988de3dab389e9b9 | https://www.consumerfinance.gov/enforcement/actions/wells-fargo-bank-na-2022/; caption_sha256=1c96269e2abed1366ba9ccd0c184c0612c0dd0c1b33fcab19172bf3318787115
enforcement,"Wells Fargo Bank, N.A.",,EEEC3CB5858E0,WELLS FARGO&COMPANY,bank,KB1H1DSPRFMYMCUFXT09,451965,1120754,3511,KB1H1DSPRFMYMCUFXT09,2021,https://files.ffiec.cfpb.gov/static-data/snapshot/2021/2021_public_panel_csv.zip,,,manual,Codex (individual identity/evidence review; not independent human review),2026-09-26,https://www.consumerfinance.gov/enforcement/actions/wells-fargo-bank-na-2018/; caption_sha256=1c96269e2abed1366ba9ccd0c184c0612c0dd0c1b33fcab19172bf3318787115 | https://www.consumerfinance.gov/enforcement/actions/genuine-title-wells-fargo/; caption_sha256=1c96269e2abed1366ba9ccd0c184c0612c0dd0c1b33fcab19172bf3318787115 | https://www.consumerfinance.gov/enforcement/actions/genuine-title/; caption_sha256=2d8afc4977c5f170e8ba1258e8e4a6601b725d4c9d26003f988de3dab389e9b9 | https://www.consumerfinance.gov/enforcement/actions/wells-fargo-bank-na-2022/; caption_sha256=1c96269e2abed1366ba9ccd0c184c0612c0dd0c1b33fcab19172bf3318787115
enforcement,"Wells Fargo Bank, N.A.",,EEEC3CB5858E0,WELLS FARGO&COMPANY,bank,KB1H1DSPRFMYMCUFXT09,451965,1120754,3511,KB1H1DSPRFMYMCUFXT09,2022,https://files.ffiec.cfpb.gov/static-data/snapshot/2022/2022_public_panel_csv.zip,,,manual,Codex (individual identity/evidence review; not independent human review),2026-09-26,https://www.consumerfinance.gov/enforcement/actions/wells-fargo-bank-na-2018/; caption_sha256=1c96269e2abed1366ba9ccd0c184c0612c0dd0c1b33fcab19172bf3318787115 | https://www.consumerfinance.gov/enforcement/actions/genuine-title-wells-fargo/; caption_sha256=1c96269e2abed1366ba9ccd0c184c0612c0dd0c1b33fcab19172bf3318787115 | https://www.consumerfinance.gov/enforcement/actions/genuine-title/; caption_sha256=2d8afc4977c5f170e8ba1258e8e4a6601b725d4c9d26003f988de3dab389e9b9 | https://www.consumerfinance.gov/enforcement/actions/wells-fargo-bank-na-2022/; caption_sha256=1c96269e2abed1366ba9ccd0c184c0612c0dd0c1b33fcab19172bf3318787115
enforcement,"Wells Fargo Bank, N.A.",,EEEC3CB5858E0,WELLS FARGO&COMPANY,bank,KB1H1DSPRFMYMCUFXT09,451965,1120754,3511,KB1H1DSPRFMYMCUFXT09,2023,https://files.ffiec.cfpb.gov/static-data/snapshot/2023/2023_public_panel_csv.zip,,,manual,Codex (individual identity/evidence review; not independent human review),2026-09-26,https://www.consumerfinance.gov/enforcement/actions/wells-fargo-bank-na-2018/; caption_sha256=1c96269e2abed1366ba9ccd0c184c0612c0dd0c1b33fcab19172bf3318787115 | https://www.consumerfinance.gov/enforcement/actions/genuine-title-wells-fargo/; caption_sha256=1c96269e2abed1366ba9ccd0c184c0612c0dd0c1b33fcab19172bf3318787115 | https://www.consumerfinance.gov/enforcement/actions/genuine-title/; caption_sha256=2d8afc4977c5f170e8ba1258e8e4a6601b725d4c9d26003f988de3dab389e9b9 | https://www.consumerfinance.gov/enforcement/actions/wells-fargo-bank-na-2022/; caption_sha256=1c96269e2abed1366ba9ccd0c184c0612c0dd0c1b33fcab19172bf3318787115
enforcement,"Wells Fargo Bank, N.A.",,EEEC3CB5858E0,WELLS FARGO&COMPANY,bank,KB1H1DSPRFMYMCUFXT09,,1120754,,KB1H1DSPRFMYMCUFXT09,2024,https://files.ffiec.cfpb.gov/static-data/snapshot/2024/2024_public_ts_csv.zip,,,manual,Codex (individual identity/evidence review; not independent human review),2026-09-26,https://www.consumerfinance.gov/enforcement/actions/wells-fargo-bank-na-2018/; caption_sha256=1c96269e2abed1366ba9ccd0c184c0612c0dd0c1b33fcab19172bf3318787115 | https://www.consumerfinance.gov/enforcement/actions/genuine-title-wells-fargo/; caption_sha256=1c96269e2abed1366ba9ccd0c184c0612c0dd0c1b33fcab19172bf3318787115 | https://www.consumerfinance.gov/enforcement/actions/genuine-title/; caption_sha256=2d8afc4977c5f170e8ba1258e8e4a6601b725d4c9d26003f988de3dab389e9b9 | https://www.consumerfinance.gov/enforcement/actions/wells-fargo-bank-na-2022/; caption_sha256=1c96269e2abed1366ba9ccd0c184c0612c0dd0c1b33fcab19172bf3318787115
enforcement,"Wells Fargo Bank, N.A.",,EEEC3CB5858E0,WELLS FARGO&COMPANY,bank,KB1H1DSPRFMYMCUFXT09,,1120754,,KB1H1DSPRFMYMCUFXT09,2025,https://files.ffiec.cfpb.gov/static-data/snapshot/2025/2025_public_ts_csv.zip,,,manual,Codex (individual identity/evidence review; not independent human review),2026-09-26,https://www.consumerfinance.gov/enforcement/actions/wells-fargo-bank-na-2018/; caption_sha256=1c96269e2abed1366ba9ccd0c184c0612c0dd0c1b33fcab19172bf3318787115 | https://www.consumerfinance.gov/enforcement/actions/genuine-title-wells-fargo/; caption_sha256=1c96269e2abed1366ba9ccd0c184c0612c0dd0c1b33fcab19172bf3318787115 | https://www.consumerfinance.gov/enforcement/actions/genuine-title/; caption_sha256=2d8afc4977c5f170e8ba1258e8e4a6601b725d4c9d26003f988de3dab389e9b9 | https://www.consumerfinance.gov/enforcement/actions/wells-fargo-bank-na-2022/; caption_sha256=1c96269e2abed1366ba9ccd0c184c0612c0dd0c1b33fcab19172bf3318787115
enforcement,"Wells Fargo Bank, N.A.",,EEEC3CB5858E0,WELLS FARGO&COMPANY,bank,,451965,1120754,3511,,2026,https://api.fdic.gov/banks/institutions,,,manual,Codex (individual identity/evidence review; not independent human review),2026-09-26,https://www.consumerfinance.gov/enforcement/actions/wells-fargo-bank-na-2018/; caption_sha256=1c96269e2abed1366ba9ccd0c184c0612c0dd0c1b33fcab19172bf3318787115 | https://www.consumerfinance.gov/enforcement/actions/genuine-title-wells-fargo/; caption_sha256=1c96269e2abed1366ba9ccd0c184c0612c0dd0c1b33fcab19172bf3318787115 | https://www.consumerfinance.gov/enforcement/actions/genuine-title/; caption_sha256=2d8afc4977c5f170e8ba1258e8e4a6601b725d4c9d26003f988de3dab389e9b9 | https://www.consumerfinance.gov/enforcement/actions/wells-fargo-bank-na-2022/; caption_sha256=1c96269e2abed1366ba9ccd0c184c0612c0dd0c1b33fcab19172bf3318787115
enforcement,"Wells Fargo Bank, N.A.",,EEEC3CB5858E0,WELLS FARGO&COMPANY,bank,,2362458,1120754,5146,,2026,https://api.fdic.gov/banks/institutions,,,manual,Codex (individual identity/evidence review; not independent human review),2026-09-26,https://www.consumerfinance.gov/enforcement/actions/wells-fargo-bank-na-2018/; caption_sha256=1c96269e2abed1366ba9ccd0c184c0612c0dd0c1b33fcab19172bf3318787115 | https://www.consumerfinance.gov/enforcement/actions/genuine-title-wells-fargo/; caption_sha256=1c96269e2abed1366ba9ccd0c184c0612c0dd0c1b33fcab19172bf3318787115 | https://www.consumerfinance.gov/enforcement/actions/genuine-title/; caption_sha256=2d8afc4977c5f170e8ba1258e8e4a6601b725d4c9d26003f988de3dab389e9b9 | https://www.consumerfinance.gov/enforcement/actions/wells-fargo-bank-na-2022/; caption_sha256=1c96269e2abed1366ba9ccd0c184c0612c0dd0c1b33fcab19172bf3318787115
enforcement,"Wells Fargo Bank, N.A.",,EEEC3CB5858E0,WELLS FARGO&COMPANY,bank,,1225761,1120754,27389,,2026,https://api.fdic.gov/banks/institutions,,,manual,Codex (individual identity/evidence review; not independent human review),2026-09-26,https://www.consumerfinance.gov/enforcement/actions/wells-fargo-bank-na-2018/; caption_sha256=1c96269e2abed1366ba9ccd0c184c0612c0dd0c1b33fcab19172bf3318787115 | https://www.consumerfinance.gov/enforcement/actions/genuine-title-wells-fargo/; caption_sha256=1c96269e2abed1366ba9ccd0c184c0612c0dd0c1b33fcab19172bf3318787115 | https://www.consumerfinance.gov/enforcement/actions/genuine-title/; caption_sha256=2d8afc4977c5f170e8ba1258e8e4a6601b725d4c9d26003f988de3dab389e9b9 | https://www.consumerfinance.gov/enforcement/actions/wells-fargo-bank-na-2022/; caption_sha256=1c96269e2abed1366ba9ccd0c184c0612c0dd0c1b33fcab19172bf3318787115
enforcement,"Willamette Legacy, LLC dba Keller Williams Mid-Willamette",,E89E54CFFF798,"Willamette Legacy, LLC",other,,,,,,,No verified reporter/bank identifier; identity only,,,manual,Codex (individual identity/evidence review; not independent human review),2026-09-26,https://www.consumerfinance.gov/enforcement/actions/willamette-legacy-llc-dba-keller-williams-mid-willamette/; caption_sha256=d928504d2593e8b123493dcfb60c947a4b98e7c8e4dba260c36c052153f52993
curated,Mr. Cooper,,E1FC3BC613A71,NATIONSTAR MORTGAGE LLC,nonbank_servicer,549300LBCBNR1OT00651,3935523,,,549300LBCBNR1OT00651,2018,https://files.ffiec.cfpb.gov/static-data/snapshot/2018/2018_public_panel_csv.zip,,,manual,Codex (individual identity/evidence review; not independent human review),2026-09-26,https://www.freddiemac.com/seasonedloanofferings/docs/SCRT_2017-3_OC%20Final.pdf
curated,Mr. Cooper,,E1FC3BC613A71,NATIONSTAR MORTGAGE LLC,nonbank_servicer,549300LBCBNR1OT00651,3935523,,,549300LBCBNR1OT00651,2019,https://files.ffiec.cfpb.gov/static-data/snapshot/2019/2019_public_panel_csv.zip,,,manual,Codex (individual identity/evidence review; not independent human review),2026-09-26,https://www.freddiemac.com/seasonedloanofferings/docs/SCRT_2017-3_OC%20Final.pdf
curated,Mr. Cooper,,E1FC3BC613A71,NATIONSTAR MORTGAGE LLC,nonbank_servicer,549300LBCBNR1OT00651,3935523,,,549300LBCBNR1OT00651,2020,https://files.ffiec.cfpb.gov/static-data/snapshot/2020/2020_public_panel_csv.zip,,,manual,Codex (individual identity/evidence review; not independent human review),2026-09-26,https://www.freddiemac.com/seasonedloanofferings/docs/SCRT_2017-3_OC%20Final.pdf
curated,Mr. Cooper,,E1FC3BC613A71,NATIONSTAR MORTGAGE LLC,nonbank_servicer,549300LBCBNR1OT00651,3935523,,,549300LBCBNR1OT00651,2021,https://files.ffiec.cfpb.gov/static-data/snapshot/2021/2021_public_panel_csv.zip,,,manual,Codex (individual identity/evidence review; not independent human review),2026-09-26,https://www.freddiemac.com/seasonedloanofferings/docs/SCRT_2017-3_OC%20Final.pdf
curated,Mr. Cooper,,E1FC3BC613A71,NATIONSTAR MORTGAGE LLC,nonbank_servicer,549300LBCBNR1OT00651,3935523,,,549300LBCBNR1OT00651,2022,https://files.ffiec.cfpb.gov/static-data/snapshot/2022/2022_public_panel_csv.zip,,,manual,Codex (individual identity/evidence review; not independent human review),2026-09-26,https://www.freddiemac.com/seasonedloanofferings/docs/SCRT_2017-3_OC%20Final.pdf
curated,Mr. Cooper,,E1FC3BC613A71,NATIONSTAR MORTGAGE LLC,nonbank_servicer,549300LBCBNR1OT00651,,,,549300LBCBNR1OT00651,2023,https://files.ffiec.cfpb.gov/static-data/snapshot/2023/2023_public_panel_csv.zip,,,manual,Codex (individual identity/evidence review; not independent human review),2026-09-26,https://www.freddiemac.com/seasonedloanofferings/docs/SCRT_2017-3_OC%20Final.pdf
curated,Mr. Cooper,,E1FC3BC613A71,NATIONSTAR MORTGAGE LLC,nonbank_servicer,549300LBCBNR1OT00651,,,,549300LBCBNR1OT00651,2024,https://files.ffiec.cfpb.gov/static-data/snapshot/2024/2024_public_ts_csv.zip,,,manual,Codex (individual identity/evidence review; not independent human review),2026-09-26,https://www.freddiemac.com/seasonedloanofferings/docs/SCRT_2017-3_OC%20Final.pdf
curated,Mr. Cooper,,E1FC3BC613A71,NATIONSTAR MORTGAGE LLC,nonbank_servicer,549300LBCBNR1OT00651,,,,549300LBCBNR1OT00651,2025,https://files.ffiec.cfpb.gov/static-data/snapshot/2025/2025_public_ts_csv.zip,,,manual,Codex (individual identity/evidence review; not independent human review),2026-09-26,https://www.freddiemac.com/seasonedloanofferings/docs/SCRT_2017-3_OC%20Final.pdf
curated,Onity Group Inc.,,E58809E9BF1B6,Ocwen Financial Corporation,nonbank_servicer,,,,,,,No verified reporter/bank identifier; identity only,,,manual,Codex (individual identity/evidence review; not independent human review),2026-09-26,https://shareholders.onitygroup.com/news-releases/news-release-details/ocwen-financial-officially-rebrands-onitytm-group
curated,Onity Mortgage Corporation,,E51D05DB96886,PHH Mortgage Services Corporation,nonbank_servicer,PAOOWF3GUFM46FBSP561,3873456,,,PAOOWF3GUFM46FBSP561,2018,https://files.ffiec.cfpb.gov/static-data/snapshot/2018/2018_public_panel_csv.zip,,,manual,Codex (individual identity/evidence review; not independent human review),2026-09-26,https://www.onitygroup.com/Privacy
curated,Onity Mortgage Corporation,,E51D05DB96886,PHH Mortgage Services Corporation,nonbank_servicer,PAOOWF3GUFM46FBSP561,3873456,,,PAOOWF3GUFM46FBSP561,2019,https://files.ffiec.cfpb.gov/static-data/snapshot/2019/2019_public_panel_csv.zip,,,manual,Codex (individual identity/evidence review; not independent human review),2026-09-26,https://www.onitygroup.com/Privacy
curated,Onity Mortgage Corporation,,E51D05DB96886,PHH Mortgage Services Corporation,nonbank_servicer,PAOOWF3GUFM46FBSP561,3873456,,,PAOOWF3GUFM46FBSP561,2020,https://files.ffiec.cfpb.gov/static-data/snapshot/2020/2020_public_panel_csv.zip,,,manual,Codex (individual identity/evidence review; not independent human review),2026-09-26,https://www.onitygroup.com/Privacy
curated,Onity Mortgage Corporation,,E51D05DB96886,PHH Mortgage Services Corporation,nonbank_servicer,PAOOWF3GUFM46FBSP561,3873456,,,PAOOWF3GUFM46FBSP561,2021,https://files.ffiec.cfpb.gov/static-data/snapshot/2021/2021_public_panel_csv.zip,,,manual,Codex (individual identity/evidence review; not independent human review),2026-09-26,https://www.onitygroup.com/Privacy
curated,Onity Mortgage Corporation,,E51D05DB96886,PHH Mortgage Services Corporation,nonbank_servicer,PAOOWF3GUFM46FBSP561,3873456,,,PAOOWF3GUFM46FBSP561,2022,https://files.ffiec.cfpb.gov/static-data/snapshot/2022/2022_public_panel_csv.zip,,,manual,Codex (individual identity/evidence review; not independent human review),2026-09-26,https://www.onitygroup.com/Privacy
curated,Onity Mortgage Corporation,,E51D05DB96886,PHH Mortgage Services Corporation,nonbank_servicer,PAOOWF3GUFM46FBSP561,3873456,,,PAOOWF3GUFM46FBSP561,2023,https://files.ffiec.cfpb.gov/static-data/snapshot/2023/2023_public_panel_csv.zip,,,manual,Codex (individual identity/evidence review; not independent human review),2026-09-26,https://www.onitygroup.com/Privacy
curated,Onity Mortgage Corporation,,E51D05DB96886,PHH Mortgage Services Corporation,nonbank_servicer,PAOOWF3GUFM46FBSP561,,,,PAOOWF3GUFM46FBSP561,2024,https://files.ffiec.cfpb.gov/static-data/snapshot/2024/2024_public_ts_csv.zip,,,manual,Codex (individual identity/evidence review; not independent human review),2026-09-26,https://www.onitygroup.com/Privacy
curated,Onity Mortgage Corporation,,E51D05DB96886,PHH Mortgage Services Corporation,nonbank_servicer,PAOOWF3GUFM46FBSP561,,,,PAOOWF3GUFM46FBSP561,2025,https://files.ffiec.cfpb.gov/static-data/snapshot/2025/2025_public_ts_csv.zip,,,manual,Codex (individual identity/evidence review; not independent human review),2026-09-26,https://www.onitygroup.com/Privacy
curated,Green Tree Servicing LLC,,E30922865A8BB,Ditech Financial LLC,nonbank_servicer,5493003KZFGGEWCRH554,3861163,,,5493003KZFGGEWCRH554,2018,https://files.ffiec.cfpb.gov/static-data/snapshot/2018/2018_public_panel_csv.zip,,,manual,Codex (individual identity/evidence review; not independent human review),2026-09-26,https://www.sec.gov/Archives/edgar/data/1040719/000104071916000052/a101311fy2015q4.htm
curated,Green Tree Servicing LLC,,E30922865A8BB,Ditech Financial LLC,nonbank_servicer,5493003KZFGGEWCRH554,3861163,,,5493003KZFGGEWCRH554,2019,https://files.ffiec.cfpb.gov/static-data/snapshot/2019/2019_public_panel_csv.zip,,,manual,Codex (individual identity/evidence review; not independent human review),2026-09-26,https://www.sec.gov/Archives/edgar/data/1040719/000104071916000052/a101311fy2015q4.htm
curated,"Bayview Loan Servicing, LLC",,E7BC26E9E7EDD,"Community Loan Servicing, LLC (formerly known as Bayview Loan Servicing, LLC)",nonbank_servicer,549300MSX2N1BGIIVG32,4184038,,,549300MSX2N1BGIIVG32,2018,https://files.ffiec.cfpb.gov/static-data/snapshot/2018/2018_public_panel_csv.zip,,,manual,Codex (individual identity/evidence review; not independent human review),2026-09-26,https://files.ffiec.cfpb.gov/static-data/snapshot/2023/2023_public_panel_csv.zip
curated,"Bayview Loan Servicing, LLC",,E7BC26E9E7EDD,"Community Loan Servicing, LLC (formerly known as Bayview Loan Servicing, LLC)",nonbank_servicer,549300MSX2N1BGIIVG32,4184038,,,549300MSX2N1BGIIVG32,2019,https://files.ffiec.cfpb.gov/static-data/snapshot/2019/2019_public_panel_csv.zip,,,manual,Codex (individual identity/evidence review; not independent human review),2026-09-26,https://files.ffiec.cfpb.gov/static-data/snapshot/2023/2023_public_panel_csv.zip
curated,"United Wholesale Mortgage, LLC",,EE982339EE76B,"United Shore Financial Services, LLC",nonbank_originator,549300HW662MN1WU8550,3870651,,,549300HW662MN1WU8550,2018,https://files.ffiec.cfpb.gov/static-data/snapshot/2018/2018_public_panel_csv.zip,,,manual,Codex (individual identity/evidence review; not independent human review),2026-09-26,https://files.ffiec.cfpb.gov/static-data/snapshot/2023/2023_public_panel_csv.zip
curated,"United Wholesale Mortgage, LLC",,EE982339EE76B,"United Shore Financial Services, LLC",nonbank_originator,549300HW662MN1WU8550,3870651,,,549300HW662MN1WU8550,2019,https://files.ffiec.cfpb.gov/static-data/snapshot/2019/2019_public_panel_csv.zip,,,manual,Codex (individual identity/evidence review; not independent human review),2026-09-26,https://files.ffiec.cfpb.gov/static-data/snapshot/2023/2023_public_panel_csv.zip
curated,"United Wholesale Mortgage, LLC",,EE982339EE76B,"United Shore Financial Services, LLC",nonbank_originator,549300HW662MN1WU8550,3870651,,,549300HW662MN1WU8550,2020,https://files.ffiec.cfpb.gov/static-data/snapshot/2020/2020_public_panel_csv.zip,,,manual,Codex (individual identity/evidence review; not independent human review),2026-09-26,https://files.ffiec.cfpb.gov/static-data/snapshot/2023/2023_public_panel_csv.zip
curated,"United Wholesale Mortgage, LLC",,EE982339EE76B,"United Shore Financial Services, LLC",nonbank_originator,549300HW662MN1WU8550,3870651,,,549300HW662MN1WU8550,2021,https://files.ffiec.cfpb.gov/static-data/snapshot/2021/2021_public_panel_csv.zip,,,manual,Codex (individual identity/evidence review; not independent human review),2026-09-26,https://files.ffiec.cfpb.gov/static-data/snapshot/2023/2023_public_panel_csv.zip
curated,"United Wholesale Mortgage, LLC",,EE982339EE76B,"United Shore Financial Services, LLC",nonbank_originator,549300HW662MN1WU8550,3870651,,,549300HW662MN1WU8550,2022,https://files.ffiec.cfpb.gov/static-data/snapshot/2022/2022_public_panel_csv.zip,,,manual,Codex (individual identity/evidence review; not independent human review),2026-09-26,https://files.ffiec.cfpb.gov/static-data/snapshot/2023/2023_public_panel_csv.zip
curated,"United Wholesale Mortgage, LLC",,EE982339EE76B,"United Shore Financial Services, LLC",nonbank_originator,549300HW662MN1WU8550,3870651,,,549300HW662MN1WU8550,2023,https://files.ffiec.cfpb.gov/static-data/snapshot/2023/2023_public_panel_csv.zip,,,manual,Codex (individual identity/evidence review; not independent human review),2026-09-26,https://files.ffiec.cfpb.gov/static-data/snapshot/2023/2023_public_panel_csv.zip
curated,"United Wholesale Mortgage, LLC",,EE982339EE76B,"United Shore Financial Services, LLC",nonbank_originator,549300HW662MN1WU8550,,,,549300HW662MN1WU8550,2024,https://files.ffiec.cfpb.gov/static-data/snapshot/2024/2024_public_ts_csv.zip,,,manual,Codex (individual identity/evidence review; not independent human review),2026-09-26,https://files.ffiec.cfpb.gov/static-data/snapshot/2023/2023_public_panel_csv.zip
curated,"United Wholesale Mortgage, LLC",,EE982339EE76B,"United Shore Financial Services, LLC",nonbank_originator,549300HW662MN1WU8550,,,,549300HW662MN1WU8550,2025,https://files.ffiec.cfpb.gov/static-data/snapshot/2025/2025_public_ts_csv.zip,,,manual,Codex (individual identity/evidence review; not independent human review),2026-09-26,https://files.ffiec.cfpb.gov/static-data/snapshot/2023/2023_public_panel_csv.zip
curated,Selene Finance LP,,EE2ED85757AB4,Selene Finance LP,nonbank_servicer,,,,,,,No verified reporter/bank identifier; identity only,,,manual,Codex (individual identity/evidence review; not independent human review),2026-09-26,data/staging/stg_complaints.parquet
curated,"Servis One, Inc.",,ED9E334BCFE15,"BSI Financial Holdings, Inc.",nonbank_servicer,,,,,,,No verified reporter/bank identifier; identity only,,,manual,Codex (individual identity/evidence review; not independent human review),2026-09-26,https://bsifinancial.com/terms.html
curated,Aegean Financial,,E11893CED068F,Aegean Financial,other,,,,,,,No verified reporter/bank identifier; identity only,,,manual,Codex (individual identity/evidence review; not independent human review),2026-09-26,https://www.consumerfinance.gov/enforcement/actions/aegean-financial/; caption_sha256=1745c3cc594c1b8e32fcbc333cb08feb15497f265d2d468557d095a5b2b3885a
curated,"Aegean Financial, Inc.",,E11893CED068F,Aegean Financial,other,,,,,,,No verified reporter/bank identifier; identity only,,,manual,Codex (individual identity/evidence review; not independent human review),2026-09-26,https://www.consumerfinance.gov/enforcement/actions/aegean-financial/; caption_sha256=1745c3cc594c1b8e32fcbc333cb08feb15497f265d2d468557d095a5b2b3885a
curated,Reverse Mortgage Professionals,,E11893CED068F,Aegean Financial,other,,,,,,,No verified reporter/bank identifier; identity only,,,manual,Codex (individual identity/evidence review; not independent human review),2026-09-26,https://www.consumerfinance.gov/enforcement/actions/aegean-financial/; caption_sha256=1745c3cc594c1b8e32fcbc333cb08feb15497f265d2d468557d095a5b2b3885a
curated,Jubilados Financial,,E11893CED068F,Aegean Financial,other,,,,,,,No verified reporter/bank identifier; identity only,,,manual,Codex (individual identity/evidence review; not independent human review),2026-09-26,https://www.consumerfinance.gov/enforcement/actions/aegean-financial/; caption_sha256=1745c3cc594c1b8e32fcbc333cb08feb15497f265d2d468557d095a5b2b3885a
curated,Newport Lending Reverse Mortgage,,E11893CED068F,Aegean Financial,other,,,,,,,No verified reporter/bank identifier; identity only,,,manual,Codex (individual identity/evidence review; not independent human review),2026-09-26,https://www.consumerfinance.gov/enforcement/actions/aegean-financial/; caption_sha256=1745c3cc594c1b8e32fcbc333cb08feb15497f265d2d468557d095a5b2b3885a
curated,Promise Land Lending,,E11893CED068F,Aegean Financial,other,,,,,,,No verified reporter/bank identifier; identity only,,,manual,Codex (individual identity/evidence review; not independent human review),2026-09-26,https://www.consumerfinance.gov/enforcement/actions/aegean-financial/; caption_sha256=1745c3cc594c1b8e32fcbc333cb08feb15497f265d2d468557d095a5b2b3885a
curated,Reverse Financial Group,,E11893CED068F,Aegean Financial,other,,,,,,,No verified reporter/bank identifier; identity only,,,manual,Codex (individual identity/evidence review; not independent human review),2026-09-26,https://www.consumerfinance.gov/enforcement/actions/aegean-financial/; caption_sha256=1745c3cc594c1b8e32fcbc333cb08feb15497f265d2d468557d095a5b2b3885a
curated,Reverse Mortgage Information Center,,E11893CED068F,Aegean Financial,other,,,,,,,No verified reporter/bank identifier; identity only,,,manual,Codex (individual identity/evidence review; not independent human review),2026-09-26,https://www.consumerfinance.gov/enforcement/actions/aegean-financial/; caption_sha256=1745c3cc594c1b8e32fcbc333cb08feb15497f265d2d468557d095a5b2b3885a
curated,JMG Holding Partners LLC,,E1A2F853BB227,"JMG Holding Partners LLC,",other,,,,,,,No verified reporter/bank identifier; identity only,,,manual,Codex (individual identity/evidence review; not independent human review),2026-09-26,https://www.consumerfinance.gov/enforcement/actions/rocket-homes-real-estate-llc-et-al/; caption_sha256=09f6e27c4bb9906b2625dbf154e5e986ea6a48cd3667be3e67fad492dd7b2fb2
curated,The Jason Mitchell Group,,E1A2F853BB227,"JMG Holding Partners LLC,",other,,,,,,,No verified reporter/bank identifier; identity only,,,manual,Codex (individual identity/evidence review; not independent human review),2026-09-26,https://www.consumerfinance.gov/enforcement/actions/rocket-homes-real-estate-llc-et-al/; caption_sha256=09f6e27c4bb9906b2625dbf154e5e986ea6a48cd3667be3e67fad492dd7b2fb2
curated,"JRHBW Realty, Inc.",,E61E145DD194B,"JRHBW Realty, Inc.,",other,,,,,,,No verified reporter/bank identifier; identity only,,,manual,Codex (individual identity/evidence review; not independent human review),2026-09-26,https://www.consumerfinance.gov/enforcement/actions/jrhbw-realty-inc-dba-realtysouth-titlesouth-llc/; caption_sha256=acb77c6019b7cf1df9212632a251aead689b3ba284bdd04bd5207cd79fd51ed9
curated,RealtySouth,,E61E145DD194B,"JRHBW Realty, Inc.,",other,,,,,,,No verified reporter/bank identifier; identity only,,,manual,Codex (individual identity/evidence review; not independent human review),2026-09-26,https://www.consumerfinance.gov/enforcement/actions/jrhbw-realty-inc-dba-realtysouth-titlesouth-llc/; caption_sha256=acb77c6019b7cf1df9212632a251aead689b3ba284bdd04bd5207cd79fd51ed9
curated,R M K Financial Corporation,,E5791ABCB999B,RMK Financial Corporation,nonbank_originator,,,,,,,No verified reporter/bank identifier; identity only,,,manual,Codex (individual identity/evidence review; not independent human review),2026-09-26,https://www.consumerfinance.gov/enforcement/actions/rmk-financial-corporation/; caption_sha256=e48b1eaee7df477d3dbbf19fab27e9b5a95ac7e694956f4ceb13197aa3ac080f
curated,Majestic Home Loans,,E5791ABCB999B,RMK Financial Corporation,nonbank_originator,,,,,,,No verified reporter/bank identifier; identity only,,,manual,Codex (individual identity/evidence review; not independent human review),2026-09-26,https://www.consumerfinance.gov/enforcement/actions/rmk-financial-corporation/; caption_sha256=e48b1eaee7df477d3dbbf19fab27e9b5a95ac7e694956f4ceb13197aa3ac080f
curated,RMK Financial Corp.,,E5791ABCB999B,RMK Financial Corporation,nonbank_originator,,,,,,,No verified reporter/bank identifier; identity only,,,manual,Codex (individual identity/evidence review; not independent human review),2026-09-26,https://www.consumerfinance.gov/enforcement/actions/rmk-financial-corp-majestic-home-loan-mhl/; caption_sha256=b17429c5b7bbeb832ae41670d1c36a8c63700dce0a472f240109fe3dce6349f9
curated,Majestic Home Loan,,E5791ABCB999B,RMK Financial Corporation,nonbank_originator,,,,,,,No verified reporter/bank identifier; identity only,,,manual,Codex (individual identity/evidence review; not independent human review),2026-09-26,https://www.consumerfinance.gov/enforcement/actions/rmk-financial-corp-majestic-home-loan-mhl/; caption_sha256=b17429c5b7bbeb832ae41670d1c36a8c63700dce0a472f240109fe3dce6349f9
curated,MHL,,E5791ABCB999B,RMK Financial Corporation,nonbank_originator,,,,,,,No verified reporter/bank identifier; identity only,,,manual,Codex (individual identity/evidence review; not independent human review),2026-09-26,https://www.consumerfinance.gov/enforcement/actions/rmk-financial-corp-majestic-home-loan-mhl/; caption_sha256=b17429c5b7bbeb832ae41670d1c36a8c63700dce0a472f240109fe3dce6349f9
curated,"RGC Services, Inc.",,EBEAB71D561E9,"RGC Services, Inc.",other,,,,,,,No verified reporter/bank identifier; identity only,,,manual,Codex (individual identity/evidence review; not independent human review),2026-09-26,https://www.consumerfinance.gov/enforcement/actions/rgc-services-inc-dba-remax-gold-coast-realtors/; caption_sha256=7a22b4a9abc58d0db0bddd17c88fa0dcba6239a3ad6694a3ab0a238412ccdc54
curated,Re/Max Gold Coast Realtors,,EBEAB71D561E9,"RGC Services, Inc.",other,,,,,,,No verified reporter/bank identifier; identity only,,,manual,Codex (individual identity/evidence review; not independent human review),2026-09-26,https://www.consumerfinance.gov/enforcement/actions/rgc-services-inc-dba-remax-gold-coast-realtors/; caption_sha256=7a22b4a9abc58d0db0bddd17c88fa0dcba6239a3ad6694a3ab0a238412ccdc54
curated,Security 1 Lending,,E58B09E687642,"Reverse Mortgage Solutions, Inc.",nonbank_servicer,,,,,,,No verified reporter/bank identifier; identity only,,,manual,Codex (individual identity/evidence review; not independent human review),2026-09-26,https://www.consumerfinance.gov/enforcement/actions/reverse-mortgage-solutions-inc-db-security-1-lending/; caption_sha256=c5da06817d1e26164bd6c454c6274552b49ca8c00f40c829aac68adc4c6740b7
curated,Rocket Homes Real Estate LLC,,EB6260FD92B8C,"Rocket Homes Real Estate LLC,",other,,,,,,,No verified reporter/bank identifier; identity only,,,manual,Codex (individual identity/evidence review; not independent human review),2026-09-26,https://www.consumerfinance.gov/enforcement/actions/rocket-homes-real-estate-llc-et-al/; caption_sha256=09f6e27c4bb9906b2625dbf154e5e986ea6a48cd3667be3e67fad492dd7b2fb2
curated,Rocket Homes,,EB6260FD92B8C,"Rocket Homes Real Estate LLC,",other,,,,,,,No verified reporter/bank identifier; identity only,,,manual,Codex (individual identity/evidence review; not independent human review),2026-09-26,https://www.consumerfinance.gov/enforcement/actions/rocket-homes-real-estate-llc-et-al/; caption_sha256=09f6e27c4bb9906b2625dbf154e5e986ea6a48cd3667be3e67fad492dd7b2fb2
curated,"The Mortgage Law Group, LLP",,EABAE9AD55E75,"The Mortgage Law Group, LLP",other,,,,,,,No verified reporter/bank identifier; identity only,,,manual,Codex (individual identity/evidence review; not independent human review),2026-09-26,https://www.consumerfinance.gov/enforcement/actions/the-mortgage-law-group-llp-et-al/; caption_sha256=fd9a9469c7d798e6d9bfdb6be3afc5b5715735b64ddbcb208af324faa869d8fe
curated,"The Law Firm of Macey, Aleman & Searns",,EABAE9AD55E75,"The Mortgage Law Group, LLP",other,,,,,,,No verified reporter/bank identifier; identity only,,,manual,Codex (individual identity/evidence review; not independent human review),2026-09-26,https://www.consumerfinance.gov/enforcement/actions/the-mortgage-law-group-llp-et-al/; caption_sha256=fd9a9469c7d798e6d9bfdb6be3afc5b5715735b64ddbcb208af324faa869d8fe
curated,"Willamette Legacy, LLC",,E89E54CFFF798,"Willamette Legacy, LLC",other,,,,,,,No verified reporter/bank identifier; identity only,,,manual,Codex (individual identity/evidence review; not independent human review),2026-09-26,https://www.consumerfinance.gov/enforcement/actions/willamette-legacy-llc-dba-keller-williams-mid-willamette/; caption_sha256=d928504d2593e8b123493dcfb60c947a4b98e7c8e4dba260c36c052153f52993
curated,Keller Williams Mid-Willamette,,E89E54CFFF798,"Willamette Legacy, LLC",other,,,,,,,No verified reporter/bank identifier; identity only,,,manual,Codex (individual identity/evidence review; not independent human review),2026-09-26,https://www.consumerfinance.gov/enforcement/actions/willamette-legacy-llc-dba-keller-williams-mid-willamette/; caption_sha256=d928504d2593e8b123493dcfb60c947a4b98e7c8e4dba260c36c052153f52993
hmda,"Wells Fargo Bank, National Association",,EEEC3CB5858E0,WELLS FARGO&COMPANY,bank,KB1H1DSPRFMYMCUFXT09,451965,1120754,3511,KB1H1DSPRFMYMCUFXT09,2018,https://files.ffiec.cfpb.gov/static-data/snapshot/2018/2018_public_panel_csv.zip,,,manual,Codex (individual identity/evidence review; not independent human review),2026-09-26,https://api.fdic.gov/banks/institutions
hmda,"Wells Fargo Bank, National Association",,EEEC3CB5858E0,WELLS FARGO&COMPANY,bank,KB1H1DSPRFMYMCUFXT09,451965,1120754,3511,KB1H1DSPRFMYMCUFXT09,2019,https://files.ffiec.cfpb.gov/static-data/snapshot/2019/2019_public_panel_csv.zip,,,manual,Codex (individual identity/evidence review; not independent human review),2026-09-26,https://api.fdic.gov/banks/institutions
hmda,"Wells Fargo Bank, National Association",,EEEC3CB5858E0,WELLS FARGO&COMPANY,bank,KB1H1DSPRFMYMCUFXT09,451965,1120754,3511,KB1H1DSPRFMYMCUFXT09,2020,https://files.ffiec.cfpb.gov/static-data/snapshot/2020/2020_public_panel_csv.zip,,,manual,Codex (individual identity/evidence review; not independent human review),2026-09-26,https://api.fdic.gov/banks/institutions
hmda,"Wells Fargo Bank, National Association",,EEEC3CB5858E0,WELLS FARGO&COMPANY,bank,KB1H1DSPRFMYMCUFXT09,451965,1120754,3511,KB1H1DSPRFMYMCUFXT09,2021,https://files.ffiec.cfpb.gov/static-data/snapshot/2021/2021_public_panel_csv.zip,,,manual,Codex (individual identity/evidence review; not independent human review),2026-09-26,https://api.fdic.gov/banks/institutions
hmda,"Wells Fargo Bank, National Association",,EEEC3CB5858E0,WELLS FARGO&COMPANY,bank,KB1H1DSPRFMYMCUFXT09,451965,1120754,3511,KB1H1DSPRFMYMCUFXT09,2022,https://files.ffiec.cfpb.gov/static-data/snapshot/2022/2022_public_panel_csv.zip,,,manual,Codex (individual identity/evidence review; not independent human review),2026-09-26,https://api.fdic.gov/banks/institutions
hmda,"Wells Fargo Bank, National Association",,EEEC3CB5858E0,WELLS FARGO&COMPANY,bank,KB1H1DSPRFMYMCUFXT09,451965,1120754,3511,KB1H1DSPRFMYMCUFXT09,2023,https://files.ffiec.cfpb.gov/static-data/snapshot/2023/2023_public_panel_csv.zip,,,manual,Codex (individual identity/evidence review; not independent human review),2026-09-26,https://api.fdic.gov/banks/institutions
hmda,WELLS FARGO BANK NA,,EEEC3CB5858E0,WELLS FARGO&COMPANY,bank,KB1H1DSPRFMYMCUFXT09,,1120754,,KB1H1DSPRFMYMCUFXT09,2024,https://files.ffiec.cfpb.gov/static-data/snapshot/2024/2024_public_ts_csv.zip,,,manual,Codex (individual identity/evidence review; not independent human review),2026-09-26,https://api.fdic.gov/banks/institutions
hmda,WELLS FARGO BANK NA,,EEEC3CB5858E0,WELLS FARGO&COMPANY,bank,KB1H1DSPRFMYMCUFXT09,,1120754,,KB1H1DSPRFMYMCUFXT09,2025,https://files.ffiec.cfpb.gov/static-data/snapshot/2025/2025_public_ts_csv.zip,,,manual,Codex (individual identity/evidence review; not independent human review),2026-09-26,https://api.fdic.gov/banks/institutions
fdic_name,"Wells Fargo Bank, National Association",,EEEC3CB5858E0,WELLS FARGO&COMPANY,bank,,451965,1120754,3511,,2026,https://api.fdic.gov/banks/institutions,,,manual,Codex (individual identity/evidence review; not independent human review),2026-09-26,https://api.fdic.gov/banks/institutions
fdic_namehcr,WELLS FARGO&COMPANY,,EEEC3CB5858E0,WELLS FARGO&COMPANY,bank,,451965,1120754,3511,,2026,https://api.fdic.gov/banks/institutions,,,manual,Codex (individual identity/evidence review; not independent human review),2026-09-26,https://api.fdic.gov/banks/institutions
fdic_name,"Wells Fargo Bank South Central, National Association",,EEEC3CB5858E0,WELLS FARGO&COMPANY,bank,,2362458,1120754,5146,,2026,https://api.fdic.gov/banks/institutions,,,manual,Codex (individual identity/evidence review; not independent human review),2026-09-26,https://api.fdic.gov/banks/institutions
fdic_namehcr,WELLS FARGO&COMPANY,,EEEC3CB5858E0,WELLS FARGO&COMPANY,bank,,2362458,1120754,5146,,2026,https://api.fdic.gov/banks/institutions,,,manual,Codex (individual identity/evidence review; not independent human review),2026-09-26,https://api.fdic.gov/banks/institutions
fdic_name,Wells Fargo National Bank West,,EEEC3CB5858E0,WELLS FARGO&COMPANY,bank,,1225761,1120754,27389,,2026,https://api.fdic.gov/banks/institutions,,,manual,Codex (individual identity/evidence review; not independent human review),2026-09-26,https://api.fdic.gov/banks/institutions
fdic_namehcr,WELLS FARGO&COMPANY,,EEEC3CB5858E0,WELLS FARGO&COMPANY,bank,,1225761,1120754,27389,,2026,https://api.fdic.gov/banks/institutions,,,manual,Codex (individual identity/evidence review; not independent human review),2026-09-26,https://api.fdic.gov/banks/institutions
hmda,"Bank of America, National Association",,EC2C27F26E8F0,BANK OF AMERICA CORP,bank,B4TYDEB6GKMZO031MB27,480228,1073757,3510,B4TYDEB6GKMZO031MB27,2018,https://files.ffiec.cfpb.gov/static-data/snapshot/2018/2018_public_panel_csv.zip,,,manual,Codex (individual identity/evidence review; not independent human review),2026-09-26,https://api.fdic.gov/banks/institutions
hmda,"Bank of America, National Association",,EC2C27F26E8F0,BANK OF AMERICA CORP,bank,B4TYDEB6GKMZO031MB27,480228,1073757,3510,B4TYDEB6GKMZO031MB27,2019,https://files.ffiec.cfpb.gov/static-data/snapshot/2019/2019_public_panel_csv.zip,,,manual,Codex (individual identity/evidence review; not independent human review),2026-09-26,https://api.fdic.gov/banks/institutions
hmda,"Bank of America, National Association",,EC2C27F26E8F0,BANK OF AMERICA CORP,bank,B4TYDEB6GKMZO031MB27,480228,1073757,3510,B4TYDEB6GKMZO031MB27,2020,https://files.ffiec.cfpb.gov/static-data/snapshot/2020/2020_public_panel_csv.zip,,,manual,Codex (individual identity/evidence review; not independent human review),2026-09-26,https://api.fdic.gov/banks/institutions
hmda,"Bank of America, National Association",,EC2C27F26E8F0,BANK OF AMERICA CORP,bank,B4TYDEB6GKMZO031MB27,480228,1073757,3510,B4TYDEB6GKMZO031MB27,2021,https://files.ffiec.cfpb.gov/static-data/snapshot/2021/2021_public_panel_csv.zip,,,manual,Codex (individual identity/evidence review; not independent human review),2026-09-26,https://api.fdic.gov/banks/institutions
hmda,"Bank of America, National Association",,EC2C27F26E8F0,BANK OF AMERICA CORP,bank,B4TYDEB6GKMZO031MB27,480228,1073757,3510,B4TYDEB6GKMZO031MB27,2022,https://files.ffiec.cfpb.gov/static-data/snapshot/2022/2022_public_panel_csv.zip,,,manual,Codex (individual identity/evidence review; not independent human review),2026-09-26,https://api.fdic.gov/banks/institutions
hmda,"Bank of America, National Association",,EC2C27F26E8F0,BANK OF AMERICA CORP,bank,B4TYDEB6GKMZO031MB27,480228,1073757,3510,B4TYDEB6GKMZO031MB27,2023,https://files.ffiec.cfpb.gov/static-data/snapshot/2023/2023_public_panel_csv.zip,,,manual,Codex (individual identity/evidence review; not independent human review),2026-09-26,https://api.fdic.gov/banks/institutions
hmda,Bank of America NA,,EC2C27F26E8F0,BANK OF AMERICA CORP,bank,B4TYDEB6GKMZO031MB27,,1073757,,B4TYDEB6GKMZO031MB27,2024,https://files.ffiec.cfpb.gov/static-data/snapshot/2024/2024_public_ts_csv.zip,,,manual,Codex (individual identity/evidence review; not independent human review),2026-09-26,https://api.fdic.gov/banks/institutions
hmda,Bank of America NA,,EC2C27F26E8F0,BANK OF AMERICA CORP,bank,B4TYDEB6GKMZO031MB27,,1073757,,B4TYDEB6GKMZO031MB27,2025,https://files.ffiec.cfpb.gov/static-data/snapshot/2025/2025_public_ts_csv.zip,,,manual,Codex (individual identity/evidence review; not independent human review),2026-09-26,https://api.fdic.gov/banks/institutions
fdic_name,"Bank of America, National Association",,EC2C27F26E8F0,BANK OF AMERICA CORP,bank,,480228,1073757,3510,,2026,https://api.fdic.gov/banks/institutions,,,manual,Codex (individual identity/evidence review; not independent human review),2026-09-26,https://api.fdic.gov/banks/institutions
fdic_namehcr,BANK OF AMERICA CORP,,EC2C27F26E8F0,BANK OF AMERICA CORP,bank,,480228,1073757,3510,,2026,https://api.fdic.gov/banks/institutions,,,manual,Codex (individual identity/evidence review; not independent human review),2026-09-26,https://api.fdic.gov/banks/institutions
fdic_name,"Bank of America California, National Association",,EC2C27F26E8F0,BANK OF AMERICA CORP,bank,,1443266,1073757,25178,,2026,https://api.fdic.gov/banks/institutions,,,manual,Codex (individual identity/evidence review; not independent human review),2026-09-26,https://api.fdic.gov/banks/institutions
fdic_namehcr,BANK OF AMERICA CORP,,EC2C27F26E8F0,BANK OF AMERICA CORP,bank,,1443266,1073757,25178,,2026,https://api.fdic.gov/banks/institutions,,,manual,Codex (individual identity/evidence review; not independent human review),2026-09-26,https://api.fdic.gov/banks/institutions
hmda,"JPMorgan Chase Bank, National Association",,EB426F57A0F60,JPMORGAN CHASE&CO,bank,7H6GLXDRUGQFU57RNE97,852218,1039502,628,7H6GLXDRUGQFU57RNE97,2018,https://files.ffiec.cfpb.gov/static-data/snapshot/2018/2018_public_panel_csv.zip,,,manual,Codex (individual identity/evidence review; not independent human review),2026-09-26,https://api.fdic.gov/banks/institutions
hmda,"JPMorgan Chase Bank, National Association",,EB426F57A0F60,JPMORGAN CHASE&CO,bank,7H6GLXDRUGQFU57RNE97,852218,1039502,628,7H6GLXDRUGQFU57RNE97,2019,https://files.ffiec.cfpb.gov/static-data/snapshot/2019/2019_public_panel_csv.zip,,,manual,Codex (individual identity/evidence review; not independent human review),2026-09-26,https://api.fdic.gov/banks/institutions
hmda,"JPMorgan Chase Bank, National Association",,EB426F57A0F60,JPMORGAN CHASE&CO,bank,7H6GLXDRUGQFU57RNE97,852218,1039502,628,7H6GLXDRUGQFU57RNE97,2020,https://files.ffiec.cfpb.gov/static-data/snapshot/2020/2020_public_panel_csv.zip,,,manual,Codex (individual identity/evidence review; not independent human review),2026-09-26,https://api.fdic.gov/banks/institutions
hmda,"JPMorgan Chase Bank, National Association",,EB426F57A0F60,JPMORGAN CHASE&CO,bank,7H6GLXDRUGQFU57RNE97,852218,1039502,628,7H6GLXDRUGQFU57RNE97,2021,https://files.ffiec.cfpb.gov/static-data/snapshot/2021/2021_public_panel_csv.zip,,,manual,Codex (individual identity/evidence review; not independent human review),2026-09-26,https://api.fdic.gov/banks/institutions
hmda,"JPMorgan Chase Bank, National Association",,EB426F57A0F60,JPMORGAN CHASE&CO,bank,7H6GLXDRUGQFU57RNE97,852218,1039502,628,7H6GLXDRUGQFU57RNE97,2022,https://files.ffiec.cfpb.gov/static-data/snapshot/2022/2022_public_panel_csv.zip,,,manual,Codex (individual identity/evidence review; not independent human review),2026-09-26,https://api.fdic.gov/banks/institutions
hmda,"JPMorgan Chase Bank, National Association",,EB426F57A0F60,JPMORGAN CHASE&CO,bank,7H6GLXDRUGQFU57RNE97,852218,1039502,628,7H6GLXDRUGQFU57RNE97,2023,https://files.ffiec.cfpb.gov/static-data/snapshot/2023/2023_public_panel_csv.zip,,,manual,Codex (individual identity/evidence review; not independent human review),2026-09-26,https://api.fdic.gov/banks/institutions
hmda,"JPMorgan Chase Bank, NA",,EB426F57A0F60,JPMORGAN CHASE&CO,bank,7H6GLXDRUGQFU57RNE97,,1039502,,7H6GLXDRUGQFU57RNE97,2024,https://files.ffiec.cfpb.gov/static-data/snapshot/2024/2024_public_ts_csv.zip,,,manual,Codex (individual identity/evidence review; not independent human review),2026-09-26,https://api.fdic.gov/banks/institutions
hmda,"JPMorgan Chase Bank, NA",,EB426F57A0F60,JPMORGAN CHASE&CO,bank,7H6GLXDRUGQFU57RNE97,,1039502,,7H6GLXDRUGQFU57RNE97,2025,https://files.ffiec.cfpb.gov/static-data/snapshot/2025/2025_public_ts_csv.zip,,,manual,Codex (individual identity/evidence review; not independent human review),2026-09-26,https://api.fdic.gov/banks/institutions
fdic_name,"JPMorgan Chase Bank, National Association",,EB426F57A0F60,JPMORGAN CHASE&CO,bank,,852218,1039502,628,,2026,https://api.fdic.gov/banks/institutions,,,manual,Codex (individual identity/evidence review; not independent human review),2026-09-26,https://api.fdic.gov/banks/institutions
fdic_namehcr,JPMORGAN CHASE&CO,,EB426F57A0F60,JPMORGAN CHASE&CO,bank,,852218,1039502,628,,2026,https://api.fdic.gov/banks/institutions,,,manual,Codex (individual identity/evidence review; not independent human review),2026-09-26,https://api.fdic.gov/banks/institutions
fdic_name,"JPMorgan Chase Bank, Dearborn",,EB426F57A0F60,JPMORGAN CHASE&CO,bank,,651448,1039502,21761,,2026,https://api.fdic.gov/banks/institutions,,,manual,Codex (individual identity/evidence review; not independent human review),2026-09-26,https://api.fdic.gov/banks/institutions
fdic_namehcr,JPMORGAN CHASE&CO,,EB426F57A0F60,JPMORGAN CHASE&CO,bank,,651448,1039502,21761,,2026,https://api.fdic.gov/banks/institutions,,,manual,Codex (individual identity/evidence review; not independent human review),2026-09-26,https://api.fdic.gov/banks/institutions
hmda,Nationstar Mortgage LLC,,E1FC3BC613A71,NATIONSTAR MORTGAGE LLC,nonbank_servicer,549300LBCBNR1OT00651,3935523,,,549300LBCBNR1OT00651,2018,https://files.ffiec.cfpb.gov/static-data/snapshot/2018/2018_public_panel_csv.zip,,,manual,Codex (individual identity/evidence review; not independent human review),2026-09-26,data/staging/stg_complaints.parquet
hmda,NATIONSTAR MORTGAGE LLC,,E1FC3BC613A71,NATIONSTAR MORTGAGE LLC,nonbank_servicer,549300LBCBNR1OT00651,3935523,,,549300LBCBNR1OT00651,2019,https://files.ffiec.cfpb.gov/static-data/snapshot/2019/2019_public_panel_csv.zip,,,manual,Codex (individual identity/evidence review; not independent human review),2026-09-26,data/staging/stg_complaints.parquet
hmda,NATIONSTAR MORTGAGE LLC,,E1FC3BC613A71,NATIONSTAR MORTGAGE LLC,nonbank_servicer,549300LBCBNR1OT00651,3935523,,,549300LBCBNR1OT00651,2020,https://files.ffiec.cfpb.gov/static-data/snapshot/2020/2020_public_panel_csv.zip,,,manual,Codex (individual identity/evidence review; not independent human review),2026-09-26,data/staging/stg_complaints.parquet
hmda,Nationstar Mortgage LLC,,E1FC3BC613A71,NATIONSTAR MORTGAGE LLC,nonbank_servicer,549300LBCBNR1OT00651,3935523,,,549300LBCBNR1OT00651,2021,https://files.ffiec.cfpb.gov/static-data/snapshot/2021/2021_public_panel_csv.zip,,,manual,Codex (individual identity/evidence review; not independent human review),2026-09-26,data/staging/stg_complaints.parquet
hmda,Nationstar Mortgage LLC,,E1FC3BC613A71,NATIONSTAR MORTGAGE LLC,nonbank_servicer,549300LBCBNR1OT00651,3935523,,,549300LBCBNR1OT00651,2022,https://files.ffiec.cfpb.gov/static-data/snapshot/2022/2022_public_panel_csv.zip,,,manual,Codex (individual identity/evidence review; not independent human review),2026-09-26,data/staging/stg_complaints.parquet
hmda,NATIONSTAR MORTGAGE LLC,,E1FC3BC613A71,NATIONSTAR MORTGAGE LLC,nonbank_servicer,549300LBCBNR1OT00651,,,,549300LBCBNR1OT00651,2023,https://files.ffiec.cfpb.gov/static-data/snapshot/2023/2023_public_panel_csv.zip,,,manual,Codex (individual identity/evidence review; not independent human review),2026-09-26,data/staging/stg_complaints.parquet
hmda,Nationstar Mortgage,,E1FC3BC613A71,NATIONSTAR MORTGAGE LLC,nonbank_servicer,549300LBCBNR1OT00651,,,,549300LBCBNR1OT00651,2024,https://files.ffiec.cfpb.gov/static-data/snapshot/2024/2024_public_ts_csv.zip,,,manual,Codex (individual identity/evidence review; not independent human review),2026-09-26,data/staging/stg_complaints.parquet
hmda,Nationstar Mortgage,,E1FC3BC613A71,NATIONSTAR MORTGAGE LLC,nonbank_servicer,549300LBCBNR1OT00651,,,,549300LBCBNR1OT00651,2025,https://files.ffiec.cfpb.gov/static-data/snapshot/2025/2025_public_ts_csv.zip,,,manual,Codex (individual identity/evidence review; not independent human review),2026-09-26,data/staging/stg_complaints.parquet
hmda,Ditech Financial LLC,,E30922865A8BB,Ditech Financial LLC,nonbank_servicer,5493003KZFGGEWCRH554,3861163,,,5493003KZFGGEWCRH554,2018,https://files.ffiec.cfpb.gov/static-data/snapshot/2018/2018_public_panel_csv.zip,,,manual,Codex (individual identity/evidence review; not independent human review),2026-09-26,data/staging/stg_complaints.parquet
hmda,Ditech Financial LLC,,E30922865A8BB,Ditech Financial LLC,nonbank_servicer,5493003KZFGGEWCRH554,3861163,,,5493003KZFGGEWCRH554,2019,https://files.ffiec.cfpb.gov/static-data/snapshot/2019/2019_public_panel_csv.zip,,,manual,Codex (individual identity/evidence review; not independent human review),2026-09-26,data/staging/stg_complaints.parquet
hmda,"Citibank, National Association",,EFEEA1A616991,CITIGROUP INC,bank,E57ODZWZ7FF32TWEFA76,476810,1951350,7213,E57ODZWZ7FF32TWEFA76,2018,https://files.ffiec.cfpb.gov/static-data/snapshot/2018/2018_public_panel_csv.zip,,,manual,Codex (individual identity/evidence review; not independent human review),2026-09-26,https://api.fdic.gov/banks/institutions
hmda,"Citibank, National Association",,EFEEA1A616991,CITIGROUP INC,bank,E57ODZWZ7FF32TWEFA76,476810,1951350,7213,E57ODZWZ7FF32TWEFA76,2019,https://files.ffiec.cfpb.gov/static-data/snapshot/2019/2019_public_panel_csv.zip,,,manual,Codex (individual identity/evidence review; not independent human review),2026-09-26,https://api.fdic.gov/banks/institutions
hmda,"Citibank, National Association",,EFEEA1A616991,CITIGROUP INC,bank,E57ODZWZ7FF32TWEFA76,476810,1951350,7213,E57ODZWZ7FF32TWEFA76,2020,https://files.ffiec.cfpb.gov/static-data/snapshot/2020/2020_public_panel_csv.zip,,,manual,Codex (individual identity/evidence review; not independent human review),2026-09-26,https://api.fdic.gov/banks/institutions
hmda,"Citibank, National Association",,EFEEA1A616991,CITIGROUP INC,bank,E57ODZWZ7FF32TWEFA76,476810,1951350,7213,E57ODZWZ7FF32TWEFA76,2021,https://files.ffiec.cfpb.gov/static-data/snapshot/2021/2021_public_panel_csv.zip,,,manual,Codex (individual identity/evidence review; not independent human review),2026-09-26,https://api.fdic.gov/banks/institutions
hmda,"Citibank, National Association",,EFEEA1A616991,CITIGROUP INC,bank,E57ODZWZ7FF32TWEFA76,476810,1951350,7213,E57ODZWZ7FF32TWEFA76,2022,https://files.ffiec.cfpb.gov/static-data/snapshot/2022/2022_public_panel_csv.zip,,,manual,Codex (individual identity/evidence review; not independent human review),2026-09-26,https://api.fdic.gov/banks/institutions
hmda,"Citibank, National Association",,EFEEA1A616991,CITIGROUP INC,bank,E57ODZWZ7FF32TWEFA76,476810,1951350,7213,E57ODZWZ7FF32TWEFA76,2023,https://files.ffiec.cfpb.gov/static-data/snapshot/2023/2023_public_panel_csv.zip,,,manual,Codex (individual identity/evidence review; not independent human review),2026-09-26,https://api.fdic.gov/banks/institutions
hmda,"Citibank, NA",,EFEEA1A616991,CITIGROUP INC,bank,E57ODZWZ7FF32TWEFA76,,1951350,,E57ODZWZ7FF32TWEFA76,2024,https://files.ffiec.cfpb.gov/static-data/snapshot/2024/2024_public_ts_csv.zip,,,manual,Codex (individual identity/evidence review; not independent human review),2026-09-26,https://api.fdic.gov/banks/institutions
hmda,"Citibank, NA",,EFEEA1A616991,CITIGROUP INC,bank,E57ODZWZ7FF32TWEFA76,,1951350,,E57ODZWZ7FF32TWEFA76,2025,https://files.ffiec.cfpb.gov/static-data/snapshot/2025/2025_public_ts_csv.zip,,,manual,Codex (individual identity/evidence review; not independent human review),2026-09-26,https://api.fdic.gov/banks/institutions
fdic_name,"Citibank, National Association",,EFEEA1A616991,CITIGROUP INC,bank,,476810,1951350,7213,,2026,https://api.fdic.gov/banks/institutions,,,manual,Codex (individual identity/evidence review; not independent human review),2026-09-26,https://api.fdic.gov/banks/institutions
fdic_namehcr,CITIGROUP INC,,EFEEA1A616991,CITIGROUP INC,bank,,476810,1951350,7213,,2026,https://api.fdic.gov/banks/institutions,,,manual,Codex (individual identity/evidence review; not independent human review),2026-09-26,https://api.fdic.gov/banks/institutions
hmda,FREEDOM MORTGAGE CORPORATION,,ED481C2307342,Freedom Mortgage Company,nonbank_originator,549300LYRWPSYPK6S325,3966116,,,549300LYRWPSYPK6S325,2018,https://files.ffiec.cfpb.gov/static-data/snapshot/2018/2018_public_panel_csv.zip,,,manual,Codex (individual identity/evidence review; not independent human review),2026-09-26,data/staging/stg_complaints.parquet
hmda,FREEDOM MORTGAGE CORPORATION,,ED481C2307342,Freedom Mortgage Company,nonbank_originator,549300LYRWPSYPK6S325,3966116,,,549300LYRWPSYPK6S325,2019,https://files.ffiec.cfpb.gov/static-data/snapshot/2019/2019_public_panel_csv.zip,,,manual,Codex (individual identity/evidence review; not independent human review),2026-09-26,data/staging/stg_complaints.parquet
hmda,FREEDOM MORTGAGE CORPORATION,,ED481C2307342,Freedom Mortgage Company,nonbank_originator,549300LYRWPSYPK6S325,3966116,,,549300LYRWPSYPK6S325,2020,https://files.ffiec.cfpb.gov/static-data/snapshot/2020/2020_public_panel_csv.zip,,,manual,Codex (individual identity/evidence review; not independent human review),2026-09-26,data/staging/stg_complaints.parquet
hmda,FREEDOM MORTGAGE CORPORATION,,ED481C2307342,Freedom Mortgage Company,nonbank_originator,549300LYRWPSYPK6S325,3966116,,,549300LYRWPSYPK6S325,2021,https://files.ffiec.cfpb.gov/static-data/snapshot/2021/2021_public_panel_csv.zip,,,manual,Codex (individual identity/evidence review; not independent human review),2026-09-26,data/staging/stg_complaints.parquet
hmda,FREEDOM MORTGAGE CORPORATION,,ED481C2307342,Freedom Mortgage Company,nonbank_originator,549300LYRWPSYPK6S325,3966116,,,549300LYRWPSYPK6S325,2022,https://files.ffiec.cfpb.gov/static-data/snapshot/2022/2022_public_panel_csv.zip,,,manual,Codex (individual identity/evidence review; not independent human review),2026-09-26,data/staging/stg_complaints.parquet
hmda,FREEDOM MORTGAGE CORPORATION,,ED481C2307342,Freedom Mortgage Company,nonbank_originator,549300LYRWPSYPK6S325,3966116,,,549300LYRWPSYPK6S325,2023,https://files.ffiec.cfpb.gov/static-data/snapshot/2023/2023_public_panel_csv.zip,,,manual,Codex (individual identity/evidence review; not independent human review),2026-09-26,data/staging/stg_complaints.parquet
hmda,FREEDOM MORTGAGE CORPORATION,,ED481C2307342,Freedom Mortgage Company,nonbank_originator,549300LYRWPSYPK6S325,,,,549300LYRWPSYPK6S325,2024,https://files.ffiec.cfpb.gov/static-data/snapshot/2024/2024_public_ts_csv.zip,,,manual,Codex (individual identity/evidence review; not independent human review),2026-09-26,data/staging/stg_complaints.parquet
hmda,FREEDOM MORTGAGE CORPORATION,,ED481C2307342,Freedom Mortgage Company,nonbank_originator,549300LYRWPSYPK6S325,,,,549300LYRWPSYPK6S325,2025,https://files.ffiec.cfpb.gov/static-data/snapshot/2025/2025_public_ts_csv.zip,,,manual,Codex (individual identity/evidence review; not independent human review),2026-09-26,data/staging/stg_complaints.parquet
hmda,U.S. Bank National Association,,E9924BD19EECC,U S BCORP,bank,6BYL5QZYBDK8S7L73M02,504713,1119794,6548,6BYL5QZYBDK8S7L73M02,2018,https://files.ffiec.cfpb.gov/static-data/snapshot/2018/2018_public_panel_csv.zip,,,manual,Codex (individual identity/evidence review; not independent human review),2026-09-26,https://api.fdic.gov/banks/institutions
hmda,U.S. Bank National Association,,E9924BD19EECC,U S BCORP,bank,6BYL5QZYBDK8S7L73M02,504713,1119794,6548,6BYL5QZYBDK8S7L73M02,2019,https://files.ffiec.cfpb.gov/static-data/snapshot/2019/2019_public_panel_csv.zip,,,manual,Codex (individual identity/evidence review; not independent human review),2026-09-26,https://api.fdic.gov/banks/institutions
hmda,U.S. Bank National Association,,E9924BD19EECC,U S BCORP,bank,6BYL5QZYBDK8S7L73M02,504713,1119794,6548,6BYL5QZYBDK8S7L73M02,2020,https://files.ffiec.cfpb.gov/static-data/snapshot/2020/2020_public_panel_csv.zip,,,manual,Codex (individual identity/evidence review; not independent human review),2026-09-26,https://api.fdic.gov/banks/institutions
hmda,U.S. Bank National Association,,E9924BD19EECC,U S BCORP,bank,6BYL5QZYBDK8S7L73M02,504713,1119794,6548,6BYL5QZYBDK8S7L73M02,2021,https://files.ffiec.cfpb.gov/static-data/snapshot/2021/2021_public_panel_csv.zip,,,manual,Codex (individual identity/evidence review; not independent human review),2026-09-26,https://api.fdic.gov/banks/institutions
hmda,U.S. Bank National Association,,E9924BD19EECC,U S BCORP,bank,6BYL5QZYBDK8S7L73M02,504713,1119794,6548,6BYL5QZYBDK8S7L73M02,2022,https://files.ffiec.cfpb.gov/static-data/snapshot/2022/2022_public_panel_csv.zip,,,manual,Codex (individual identity/evidence review; not independent human review),2026-09-26,https://api.fdic.gov/banks/institutions
hmda,U.S. Bank National Association,,E9924BD19EECC,U S BCORP,bank,6BYL5QZYBDK8S7L73M02,504713,1119794,6548,6BYL5QZYBDK8S7L73M02,2023,https://files.ffiec.cfpb.gov/static-data/snapshot/2023/2023_public_panel_csv.zip,,,manual,Codex (individual identity/evidence review; not independent human review),2026-09-26,https://api.fdic.gov/banks/institutions
hmda,"US BANK, N.A.",,E9924BD19EECC,U S BCORP,bank,6BYL5QZYBDK8S7L73M02,,1119794,,6BYL5QZYBDK8S7L73M02,2024,https://files.ffiec.cfpb.gov/static-data/snapshot/2024/2024_public_ts_csv.zip,,,manual,Codex (individual identity/evidence review; not independent human review),2026-09-26,https://api.fdic.gov/banks/institutions
hmda,"US BANK, N.A.",,E9924BD19EECC,U S BCORP,bank,6BYL5QZYBDK8S7L73M02,,1119794,,6BYL5QZYBDK8S7L73M02,2025,https://files.ffiec.cfpb.gov/static-data/snapshot/2025/2025_public_ts_csv.zip,,,manual,Codex (individual identity/evidence review; not independent human review),2026-09-26,https://api.fdic.gov/banks/institutions
fdic_name,U.S. Bank National Association,,E9924BD19EECC,U S BCORP,bank,,504713,1119794,6548,,2026,https://api.fdic.gov/banks/institutions,,,manual,Codex (individual identity/evidence review; not independent human review),2026-09-26,https://api.fdic.gov/banks/institutions
fdic_namehcr,U S BCORP,,E9924BD19EECC,U S BCORP,bank,,504713,1119794,6548,,2026,https://api.fdic.gov/banks/institutions,,,manual,Codex (individual identity/evidence review; not independent human review),2026-09-26,https://api.fdic.gov/banks/institutions
hmda,Specialized Loan Servicing LLC,,EFB32B9881EC7,Specialized Loan Servicing Holdings LLC,nonbank_servicer,549300QSUEE20YO86W39,,,,549300QSUEE20YO86W39,2020,https://files.ffiec.cfpb.gov/static-data/snapshot/2020/2020_public_panel_csv.zip,,,manual,Codex (individual identity/evidence review; not independent human review),2026-09-26,data/staging/stg_complaints.parquet
hmda,Specialized Loan Servicing LLC,,EFB32B9881EC7,Specialized Loan Servicing Holdings LLC,nonbank_servicer,549300QSUEE20YO86W39,,,,549300QSUEE20YO86W39,2021,https://files.ffiec.cfpb.gov/static-data/snapshot/2021/2021_public_panel_csv.zip,,,manual,Codex (individual identity/evidence review; not independent human review),2026-09-26,data/staging/stg_complaints.parquet
hmda,Specialized Loan Servicing LLC,,EFB32B9881EC7,Specialized Loan Servicing Holdings LLC,nonbank_servicer,549300QSUEE20YO86W39,,,,549300QSUEE20YO86W39,2022,https://files.ffiec.cfpb.gov/static-data/snapshot/2022/2022_public_panel_csv.zip,,,manual,Codex (individual identity/evidence review; not independent human review),2026-09-26,data/staging/stg_complaints.parquet
hmda,SPECIALIZED LOAN SERVICING LLC,,EFB32B9881EC7,Specialized Loan Servicing Holdings LLC,nonbank_servicer,549300QSUEE20YO86W39,,,,549300QSUEE20YO86W39,2023,https://files.ffiec.cfpb.gov/static-data/snapshot/2023/2023_public_panel_csv.zip,,,manual,Codex (individual identity/evidence review; not independent human review),2026-09-26,data/staging/stg_complaints.parquet
hmda,Quicken Loans Inc.,,E1583D8BF9434,"Rocket Mortgage, LLC",nonbank_originator,549300FGXN1K3HLB1R50,3870679,,,549300FGXN1K3HLB1R50,2018,https://files.ffiec.cfpb.gov/static-data/snapshot/2018/2018_public_panel_csv.zip,,,manual,Codex (individual identity/evidence review; not independent human review),2026-09-26,data/staging/stg_complaints.parquet
hmda,"QUICKEN LOANS, LLC",,E1583D8BF9434,"Rocket Mortgage, LLC",nonbank_originator,549300FGXN1K3HLB1R50,3870679,,,549300FGXN1K3HLB1R50,2019,https://files.ffiec.cfpb.gov/static-data/snapshot/2019/2019_public_panel_csv.zip,,,manual,Codex (individual identity/evidence review; not independent human review),2026-09-26,data/staging/stg_complaints.parquet
hmda,"QUICKEN LOANS, LLC",,E1583D8BF9434,"Rocket Mortgage, LLC",nonbank_originator,549300FGXN1K3HLB1R50,3870679,,,549300FGXN1K3HLB1R50,2020,https://files.ffiec.cfpb.gov/static-data/snapshot/2020/2020_public_panel_csv.zip,,,manual,Codex (individual identity/evidence review; not independent human review),2026-09-26,data/staging/stg_complaints.parquet
hmda,"Rocket Mortgage, LLC",,E1583D8BF9434,"Rocket Mortgage, LLC",nonbank_originator,549300FGXN1K3HLB1R50,3870679,,,549300FGXN1K3HLB1R50,2021,https://files.ffiec.cfpb.gov/static-data/snapshot/2021/2021_public_panel_csv.zip,,,manual,Codex (individual identity/evidence review; not independent human review),2026-09-26,data/staging/stg_complaints.parquet
hmda,"Rocket Mortgage, LLC",,E1583D8BF9434,"Rocket Mortgage, LLC",nonbank_originator,549300FGXN1K3HLB1R50,3870679,,,549300FGXN1K3HLB1R50,2022,https://files.ffiec.cfpb.gov/static-data/snapshot/2022/2022_public_panel_csv.zip,,,manual,Codex (individual identity/evidence review; not independent human review),2026-09-26,data/staging/stg_complaints.parquet
hmda,"ROCKET MORTGAGE, LLC",,E1583D8BF9434,"Rocket Mortgage, LLC",nonbank_originator,549300FGXN1K3HLB1R50,3870679,,,549300FGXN1K3HLB1R50,2023,https://files.ffiec.cfpb.gov/static-data/snapshot/2023/2023_public_panel_csv.zip,,,manual,Codex (individual identity/evidence review; not independent human review),2026-09-26,data/staging/stg_complaints.parquet
hmda,ROCKET MORTGAGE,,E1583D8BF9434,"Rocket Mortgage, LLC",nonbank_originator,549300FGXN1K3HLB1R50,,,,549300FGXN1K3HLB1R50,2024,https://files.ffiec.cfpb.gov/static-data/snapshot/2024/2024_public_ts_csv.zip,,,manual,Codex (individual identity/evidence review; not independent human review),2026-09-26,data/staging/stg_complaints.parquet
hmda,ROCKET MORTGAGE,,E1583D8BF9434,"Rocket Mortgage, LLC",nonbank_originator,549300FGXN1K3HLB1R50,,,,549300FGXN1K3HLB1R50,2025,https://files.ffiec.cfpb.gov/static-data/snapshot/2025/2025_public_ts_csv.zip,,,manual,Codex (individual identity/evidence review; not independent human review),2026-09-26,data/staging/stg_complaints.parquet
hmda,"PNC Bank, National Association",,EC88D0EDB5407,PNC FINL SERVICES GROUP INC,bank,AD6GFRVSDT01YPT1CS68,817824,1069778,6384,AD6GFRVSDT01YPT1CS68,2018,https://files.ffiec.cfpb.gov/static-data/snapshot/2018/2018_public_panel_csv.zip,,,manual,Codex (individual identity/evidence review; not independent human review),2026-09-26,https://api.fdic.gov/banks/institutions
hmda,"PNC Bank, National Association",,EC88D0EDB5407,PNC FINL SERVICES GROUP INC,bank,AD6GFRVSDT01YPT1CS68,817824,1069778,6384,AD6GFRVSDT01YPT1CS68,2019,https://files.ffiec.cfpb.gov/static-data/snapshot/2019/2019_public_panel_csv.zip,,,manual,Codex (individual identity/evidence review; not independent human review),2026-09-26,https://api.fdic.gov/banks/institutions
hmda,"PNC Bank, National Association",,EC88D0EDB5407,PNC FINL SERVICES GROUP INC,bank,AD6GFRVSDT01YPT1CS68,817824,1069778,6384,AD6GFRVSDT01YPT1CS68,2020,https://files.ffiec.cfpb.gov/static-data/snapshot/2020/2020_public_panel_csv.zip,,,manual,Codex (individual identity/evidence review; not independent human review),2026-09-26,https://api.fdic.gov/banks/institutions
hmda,"PNC Bank, National Association",,EC88D0EDB5407,PNC FINL SERVICES GROUP INC,bank,AD6GFRVSDT01YPT1CS68,817824,1069778,6384,AD6GFRVSDT01YPT1CS68,2021,https://files.ffiec.cfpb.gov/static-data/snapshot/2021/2021_public_panel_csv.zip,,,manual,Codex (individual identity/evidence review; not independent human review),2026-09-26,https://api.fdic.gov/banks/institutions
hmda,"PNC Bank, National Association",,EC88D0EDB5407,PNC FINL SERVICES GROUP INC,bank,AD6GFRVSDT01YPT1CS68,817824,1069778,6384,AD6GFRVSDT01YPT1CS68,2022,https://files.ffiec.cfpb.gov/static-data/snapshot/2022/2022_public_panel_csv.zip,,,manual,Codex (individual identity/evidence review; not independent human review),2026-09-26,https://api.fdic.gov/banks/institutions
hmda,"PNC Bank, National Association",,EC88D0EDB5407,PNC FINL SERVICES GROUP INC,bank,AD6GFRVSDT01YPT1CS68,817824,1069778,6384,AD6GFRVSDT01YPT1CS68,2023,https://files.ffiec.cfpb.gov/static-data/snapshot/2023/2023_public_panel_csv.zip,,,manual,Codex (individual identity/evidence review; not independent human review),2026-09-26,https://api.fdic.gov/banks/institutions
hmda,PNC BANK N.A.,,EC88D0EDB5407,PNC FINL SERVICES GROUP INC,bank,AD6GFRVSDT01YPT1CS68,,1069778,,AD6GFRVSDT01YPT1CS68,2024,https://files.ffiec.cfpb.gov/static-data/snapshot/2024/2024_public_ts_csv.zip,,,manual,Codex (individual identity/evidence review; not independent human review),2026-09-26,https://api.fdic.gov/banks/institutions
hmda,PNC BANK N.A.,,EC88D0EDB5407,PNC FINL SERVICES GROUP INC,bank,AD6GFRVSDT01YPT1CS68,,1069778,,AD6GFRVSDT01YPT1CS68,2025,https://files.ffiec.cfpb.gov/static-data/snapshot/2025/2025_public_ts_csv.zip,,,manual,Codex (individual identity/evidence review; not independent human review),2026-09-26,https://api.fdic.gov/banks/institutions
fdic_name,"PNC Bank, National Association",,EC88D0EDB5407,PNC FINL SERVICES GROUP INC,bank,,817824,1069778,6384,,2026,https://api.fdic.gov/banks/institutions,,,manual,Codex (individual identity/evidence review; not independent human review),2026-09-26,https://api.fdic.gov/banks/institutions
fdic_namehcr,PNC FINL SERVICES GROUP INC,,EC88D0EDB5407,PNC FINL SERVICES GROUP INC,bank,,817824,1069778,6384,,2026,https://api.fdic.gov/banks/institutions,,,manual,Codex (individual identity/evidence review; not independent human review),2026-09-26,https://api.fdic.gov/banks/institutions
hmda,"Carrington Mortgage Services, LLC",,E204727426645,"CARRINGTON MORTGAGE SERVICES, LLC",nonbank_servicer,549300R9S3MVDV4MGF56,4438179,,,549300R9S3MVDV4MGF56,2018,https://files.ffiec.cfpb.gov/static-data/snapshot/2018/2018_public_panel_csv.zip,,,manual,Codex (individual identity/evidence review; not independent human review),2026-09-26,data/staging/stg_complaints.parquet
hmda,"Carrington Mortgage Services, LLC",,E204727426645,"CARRINGTON MORTGAGE SERVICES, LLC",nonbank_servicer,549300R9S3MVDV4MGF56,4438179,,,549300R9S3MVDV4MGF56,2019,https://files.ffiec.cfpb.gov/static-data/snapshot/2019/2019_public_panel_csv.zip,,,manual,Codex (individual identity/evidence review; not independent human review),2026-09-26,data/staging/stg_complaints.parquet
hmda,"Carrington Mortgage Services, LLC",,E204727426645,"CARRINGTON MORTGAGE SERVICES, LLC",nonbank_servicer,549300R9S3MVDV4MGF56,4438179,,,549300R9S3MVDV4MGF56,2020,https://files.ffiec.cfpb.gov/static-data/snapshot/2020/2020_public_panel_csv.zip,,,manual,Codex (individual identity/evidence review; not independent human review),2026-09-26,data/staging/stg_complaints.parquet
hmda,"Carrington Mortgage Services, LLC",,E204727426645,"CARRINGTON MORTGAGE SERVICES, LLC",nonbank_servicer,549300R9S3MVDV4MGF56,4438179,,,549300R9S3MVDV4MGF56,2021,https://files.ffiec.cfpb.gov/static-data/snapshot/2021/2021_public_panel_csv.zip,,,manual,Codex (individual identity/evidence review; not independent human review),2026-09-26,data/staging/stg_complaints.parquet
hmda,"Carrington Mortgage Services, LLC",,E204727426645,"CARRINGTON MORTGAGE SERVICES, LLC",nonbank_servicer,549300R9S3MVDV4MGF56,4438179,,,549300R9S3MVDV4MGF56,2022,https://files.ffiec.cfpb.gov/static-data/snapshot/2022/2022_public_panel_csv.zip,,,manual,Codex (individual identity/evidence review; not independent human review),2026-09-26,data/staging/stg_complaints.parquet
hmda,"CARRINGTON MORTGAGE SERVICES, LLC",,E204727426645,"CARRINGTON MORTGAGE SERVICES, LLC",nonbank_servicer,549300R9S3MVDV4MGF56,4438179,,,549300R9S3MVDV4MGF56,2023,https://files.ffiec.cfpb.gov/static-data/snapshot/2023/2023_public_panel_csv.zip,,,manual,Codex (individual identity/evidence review; not independent human review),2026-09-26,data/staging/stg_complaints.parquet
hmda,Carrington Mortgage Services L,,E204727426645,"CARRINGTON MORTGAGE SERVICES, LLC",nonbank_servicer,549300R9S3MVDV4MGF56,,,,549300R9S3MVDV4MGF56,2024,https://files.ffiec.cfpb.gov/static-data/snapshot/2024/2024_public_ts_csv.zip,,,manual,Codex (individual identity/evidence review; not independent human review),2026-09-26,data/staging/stg_complaints.parquet
hmda,Carrington Mortgage Services LLC,,E204727426645,"CARRINGTON MORTGAGE SERVICES, LLC",nonbank_servicer,549300R9S3MVDV4MGF56,,,,549300R9S3MVDV4MGF56,2025,https://files.ffiec.cfpb.gov/static-data/snapshot/2025/2025_public_ts_csv.zip,,,manual,Codex (individual identity/evidence review; not independent human review),2026-09-26,data/staging/stg_complaints.parquet
hmda,"PENNYMAC LOAN SERVICES, LLC",,E06161BBFB0B1,"PENNYMAC LOAN SERVICES, LLC.",nonbank_servicer,RVDPPPGHCGZ40J4VQ731,4186591,,,RVDPPPGHCGZ40J4VQ731,2018,https://files.ffiec.cfpb.gov/static-data/snapshot/2018/2018_public_panel_csv.zip,,,manual,Codex (individual identity/evidence review; not independent human review),2026-09-26,data/staging/stg_complaints.parquet
hmda,"PENNYMAC LOAN SERVICES, LLC",,E06161BBFB0B1,"PENNYMAC LOAN SERVICES, LLC.",nonbank_servicer,RVDPPPGHCGZ40J4VQ731,4186591,,,RVDPPPGHCGZ40J4VQ731,2019,https://files.ffiec.cfpb.gov/static-data/snapshot/2019/2019_public_panel_csv.zip,,,manual,Codex (individual identity/evidence review; not independent human review),2026-09-26,data/staging/stg_complaints.parquet
hmda,"PENNYMAC LOAN SERVICES, LLC",,E06161BBFB0B1,"PENNYMAC LOAN SERVICES, LLC.",nonbank_servicer,RVDPPPGHCGZ40J4VQ731,4186591,,,RVDPPPGHCGZ40J4VQ731,2020,https://files.ffiec.cfpb.gov/static-data/snapshot/2020/2020_public_panel_csv.zip,,,manual,Codex (individual identity/evidence review; not independent human review),2026-09-26,data/staging/stg_complaints.parquet
hmda,"PENNYMAC LOAN SERVICES, LLC",,E06161BBFB0B1,"PENNYMAC LOAN SERVICES, LLC.",nonbank_servicer,RVDPPPGHCGZ40J4VQ731,4186591,,,RVDPPPGHCGZ40J4VQ731,2021,https://files.ffiec.cfpb.gov/static-data/snapshot/2021/2021_public_panel_csv.zip,,,manual,Codex (individual identity/evidence review; not independent human review),2026-09-26,data/staging/stg_complaints.parquet
hmda,"PENNYMAC LOAN SERVICES, LLC",,E06161BBFB0B1,"PENNYMAC LOAN SERVICES, LLC.",nonbank_servicer,RVDPPPGHCGZ40J4VQ731,4186591,,,RVDPPPGHCGZ40J4VQ731,2022,https://files.ffiec.cfpb.gov/static-data/snapshot/2022/2022_public_panel_csv.zip,,,manual,Codex (individual identity/evidence review; not independent human review),2026-09-26,data/staging/stg_complaints.parquet
hmda,"PENNYMAC LOAN SERVICES, LLC",,E06161BBFB0B1,"PENNYMAC LOAN SERVICES, LLC.",nonbank_servicer,RVDPPPGHCGZ40J4VQ731,4186591,,,RVDPPPGHCGZ40J4VQ731,2023,https://files.ffiec.cfpb.gov/static-data/snapshot/2023/2023_public_panel_csv.zip,,,manual,Codex (individual identity/evidence review; not independent human review),2026-09-26,data/staging/stg_complaints.parquet
hmda,PENNYMAC LOAN SERVICES LLC,,E06161BBFB0B1,"PENNYMAC LOAN SERVICES, LLC.",nonbank_servicer,RVDPPPGHCGZ40J4VQ731,,,,RVDPPPGHCGZ40J4VQ731,2024,https://files.ffiec.cfpb.gov/static-data/snapshot/2024/2024_public_ts_csv.zip,,,manual,Codex (individual identity/evidence review; not independent human review),2026-09-26,data/staging/stg_complaints.parquet
hmda,PENNYMAC LOAN SERVICES LLC,,E06161BBFB0B1,"PENNYMAC LOAN SERVICES, LLC.",nonbank_servicer,RVDPPPGHCGZ40J4VQ731,,,,RVDPPPGHCGZ40J4VQ731,2025,https://files.ffiec.cfpb.gov/static-data/snapshot/2025/2025_public_ts_csv.zip,,,manual,Codex (individual identity/evidence review; not independent human review),2026-09-26,data/staging/stg_complaints.parquet
hmda,"HSBC BANK USA, NATIONAL ASSOCIATION",,E5571C16499FD,HSBC HOLDINGS PLC,bank,1IE8VN30JCEQV1H4R804,413208,1857108,57890,1IE8VN30JCEQV1H4R804,2018,https://files.ffiec.cfpb.gov/static-data/snapshot/2018/2018_public_panel_csv.zip,,,manual,Codex (individual identity/evidence review; not independent human review),2026-09-26,https://api.fdic.gov/banks/institutions
hmda,"HSBC BANK USA, NATIONAL ASSOCIATION",,E5571C16499FD,HSBC HOLDINGS PLC,bank,1IE8VN30JCEQV1H4R804,413208,1857108,57890,1IE8VN30JCEQV1H4R804,2019,https://files.ffiec.cfpb.gov/static-data/snapshot/2019/2019_public_panel_csv.zip,,,manual,Codex (individual identity/evidence review; not independent human review),2026-09-26,https://api.fdic.gov/banks/institutions
hmda,"HSBC BANK USA, NATIONAL ASSOCIATION",,E5571C16499FD,HSBC HOLDINGS PLC,bank,1IE8VN30JCEQV1H4R804,413208,1857108,57890,1IE8VN30JCEQV1H4R804,2020,https://files.ffiec.cfpb.gov/static-data/snapshot/2020/2020_public_panel_csv.zip,,,manual,Codex (individual identity/evidence review; not independent human review),2026-09-26,https://api.fdic.gov/banks/institutions
hmda,"HSBC BANK USA, NATIONAL ASSOCIATION",,E5571C16499FD,HSBC HOLDINGS PLC,bank,1IE8VN30JCEQV1H4R804,413208,1857108,57890,1IE8VN30JCEQV1H4R804,2021,https://files.ffiec.cfpb.gov/static-data/snapshot/2021/2021_public_panel_csv.zip,,,manual,Codex (individual identity/evidence review; not independent human review),2026-09-26,https://api.fdic.gov/banks/institutions
hmda,"HSBC BANK USA, NATIONAL ASSOCIATION",,E5571C16499FD,HSBC HOLDINGS PLC,bank,1IE8VN30JCEQV1H4R804,413208,1857108,57890,1IE8VN30JCEQV1H4R804,2022,https://files.ffiec.cfpb.gov/static-data/snapshot/2022/2022_public_panel_csv.zip,,,manual,Codex (individual identity/evidence review; not independent human review),2026-09-26,https://api.fdic.gov/banks/institutions
hmda,"HSBC BANK USA, NATIONAL ASSOCIATION",,E5571C16499FD,HSBC HOLDINGS PLC,bank,1IE8VN30JCEQV1H4R804,413208,1857108,57890,1IE8VN30JCEQV1H4R804,2023,https://files.ffiec.cfpb.gov/static-data/snapshot/2023/2023_public_panel_csv.zip,,,manual,Codex (individual identity/evidence review; not independent human review),2026-09-26,https://api.fdic.gov/banks/institutions
hmda,"HSBC BANK USA, NA",,E5571C16499FD,HSBC HOLDINGS PLC,bank,1IE8VN30JCEQV1H4R804,,1857108,,1IE8VN30JCEQV1H4R804,2024,https://files.ffiec.cfpb.gov/static-data/snapshot/2024/2024_public_ts_csv.zip,,,manual,Codex (individual identity/evidence review; not independent human review),2026-09-26,https://api.fdic.gov/banks/institutions
hmda,"HSBC BANK USA, NA",,E5571C16499FD,HSBC HOLDINGS PLC,bank,1IE8VN30JCEQV1H4R804,,1857108,,1IE8VN30JCEQV1H4R804,2025,https://files.ffiec.cfpb.gov/static-data/snapshot/2025/2025_public_ts_csv.zip,,,manual,Codex (individual identity/evidence review; not independent human review),2026-09-26,https://api.fdic.gov/banks/institutions
fdic_name,"HSBC Bank USA, National Association",,E5571C16499FD,HSBC HOLDINGS PLC,bank,,413208,1857108,57890,,2026,https://api.fdic.gov/banks/institutions,,,manual,Codex (individual identity/evidence review; not independent human review),2026-09-26,https://api.fdic.gov/banks/institutions
fdic_namehcr,HSBC HOLDINGS PLC,,E5571C16499FD,HSBC HOLDINGS PLC,bank,,413208,1857108,57890,,2026,https://api.fdic.gov/banks/institutions,,,manual,Codex (individual identity/evidence review; not independent human review),2026-09-26,https://api.fdic.gov/banks/institutions
fdic_name,"HSBC Trust Company (Delaware), National Association",,E5571C16499FD,HSBC HOLDINGS PLC,bank,,3357620,1857108,58188,,2026,https://api.fdic.gov/banks/institutions,,,manual,Codex (individual identity/evidence review; not independent human review),2026-09-26,https://api.fdic.gov/banks/institutions
fdic_namehcr,HSBC HOLDINGS PLC,,E5571C16499FD,HSBC HOLDINGS PLC,bank,,3357620,1857108,58188,,2026,https://api.fdic.gov/banks/institutions,,,manual,Codex (individual identity/evidence review; not independent human review),2026-09-26,https://api.fdic.gov/banks/institutions
hmda,"Caliber Home Loans, Inc.",,EB2B27823D171,"Caliber Home Loans, Inc.",nonbank_originator,549300J7XKT2BI5WX213,3871519,,,549300J7XKT2BI5WX213,2018,https://files.ffiec.cfpb.gov/static-data/snapshot/2018/2018_public_panel_csv.zip,,,manual,Codex (individual identity/evidence review; not independent human review),2026-09-26,data/staging/stg_complaints.parquet
hmda,"CALIBER HOME LOANS, INC.",,EB2B27823D171,"Caliber Home Loans, Inc.",nonbank_originator,549300J7XKT2BI5WX213,3871519,,,549300J7XKT2BI5WX213,2019,https://files.ffiec.cfpb.gov/static-data/snapshot/2019/2019_public_panel_csv.zip,,,manual,Codex (individual identity/evidence review; not independent human review),2026-09-26,data/staging/stg_complaints.parquet
hmda,"CALIBER HOME LOANS, INC.",,EB2B27823D171,"Caliber Home Loans, Inc.",nonbank_originator,549300J7XKT2BI5WX213,3871519,,,549300J7XKT2BI5WX213,2020,https://files.ffiec.cfpb.gov/static-data/snapshot/2020/2020_public_panel_csv.zip,,,manual,Codex (individual identity/evidence review; not independent human review),2026-09-26,data/staging/stg_complaints.parquet
hmda,"Caliber Home Loans, Inc.",,EB2B27823D171,"Caliber Home Loans, Inc.",nonbank_originator,549300J7XKT2BI5WX213,3871519,,,549300J7XKT2BI5WX213,2021,https://files.ffiec.cfpb.gov/static-data/snapshot/2021/2021_public_panel_csv.zip,,,manual,Codex (individual identity/evidence review; not independent human review),2026-09-26,data/staging/stg_complaints.parquet
hmda,"Caliber Home Loans, Inc.",,EB2B27823D171,"Caliber Home Loans, Inc.",nonbank_originator,549300J7XKT2BI5WX213,3871519,,,549300J7XKT2BI5WX213,2022,https://files.ffiec.cfpb.gov/static-data/snapshot/2022/2022_public_panel_csv.zip,,,manual,Codex (individual identity/evidence review; not independent human review),2026-09-26,data/staging/stg_complaints.parquet
hmda,"CALIBER HOME LOANS, INC.",,EB2B27823D171,"Caliber Home Loans, Inc.",nonbank_originator,549300J7XKT2BI5WX213,3871519,,,549300J7XKT2BI5WX213,2023,https://files.ffiec.cfpb.gov/static-data/snapshot/2023/2023_public_panel_csv.zip,,,manual,Codex (individual identity/evidence review; not independent human review),2026-09-26,data/staging/stg_complaints.parquet
hmda,Manufacturers and Traders Trust Company,,E796248861ED3,M&T BANK CORP,bank,WWB2V0FCW3A0EE3ZJN75,501105,1037003,588,WWB2V0FCW3A0EE3ZJN75,2018,https://files.ffiec.cfpb.gov/static-data/snapshot/2018/2018_public_panel_csv.zip,,,manual,Codex (individual identity/evidence review; not independent human review),2026-09-26,https://api.fdic.gov/banks/institutions
hmda,Manufacturers and Traders Trust Company,,E796248861ED3,M&T BANK CORP,bank,WWB2V0FCW3A0EE3ZJN75,501105,1037003,588,WWB2V0FCW3A0EE3ZJN75,2019,https://files.ffiec.cfpb.gov/static-data/snapshot/2019/2019_public_panel_csv.zip,,,manual,Codex (individual identity/evidence review; not independent human review),2026-09-26,https://api.fdic.gov/banks/institutions
hmda,Manufacturers and Traders Trust Company,,E796248861ED3,M&T BANK CORP,bank,WWB2V0FCW3A0EE3ZJN75,501105,1037003,588,WWB2V0FCW3A0EE3ZJN75,2020,https://files.ffiec.cfpb.gov/static-data/snapshot/2020/2020_public_panel_csv.zip,,,manual,Codex (individual identity/evidence review; not independent human review),2026-09-26,https://api.fdic.gov/banks/institutions
hmda,Manufacturers and Traders Trust Company,,E796248861ED3,M&T BANK CORP,bank,WWB2V0FCW3A0EE3ZJN75,501105,1037003,588,WWB2V0FCW3A0EE3ZJN75,2021,https://files.ffiec.cfpb.gov/static-data/snapshot/2021/2021_public_panel_csv.zip,,,manual,Codex (individual identity/evidence review; not independent human review),2026-09-26,https://api.fdic.gov/banks/institutions
hmda,Manufacturers and Traders Trust Company,,E796248861ED3,M&T BANK CORP,bank,WWB2V0FCW3A0EE3ZJN75,501105,1037003,588,WWB2V0FCW3A0EE3ZJN75,2022,https://files.ffiec.cfpb.gov/static-data/snapshot/2022/2022_public_panel_csv.zip,,,manual,Codex (individual identity/evidence review; not independent human review),2026-09-26,https://api.fdic.gov/banks/institutions
hmda,Manufacturers and Traders Trust Company,,E796248861ED3,M&T BANK CORP,bank,WWB2V0FCW3A0EE3ZJN75,501105,1037003,588,WWB2V0FCW3A0EE3ZJN75,2023,https://files.ffiec.cfpb.gov/static-data/snapshot/2023/2023_public_panel_csv.zip,,,manual,Codex (individual identity/evidence review; not independent human review),2026-09-26,https://api.fdic.gov/banks/institutions
hmda,M&T BANK,,E796248861ED3,M&T BANK CORP,bank,WWB2V0FCW3A0EE3ZJN75,,1037003,,WWB2V0FCW3A0EE3ZJN75,2024,https://files.ffiec.cfpb.gov/static-data/snapshot/2024/2024_public_ts_csv.zip,,,manual,Codex (individual identity/evidence review; not independent human review),2026-09-26,https://api.fdic.gov/banks/institutions
hmda,M&T BANK,,E796248861ED3,M&T BANK CORP,bank,WWB2V0FCW3A0EE3ZJN75,,1037003,,WWB2V0FCW3A0EE3ZJN75,2025,https://files.ffiec.cfpb.gov/static-data/snapshot/2025/2025_public_ts_csv.zip,,,manual,Codex (individual identity/evidence review; not independent human review),2026-09-26,https://api.fdic.gov/banks/institutions
fdic_name,Manufacturers and Traders Trust Company,,E796248861ED3,M&T BANK CORP,bank,,501105,1037003,588,,2026,https://api.fdic.gov/banks/institutions,,,manual,Codex (individual identity/evidence review; not independent human review),2026-09-26,https://api.fdic.gov/banks/institutions
fdic_namehcr,M&T BANK CORP,,E796248861ED3,M&T BANK CORP,bank,,501105,1037003,588,,2026,https://api.fdic.gov/banks/institutions,,,manual,Codex (individual identity/evidence review; not independent human review),2026-09-26,https://api.fdic.gov/banks/institutions
fdic_name,"Wilmington Trust, National Association",,E796248861ED3,M&T BANK CORP,bank,,2265456,1037003,34069,,2026,https://api.fdic.gov/banks/institutions,,,manual,Codex (individual identity/evidence review; not independent human review),2026-09-26,https://api.fdic.gov/banks/institutions
fdic_namehcr,M&T BANK CORP,,E796248861ED3,M&T BANK CORP,bank,,2265456,1037003,34069,,2026,https://api.fdic.gov/banks/institutions,,,manual,Codex (individual identity/evidence review; not independent human review),2026-09-26,https://api.fdic.gov/banks/institutions
hmda,"Flagstar Bank, FSB",,E4CED9D7E2719,Flagstar predecessor / MP (Thrift) LLC,bank,SS1TRMSN6BRNMOREEV51,146672,4224000,,SS1TRMSN6BRNMOREEV51,2018,https://files.ffiec.cfpb.gov/static-data/snapshot/2018/2018_public_panel_csv.zip,,2022-11-30,manual,Codex (individual identity/evidence review; not independent human review),2026-09-26,https://api.fdic.gov/banks/institutions
hmda,"Flagstar Bank, FSB",,E4CED9D7E2719,Flagstar predecessor / MP (Thrift) LLC,bank,SS1TRMSN6BRNMOREEV51,146672,4224000,,SS1TRMSN6BRNMOREEV51,2019,https://files.ffiec.cfpb.gov/static-data/snapshot/2019/2019_public_panel_csv.zip,,2022-11-30,manual,Codex (individual identity/evidence review; not independent human review),2026-09-26,https://api.fdic.gov/banks/institutions
hmda,"Flagstar Bank, FSB",,E4CED9D7E2719,Flagstar predecessor / MP (Thrift) LLC,bank,SS1TRMSN6BRNMOREEV51,146672,4224000,,SS1TRMSN6BRNMOREEV51,2020,https://files.ffiec.cfpb.gov/static-data/snapshot/2020/2020_public_panel_csv.zip,,2022-11-30,manual,Codex (individual identity/evidence review; not independent human review),2026-09-26,https://api.fdic.gov/banks/institutions
hmda,"Flagstar Bank, FSB",,E4CED9D7E2719,Flagstar predecessor / MP (Thrift) LLC,bank,SS1TRMSN6BRNMOREEV51,146672,4224000,,SS1TRMSN6BRNMOREEV51,2021,https://files.ffiec.cfpb.gov/static-data/snapshot/2021/2021_public_panel_csv.zip,,2022-11-30,manual,Codex (individual identity/evidence review; not independent human review),2026-09-26,https://api.fdic.gov/banks/institutions
hmda,"Citizens Bank, National Association",,EC6692485BEB4,CITIZENS FINANCIAL GROUP INC,bank,DRMSV1Q0EKMEXLAU1P80,3303298,1132449,57957,DRMSV1Q0EKMEXLAU1P80,2018,https://files.ffiec.cfpb.gov/static-data/snapshot/2018/2018_public_panel_csv.zip,,,manual,Codex (individual identity/evidence review; not independent human review),2026-09-26,https://api.fdic.gov/banks/institutions
hmda,"Citizens Bank, National Association",,EC6692485BEB4,CITIZENS FINANCIAL GROUP INC,bank,DRMSV1Q0EKMEXLAU1P80,3303298,1132449,57957,DRMSV1Q0EKMEXLAU1P80,2019,https://files.ffiec.cfpb.gov/static-data/snapshot/2019/2019_public_panel_csv.zip,,,manual,Codex (individual identity/evidence review; not independent human review),2026-09-26,https://api.fdic.gov/banks/institutions
hmda,"Citizens Bank, National Association",,EC6692485BEB4,CITIZENS FINANCIAL GROUP INC,bank,DRMSV1Q0EKMEXLAU1P80,3303298,1132449,57957,DRMSV1Q0EKMEXLAU1P80,2020,https://files.ffiec.cfpb.gov/static-data/snapshot/2020/2020_public_panel_csv.zip,,,manual,Codex (individual identity/evidence review; not independent human review),2026-09-26,https://api.fdic.gov/banks/institutions
hmda,"Citizens Bank, National Association",,EC6692485BEB4,CITIZENS FINANCIAL GROUP INC,bank,DRMSV1Q0EKMEXLAU1P80,3303298,1132449,57957,DRMSV1Q0EKMEXLAU1P80,2021,https://files.ffiec.cfpb.gov/static-data/snapshot/2021/2021_public_panel_csv.zip,,,manual,Codex (individual identity/evidence review; not independent human review),2026-09-26,https://api.fdic.gov/banks/institutions
hmda,"Citizens Bank, National Association",,EC6692485BEB4,CITIZENS FINANCIAL GROUP INC,bank,DRMSV1Q0EKMEXLAU1P80,3303298,1132449,57957,DRMSV1Q0EKMEXLAU1P80,2022,https://files.ffiec.cfpb.gov/static-data/snapshot/2022/2022_public_panel_csv.zip,,,manual,Codex (individual identity/evidence review; not independent human review),2026-09-26,https://api.fdic.gov/banks/institutions
hmda,"Citizens Bank, National Association",,EC6692485BEB4,CITIZENS FINANCIAL GROUP INC,bank,DRMSV1Q0EKMEXLAU1P80,3303298,1132449,57957,DRMSV1Q0EKMEXLAU1P80,2023,https://files.ffiec.cfpb.gov/static-data/snapshot/2023/2023_public_panel_csv.zip,,,manual,Codex (individual identity/evidence review; not independent human review),2026-09-26,https://api.fdic.gov/banks/institutions
hmda,CBNA Year to Date,,EC6692485BEB4,CITIZENS FINANCIAL GROUP INC,bank,DRMSV1Q0EKMEXLAU1P80,,1132449,,DRMSV1Q0EKMEXLAU1P80,2024,https://files.ffiec.cfpb.gov/static-data/snapshot/2024/2024_public_ts_csv.zip,,,manual,Codex (individual identity/evidence review; not independent human review),2026-09-26,https://api.fdic.gov/banks/institutions
hmda,"CITIZENS BANK, NA",,EC6692485BEB4,CITIZENS FINANCIAL GROUP INC,bank,DRMSV1Q0EKMEXLAU1P80,,1132449,,DRMSV1Q0EKMEXLAU1P80,2025,https://files.ffiec.cfpb.gov/static-data/snapshot/2025/2025_public_ts_csv.zip,,,manual,Codex (individual identity/evidence review; not independent human review),2026-09-26,https://api.fdic.gov/banks/institutions
fdic_name,"Citizens Bank, National Association",,EC6692485BEB4,CITIZENS FINANCIAL GROUP INC,bank,,3303298,1132449,57957,,2026,https://api.fdic.gov/banks/institutions,,,manual,Codex (individual identity/evidence review; not independent human review),2026-09-26,https://api.fdic.gov/banks/institutions
fdic_namehcr,CITIZENS FINANCIAL GROUP INC,,EC6692485BEB4,CITIZENS FINANCIAL GROUP INC,bank,,3303298,1132449,57957,,2026,https://api.fdic.gov/banks/institutions,,,manual,Codex (individual identity/evidence review; not independent human review),2026-09-26,https://api.fdic.gov/banks/institutions
hmda,"SUNTRUST BANKS, INC.",,EC6053E325B69,SUNTRUST BANKS INC,bank,7E1PDLW1JL6TS0BS1G03,675332,1131787,867,7E1PDLW1JL6TS0BS1G03,2018,https://files.ffiec.cfpb.gov/static-data/snapshot/2018/2018_public_panel_csv.zip,,,manual,Codex (individual identity/evidence review; not independent human review),2026-09-26,https://api.fdic.gov/banks/institutions
hmda,"SUNTRUST BANKS, INC.",,EC6053E325B69,SUNTRUST BANKS INC,bank,7E1PDLW1JL6TS0BS1G03,675332,1131787,867,7E1PDLW1JL6TS0BS1G03,2019,https://files.ffiec.cfpb.gov/static-data/snapshot/2019/2019_public_panel_csv.zip,,,manual,Codex (individual identity/evidence review; not independent human review),2026-09-26,https://api.fdic.gov/banks/institutions
fdic_name,SunTrust Bank,,EC6053E325B69,SUNTRUST BANKS INC,bank,,675332,1131787,867,,2026,https://api.fdic.gov/banks/institutions,,,manual,Codex (individual identity/evidence review; not independent human review),2026-09-26,https://api.fdic.gov/banks/institutions
fdic_namehcr,SUNTRUST BANKS INC,,EC6053E325B69,SUNTRUST BANKS INC,bank,,675332,1131787,867,,2026,https://api.fdic.gov/banks/institutions,,,manual,Codex (individual identity/evidence review; not independent human review),2026-09-26,https://api.fdic.gov/banks/institutions
hmda,"FAY SERVICING, LLC",,E6BA7BF6F6970,"Fay Servicing, LLC",nonbank_servicer,549300D0H09HSURFXA20,5037122,,,549300D0H09HSURFXA20,2018,https://files.ffiec.cfpb.gov/static-data/snapshot/2018/2018_public_panel_csv.zip,,,manual,Codex (individual identity/evidence review; not independent human review),2026-09-26,data/staging/stg_complaints.parquet
hmda,"FAY SERVICING, LLC",,E6BA7BF6F6970,"Fay Servicing, LLC",nonbank_servicer,549300D0H09HSURFXA20,5037122,,,549300D0H09HSURFXA20,2019,https://files.ffiec.cfpb.gov/static-data/snapshot/2019/2019_public_panel_csv.zip,,,manual,Codex (individual identity/evidence review; not independent human review),2026-09-26,data/staging/stg_complaints.parquet
hmda,"FAY SERVICING, LLC",,E6BA7BF6F6970,"Fay Servicing, LLC",nonbank_servicer,549300D0H09HSURFXA20,5037122,,,549300D0H09HSURFXA20,2020,https://files.ffiec.cfpb.gov/static-data/snapshot/2020/2020_public_panel_csv.zip,,,manual,Codex (individual identity/evidence review; not independent human review),2026-09-26,data/staging/stg_complaints.parquet
hmda,Fay Financial,,E6BA7BF6F6970,"Fay Servicing, LLC",nonbank_servicer,549300D0H09HSURFXA20,5037122,,,549300D0H09HSURFXA20,2021,https://files.ffiec.cfpb.gov/static-data/snapshot/2021/2021_public_panel_csv.zip,,,manual,Codex (individual identity/evidence review; not independent human review),2026-09-26,data/staging/stg_complaints.parquet
hmda,"Fay Servicing, LLC",,E6BA7BF6F6970,"Fay Servicing, LLC",nonbank_servicer,549300D0H09HSURFXA20,5037122,,,549300D0H09HSURFXA20,2022,https://files.ffiec.cfpb.gov/static-data/snapshot/2022/2022_public_panel_csv.zip,,,manual,Codex (individual identity/evidence review; not independent human review),2026-09-26,data/staging/stg_complaints.parquet
hmda,"FAY SERVICING, LLC",,E6BA7BF6F6970,"Fay Servicing, LLC",nonbank_servicer,549300D0H09HSURFXA20,5037122,,,549300D0H09HSURFXA20,2023,https://files.ffiec.cfpb.gov/static-data/snapshot/2023/2023_public_panel_csv.zip,,,manual,Codex (individual identity/evidence review; not independent human review),2026-09-26,data/staging/stg_complaints.parquet
hmda,FAY SERVICING LLC,,E6BA7BF6F6970,"Fay Servicing, LLC",nonbank_servicer,549300D0H09HSURFXA20,,,,549300D0H09HSURFXA20,2024,https://files.ffiec.cfpb.gov/static-data/snapshot/2024/2024_public_ts_csv.zip,,,manual,Codex (individual identity/evidence review; not independent human review),2026-09-26,data/staging/stg_complaints.parquet
hmda,FAY SERVICING LLC,,E6BA7BF6F6970,"Fay Servicing, LLC",nonbank_servicer,549300D0H09HSURFXA20,,,,549300D0H09HSURFXA20,2025,https://files.ffiec.cfpb.gov/static-data/snapshot/2025/2025_public_ts_csv.zip,,,manual,Codex (individual identity/evidence review; not independent human review),2026-09-26,data/staging/stg_complaints.parquet
hmda,"Bayview Loan Servicing, LLC",,E7BC26E9E7EDD,"Community Loan Servicing, LLC (formerly known as Bayview Loan Servicing, LLC)",nonbank_servicer,549300MSX2N1BGIIVG32,4184038,,,549300MSX2N1BGIIVG32,2018,https://files.ffiec.cfpb.gov/static-data/snapshot/2018/2018_public_panel_csv.zip,,,manual,Codex (individual identity/evidence review; not independent human review),2026-09-26,data/staging/stg_complaints.parquet
hmda,"BAYVIEW LOAN SERVICING, LLC",,E7BC26E9E7EDD,"Community Loan Servicing, LLC (formerly known as Bayview Loan Servicing, LLC)",nonbank_servicer,549300MSX2N1BGIIVG32,4184038,,,549300MSX2N1BGIIVG32,2019,https://files.ffiec.cfpb.gov/static-data/snapshot/2019/2019_public_panel_csv.zip,,,manual,Codex (individual identity/evidence review; not independent human review),2026-09-26,data/staging/stg_complaints.parquet
hmda,Fifth Third Bank,,E99C4F19CABA9,FIFTH THIRD BCORP,bank,QFROUN1UWUYU0DVIWD51,723112,1070345,6672,QFROUN1UWUYU0DVIWD51,2018,https://files.ffiec.cfpb.gov/static-data/snapshot/2018/2018_public_panel_csv.zip,,,manual,Codex (individual identity/evidence review; not independent human review),2026-09-26,https://api.fdic.gov/banks/institutions
hmda,"Fifth Third Bank, National Association",,E99C4F19CABA9,FIFTH THIRD BCORP,bank,QFROUN1UWUYU0DVIWD51,723112,1070345,6672,QFROUN1UWUYU0DVIWD51,2019,https://files.ffiec.cfpb.gov/static-data/snapshot/2019/2019_public_panel_csv.zip,,,manual,Codex (individual identity/evidence review; not independent human review),2026-09-26,https://api.fdic.gov/banks/institutions
hmda,"Fifth Third Bank, National Association",,E99C4F19CABA9,FIFTH THIRD BCORP,bank,QFROUN1UWUYU0DVIWD51,723112,1070345,6672,QFROUN1UWUYU0DVIWD51,2020,https://files.ffiec.cfpb.gov/static-data/snapshot/2020/2020_public_panel_csv.zip,,,manual,Codex (individual identity/evidence review; not independent human review),2026-09-26,https://api.fdic.gov/banks/institutions
hmda,"Fifth Third Bank, National Association",,E99C4F19CABA9,FIFTH THIRD BCORP,bank,QFROUN1UWUYU0DVIWD51,723112,1070345,6672,QFROUN1UWUYU0DVIWD51,2021,https://files.ffiec.cfpb.gov/static-data/snapshot/2021/2021_public_panel_csv.zip,,,manual,Codex (individual identity/evidence review; not independent human review),2026-09-26,https://api.fdic.gov/banks/institutions
hmda,"Fifth Third Bank, National Association",,E99C4F19CABA9,FIFTH THIRD BCORP,bank,QFROUN1UWUYU0DVIWD51,723112,1070345,6672,QFROUN1UWUYU0DVIWD51,2022,https://files.ffiec.cfpb.gov/static-data/snapshot/2022/2022_public_panel_csv.zip,,,manual,Codex (individual identity/evidence review; not independent human review),2026-09-26,https://api.fdic.gov/banks/institutions
hmda,"Fifth Third Bank, National Association",,E99C4F19CABA9,FIFTH THIRD BCORP,bank,QFROUN1UWUYU0DVIWD51,723112,1070345,6672,QFROUN1UWUYU0DVIWD51,2023,https://files.ffiec.cfpb.gov/static-data/snapshot/2023/2023_public_panel_csv.zip,,,manual,Codex (individual identity/evidence review; not independent human review),2026-09-26,https://api.fdic.gov/banks/institutions
hmda,"Fifth Third Bank, National Association",,E99C4F19CABA9,FIFTH THIRD BCORP,bank,QFROUN1UWUYU0DVIWD51,,1070345,,QFROUN1UWUYU0DVIWD51,2024,https://files.ffiec.cfpb.gov/static-data/snapshot/2024/2024_public_ts_csv.zip,,,manual,Codex (individual identity/evidence review; not independent human review),2026-09-26,https://api.fdic.gov/banks/institutions
hmda,"Fifth Third Bank, National Association",,E99C4F19CABA9,FIFTH THIRD BCORP,bank,QFROUN1UWUYU0DVIWD51,,1070345,,QFROUN1UWUYU0DVIWD51,2025,https://files.ffiec.cfpb.gov/static-data/snapshot/2025/2025_public_ts_csv.zip,,,manual,Codex (individual identity/evidence review; not independent human review),2026-09-26,https://api.fdic.gov/banks/institutions
fdic_name,"Fifth Third Bank, National Association",,E99C4F19CABA9,FIFTH THIRD BCORP,bank,,723112,1070345,6672,,2026,https://api.fdic.gov/banks/institutions,,,manual,Codex (individual identity/evidence review; not independent human review),2026-09-26,https://api.fdic.gov/banks/institutions
fdic_namehcr,FIFTH THIRD BCORP,,E99C4F19CABA9,FIFTH THIRD BCORP,bank,,723112,1070345,6672,,2026,https://api.fdic.gov/banks/institutions,,,manual,Codex (individual identity/evidence review; not independent human review),2026-09-26,https://api.fdic.gov/banks/institutions
hmda,RUSHMORE LOAN MANAGEMENT SERVICES LLC,,E54523B495FBB,RUSHMORE LOAN MANAGEMENT SERVICES LLC,nonbank_servicer,549300AI7PDYMZ609P28,4877518,,,549300AI7PDYMZ609P28,2018,https://files.ffiec.cfpb.gov/static-data/snapshot/2018/2018_public_panel_csv.zip,,,manual,Codex (individual identity/evidence review; not independent human review),2026-09-26,data/staging/stg_complaints.parquet
hmda,RUSHMORE LOAN MANAGEMENT SERVICES LLC,,E54523B495FBB,RUSHMORE LOAN MANAGEMENT SERVICES LLC,nonbank_servicer,549300AI7PDYMZ609P28,4877518,,,549300AI7PDYMZ609P28,2019,https://files.ffiec.cfpb.gov/static-data/snapshot/2019/2019_public_panel_csv.zip,,,manual,Codex (individual identity/evidence review; not independent human review),2026-09-26,data/staging/stg_complaints.parquet
hmda,Branch Banking and Trust Company,,ED7AC947B93AB,TRUIST FINANCIAL CORP,bank,JJKC32MCHWDI71265Z06,852320,1074156,9846,JJKC32MCHWDI71265Z06,2018,https://files.ffiec.cfpb.gov/static-data/snapshot/2018/2018_public_panel_csv.zip,,,manual,Codex (individual identity/evidence review; not independent human review),2026-09-26,https://api.fdic.gov/banks/institutions
hmda,Truist Bank,,ED7AC947B93AB,TRUIST FINANCIAL CORP,bank,JJKC32MCHWDI71265Z06,852320,1074156,9846,JJKC32MCHWDI71265Z06,2019,https://files.ffiec.cfpb.gov/static-data/snapshot/2019/2019_public_panel_csv.zip,,,manual,Codex (individual identity/evidence review; not independent human review),2026-09-26,https://api.fdic.gov/banks/institutions
hmda,Truist Bank,,ED7AC947B93AB,TRUIST FINANCIAL CORP,bank,JJKC32MCHWDI71265Z06,852320,1074156,9846,JJKC32MCHWDI71265Z06,2020,https://files.ffiec.cfpb.gov/static-data/snapshot/2020/2020_public_panel_csv.zip,,,manual,Codex (individual identity/evidence review; not independent human review),2026-09-26,https://api.fdic.gov/banks/institutions
hmda,Truist Bank,,ED7AC947B93AB,TRUIST FINANCIAL CORP,bank,JJKC32MCHWDI71265Z06,852320,1074156,9846,JJKC32MCHWDI71265Z06,2021,https://files.ffiec.cfpb.gov/static-data/snapshot/2021/2021_public_panel_csv.zip,,,manual,Codex (individual identity/evidence review; not independent human review),2026-09-26,https://api.fdic.gov/banks/institutions
hmda,Truist Bank,,ED7AC947B93AB,TRUIST FINANCIAL CORP,bank,JJKC32MCHWDI71265Z06,852320,1074156,9846,JJKC32MCHWDI71265Z06,2022,https://files.ffiec.cfpb.gov/static-data/snapshot/2022/2022_public_panel_csv.zip,,,manual,Codex (individual identity/evidence review; not independent human review),2026-09-26,https://api.fdic.gov/banks/institutions
hmda,Truist Bank,,ED7AC947B93AB,TRUIST FINANCIAL CORP,bank,JJKC32MCHWDI71265Z06,852320,1074156,9846,JJKC32MCHWDI71265Z06,2023,https://files.ffiec.cfpb.gov/static-data/snapshot/2023/2023_public_panel_csv.zip,,,manual,Codex (individual identity/evidence review; not independent human review),2026-09-26,https://api.fdic.gov/banks/institutions
hmda,TRUIST BANK,,ED7AC947B93AB,TRUIST FINANCIAL CORP,bank,JJKC32MCHWDI71265Z06,,1074156,,JJKC32MCHWDI71265Z06,2024,https://files.ffiec.cfpb.gov/static-data/snapshot/2024/2024_public_ts_csv.zip,,,manual,Codex (individual identity/evidence review; not independent human review),2026-09-26,https://api.fdic.gov/banks/institutions
hmda,TRUIST BANK,,ED7AC947B93AB,TRUIST FINANCIAL CORP,bank,JJKC32MCHWDI71265Z06,,1074156,,JJKC32MCHWDI71265Z06,2025,https://files.ffiec.cfpb.gov/static-data/snapshot/2025/2025_public_ts_csv.zip,,,manual,Codex (individual identity/evidence review; not independent human review),2026-09-26,https://api.fdic.gov/banks/institutions
fdic_name,Truist Bank,,ED7AC947B93AB,TRUIST FINANCIAL CORP,bank,,852320,1074156,9846,,2026,https://api.fdic.gov/banks/institutions,,,manual,Codex (individual identity/evidence review; not independent human review),2026-09-26,https://api.fdic.gov/banks/institutions
fdic_namehcr,TRUIST FINANCIAL CORP,,ED7AC947B93AB,TRUIST FINANCIAL CORP,bank,,852320,1074156,9846,,2026,https://api.fdic.gov/banks/institutions,,,manual,Codex (individual identity/evidence review; not independent human review),2026-09-26,https://api.fdic.gov/banks/institutions
hmda,ROUNDPOINT MORTGAGE SERVICING CORPORATION,,EAC8B1082E172,RoundPoint Mortgage Servicing LLC,nonbank_servicer,5493000IIYWBLONJVJ30,,,,5493000IIYWBLONJVJ30,2020,https://files.ffiec.cfpb.gov/static-data/snapshot/2020/2020_public_panel_csv.zip,,,manual,Codex (individual identity/evidence review; not independent human review),2026-09-26,data/staging/stg_complaints.parquet
hmda,ROUNDPOINT MORTGAGE SERVICING CORPORATION,,EAC8B1082E172,RoundPoint Mortgage Servicing LLC,nonbank_servicer,5493000IIYWBLONJVJ30,,,,5493000IIYWBLONJVJ30,2021,https://files.ffiec.cfpb.gov/static-data/snapshot/2021/2021_public_panel_csv.zip,,,manual,Codex (individual identity/evidence review; not independent human review),2026-09-26,data/staging/stg_complaints.parquet
hmda,ROUNDPOINT MORTGAGE SERVICING CORPORATION,,EAC8B1082E172,RoundPoint Mortgage Servicing LLC,nonbank_servicer,5493000IIYWBLONJVJ30,,,,5493000IIYWBLONJVJ30,2022,https://files.ffiec.cfpb.gov/static-data/snapshot/2022/2022_public_panel_csv.zip,,,manual,Codex (individual identity/evidence review; not independent human review),2026-09-26,data/staging/stg_complaints.parquet
hmda,ROUNDPOINT MORTGAGE SERVICING LLC,,EAC8B1082E172,RoundPoint Mortgage Servicing LLC,nonbank_servicer,5493000IIYWBLONJVJ30,,,,5493000IIYWBLONJVJ30,2023,https://files.ffiec.cfpb.gov/static-data/snapshot/2023/2023_public_panel_csv.zip,,,manual,Codex (individual identity/evidence review; not independent human review),2026-09-26,data/staging/stg_complaints.parquet
hmda,RoundPoint Mortgage Servicing LLC,,EAC8B1082E172,RoundPoint Mortgage Servicing LLC,nonbank_servicer,5493000IIYWBLONJVJ30,,,,5493000IIYWBLONJVJ30,2024,https://files.ffiec.cfpb.gov/static-data/snapshot/2024/2024_public_ts_csv.zip,,,manual,Codex (individual identity/evidence review; not independent human review),2026-09-26,data/staging/stg_complaints.parquet
hmda,RoundPoint Mortgage Servicing LLC,,EAC8B1082E172,RoundPoint Mortgage Servicing LLC,nonbank_servicer,5493000IIYWBLONJVJ30,,,,5493000IIYWBLONJVJ30,2025,https://files.ffiec.cfpb.gov/static-data/snapshot/2025/2025_public_ts_csv.zip,,,manual,Codex (individual identity/evidence review; not independent human review),2026-09-26,data/staging/stg_complaints.parquet
hmda,"Lakeview Loan Servicing, LLC",,E3386A41C1D8E,"LAKEVIEW LOAN SERVICING, LLC",nonbank_servicer,549300NOCASXPA34X033,4878010,,,549300NOCASXPA34X033,2018,https://files.ffiec.cfpb.gov/static-data/snapshot/2018/2018_public_panel_csv.zip,,,manual,Codex (individual identity/evidence review; not independent human review),2026-09-26,data/staging/stg_complaints.parquet
hmda,"LAKEVIEW LOAN SERVICING, LLC",,E3386A41C1D8E,"LAKEVIEW LOAN SERVICING, LLC",nonbank_servicer,549300NOCASXPA34X033,4878010,,,549300NOCASXPA34X033,2019,https://files.ffiec.cfpb.gov/static-data/snapshot/2019/2019_public_panel_csv.zip,,,manual,Codex (individual identity/evidence review; not independent human review),2026-09-26,data/staging/stg_complaints.parquet
hmda,"LAKEVIEW LOAN SERVICING, LLC",,E3386A41C1D8E,"LAKEVIEW LOAN SERVICING, LLC",nonbank_servicer,549300NOCASXPA34X033,4878010,,,549300NOCASXPA34X033,2020,https://files.ffiec.cfpb.gov/static-data/snapshot/2020/2020_public_panel_csv.zip,,,manual,Codex (individual identity/evidence review; not independent human review),2026-09-26,data/staging/stg_complaints.parquet
hmda,"LAKEVIEW LOAN SERVICING, LLC",,E3386A41C1D8E,"LAKEVIEW LOAN SERVICING, LLC",nonbank_servicer,549300NOCASXPA34X033,4878010,,,549300NOCASXPA34X033,2021,https://files.ffiec.cfpb.gov/static-data/snapshot/2021/2021_public_panel_csv.zip,,,manual,Codex (individual identity/evidence review; not independent human review),2026-09-26,data/staging/stg_complaints.parquet
hmda,"LAKEVIEW LOAN SERVICING, LLC",,E3386A41C1D8E,"LAKEVIEW LOAN SERVICING, LLC",nonbank_servicer,549300NOCASXPA34X033,4878010,,,549300NOCASXPA34X033,2022,https://files.ffiec.cfpb.gov/static-data/snapshot/2022/2022_public_panel_csv.zip,,,manual,Codex (individual identity/evidence review; not independent human review),2026-09-26,data/staging/stg_complaints.parquet
hmda,"LAKEVIEW LOAN SERVICING, LLC",,E3386A41C1D8E,"LAKEVIEW LOAN SERVICING, LLC",nonbank_servicer,549300NOCASXPA34X033,4878010,,,549300NOCASXPA34X033,2023,https://files.ffiec.cfpb.gov/static-data/snapshot/2023/2023_public_panel_csv.zip,,,manual,Codex (individual identity/evidence review; not independent human review),2026-09-26,data/staging/stg_complaints.parquet
hmda,"Lakeview Loan Servicing, LLC",,E3386A41C1D8E,"LAKEVIEW LOAN SERVICING, LLC",nonbank_servicer,549300NOCASXPA34X033,,,,549300NOCASXPA34X033,2024,https://files.ffiec.cfpb.gov/static-data/snapshot/2024/2024_public_ts_csv.zip,,,manual,Codex (individual identity/evidence review; not independent human review),2026-09-26,data/staging/stg_complaints.parquet
hmda,"Lakeview Loan Servicing, LLC",,E3386A41C1D8E,"LAKEVIEW LOAN SERVICING, LLC",nonbank_servicer,549300NOCASXPA34X033,,,,549300NOCASXPA34X033,2025,https://files.ffiec.cfpb.gov/static-data/snapshot/2025/2025_public_ts_csv.zip,,,manual,Codex (individual identity/evidence review; not independent human review),2026-09-26,data/staging/stg_complaints.parquet
hmda,PHH Mortgage Corporation,,E51D05DB96886,PHH Mortgage Services Corporation,nonbank_servicer,PAOOWF3GUFM46FBSP561,3873456,,,PAOOWF3GUFM46FBSP561,2018,https://files.ffiec.cfpb.gov/static-data/snapshot/2018/2018_public_panel_csv.zip,,,manual,Codex (individual identity/evidence review; not independent human review),2026-09-26,data/staging/stg_complaints.parquet
hmda,PHH Mortgage Corporation,,E51D05DB96886,PHH Mortgage Services Corporation,nonbank_servicer,PAOOWF3GUFM46FBSP561,3873456,,,PAOOWF3GUFM46FBSP561,2019,https://files.ffiec.cfpb.gov/static-data/snapshot/2019/2019_public_panel_csv.zip,,,manual,Codex (individual identity/evidence review; not independent human review),2026-09-26,data/staging/stg_complaints.parquet
hmda,PHH Mortgage Corporation,,E51D05DB96886,PHH Mortgage Services Corporation,nonbank_servicer,PAOOWF3GUFM46FBSP561,3873456,,,PAOOWF3GUFM46FBSP561,2020,https://files.ffiec.cfpb.gov/static-data/snapshot/2020/2020_public_panel_csv.zip,,,manual,Codex (individual identity/evidence review; not independent human review),2026-09-26,data/staging/stg_complaints.parquet
hmda,PHH Mortgage Corporation,,E51D05DB96886,PHH Mortgage Services Corporation,nonbank_servicer,PAOOWF3GUFM46FBSP561,3873456,,,PAOOWF3GUFM46FBSP561,2021,https://files.ffiec.cfpb.gov/static-data/snapshot/2021/2021_public_panel_csv.zip,,,manual,Codex (individual identity/evidence review; not independent human review),2026-09-26,data/staging/stg_complaints.parquet
hmda,PHH Mortgage Corporation,,E51D05DB96886,PHH Mortgage Services Corporation,nonbank_servicer,PAOOWF3GUFM46FBSP561,3873456,,,PAOOWF3GUFM46FBSP561,2022,https://files.ffiec.cfpb.gov/static-data/snapshot/2022/2022_public_panel_csv.zip,,,manual,Codex (individual identity/evidence review; not independent human review),2026-09-26,data/staging/stg_complaints.parquet
hmda,PHH Mortgage Corporation,,E51D05DB96886,PHH Mortgage Services Corporation,nonbank_servicer,PAOOWF3GUFM46FBSP561,3873456,,,PAOOWF3GUFM46FBSP561,2023,https://files.ffiec.cfpb.gov/static-data/snapshot/2023/2023_public_panel_csv.zip,,,manual,Codex (individual identity/evidence review; not independent human review),2026-09-26,data/staging/stg_complaints.parquet
hmda,PHH MORTGAGE CORPORATION,,E51D05DB96886,PHH Mortgage Services Corporation,nonbank_servicer,PAOOWF3GUFM46FBSP561,,,,PAOOWF3GUFM46FBSP561,2024,https://files.ffiec.cfpb.gov/static-data/snapshot/2024/2024_public_ts_csv.zip,,,manual,Codex (individual identity/evidence review; not independent human review),2026-09-26,data/staging/stg_complaints.parquet
hmda,PHH Mortgage Corporation,,E51D05DB96886,PHH Mortgage Services Corporation,nonbank_servicer,PAOOWF3GUFM46FBSP561,,,,PAOOWF3GUFM46FBSP561,2025,https://files.ffiec.cfpb.gov/static-data/snapshot/2025/2025_public_ts_csv.zip,,,manual,Codex (individual identity/evidence review; not independent human review),2026-09-26,data/staging/stg_complaints.parquet
hmda,Navy Federal Credit Union,,E8CC698A4A61E,NAVY FEDERAL CREDIT UNION,credit_union,5493003GQDUH26DNNH17,617677,,,5493003GQDUH26DNNH17,2018,https://files.ffiec.cfpb.gov/static-data/snapshot/2018/2018_public_panel_csv.zip,,,manual,Codex (individual identity/evidence review; not independent human review),2026-09-26,data/staging/stg_complaints.parquet
hmda,NAVY FEDERAL CREDIT UNION,,E8CC698A4A61E,NAVY FEDERAL CREDIT UNION,credit_union,5493003GQDUH26DNNH17,617677,,,5493003GQDUH26DNNH17,2019,https://files.ffiec.cfpb.gov/static-data/snapshot/2019/2019_public_panel_csv.zip,,,manual,Codex (individual identity/evidence review; not independent human review),2026-09-26,data/staging/stg_complaints.parquet
hmda,NAVY FEDERAL CREDIT UNION,,E8CC698A4A61E,NAVY FEDERAL CREDIT UNION,credit_union,5493003GQDUH26DNNH17,617677,,,5493003GQDUH26DNNH17,2020,https://files.ffiec.cfpb.gov/static-data/snapshot/2020/2020_public_panel_csv.zip,,,manual,Codex (individual identity/evidence review; not independent human review),2026-09-26,data/staging/stg_complaints.parquet
hmda,Navy Federal Credit Union,,E8CC698A4A61E,NAVY FEDERAL CREDIT UNION,credit_union,5493003GQDUH26DNNH17,617677,,,5493003GQDUH26DNNH17,2021,https://files.ffiec.cfpb.gov/static-data/snapshot/2021/2021_public_panel_csv.zip,,,manual,Codex (individual identity/evidence review; not independent human review),2026-09-26,data/staging/stg_complaints.parquet
hmda,Navy Federal Credit Union,,E8CC698A4A61E,NAVY FEDERAL CREDIT UNION,credit_union,5493003GQDUH26DNNH17,617677,,,5493003GQDUH26DNNH17,2022,https://files.ffiec.cfpb.gov/static-data/snapshot/2022/2022_public_panel_csv.zip,,,manual,Codex (individual identity/evidence review; not independent human review),2026-09-26,data/staging/stg_complaints.parquet
hmda,NAVY FEDERAL CREDIT UNION,,E8CC698A4A61E,NAVY FEDERAL CREDIT UNION,credit_union,5493003GQDUH26DNNH17,617677,,,5493003GQDUH26DNNH17,2023,https://files.ffiec.cfpb.gov/static-data/snapshot/2023/2023_public_panel_csv.zip,,,manual,Codex (individual identity/evidence review; not independent human review),2026-09-26,data/staging/stg_complaints.parquet
hmda,Navy Federal Credit Union,,E8CC698A4A61E,NAVY FEDERAL CREDIT UNION,credit_union,5493003GQDUH26DNNH17,,,,5493003GQDUH26DNNH17,2024,https://files.ffiec.cfpb.gov/static-data/snapshot/2024/2024_public_ts_csv.zip,,,manual,Codex (individual identity/evidence review; not independent human review),2026-09-26,data/staging/stg_complaints.parquet
hmda,Navy Federal Credit Union,,E8CC698A4A61E,NAVY FEDERAL CREDIT UNION,credit_union,5493003GQDUH26DNNH17,,,,5493003GQDUH26DNNH17,2025,https://files.ffiec.cfpb.gov/static-data/snapshot/2025/2025_public_ts_csv.zip,,,manual,Codex (individual identity/evidence review; not independent human review),2026-09-26,data/staging/stg_complaints.parquet
hmda,"UNITED SHORE FINANCIAL SERVICES, LLC",,EE982339EE76B,"United Shore Financial Services, LLC",nonbank_originator,549300HW662MN1WU8550,3870651,,,549300HW662MN1WU8550,2018,https://files.ffiec.cfpb.gov/static-data/snapshot/2018/2018_public_panel_csv.zip,,,manual,Codex (individual identity/evidence review; not independent human review),2026-09-26,data/staging/stg_complaints.parquet
hmda,"UNITED SHORE FINANCIAL SERVICES, LLC",,EE982339EE76B,"United Shore Financial Services, LLC",nonbank_originator,549300HW662MN1WU8550,3870651,,,549300HW662MN1WU8550,2019,https://files.ffiec.cfpb.gov/static-data/snapshot/2019/2019_public_panel_csv.zip,,,manual,Codex (individual identity/evidence review; not independent human review),2026-09-26,data/staging/stg_complaints.parquet
hmda,"UNITED WHOLESALE MORTGAGE, LLC",,EE982339EE76B,"United Shore Financial Services, LLC",nonbank_originator,549300HW662MN1WU8550,3870651,,,549300HW662MN1WU8550,2020,https://files.ffiec.cfpb.gov/static-data/snapshot/2020/2020_public_panel_csv.zip,,,manual,Codex (individual identity/evidence review; not independent human review),2026-09-26,data/staging/stg_complaints.parquet
hmda,"UNITED SHORE FINANCIAL SERVICES, LLC",,EE982339EE76B,"United Shore Financial Services, LLC",nonbank_originator,549300HW662MN1WU8550,3870651,,,549300HW662MN1WU8550,2021,https://files.ffiec.cfpb.gov/static-data/snapshot/2021/2021_public_panel_csv.zip,,,manual,Codex (individual identity/evidence review; not independent human review),2026-09-26,data/staging/stg_complaints.parquet
hmda,"UNITED SHORE FINANCIAL SERVICES, LLC",,EE982339EE76B,"United Shore Financial Services, LLC",nonbank_originator,549300HW662MN1WU8550,3870651,,,549300HW662MN1WU8550,2022,https://files.ffiec.cfpb.gov/static-data/snapshot/2022/2022_public_panel_csv.zip,,,manual,Codex (individual identity/evidence review; not independent human review),2026-09-26,data/staging/stg_complaints.parquet
hmda,"UNITED WHOLESALE MORTGAGE, LLC",,EE982339EE76B,"United Shore Financial Services, LLC",nonbank_originator,549300HW662MN1WU8550,3870651,,,549300HW662MN1WU8550,2023,https://files.ffiec.cfpb.gov/static-data/snapshot/2023/2023_public_panel_csv.zip,,,manual,Codex (individual identity/evidence review; not independent human review),2026-09-26,data/staging/stg_complaints.parquet
hmda,United Wholesale Mortgage,,EE982339EE76B,"United Shore Financial Services, LLC",nonbank_originator,549300HW662MN1WU8550,,,,549300HW662MN1WU8550,2024,https://files.ffiec.cfpb.gov/static-data/snapshot/2024/2024_public_ts_csv.zip,,,manual,Codex (individual identity/evidence review; not independent human review),2026-09-26,data/staging/stg_complaints.parquet
hmda,United Wholesale Mortgage,,EE982339EE76B,"United Shore Financial Services, LLC",nonbank_originator,549300HW662MN1WU8550,,,,549300HW662MN1WU8550,2025,https://files.ffiec.cfpb.gov/static-data/snapshot/2025/2025_public_ts_csv.zip,,,manual,Codex (individual identity/evidence review; not independent human review),2026-09-26,data/staging/stg_complaints.parquet
hmda,"AmeriHome Mortgage Company, LLC",,E18CD77639D2E,"AmeriHome Mortgage Company, LLC",nonbank_originator,254900HA4DQWAE0W3342,3871751,,,254900HA4DQWAE0W3342,2018,https://files.ffiec.cfpb.gov/static-data/snapshot/2018/2018_public_panel_csv.zip,,,manual,Codex (individual identity/evidence review; not independent human review),2026-09-26,data/staging/stg_complaints.parquet
hmda,"AmeriHome Mortgage Company, LLC",,E18CD77639D2E,"AmeriHome Mortgage Company, LLC",nonbank_originator,254900HA4DQWAE0W3342,3871751,,,254900HA4DQWAE0W3342,2019,https://files.ffiec.cfpb.gov/static-data/snapshot/2019/2019_public_panel_csv.zip,,,manual,Codex (individual identity/evidence review; not independent human review),2026-09-26,data/staging/stg_complaints.parquet
hmda,"AmeriHome Mortgage Company, LLC",,E18CD77639D2E,"AmeriHome Mortgage Company, LLC",nonbank_originator,254900HA4DQWAE0W3342,3871751,,,254900HA4DQWAE0W3342,2020,https://files.ffiec.cfpb.gov/static-data/snapshot/2020/2020_public_panel_csv.zip,,,manual,Codex (individual identity/evidence review; not independent human review),2026-09-26,data/staging/stg_complaints.parquet
hmda,"AmeriHome Mortgage Company, LLC",,E18CD77639D2E,"AmeriHome Mortgage Company, LLC",nonbank_originator,254900HA4DQWAE0W3342,3871751,,,254900HA4DQWAE0W3342,2021,https://files.ffiec.cfpb.gov/static-data/snapshot/2021/2021_public_panel_csv.zip,,,manual,Codex (individual identity/evidence review; not independent human review),2026-09-26,data/staging/stg_complaints.parquet
hmda,"AmeriHome Mortgage Company, LLC",,E18CD77639D2E,"AmeriHome Mortgage Company, LLC",nonbank_originator,254900HA4DQWAE0W3342,3871751,,,254900HA4DQWAE0W3342,2022,https://files.ffiec.cfpb.gov/static-data/snapshot/2022/2022_public_panel_csv.zip,,,manual,Codex (individual identity/evidence review; not independent human review),2026-09-26,data/staging/stg_complaints.parquet
hmda,"AMERIHOME MORTGAGE COMPANY, LLC",,E18CD77639D2E,"AmeriHome Mortgage Company, LLC",nonbank_originator,254900HA4DQWAE0W3342,3871751,,,254900HA4DQWAE0W3342,2023,https://files.ffiec.cfpb.gov/static-data/snapshot/2023/2023_public_panel_csv.zip,,,manual,Codex (individual identity/evidence review; not independent human review),2026-09-26,data/staging/stg_complaints.parquet
hmda,"AmeriHome Mortgage Company, LLC",,E18CD77639D2E,"AmeriHome Mortgage Company, LLC",nonbank_originator,254900HA4DQWAE0W3342,,,,254900HA4DQWAE0W3342,2024,https://files.ffiec.cfpb.gov/static-data/snapshot/2024/2024_public_ts_csv.zip,,,manual,Codex (individual identity/evidence review; not independent human review),2026-09-26,data/staging/stg_complaints.parquet
hmda,"AmeriHome Mortgage Company, LLC",,E18CD77639D2E,"AmeriHome Mortgage Company, LLC",nonbank_originator,254900HA4DQWAE0W3342,,,,254900HA4DQWAE0W3342,2025,https://files.ffiec.cfpb.gov/static-data/snapshot/2025/2025_public_ts_csv.zip,,,manual,Codex (individual identity/evidence review; not independent human review),2026-09-26,data/staging/stg_complaints.parquet
hmda,"TD Bank, National Association",,E2ADFA9D6F7D0,TORONTO-DOMINION BANK THE,bank,03D0JEWFDFUS0SEEKG89,497404,1238565,18409,03D0JEWFDFUS0SEEKG89,2018,https://files.ffiec.cfpb.gov/static-data/snapshot/2018/2018_public_panel_csv.zip,,,manual,Codex (individual identity/evidence review; not independent human review),2026-09-26,https://api.fdic.gov/banks/institutions
hmda,"TD Bank, National Association",,E2ADFA9D6F7D0,TORONTO-DOMINION BANK THE,bank,03D0JEWFDFUS0SEEKG89,497404,1238565,18409,03D0JEWFDFUS0SEEKG89,2019,https://files.ffiec.cfpb.gov/static-data/snapshot/2019/2019_public_panel_csv.zip,,,manual,Codex (individual identity/evidence review; not independent human review),2026-09-26,https://api.fdic.gov/banks/institutions
hmda,"TD Bank, National Association",,E2ADFA9D6F7D0,TORONTO-DOMINION BANK THE,bank,03D0JEWFDFUS0SEEKG89,497404,1238565,18409,03D0JEWFDFUS0SEEKG89,2020,https://files.ffiec.cfpb.gov/static-data/snapshot/2020/2020_public_panel_csv.zip,,,manual,Codex (individual identity/evidence review; not independent human review),2026-09-26,https://api.fdic.gov/banks/institutions
hmda,"TD Bank, National Association",,E2ADFA9D6F7D0,TORONTO-DOMINION BANK THE,bank,03D0JEWFDFUS0SEEKG89,497404,1238565,18409,03D0JEWFDFUS0SEEKG89,2021,https://files.ffiec.cfpb.gov/static-data/snapshot/2021/2021_public_panel_csv.zip,,,manual,Codex (individual identity/evidence review; not independent human review),2026-09-26,https://api.fdic.gov/banks/institutions
hmda,"TD Bank, National Association",,E2ADFA9D6F7D0,TORONTO-DOMINION BANK THE,bank,03D0JEWFDFUS0SEEKG89,497404,1238565,18409,03D0JEWFDFUS0SEEKG89,2022,https://files.ffiec.cfpb.gov/static-data/snapshot/2022/2022_public_panel_csv.zip,,,manual,Codex (individual identity/evidence review; not independent human review),2026-09-26,https://api.fdic.gov/banks/institutions
hmda,"TD Bank, National Association",,E2ADFA9D6F7D0,TORONTO-DOMINION BANK THE,bank,03D0JEWFDFUS0SEEKG89,497404,1238565,18409,03D0JEWFDFUS0SEEKG89,2023,https://files.ffiec.cfpb.gov/static-data/snapshot/2023/2023_public_panel_csv.zip,,,manual,Codex (individual identity/evidence review; not independent human review),2026-09-26,https://api.fdic.gov/banks/institutions
hmda,TD Bank,,E2ADFA9D6F7D0,TORONTO-DOMINION BANK THE,bank,03D0JEWFDFUS0SEEKG89,,1238565,,03D0JEWFDFUS0SEEKG89,2024,https://files.ffiec.cfpb.gov/static-data/snapshot/2024/2024_public_ts_csv.zip,,,manual,Codex (individual identity/evidence review; not independent human review),2026-09-26,https://api.fdic.gov/banks/institutions
hmda,TD Bank,,E2ADFA9D6F7D0,TORONTO-DOMINION BANK THE,bank,03D0JEWFDFUS0SEEKG89,,1238565,,03D0JEWFDFUS0SEEKG89,2025,https://files.ffiec.cfpb.gov/static-data/snapshot/2025/2025_public_ts_csv.zip,,,manual,Codex (individual identity/evidence review; not independent human review),2026-09-26,https://api.fdic.gov/banks/institutions
fdic_name,"TD Bank, National Association",,E2ADFA9D6F7D0,TORONTO-DOMINION BANK THE,bank,,497404,1238565,18409,,2026,https://api.fdic.gov/banks/institutions,,,manual,Codex (individual identity/evidence review; not independent human review),2026-09-26,https://api.fdic.gov/banks/institutions
fdic_namehcr,TORONTO-DOMINION BANK THE,,E2ADFA9D6F7D0,TORONTO-DOMINION BANK THE,bank,,497404,1238565,18409,,2026,https://api.fdic.gov/banks/institutions,,,manual,Codex (individual identity/evidence review; not independent human review),2026-09-26,https://api.fdic.gov/banks/institutions
fdic_name,"TD Bank USA, National Association",,E2ADFA9D6F7D0,TORONTO-DOMINION BANK THE,bank,,2121196,1238565,33947,,2026,https://api.fdic.gov/banks/institutions,,,manual,Codex (individual identity/evidence review; not independent human review),2026-09-26,https://api.fdic.gov/banks/institutions
fdic_namehcr,TORONTO-DOMINION BANK THE,,E2ADFA9D6F7D0,TORONTO-DOMINION BANK THE,bank,,2121196,1238565,33947,,2026,https://api.fdic.gov/banks/institutions,,,manual,Codex (individual identity/evidence review; not independent human review),2026-09-26,https://api.fdic.gov/banks/institutions
hmda,"CIT Bank, National Association",,E811E1542D229,CIT GROUP INC,bank,FVPV0TNOIM6NUIE59530,3918898,1036967,58978,FVPV0TNOIM6NUIE59530,2018,https://files.ffiec.cfpb.gov/static-data/snapshot/2018/2018_public_panel_csv.zip,,,manual,Codex (individual identity/evidence review; not independent human review),2026-09-26,https://api.fdic.gov/banks/institutions
hmda,"CIT Bank, National Association",,E811E1542D229,CIT GROUP INC,bank,FVPV0TNOIM6NUIE59530,3918898,1036967,58978,FVPV0TNOIM6NUIE59530,2019,https://files.ffiec.cfpb.gov/static-data/snapshot/2019/2019_public_panel_csv.zip,,,manual,Codex (individual identity/evidence review; not independent human review),2026-09-26,https://api.fdic.gov/banks/institutions
hmda,"CIT Bank, National Association",,E811E1542D229,CIT GROUP INC,bank,FVPV0TNOIM6NUIE59530,3918898,1036967,58978,FVPV0TNOIM6NUIE59530,2020,https://files.ffiec.cfpb.gov/static-data/snapshot/2020/2020_public_panel_csv.zip,,,manual,Codex (individual identity/evidence review; not independent human review),2026-09-26,https://api.fdic.gov/banks/institutions
hmda,"CIT Bank, National Association",,E811E1542D229,CIT GROUP INC,bank,FVPV0TNOIM6NUIE59530,3918898,1036967,58978,FVPV0TNOIM6NUIE59530,2021,https://files.ffiec.cfpb.gov/static-data/snapshot/2021/2021_public_panel_csv.zip,,,manual,Codex (individual identity/evidence review; not independent human review),2026-09-26,https://api.fdic.gov/banks/institutions
fdic_name,"CIT Bank, National Association",,E811E1542D229,CIT GROUP INC,bank,,3918898,1036967,58978,,2026,https://api.fdic.gov/banks/institutions,,,manual,Codex (individual identity/evidence review; not independent human review),2026-09-26,https://api.fdic.gov/banks/institutions
fdic_namehcr,CIT GROUP INC,,E811E1542D229,CIT GROUP INC,bank,,3918898,1036967,58978,,2026,https://api.fdic.gov/banks/institutions,,,manual,Codex (individual identity/evidence review; not independent human review),2026-09-26,https://api.fdic.gov/banks/institutions
hmda,"Planet Home Lending, LLC",,E2C144F51D5CE,"PLANET HOME LENDING, LLC",nonbank_originator,54930021WPEXNHYZUL09,4889892,,,54930021WPEXNHYZUL09,2018,https://files.ffiec.cfpb.gov/static-data/snapshot/2018/2018_public_panel_csv.zip,,,manual,Codex (individual identity/evidence review; not independent human review),2026-09-26,data/staging/stg_complaints.parquet
hmda,"PLANET HOME LENDING, LLC",,E2C144F51D5CE,"PLANET HOME LENDING, LLC",nonbank_originator,54930021WPEXNHYZUL09,4889892,,,54930021WPEXNHYZUL09,2019,https://files.ffiec.cfpb.gov/static-data/snapshot/2019/2019_public_panel_csv.zip,,,manual,Codex (individual identity/evidence review; not independent human review),2026-09-26,data/staging/stg_complaints.parquet
hmda,"PLANET HOME LENDING, LLC",,E2C144F51D5CE,"PLANET HOME LENDING, LLC",nonbank_originator,54930021WPEXNHYZUL09,4889892,,,54930021WPEXNHYZUL09,2020,https://files.ffiec.cfpb.gov/static-data/snapshot/2020/2020_public_panel_csv.zip,,,manual,Codex (individual identity/evidence review; not independent human review),2026-09-26,data/staging/stg_complaints.parquet
hmda,"PLANET HOME LENDING, LLC",,E2C144F51D5CE,"PLANET HOME LENDING, LLC",nonbank_originator,54930021WPEXNHYZUL09,4889892,,,54930021WPEXNHYZUL09,2021,https://files.ffiec.cfpb.gov/static-data/snapshot/2021/2021_public_panel_csv.zip,,,manual,Codex (individual identity/evidence review; not independent human review),2026-09-26,data/staging/stg_complaints.parquet
hmda,"PLANET HOME LENDING, LLC",,E2C144F51D5CE,"PLANET HOME LENDING, LLC",nonbank_originator,54930021WPEXNHYZUL09,4889892,,,54930021WPEXNHYZUL09,2022,https://files.ffiec.cfpb.gov/static-data/snapshot/2022/2022_public_panel_csv.zip,,,manual,Codex (individual identity/evidence review; not independent human review),2026-09-26,data/staging/stg_complaints.parquet
hmda,"PLANET HOME LENDING, LLC",,E2C144F51D5CE,"PLANET HOME LENDING, LLC",nonbank_originator,54930021WPEXNHYZUL09,4889892,,,54930021WPEXNHYZUL09,2023,https://files.ffiec.cfpb.gov/static-data/snapshot/2023/2023_public_panel_csv.zip,,,manual,Codex (individual identity/evidence review; not independent human review),2026-09-26,data/staging/stg_complaints.parquet
hmda,"PLANET HOME LENDING, LLC",,E2C144F51D5CE,"PLANET HOME LENDING, LLC",nonbank_originator,54930021WPEXNHYZUL09,,,,54930021WPEXNHYZUL09,2024,https://files.ffiec.cfpb.gov/static-data/snapshot/2024/2024_public_ts_csv.zip,,,manual,Codex (individual identity/evidence review; not independent human review),2026-09-26,data/staging/stg_complaints.parquet
hmda,"PLANET HOME LENDING, LLC",,E2C144F51D5CE,"PLANET HOME LENDING, LLC",nonbank_originator,54930021WPEXNHYZUL09,,,,54930021WPEXNHYZUL09,2025,https://files.ffiec.cfpb.gov/static-data/snapshot/2025/2025_public_ts_csv.zip,,,manual,Codex (individual identity/evidence review; not independent human review),2026-09-26,data/staging/stg_complaints.parquet
hmda,AmeriSave Mortgage Corporation,,E72FB15867991,AMERISAVE MORTGAGE CORPORATION,nonbank_originator,549300YIQ7S7Z8PIHE53,3914377,,,549300YIQ7S7Z8PIHE53,2018,https://files.ffiec.cfpb.gov/static-data/snapshot/2018/2018_public_panel_csv.zip,,,manual,Codex (individual identity/evidence review; not independent human review),2026-09-26,data/staging/stg_complaints.parquet
hmda,AMERISAVE MORTGAGE CORPORATION,,E72FB15867991,AMERISAVE MORTGAGE CORPORATION,nonbank_originator,549300YIQ7S7Z8PIHE53,3914377,,,549300YIQ7S7Z8PIHE53,2019,https://files.ffiec.cfpb.gov/static-data/snapshot/2019/2019_public_panel_csv.zip,,,manual,Codex (individual identity/evidence review; not independent human review),2026-09-26,data/staging/stg_complaints.parquet
hmda,AMERISAVE MORTGAGE CORPORATION,,E72FB15867991,AMERISAVE MORTGAGE CORPORATION,nonbank_originator,549300YIQ7S7Z8PIHE53,3914377,,,549300YIQ7S7Z8PIHE53,2020,https://files.ffiec.cfpb.gov/static-data/snapshot/2020/2020_public_panel_csv.zip,,,manual,Codex (individual identity/evidence review; not independent human review),2026-09-26,data/staging/stg_complaints.parquet
hmda,AmeriSave Mortgage Corporation,,E72FB15867991,AMERISAVE MORTGAGE CORPORATION,nonbank_originator,549300YIQ7S7Z8PIHE53,3914377,,,549300YIQ7S7Z8PIHE53,2021,https://files.ffiec.cfpb.gov/static-data/snapshot/2021/2021_public_panel_csv.zip,,,manual,Codex (individual identity/evidence review; not independent human review),2026-09-26,data/staging/stg_complaints.parquet
hmda,AmeriSave Mortgage Corporation,,E72FB15867991,AMERISAVE MORTGAGE CORPORATION,nonbank_originator,549300YIQ7S7Z8PIHE53,3914377,,,549300YIQ7S7Z8PIHE53,2022,https://files.ffiec.cfpb.gov/static-data/snapshot/2022/2022_public_panel_csv.zip,,,manual,Codex (individual identity/evidence review; not independent human review),2026-09-26,data/staging/stg_complaints.parquet
hmda,AMERISAVE MORTGAGE CORPORATION,,E72FB15867991,AMERISAVE MORTGAGE CORPORATION,nonbank_originator,549300YIQ7S7Z8PIHE53,3914377,,,549300YIQ7S7Z8PIHE53,2023,https://files.ffiec.cfpb.gov/static-data/snapshot/2023/2023_public_panel_csv.zip,,,manual,Codex (individual identity/evidence review; not independent human review),2026-09-26,data/staging/stg_complaints.parquet
hmda,AMERISAVE MORTGAGE COMPANY,,E72FB15867991,AMERISAVE MORTGAGE CORPORATION,nonbank_originator,549300YIQ7S7Z8PIHE53,,,,549300YIQ7S7Z8PIHE53,2024,https://files.ffiec.cfpb.gov/static-data/snapshot/2024/2024_public_ts_csv.zip,,,manual,Codex (individual identity/evidence review; not independent human review),2026-09-26,data/staging/stg_complaints.parquet
hmda,AMERISAVE MORTGAGE COMPANY,,E72FB15867991,AMERISAVE MORTGAGE CORPORATION,nonbank_originator,549300YIQ7S7Z8PIHE53,,,,549300YIQ7S7Z8PIHE53,2025,https://files.ffiec.cfpb.gov/static-data/snapshot/2025/2025_public_ts_csv.zip,,,manual,Codex (individual identity/evidence review; not independent human review),2026-09-26,data/staging/stg_complaints.parquet
hmda,"CROSSCOUNTRY MORTGAGE, INC.",,EA530F9DF6522,CrossCountry Mortgage LLC,nonbank_originator,549300VZVN841I2ILS84,4183602,,,549300VZVN841I2ILS84,2018,https://files.ffiec.cfpb.gov/static-data/snapshot/2018/2018_public_panel_csv.zip,,,manual,Codex (individual identity/evidence review; not independent human review),2026-09-26,data/staging/stg_complaints.parquet
hmda,"CROSSCOUNTRY MORTGAGE, LLC",,EA530F9DF6522,CrossCountry Mortgage LLC,nonbank_originator,549300VZVN841I2ILS84,4183602,,,549300VZVN841I2ILS84,2019,https://files.ffiec.cfpb.gov/static-data/snapshot/2019/2019_public_panel_csv.zip,,,manual,Codex (individual identity/evidence review; not independent human review),2026-09-26,data/staging/stg_complaints.parquet
hmda,"CROSSCOUNTRY MORTGAGE, LLC",,EA530F9DF6522,CrossCountry Mortgage LLC,nonbank_originator,549300VZVN841I2ILS84,4183602,,,549300VZVN841I2ILS84,2020,https://files.ffiec.cfpb.gov/static-data/snapshot/2020/2020_public_panel_csv.zip,,,manual,Codex (individual identity/evidence review; not independent human review),2026-09-26,data/staging/stg_complaints.parquet
hmda,"CROSSCOUNTRY MORTGAGE, INC.",,EA530F9DF6522,CrossCountry Mortgage LLC,nonbank_originator,549300VZVN841I2ILS84,4183602,,,549300VZVN841I2ILS84,2021,https://files.ffiec.cfpb.gov/static-data/snapshot/2021/2021_public_panel_csv.zip,,,manual,Codex (individual identity/evidence review; not independent human review),2026-09-26,data/staging/stg_complaints.parquet
hmda,"CROSSCOUNTRY MORTGAGE, INC.",,EA530F9DF6522,CrossCountry Mortgage LLC,nonbank_originator,549300VZVN841I2ILS84,4183602,,,549300VZVN841I2ILS84,2022,https://files.ffiec.cfpb.gov/static-data/snapshot/2022/2022_public_panel_csv.zip,,,manual,Codex (individual identity/evidence review; not independent human review),2026-09-26,data/staging/stg_complaints.parquet
hmda,"CROSSCOUNTRY MORTGAGE, LLC",,EA530F9DF6522,CrossCountry Mortgage LLC,nonbank_originator,549300VZVN841I2ILS84,4183602,,,549300VZVN841I2ILS84,2023,https://files.ffiec.cfpb.gov/static-data/snapshot/2023/2023_public_panel_csv.zip,,,manual,Codex (individual identity/evidence review; not independent human review),2026-09-26,data/staging/stg_complaints.parquet
hmda,"CROSSCOUNTRY MORTGAGE, LLC",,EA530F9DF6522,CrossCountry Mortgage LLC,nonbank_originator,549300VZVN841I2ILS84,,,,549300VZVN841I2ILS84,2024,https://files.ffiec.cfpb.gov/static-data/snapshot/2024/2024_public_ts_csv.zip,,,manual,Codex (individual identity/evidence review; not independent human review),2026-09-26,data/staging/stg_complaints.parquet
hmda,"CROSSCOUNTRY MORTGAGE, LLC",,EA530F9DF6522,CrossCountry Mortgage LLC,nonbank_originator,549300VZVN841I2ILS84,,,,549300VZVN841I2ILS84,2025,https://files.ffiec.cfpb.gov/static-data/snapshot/2025/2025_public_ts_csv.zip,,,manual,Codex (individual identity/evidence review; not independent human review),2026-09-26,data/staging/stg_complaints.parquet
hmda,MidFirst Bank,,EDC335F416F27,MidFirst Bank / Records family,bank,337KMNHEWWWR6B7Q7W10,595270,5555701,4063,337KMNHEWWWR6B7Q7W10,2018,https://files.ffiec.cfpb.gov/static-data/snapshot/2018/2018_public_panel_csv.zip,,,manual,Codex (individual identity/evidence review; not independent human review),2026-09-26,https://api.fdic.gov/banks/institutions
hmda,MidFirst Bank,,EDC335F416F27,MidFirst Bank / Records family,bank,337KMNHEWWWR6B7Q7W10,595270,5555701,4063,337KMNHEWWWR6B7Q7W10,2019,https://files.ffiec.cfpb.gov/static-data/snapshot/2019/2019_public_panel_csv.zip,,,manual,Codex (individual identity/evidence review; not independent human review),2026-09-26,https://api.fdic.gov/banks/institutions
hmda,MidFirst Bank,,EDC335F416F27,MidFirst Bank / Records family,bank,337KMNHEWWWR6B7Q7W10,595270,5555701,4063,337KMNHEWWWR6B7Q7W10,2020,https://files.ffiec.cfpb.gov/static-data/snapshot/2020/2020_public_panel_csv.zip,,,manual,Codex (individual identity/evidence review; not independent human review),2026-09-26,https://api.fdic.gov/banks/institutions
hmda,MidFirst Bank,,EDC335F416F27,MidFirst Bank / Records family,bank,337KMNHEWWWR6B7Q7W10,595270,5555701,4063,337KMNHEWWWR6B7Q7W10,2021,https://files.ffiec.cfpb.gov/static-data/snapshot/2021/2021_public_panel_csv.zip,,,manual,Codex (individual identity/evidence review; not independent human review),2026-09-26,https://api.fdic.gov/banks/institutions
hmda,MidFirst Bank,,EDC335F416F27,MidFirst Bank / Records family,bank,337KMNHEWWWR6B7Q7W10,595270,5555701,4063,337KMNHEWWWR6B7Q7W10,2022,https://files.ffiec.cfpb.gov/static-data/snapshot/2022/2022_public_panel_csv.zip,,,manual,Codex (individual identity/evidence review; not independent human review),2026-09-26,https://api.fdic.gov/banks/institutions
hmda,MidFirst Bank,,EDC335F416F27,MidFirst Bank / Records family,bank,337KMNHEWWWR6B7Q7W10,595270,5555701,4063,337KMNHEWWWR6B7Q7W10,2023,https://files.ffiec.cfpb.gov/static-data/snapshot/2023/2023_public_panel_csv.zip,,,manual,Codex (individual identity/evidence review; not independent human review),2026-09-26,https://api.fdic.gov/banks/institutions
hmda,MidFirst Bank,,EDC335F416F27,MidFirst Bank / Records family,bank,337KMNHEWWWR6B7Q7W10,,5555701,,337KMNHEWWWR6B7Q7W10,2024,https://files.ffiec.cfpb.gov/static-data/snapshot/2024/2024_public_ts_csv.zip,,,manual,Codex (individual identity/evidence review; not independent human review),2026-09-26,https://api.fdic.gov/banks/institutions
hmda,MidFirst Bank,,EDC335F416F27,MidFirst Bank / Records family,bank,337KMNHEWWWR6B7Q7W10,,5555701,,337KMNHEWWWR6B7Q7W10,2025,https://files.ffiec.cfpb.gov/static-data/snapshot/2025/2025_public_ts_csv.zip,,,manual,Codex (individual identity/evidence review; not independent human review),2026-09-26,https://api.fdic.gov/banks/institutions
fdic_name,MidFirst Bank,,EDC335F416F27,MidFirst Bank / Records family,bank,,595270,5555701,4063,,2026,https://api.fdic.gov/banks/institutions,,,manual,Codex (individual identity/evidence review; not independent human review),2026-09-26,https://api.fdic.gov/banks/institutions
fdic_namehcr,G JEFFREY RECORDS JR 2020 FAMILY TR,,EDC335F416F27,MidFirst Bank / Records family,bank,,595270,5555701,4063,,2026,https://api.fdic.gov/banks/institutions,,,manual,Codex (individual identity/evidence review; not independent human review),2026-09-26,https://api.fdic.gov/banks/institutions
hmda,"TIAA, FSB",,E1E10FA19D799,EVERBANK FINANCIAL CORP,bank,5Z1UQ1CWY0DQ3KJWDQ07,2735146,3838857,34775,5Z1UQ1CWY0DQ3KJWDQ07,2018,https://files.ffiec.cfpb.gov/static-data/snapshot/2018/2018_public_panel_csv.zip,,,manual,Codex (individual identity/evidence review; not independent human review),2026-09-26,https://api.fdic.gov/banks/institutions
hmda,"TIAA, FSB",,E1E10FA19D799,EVERBANK FINANCIAL CORP,bank,5Z1UQ1CWY0DQ3KJWDQ07,2735146,3838857,34775,5Z1UQ1CWY0DQ3KJWDQ07,2019,https://files.ffiec.cfpb.gov/static-data/snapshot/2019/2019_public_panel_csv.zip,,,manual,Codex (individual identity/evidence review; not independent human review),2026-09-26,https://api.fdic.gov/banks/institutions
hmda,"TIAA, FSB",,E1E10FA19D799,EVERBANK FINANCIAL CORP,bank,5Z1UQ1CWY0DQ3KJWDQ07,2735146,3838857,34775,5Z1UQ1CWY0DQ3KJWDQ07,2020,https://files.ffiec.cfpb.gov/static-data/snapshot/2020/2020_public_panel_csv.zip,,,manual,Codex (individual identity/evidence review; not independent human review),2026-09-26,https://api.fdic.gov/banks/institutions
hmda,"TIAA, FSB",,E1E10FA19D799,EVERBANK FINANCIAL CORP,bank,5Z1UQ1CWY0DQ3KJWDQ07,2735146,3838857,34775,5Z1UQ1CWY0DQ3KJWDQ07,2021,https://files.ffiec.cfpb.gov/static-data/snapshot/2021/2021_public_panel_csv.zip,,,manual,Codex (individual identity/evidence review; not independent human review),2026-09-26,https://api.fdic.gov/banks/institutions
hmda,"TIAA, FSB",,E1E10FA19D799,EVERBANK FINANCIAL CORP,bank,5Z1UQ1CWY0DQ3KJWDQ07,2735146,3838857,34775,5Z1UQ1CWY0DQ3KJWDQ07,2022,https://files.ffiec.cfpb.gov/static-data/snapshot/2022/2022_public_panel_csv.zip,,,manual,Codex (individual identity/evidence review; not independent human review),2026-09-26,https://api.fdic.gov/banks/institutions
hmda,EVERBANK N.A.,,E1E10FA19D799,EVERBANK FINANCIAL CORP,bank,5Z1UQ1CWY0DQ3KJWDQ07,,3838857,,5Z1UQ1CWY0DQ3KJWDQ07,2025,https://files.ffiec.cfpb.gov/static-data/snapshot/2025/2025_public_ts_csv.zip,,,manual,Codex (individual identity/evidence review; not independent human review),2026-09-26,https://api.fdic.gov/banks/institutions
fdic_name,"EverBank, National Association",,E1E10FA19D799,EVERBANK FINANCIAL CORP,bank,,2735146,3838857,34775,,2026,https://api.fdic.gov/banks/institutions,,,manual,Codex (individual identity/evidence review; not independent human review),2026-09-26,https://api.fdic.gov/banks/institutions
fdic_namehcr,EVERBANK FINANCIAL CORP,,E1E10FA19D799,EVERBANK FINANCIAL CORP,bank,,2735146,3838857,34775,,2026,https://api.fdic.gov/banks/institutions,,,manual,Codex (individual identity/evidence review; not independent human review),2026-09-26,https://api.fdic.gov/banks/institutions
hmda,"Capital One, National Association",,EBA75D3B76656,CAPITAL ONE FINANCIAL CORP,bank,207ALC1P1YM0OVDV0K75,112837,2277860,4297,207ALC1P1YM0OVDV0K75,2018,https://files.ffiec.cfpb.gov/static-data/snapshot/2018/2018_public_panel_csv.zip,,,manual,Codex (individual identity/evidence review; not independent human review),2026-09-26,https://api.fdic.gov/banks/institutions
hmda,"Capital One, National Association",,EBA75D3B76656,CAPITAL ONE FINANCIAL CORP,bank,207ALC1P1YM0OVDV0K75,112837,2277860,4297,207ALC1P1YM0OVDV0K75,2019,https://files.ffiec.cfpb.gov/static-data/snapshot/2019/2019_public_panel_csv.zip,,,manual,Codex (individual identity/evidence review; not independent human review),2026-09-26,https://api.fdic.gov/banks/institutions
hmda,"Capital One, National Association",,EBA75D3B76656,CAPITAL ONE FINANCIAL CORP,bank,207ALC1P1YM0OVDV0K75,112837,2277860,4297,207ALC1P1YM0OVDV0K75,2020,https://files.ffiec.cfpb.gov/static-data/snapshot/2020/2020_public_panel_csv.zip,,,manual,Codex (individual identity/evidence review; not independent human review),2026-09-26,https://api.fdic.gov/banks/institutions
hmda,"Capital One, National Association",,EBA75D3B76656,CAPITAL ONE FINANCIAL CORP,bank,207ALC1P1YM0OVDV0K75,112837,2277860,4297,207ALC1P1YM0OVDV0K75,2021,https://files.ffiec.cfpb.gov/static-data/snapshot/2021/2021_public_panel_csv.zip,,,manual,Codex (individual identity/evidence review; not independent human review),2026-09-26,https://api.fdic.gov/banks/institutions
hmda,"Capital One, National Association",,EBA75D3B76656,CAPITAL ONE FINANCIAL CORP,bank,207ALC1P1YM0OVDV0K75,112837,2277860,4297,207ALC1P1YM0OVDV0K75,2022,https://files.ffiec.cfpb.gov/static-data/snapshot/2022/2022_public_panel_csv.zip,,,manual,Codex (individual identity/evidence review; not independent human review),2026-09-26,https://api.fdic.gov/banks/institutions
fdic_name,"Capital One, National Association",,EBA75D3B76656,CAPITAL ONE FINANCIAL CORP,bank,,112837,2277860,4297,,2026,https://api.fdic.gov/banks/institutions,,,manual,Codex (individual identity/evidence review; not independent human review),2026-09-26,https://api.fdic.gov/banks/institutions
fdic_namehcr,CAPITAL ONE FINANCIAL CORP,,EBA75D3B76656,CAPITAL ONE FINANCIAL CORP,bank,,112837,2277860,4297,,2026,https://api.fdic.gov/banks/institutions,,,manual,Codex (individual identity/evidence review; not independent human review),2026-09-26,https://api.fdic.gov/banks/institutions
hmda,Regions Bank,,EC4B8C9B8E722,REGIONS FINANCIAL CORP,bank,EQTWLK1G7ODGC2MGLV11,233031,3242838,12368,EQTWLK1G7ODGC2MGLV11,2018,https://files.ffiec.cfpb.gov/static-data/snapshot/2018/2018_public_panel_csv.zip,,,manual,Codex (individual identity/evidence review; not independent human review),2026-09-26,https://api.fdic.gov/banks/institutions
hmda,Regions Bank,,EC4B8C9B8E722,REGIONS FINANCIAL CORP,bank,EQTWLK1G7ODGC2MGLV11,233031,3242838,12368,EQTWLK1G7ODGC2MGLV11,2019,https://files.ffiec.cfpb.gov/static-data/snapshot/2019/2019_public_panel_csv.zip,,,manual,Codex (individual identity/evidence review; not independent human review),2026-09-26,https://api.fdic.gov/banks/institutions
hmda,Regions Bank,,EC4B8C9B8E722,REGIONS FINANCIAL CORP,bank,EQTWLK1G7ODGC2MGLV11,233031,3242838,12368,EQTWLK1G7ODGC2MGLV11,2020,https://files.ffiec.cfpb.gov/static-data/snapshot/2020/2020_public_panel_csv.zip,,,manual,Codex (individual identity/evidence review; not independent human review),2026-09-26,https://api.fdic.gov/banks/institutions
hmda,Regions Bank,,EC4B8C9B8E722,REGIONS FINANCIAL CORP,bank,EQTWLK1G7ODGC2MGLV11,233031,3242838,12368,EQTWLK1G7ODGC2MGLV11,2021,https://files.ffiec.cfpb.gov/static-data/snapshot/2021/2021_public_panel_csv.zip,,,manual,Codex (individual identity/evidence review; not independent human review),2026-09-26,https://api.fdic.gov/banks/institutions
hmda,Regions Bank,,EC4B8C9B8E722,REGIONS FINANCIAL CORP,bank,EQTWLK1G7ODGC2MGLV11,233031,3242838,12368,EQTWLK1G7ODGC2MGLV11,2022,https://files.ffiec.cfpb.gov/static-data/snapshot/2022/2022_public_panel_csv.zip,,,manual,Codex (individual identity/evidence review; not independent human review),2026-09-26,https://api.fdic.gov/banks/institutions
hmda,Regions Bank,,EC4B8C9B8E722,REGIONS FINANCIAL CORP,bank,EQTWLK1G7ODGC2MGLV11,233031,3242838,12368,EQTWLK1G7ODGC2MGLV11,2023,https://files.ffiec.cfpb.gov/static-data/snapshot/2023/2023_public_panel_csv.zip,,,manual,Codex (individual identity/evidence review; not independent human review),2026-09-26,https://api.fdic.gov/banks/institutions
hmda,REGIONS BANK,,EC4B8C9B8E722,REGIONS FINANCIAL CORP,bank,EQTWLK1G7ODGC2MGLV11,,3242838,,EQTWLK1G7ODGC2MGLV11,2024,https://files.ffiec.cfpb.gov/static-data/snapshot/2024/2024_public_ts_csv.zip,,,manual,Codex (individual identity/evidence review; not independent human review),2026-09-26,https://api.fdic.gov/banks/institutions
hmda,REGIONS BANK,,EC4B8C9B8E722,REGIONS FINANCIAL CORP,bank,EQTWLK1G7ODGC2MGLV11,,3242838,,EQTWLK1G7ODGC2MGLV11,2025,https://files.ffiec.cfpb.gov/static-data/snapshot/2025/2025_public_ts_csv.zip,,,manual,Codex (individual identity/evidence review; not independent human review),2026-09-26,https://api.fdic.gov/banks/institutions
fdic_name,Regions Bank,,EC4B8C9B8E722,REGIONS FINANCIAL CORP,bank,,233031,3242838,12368,,2026,https://api.fdic.gov/banks/institutions,,,manual,Codex (individual identity/evidence review; not independent human review),2026-09-26,https://api.fdic.gov/banks/institutions
fdic_namehcr,REGIONS FINANCIAL CORP,,EC4B8C9B8E722,REGIONS FINANCIAL CORP,bank,,233031,3242838,12368,,2026,https://api.fdic.gov/banks/institutions,,,manual,Codex (individual identity/evidence review; not independent human review),2026-09-26,https://api.fdic.gov/banks/institutions
hmda,The Huntington National Bank,,EDFEA33F217F1,HUNTINGTON BANCSHARES INC,bank,2WHM8VNJH63UN14OL754,12311,1068191,6560,2WHM8VNJH63UN14OL754,2018,https://files.ffiec.cfpb.gov/static-data/snapshot/2018/2018_public_panel_csv.zip,,,manual,Codex (individual identity/evidence review; not independent human review),2026-09-26,https://api.fdic.gov/banks/institutions
hmda,The Huntington National Bank,,EDFEA33F217F1,HUNTINGTON BANCSHARES INC,bank,2WHM8VNJH63UN14OL754,12311,1068191,6560,2WHM8VNJH63UN14OL754,2019,https://files.ffiec.cfpb.gov/static-data/snapshot/2019/2019_public_panel_csv.zip,,,manual,Codex (individual identity/evidence review; not independent human review),2026-09-26,https://api.fdic.gov/banks/institutions
hmda,The Huntington National Bank,,EDFEA33F217F1,HUNTINGTON BANCSHARES INC,bank,2WHM8VNJH63UN14OL754,12311,1068191,6560,2WHM8VNJH63UN14OL754,2020,https://files.ffiec.cfpb.gov/static-data/snapshot/2020/2020_public_panel_csv.zip,,,manual,Codex (individual identity/evidence review; not independent human review),2026-09-26,https://api.fdic.gov/banks/institutions
hmda,The Huntington National Bank,,EDFEA33F217F1,HUNTINGTON BANCSHARES INC,bank,2WHM8VNJH63UN14OL754,12311,1068191,6560,2WHM8VNJH63UN14OL754,2021,https://files.ffiec.cfpb.gov/static-data/snapshot/2021/2021_public_panel_csv.zip,,,manual,Codex (individual identity/evidence review; not independent human review),2026-09-26,https://api.fdic.gov/banks/institutions
hmda,The Huntington National Bank,,EDFEA33F217F1,HUNTINGTON BANCSHARES INC,bank,2WHM8VNJH63UN14OL754,12311,1068191,6560,2WHM8VNJH63UN14OL754,2022,https://files.ffiec.cfpb.gov/static-data/snapshot/2022/2022_public_panel_csv.zip,,,manual,Codex (individual identity/evidence review; not independent human review),2026-09-26,https://api.fdic.gov/banks/institutions
hmda,The Huntington National Bank,,EDFEA33F217F1,HUNTINGTON BANCSHARES INC,bank,2WHM8VNJH63UN14OL754,12311,1068191,6560,2WHM8VNJH63UN14OL754,2023,https://files.ffiec.cfpb.gov/static-data/snapshot/2023/2023_public_panel_csv.zip,,,manual,Codex (individual identity/evidence review; not independent human review),2026-09-26,https://api.fdic.gov/banks/institutions
hmda,Huntington National Bank,,EDFEA33F217F1,HUNTINGTON BANCSHARES INC,bank,2WHM8VNJH63UN14OL754,,1068191,,2WHM8VNJH63UN14OL754,2024,https://files.ffiec.cfpb.gov/static-data/snapshot/2024/2024_public_ts_csv.zip,,,manual,Codex (individual identity/evidence review; not independent human review),2026-09-26,https://api.fdic.gov/banks/institutions
hmda,Huntington National Bank,,EDFEA33F217F1,HUNTINGTON BANCSHARES INC,bank,2WHM8VNJH63UN14OL754,,1068191,,2WHM8VNJH63UN14OL754,2025,https://files.ffiec.cfpb.gov/static-data/snapshot/2025/2025_public_ts_csv.zip,,,manual,Codex (individual identity/evidence review; not independent human review),2026-09-26,https://api.fdic.gov/banks/institutions
fdic_name,The Huntington National Bank,,EDFEA33F217F1,HUNTINGTON BANCSHARES INC,bank,,12311,1068191,6560,,2026,https://api.fdic.gov/banks/institutions,,,manual,Codex (individual identity/evidence review; not independent human review),2026-09-26,https://api.fdic.gov/banks/institutions
fdic_namehcr,HUNTINGTON BANCSHARES INC,,EDFEA33F217F1,HUNTINGTON BANCSHARES INC,bank,,12311,1068191,6560,,2026,https://api.fdic.gov/banks/institutions,,,manual,Codex (individual identity/evidence review; not independent human review),2026-09-26,https://api.fdic.gov/banks/institutions
hmda,"Santander Bank, N.A.",,EED6B50CF122D,BANCO SANTANDER SA,bank,TR24TWEY5RVRQV65HD49,722777,1239254,29950,TR24TWEY5RVRQV65HD49,2018,https://files.ffiec.cfpb.gov/static-data/snapshot/2018/2018_public_panel_csv.zip,,,manual,Codex (individual identity/evidence review; not independent human review),2026-09-26,https://api.fdic.gov/banks/institutions
hmda,"Santander Bank, N.A.",,EED6B50CF122D,BANCO SANTANDER SA,bank,TR24TWEY5RVRQV65HD49,722777,1239254,29950,TR24TWEY5RVRQV65HD49,2019,https://files.ffiec.cfpb.gov/static-data/snapshot/2019/2019_public_panel_csv.zip,,,manual,Codex (individual identity/evidence review; not independent human review),2026-09-26,https://api.fdic.gov/banks/institutions
hmda,"Santander Bank, N.A.",,EED6B50CF122D,BANCO SANTANDER SA,bank,TR24TWEY5RVRQV65HD49,722777,1239254,29950,TR24TWEY5RVRQV65HD49,2020,https://files.ffiec.cfpb.gov/static-data/snapshot/2020/2020_public_panel_csv.zip,,,manual,Codex (individual identity/evidence review; not independent human review),2026-09-26,https://api.fdic.gov/banks/institutions
hmda,"Santander Bank, N.A.",,EED6B50CF122D,BANCO SANTANDER SA,bank,TR24TWEY5RVRQV65HD49,722777,1239254,29950,TR24TWEY5RVRQV65HD49,2021,https://files.ffiec.cfpb.gov/static-data/snapshot/2021/2021_public_panel_csv.zip,,,manual,Codex (individual identity/evidence review; not independent human review),2026-09-26,https://api.fdic.gov/banks/institutions
hmda,"Santander Bank, N.A.",,EED6B50CF122D,BANCO SANTANDER SA,bank,TR24TWEY5RVRQV65HD49,722777,1239254,29950,TR24TWEY5RVRQV65HD49,2022,https://files.ffiec.cfpb.gov/static-data/snapshot/2022/2022_public_panel_csv.zip,,,manual,Codex (individual identity/evidence review; not independent human review),2026-09-26,https://api.fdic.gov/banks/institutions
hmda,"Santander Bank, N.A.",,EED6B50CF122D,BANCO SANTANDER SA,bank,TR24TWEY5RVRQV65HD49,722777,1239254,29950,TR24TWEY5RVRQV65HD49,2023,https://files.ffiec.cfpb.gov/static-data/snapshot/2023/2023_public_panel_csv.zip,,,manual,Codex (individual identity/evidence review; not independent human review),2026-09-26,https://api.fdic.gov/banks/institutions
fdic_name,"Santander Bank, N.A.",,EED6B50CF122D,BANCO SANTANDER SA,bank,,722777,1239254,29950,,2026,https://api.fdic.gov/banks/institutions,,,manual,Codex (individual identity/evidence review; not independent human review),2026-09-26,https://api.fdic.gov/banks/institutions
fdic_namehcr,BANCO SANTANDER SA,,EED6B50CF122D,BANCO SANTANDER SA,bank,,722777,1239254,29950,,2026,https://api.fdic.gov/banks/institutions,,,manual,Codex (individual identity/evidence review; not independent human review),2026-09-26,https://api.fdic.gov/banks/institutions
hmda,New York Community Bank,,EBDAA9CD74FD1,New York Community / Flagstar Financial,bank,QODK9N71Q3XVQS2JKH91,694904,2132932,16022,QODK9N71Q3XVQS2JKH91,2018,https://files.ffiec.cfpb.gov/static-data/snapshot/2018/2018_public_panel_csv.zip,,,manual,Codex (individual identity/evidence review; not independent human review),2026-09-26,https://api.fdic.gov/banks/institutions
hmda,New York Community Bank,,EBDAA9CD74FD1,New York Community / Flagstar Financial,bank,QODK9N71Q3XVQS2JKH91,694904,2132932,16022,QODK9N71Q3XVQS2JKH91,2019,https://files.ffiec.cfpb.gov/static-data/snapshot/2019/2019_public_panel_csv.zip,,,manual,Codex (individual identity/evidence review; not independent human review),2026-09-26,https://api.fdic.gov/banks/institutions
hmda,New York Community Bank,,EBDAA9CD74FD1,New York Community / Flagstar Financial,bank,QODK9N71Q3XVQS2JKH91,694904,2132932,16022,QODK9N71Q3XVQS2JKH91,2020,https://files.ffiec.cfpb.gov/static-data/snapshot/2020/2020_public_panel_csv.zip,,,manual,Codex (individual identity/evidence review; not independent human review),2026-09-26,https://api.fdic.gov/banks/institutions
hmda,New York Community Bank,,EBDAA9CD74FD1,New York Community / Flagstar Financial,bank,QODK9N71Q3XVQS2JKH91,694904,2132932,16022,QODK9N71Q3XVQS2JKH91,2021,https://files.ffiec.cfpb.gov/static-data/snapshot/2021/2021_public_panel_csv.zip,,,manual,Codex (individual identity/evidence review; not independent human review),2026-09-26,https://api.fdic.gov/banks/institutions
hmda,"Flagstar Bank, FSB",,EBDAA9CD74FD1,New York Community / Flagstar Financial,bank,SS1TRMSN6BRNMOREEV51,694904,2132932,16022,SS1TRMSN6BRNMOREEV51,2022,https://files.ffiec.cfpb.gov/static-data/snapshot/2022/2022_public_panel_csv.zip,2022-12-01,,manual,Codex (individual identity/evidence review; not independent human review),2026-09-26,https://api.fdic.gov/banks/institutions
hmda,"Flagstar Bank, N.A.",,EBDAA9CD74FD1,New York Community / Flagstar Financial,bank,SS1TRMSN6BRNMOREEV51,694904,2132932,16022,SS1TRMSN6BRNMOREEV51,2023,https://files.ffiec.cfpb.gov/static-data/snapshot/2023/2023_public_panel_csv.zip,2022-12-01,,manual,Codex (individual identity/evidence review; not independent human review),2026-09-26,https://api.fdic.gov/banks/institutions
hmda,Flagstar Bank NA,,EBDAA9CD74FD1,New York Community / Flagstar Financial,bank,SS1TRMSN6BRNMOREEV51,,2132932,,SS1TRMSN6BRNMOREEV51,2024,https://files.ffiec.cfpb.gov/static-data/snapshot/2024/2024_public_ts_csv.zip,2022-12-01,,manual,Codex (individual identity/evidence review; not independent human review),2026-09-26,https://api.fdic.gov/banks/institutions
hmda,Flagstar Bank NA,,EBDAA9CD74FD1,New York Community / Flagstar Financial,bank,SS1TRMSN6BRNMOREEV51,,2132932,,SS1TRMSN6BRNMOREEV51,2025,https://files.ffiec.cfpb.gov/static-data/snapshot/2025/2025_public_ts_csv.zip,2022-12-01,,manual,Codex (individual identity/evidence review; not independent human review),2026-09-26,https://api.fdic.gov/banks/institutions
fdic_name,New York Community Bank,,EBDAA9CD74FD1,New York Community / Flagstar Financial,bank,,694904,2132932,16022,,2026,https://api.fdic.gov/banks/institutions,,,manual,Codex (individual identity/evidence review; not independent human review),2026-09-26,https://api.fdic.gov/banks/institutions
fdic_namehcr,NEW YORK COMMUNITY BCORP INC,,EBDAA9CD74FD1,New York Community / Flagstar Financial,bank,,694904,2132932,16022,,2026,https://api.fdic.gov/banks/institutions,,,manual,Codex (individual identity/evidence review; not independent human review),2026-09-26,https://api.fdic.gov/banks/institutions
fdic_name,"Flagstar Bank, National Association",,EBDAA9CD74FD1,New York Community / Flagstar Financial,bank,,694904,2132932,32541,,2026,https://api.fdic.gov/banks/institutions,,,manual,Codex (individual identity/evidence review; not independent human review),2026-09-26,https://api.fdic.gov/banks/institutions
hmda,KeyBank National Association,,E141256315B89,KEYCORP,bank,HUX2X73FUCYHUVH1BK78,280110,1068025,17534,HUX2X73FUCYHUVH1BK78,2018,https://files.ffiec.cfpb.gov/static-data/snapshot/2018/2018_public_panel_csv.zip,,,manual,Codex (individual identity/evidence review; not independent human review),2026-09-26,https://api.fdic.gov/banks/institutions
hmda,KeyBank National Association,,E141256315B89,KEYCORP,bank,HUX2X73FUCYHUVH1BK78,280110,1068025,17534,HUX2X73FUCYHUVH1BK78,2019,https://files.ffiec.cfpb.gov/static-data/snapshot/2019/2019_public_panel_csv.zip,,,manual,Codex (individual identity/evidence review; not independent human review),2026-09-26,https://api.fdic.gov/banks/institutions
hmda,KeyBank National Association,,E141256315B89,KEYCORP,bank,HUX2X73FUCYHUVH1BK78,280110,1068025,17534,HUX2X73FUCYHUVH1BK78,2020,https://files.ffiec.cfpb.gov/static-data/snapshot/2020/2020_public_panel_csv.zip,,,manual,Codex (individual identity/evidence review; not independent human review),2026-09-26,https://api.fdic.gov/banks/institutions
hmda,KeyBank National Association,,E141256315B89,KEYCORP,bank,HUX2X73FUCYHUVH1BK78,280110,1068025,17534,HUX2X73FUCYHUVH1BK78,2021,https://files.ffiec.cfpb.gov/static-data/snapshot/2021/2021_public_panel_csv.zip,,,manual,Codex (individual identity/evidence review; not independent human review),2026-09-26,https://api.fdic.gov/banks/institutions
hmda,KeyBank National Association,,E141256315B89,KEYCORP,bank,HUX2X73FUCYHUVH1BK78,280110,1068025,17534,HUX2X73FUCYHUVH1BK78,2022,https://files.ffiec.cfpb.gov/static-data/snapshot/2022/2022_public_panel_csv.zip,,,manual,Codex (individual identity/evidence review; not independent human review),2026-09-26,https://api.fdic.gov/banks/institutions
hmda,KeyBank National Association,,E141256315B89,KEYCORP,bank,HUX2X73FUCYHUVH1BK78,280110,1068025,17534,HUX2X73FUCYHUVH1BK78,2023,https://files.ffiec.cfpb.gov/static-data/snapshot/2023/2023_public_panel_csv.zip,,,manual,Codex (individual identity/evidence review; not independent human review),2026-09-26,https://api.fdic.gov/banks/institutions
hmda,KEYBANK NATIONAL ASSOCIATION,,E141256315B89,KEYCORP,bank,HUX2X73FUCYHUVH1BK78,,1068025,,HUX2X73FUCYHUVH1BK78,2024,https://files.ffiec.cfpb.gov/static-data/snapshot/2024/2024_public_ts_csv.zip,,,manual,Codex (individual identity/evidence review; not independent human review),2026-09-26,https://api.fdic.gov/banks/institutions
hmda,KEYBANK NATIONAL ASSOCIATION,,E141256315B89,KEYCORP,bank,HUX2X73FUCYHUVH1BK78,,1068025,,HUX2X73FUCYHUVH1BK78,2025,https://files.ffiec.cfpb.gov/static-data/snapshot/2025/2025_public_ts_csv.zip,,,manual,Codex (individual identity/evidence review; not independent human review),2026-09-26,https://api.fdic.gov/banks/institutions
fdic_name,KeyBank National Association,,E141256315B89,KEYCORP,bank,,280110,1068025,17534,,2026,https://api.fdic.gov/banks/institutions,,,manual,Codex (individual identity/evidence review; not independent human review),2026-09-26,https://api.fdic.gov/banks/institutions
fdic_namehcr,KEYCORP,,E141256315B89,KEYCORP,bank,,280110,1068025,17534,,2026,https://api.fdic.gov/banks/institutions,,,manual,Codex (individual identity/evidence review; not independent human review),2026-09-26,https://api.fdic.gov/banks/institutions
hmda,USAA Federal Savings Bank,,EB82EE4EBB125,UNITED SERVICES AUTOMOBILE ASSN,bank,C5654JQHZUHN0772B561,619877,1447376,32188,C5654JQHZUHN0772B561,2018,https://files.ffiec.cfpb.gov/static-data/snapshot/2018/2018_public_panel_csv.zip,,,manual,Codex (individual identity/evidence review; not independent human review),2026-09-26,https://api.fdic.gov/banks/institutions
hmda,USAA Federal Savings Bank,,EB82EE4EBB125,UNITED SERVICES AUTOMOBILE ASSN,bank,C5654JQHZUHN0772B561,619877,1447376,32188,C5654JQHZUHN0772B561,2019,https://files.ffiec.cfpb.gov/static-data/snapshot/2019/2019_public_panel_csv.zip,,,manual,Codex (individual identity/evidence review; not independent human review),2026-09-26,https://api.fdic.gov/banks/institutions
hmda,USAA Federal Savings Bank,,EB82EE4EBB125,UNITED SERVICES AUTOMOBILE ASSN,bank,C5654JQHZUHN0772B561,619877,1447376,32188,C5654JQHZUHN0772B561,2020,https://files.ffiec.cfpb.gov/static-data/snapshot/2020/2020_public_panel_csv.zip,,,manual,Codex (individual identity/evidence review; not independent human review),2026-09-26,https://api.fdic.gov/banks/institutions
hmda,USAA Federal Savings Bank,,EB82EE4EBB125,UNITED SERVICES AUTOMOBILE ASSN,bank,C5654JQHZUHN0772B561,619877,1447376,32188,C5654JQHZUHN0772B561,2021,https://files.ffiec.cfpb.gov/static-data/snapshot/2021/2021_public_panel_csv.zip,,,manual,Codex (individual identity/evidence review; not independent human review),2026-09-26,https://api.fdic.gov/banks/institutions
hmda,USAA Federal Savings Bank,,EB82EE4EBB125,UNITED SERVICES AUTOMOBILE ASSN,bank,C5654JQHZUHN0772B561,619877,1447376,32188,C5654JQHZUHN0772B561,2022,https://files.ffiec.cfpb.gov/static-data/snapshot/2022/2022_public_panel_csv.zip,,,manual,Codex (individual identity/evidence review; not independent human review),2026-09-26,https://api.fdic.gov/banks/institutions
hmda,USAA Federal Savings Bank,,EB82EE4EBB125,UNITED SERVICES AUTOMOBILE ASSN,bank,C5654JQHZUHN0772B561,619877,1447376,32188,C5654JQHZUHN0772B561,2023,https://files.ffiec.cfpb.gov/static-data/snapshot/2023/2023_public_panel_csv.zip,,,manual,Codex (individual identity/evidence review; not independent human review),2026-09-26,https://api.fdic.gov/banks/institutions
hmda,USAA BANK,,EB82EE4EBB125,UNITED SERVICES AUTOMOBILE ASSN,bank,C5654JQHZUHN0772B561,,1447376,,C5654JQHZUHN0772B561,2024,https://files.ffiec.cfpb.gov/static-data/snapshot/2024/2024_public_ts_csv.zip,,,manual,Codex (individual identity/evidence review; not independent human review),2026-09-26,https://api.fdic.gov/banks/institutions
hmda,USAA FEDERAL SAVINGS BANK,,EB82EE4EBB125,UNITED SERVICES AUTOMOBILE ASSN,bank,C5654JQHZUHN0772B561,,1447376,,C5654JQHZUHN0772B561,2025,https://files.ffiec.cfpb.gov/static-data/snapshot/2025/2025_public_ts_csv.zip,,,manual,Codex (individual identity/evidence review; not independent human review),2026-09-26,https://api.fdic.gov/banks/institutions
fdic_name,USAA Federal Savings Bank,,EB82EE4EBB125,UNITED SERVICES AUTOMOBILE ASSN,bank,,619877,1447376,32188,,2026,https://api.fdic.gov/banks/institutions,,,manual,Codex (individual identity/evidence review; not independent human review),2026-09-26,https://api.fdic.gov/banks/institutions
fdic_namehcr,UNITED SERVICES AUTOMOBILE ASSN,,EB82EE4EBB125,UNITED SERVICES AUTOMOBILE ASSN,bank,,619877,1447376,32188,,2026,https://api.fdic.gov/banks/institutions,,,manual,Codex (individual identity/evidence review; not independent human review),2026-09-26,https://api.fdic.gov/banks/institutions
hmda,21st Mortgage Corporation,,E9A0A8C3892C7,21ST MORTGAGE CORP.,nonbank_originator,549300XQVJ1XBNFA5536,3913576,,,549300XQVJ1XBNFA5536,2018,https://files.ffiec.cfpb.gov/static-data/snapshot/2018/2018_public_panel_csv.zip,,,manual,Codex (individual identity/evidence review; not independent human review),2026-09-26,data/staging/stg_complaints.parquet
hmda,21ST MORTGAGE CORPORATION,,E9A0A8C3892C7,21ST MORTGAGE CORP.,nonbank_originator,549300XQVJ1XBNFA5536,3913576,,,549300XQVJ1XBNFA5536,2019,https://files.ffiec.cfpb.gov/static-data/snapshot/2019/2019_public_panel_csv.zip,,,manual,Codex (individual identity/evidence review; not independent human review),2026-09-26,data/staging/stg_complaints.parquet
hmda,21ST MORTGAGE CORPORATION,,E9A0A8C3892C7,21ST MORTGAGE CORP.,nonbank_originator,549300XQVJ1XBNFA5536,3913576,,,549300XQVJ1XBNFA5536,2020,https://files.ffiec.cfpb.gov/static-data/snapshot/2020/2020_public_panel_csv.zip,,,manual,Codex (individual identity/evidence review; not independent human review),2026-09-26,data/staging/stg_complaints.parquet
hmda,21st Mortgage Corporation,,E9A0A8C3892C7,21ST MORTGAGE CORP.,nonbank_originator,549300XQVJ1XBNFA5536,3913576,,,549300XQVJ1XBNFA5536,2021,https://files.ffiec.cfpb.gov/static-data/snapshot/2021/2021_public_panel_csv.zip,,,manual,Codex (individual identity/evidence review; not independent human review),2026-09-26,data/staging/stg_complaints.parquet
hmda,21st Mortgage Corporation,,E9A0A8C3892C7,21ST MORTGAGE CORP.,nonbank_originator,549300XQVJ1XBNFA5536,3913576,,,549300XQVJ1XBNFA5536,2022,https://files.ffiec.cfpb.gov/static-data/snapshot/2022/2022_public_panel_csv.zip,,,manual,Codex (individual identity/evidence review; not independent human review),2026-09-26,data/staging/stg_complaints.parquet
hmda,21ST MORTGAGE CORPORATION,,E9A0A8C3892C7,21ST MORTGAGE CORP.,nonbank_originator,549300XQVJ1XBNFA5536,3913576,,,549300XQVJ1XBNFA5536,2023,https://files.ffiec.cfpb.gov/static-data/snapshot/2023/2023_public_panel_csv.zip,,,manual,Codex (individual identity/evidence review; not independent human review),2026-09-26,data/staging/stg_complaints.parquet
hmda,21ST MORTGAGE,,E9A0A8C3892C7,21ST MORTGAGE CORP.,nonbank_originator,549300XQVJ1XBNFA5536,,,,549300XQVJ1XBNFA5536,2024,https://files.ffiec.cfpb.gov/static-data/snapshot/2024/2024_public_ts_csv.zip,,,manual,Codex (individual identity/evidence review; not independent human review),2026-09-26,data/staging/stg_complaints.parquet
hmda,21ST MORTGAGE,,E9A0A8C3892C7,21ST MORTGAGE CORP.,nonbank_originator,549300XQVJ1XBNFA5536,,,,549300XQVJ1XBNFA5536,2025,https://files.ffiec.cfpb.gov/static-data/snapshot/2025/2025_public_ts_csv.zip,,,manual,Codex (individual identity/evidence review; not independent human review),2026-09-26,data/staging/stg_complaints.parquet
hmda,BMO Harris Bank National Association,,EA0E967627A26,BANK OF MONTREAL,bank,3Y4U8VZURTYWI1W2K376,75633,1231333,16571,3Y4U8VZURTYWI1W2K376,2018,https://files.ffiec.cfpb.gov/static-data/snapshot/2018/2018_public_panel_csv.zip,,,manual,Codex (individual identity/evidence review; not independent human review),2026-09-26,https://api.fdic.gov/banks/institutions
hmda,BMO Harris Bank National Association,,EA0E967627A26,BANK OF MONTREAL,bank,3Y4U8VZURTYWI1W2K376,75633,1231333,16571,3Y4U8VZURTYWI1W2K376,2019,https://files.ffiec.cfpb.gov/static-data/snapshot/2019/2019_public_panel_csv.zip,,,manual,Codex (individual identity/evidence review; not independent human review),2026-09-26,https://api.fdic.gov/banks/institutions
hmda,BMO Harris Bank National Association,,EA0E967627A26,BANK OF MONTREAL,bank,3Y4U8VZURTYWI1W2K376,75633,1231333,16571,3Y4U8VZURTYWI1W2K376,2020,https://files.ffiec.cfpb.gov/static-data/snapshot/2020/2020_public_panel_csv.zip,,,manual,Codex (individual identity/evidence review; not independent human review),2026-09-26,https://api.fdic.gov/banks/institutions
hmda,BMO Harris Bank National Association,,EA0E967627A26,BANK OF MONTREAL,bank,3Y4U8VZURTYWI1W2K376,75633,1231333,16571,3Y4U8VZURTYWI1W2K376,2021,https://files.ffiec.cfpb.gov/static-data/snapshot/2021/2021_public_panel_csv.zip,,,manual,Codex (individual identity/evidence review; not independent human review),2026-09-26,https://api.fdic.gov/banks/institutions
hmda,BMO Harris Bank National Association,,EA0E967627A26,BANK OF MONTREAL,bank,3Y4U8VZURTYWI1W2K376,75633,1231333,16571,3Y4U8VZURTYWI1W2K376,2022,https://files.ffiec.cfpb.gov/static-data/snapshot/2022/2022_public_panel_csv.zip,,,manual,Codex (individual identity/evidence review; not independent human review),2026-09-26,https://api.fdic.gov/banks/institutions
hmda,BMO Bank National Association,,EA0E967627A26,BANK OF MONTREAL,bank,3Y4U8VZURTYWI1W2K376,75633,1231333,16571,3Y4U8VZURTYWI1W2K376,2023,https://files.ffiec.cfpb.gov/static-data/snapshot/2023/2023_public_panel_csv.zip,,,manual,Codex (individual identity/evidence review; not independent human review),2026-09-26,https://api.fdic.gov/banks/institutions
hmda,BMO Harris Bank NA,,EA0E967627A26,BANK OF MONTREAL,bank,3Y4U8VZURTYWI1W2K376,,1231333,,3Y4U8VZURTYWI1W2K376,2024,https://files.ffiec.cfpb.gov/static-data/snapshot/2024/2024_public_ts_csv.zip,,,manual,Codex (individual identity/evidence review; not independent human review),2026-09-26,https://api.fdic.gov/banks/institutions
hmda,BMO Harris Bank NA,,EA0E967627A26,BANK OF MONTREAL,bank,3Y4U8VZURTYWI1W2K376,,1231333,,3Y4U8VZURTYWI1W2K376,2025,https://files.ffiec.cfpb.gov/static-data/snapshot/2025/2025_public_ts_csv.zip,,,manual,Codex (individual identity/evidence review; not independent human review),2026-09-26,https://api.fdic.gov/banks/institutions
fdic_name,BMO Bank National Association,,EA0E967627A26,BANK OF MONTREAL,bank,,75633,1231333,16571,,2026,https://api.fdic.gov/banks/institutions,,,manual,Codex (individual identity/evidence review; not independent human review),2026-09-26,https://api.fdic.gov/banks/institutions
fdic_namehcr,BANK OF MONTREAL,,EA0E967627A26,BANK OF MONTREAL,bank,,75633,1231333,16571,,2026,https://api.fdic.gov/banks/institutions,,,manual,Codex (individual identity/evidence review; not independent human review),2026-09-26,https://api.fdic.gov/banks/institutions
fdic_name,BMO Harris Central National Association,,EA0E967627A26,BANK OF MONTREAL,bank,,3353154,1231333,58216,,2026,https://api.fdic.gov/banks/institutions,,,manual,Codex (individual identity/evidence review; not independent human review),2026-09-26,https://api.fdic.gov/banks/institutions
fdic_namehcr,BANK OF MONTREAL,,EA0E967627A26,BANK OF MONTREAL,bank,,3353154,1231333,58216,,2026,https://api.fdic.gov/banks/institutions,,,manual,Codex (individual identity/evidence review; not independent human review),2026-09-26,https://api.fdic.gov/banks/institutions
hmda,PENTAGON,,EA742F32A9337,PENTAGON FEDERAL CREDIT UNION,credit_union,549300FX7K8PTEQUU487,546571,,,549300FX7K8PTEQUU487,2018,https://files.ffiec.cfpb.gov/static-data/snapshot/2018/2018_public_panel_csv.zip,,,manual,Codex (individual identity/evidence review; not independent human review),2026-09-26,data/staging/stg_complaints.parquet
hmda,PENTAGON FEDERAL CREDIT UNION,,EA742F32A9337,PENTAGON FEDERAL CREDIT UNION,credit_union,549300FX7K8PTEQUU487,546571,,,549300FX7K8PTEQUU487,2019,https://files.ffiec.cfpb.gov/static-data/snapshot/2019/2019_public_panel_csv.zip,,,manual,Codex (individual identity/evidence review; not independent human review),2026-09-26,data/staging/stg_complaints.parquet
hmda,PENTAGON FEDERAL CREDIT UNION,,EA742F32A9337,PENTAGON FEDERAL CREDIT UNION,credit_union,549300FX7K8PTEQUU487,546571,,,549300FX7K8PTEQUU487,2020,https://files.ffiec.cfpb.gov/static-data/snapshot/2020/2020_public_panel_csv.zip,,,manual,Codex (individual identity/evidence review; not independent human review),2026-09-26,data/staging/stg_complaints.parquet
hmda,PENTAGON FEDERAL CREDIT UNION,,EA742F32A9337,PENTAGON FEDERAL CREDIT UNION,credit_union,549300FX7K8PTEQUU487,546571,,,549300FX7K8PTEQUU487,2021,https://files.ffiec.cfpb.gov/static-data/snapshot/2021/2021_public_panel_csv.zip,,,manual,Codex (individual identity/evidence review; not independent human review),2026-09-26,data/staging/stg_complaints.parquet
hmda,PENTAGON FEDERAL CREDIT UNION,,EA742F32A9337,PENTAGON FEDERAL CREDIT UNION,credit_union,549300FX7K8PTEQUU487,546571,,,549300FX7K8PTEQUU487,2022,https://files.ffiec.cfpb.gov/static-data/snapshot/2022/2022_public_panel_csv.zip,,,manual,Codex (individual identity/evidence review; not independent human review),2026-09-26,data/staging/stg_complaints.parquet
hmda,PENTAGON FEDERAL CREDIT UNION,,EA742F32A9337,PENTAGON FEDERAL CREDIT UNION,credit_union,549300FX7K8PTEQUU487,546571,,,549300FX7K8PTEQUU487,2023,https://files.ffiec.cfpb.gov/static-data/snapshot/2023/2023_public_panel_csv.zip,,,manual,Codex (individual identity/evidence review; not independent human review),2026-09-26,data/staging/stg_complaints.parquet
hmda,Pentagon Federal Credit Unioin,,EA742F32A9337,PENTAGON FEDERAL CREDIT UNION,credit_union,549300FX7K8PTEQUU487,,,,549300FX7K8PTEQUU487,2024,https://files.ffiec.cfpb.gov/static-data/snapshot/2024/2024_public_ts_csv.zip,,,manual,Codex (individual identity/evidence review; not independent human review),2026-09-26,data/staging/stg_complaints.parquet
hmda,PENTAGON FEDERAL CREDIT UNION,,EA742F32A9337,PENTAGON FEDERAL CREDIT UNION,credit_union,549300FX7K8PTEQUU487,,,,549300FX7K8PTEQUU487,2025,https://files.ffiec.cfpb.gov/static-data/snapshot/2025/2025_public_ts_csv.zip,,,manual,Codex (individual identity/evidence review; not independent human review),2026-09-26,data/staging/stg_complaints.parquet
hmda,THE MONEY SOURCE INC.,,ED66424082417,"MONEY SOURCE, INC., THE",nonbank_servicer,549300JOT0D4J0SZIK67,3881732,,,549300JOT0D4J0SZIK67,2018,https://files.ffiec.cfpb.gov/static-data/snapshot/2018/2018_public_panel_csv.zip,,,manual,Codex (individual identity/evidence review; not independent human review),2026-09-26,data/staging/stg_complaints.parquet
hmda,THE MONEY SOURCE INC.,,ED66424082417,"MONEY SOURCE, INC., THE",nonbank_servicer,549300JOT0D4J0SZIK67,3881732,,,549300JOT0D4J0SZIK67,2019,https://files.ffiec.cfpb.gov/static-data/snapshot/2019/2019_public_panel_csv.zip,,,manual,Codex (individual identity/evidence review; not independent human review),2026-09-26,data/staging/stg_complaints.parquet
hmda,THE MONEY SOURCE INC.,,ED66424082417,"MONEY SOURCE, INC., THE",nonbank_servicer,549300JOT0D4J0SZIK67,3881732,,,549300JOT0D4J0SZIK67,2020,https://files.ffiec.cfpb.gov/static-data/snapshot/2020/2020_public_panel_csv.zip,,,manual,Codex (individual identity/evidence review; not independent human review),2026-09-26,data/staging/stg_complaints.parquet
hmda,THE MONEY SOURCE INC.,,ED66424082417,"MONEY SOURCE, INC., THE",nonbank_servicer,549300JOT0D4J0SZIK67,3881732,,,549300JOT0D4J0SZIK67,2021,https://files.ffiec.cfpb.gov/static-data/snapshot/2021/2021_public_panel_csv.zip,,,manual,Codex (individual identity/evidence review; not independent human review),2026-09-26,data/staging/stg_complaints.parquet
hmda,THE MONEY SOURCE INC.,,ED66424082417,"MONEY SOURCE, INC., THE",nonbank_servicer,549300JOT0D4J0SZIK67,3881732,,,549300JOT0D4J0SZIK67,2022,https://files.ffiec.cfpb.gov/static-data/snapshot/2022/2022_public_panel_csv.zip,,,manual,Codex (individual identity/evidence review; not independent human review),2026-09-26,data/staging/stg_complaints.parquet
hmda,THE MONEY SOURCE INC.,,ED66424082417,"MONEY SOURCE, INC., THE",nonbank_servicer,549300JOT0D4J0SZIK67,3881732,,,549300JOT0D4J0SZIK67,2023,https://files.ffiec.cfpb.gov/static-data/snapshot/2023/2023_public_panel_csv.zip,,,manual,Codex (individual identity/evidence review; not independent human review),2026-09-26,data/staging/stg_complaints.parquet
hmda,Arvest Bank,,E7D4C027DB2B7,ARVEST BANK GROUP INC,bank,COINQMNIM6RBU631DD85,311845,1095674,8728,COINQMNIM6RBU631DD85,2018,https://files.ffiec.cfpb.gov/static-data/snapshot/2018/2018_public_panel_csv.zip,,,manual,Codex (individual identity/evidence review; not independent human review),2026-09-26,https://api.fdic.gov/banks/institutions
hmda,Arvest Bank,,E7D4C027DB2B7,ARVEST BANK GROUP INC,bank,COINQMNIM6RBU631DD85,311845,1095674,8728,COINQMNIM6RBU631DD85,2019,https://files.ffiec.cfpb.gov/static-data/snapshot/2019/2019_public_panel_csv.zip,,,manual,Codex (individual identity/evidence review; not independent human review),2026-09-26,https://api.fdic.gov/banks/institutions
hmda,Arvest Bank,,E7D4C027DB2B7,ARVEST BANK GROUP INC,bank,COINQMNIM6RBU631DD85,311845,1095674,8728,COINQMNIM6RBU631DD85,2020,https://files.ffiec.cfpb.gov/static-data/snapshot/2020/2020_public_panel_csv.zip,,,manual,Codex (individual identity/evidence review; not independent human review),2026-09-26,https://api.fdic.gov/banks/institutions
hmda,Arvest Bank,,E7D4C027DB2B7,ARVEST BANK GROUP INC,bank,COINQMNIM6RBU631DD85,311845,1095674,8728,COINQMNIM6RBU631DD85,2021,https://files.ffiec.cfpb.gov/static-data/snapshot/2021/2021_public_panel_csv.zip,,,manual,Codex (individual identity/evidence review; not independent human review),2026-09-26,https://api.fdic.gov/banks/institutions
hmda,Arvest Bank,,E7D4C027DB2B7,ARVEST BANK GROUP INC,bank,COINQMNIM6RBU631DD85,311845,1095674,8728,COINQMNIM6RBU631DD85,2022,https://files.ffiec.cfpb.gov/static-data/snapshot/2022/2022_public_panel_csv.zip,,,manual,Codex (individual identity/evidence review; not independent human review),2026-09-26,https://api.fdic.gov/banks/institutions
hmda,Arvest Bank,,E7D4C027DB2B7,ARVEST BANK GROUP INC,bank,COINQMNIM6RBU631DD85,311845,1095674,8728,COINQMNIM6RBU631DD85,2023,https://files.ffiec.cfpb.gov/static-data/snapshot/2023/2023_public_panel_csv.zip,,,manual,Codex (individual identity/evidence review; not independent human review),2026-09-26,https://api.fdic.gov/banks/institutions
hmda,ARVEST BANK,,E7D4C027DB2B7,ARVEST BANK GROUP INC,bank,COINQMNIM6RBU631DD85,,1095674,,COINQMNIM6RBU631DD85,2024,https://files.ffiec.cfpb.gov/static-data/snapshot/2024/2024_public_ts_csv.zip,,,manual,Codex (individual identity/evidence review; not independent human review),2026-09-26,https://api.fdic.gov/banks/institutions
hmda,ARVEST BANK,,E7D4C027DB2B7,ARVEST BANK GROUP INC,bank,COINQMNIM6RBU631DD85,,1095674,,COINQMNIM6RBU631DD85,2025,https://files.ffiec.cfpb.gov/static-data/snapshot/2025/2025_public_ts_csv.zip,,,manual,Codex (individual identity/evidence review; not independent human review),2026-09-26,https://api.fdic.gov/banks/institutions
fdic_name,Arvest Bank,,E7D4C027DB2B7,ARVEST BANK GROUP INC,bank,,311845,1095674,8728,,2026,https://api.fdic.gov/banks/institutions,,,manual,Codex (individual identity/evidence review; not independent human review),2026-09-26,https://api.fdic.gov/banks/institutions
fdic_namehcr,ARVEST BANK GROUP INC,,E7D4C027DB2B7,ARVEST BANK GROUP INC,bank,,311845,1095674,8728,,2026,https://api.fdic.gov/banks/institutions,,,manual,Codex (individual identity/evidence review; not independent human review),2026-09-26,https://api.fdic.gov/banks/institutions
hmda,VILLAGE CAPITAL & INVESTMENT LLC,,E299C7B39C453,Village Capital & Investment LLC,nonbank_originator,549300VCMRO4ST680C11,3871528,,,549300VCMRO4ST680C11,2018,https://files.ffiec.cfpb.gov/static-data/snapshot/2018/2018_public_panel_csv.zip,,,manual,Codex (individual identity/evidence review; not independent human review),2026-09-26,data/staging/stg_complaints.parquet
hmda,VILLAGE CAPITAL & INVESTMENT LLC,,E299C7B39C453,Village Capital & Investment LLC,nonbank_originator,549300VCMRO4ST680C11,3871528,,,549300VCMRO4ST680C11,2019,https://files.ffiec.cfpb.gov/static-data/snapshot/2019/2019_public_panel_csv.zip,,,manual,Codex (individual identity/evidence review; not independent human review),2026-09-26,data/staging/stg_complaints.parquet
hmda,VILLAGE CAPITAL & INVESTMENT LLC,,E299C7B39C453,Village Capital & Investment LLC,nonbank_originator,549300VCMRO4ST680C11,3871528,,,549300VCMRO4ST680C11,2020,https://files.ffiec.cfpb.gov/static-data/snapshot/2020/2020_public_panel_csv.zip,,,manual,Codex (individual identity/evidence review; not independent human review),2026-09-26,data/staging/stg_complaints.parquet
hmda,VILLAGE CAPITAL & INVESTMENT LLC,,E299C7B39C453,Village Capital & Investment LLC,nonbank_originator,549300VCMRO4ST680C11,3871528,,,549300VCMRO4ST680C11,2021,https://files.ffiec.cfpb.gov/static-data/snapshot/2021/2021_public_panel_csv.zip,,,manual,Codex (individual identity/evidence review; not independent human review),2026-09-26,data/staging/stg_complaints.parquet
hmda,VILLAGE CAPITAL & INVESTMENT LLC,,E299C7B39C453,Village Capital & Investment LLC,nonbank_originator,549300VCMRO4ST680C11,3871528,,,549300VCMRO4ST680C11,2022,https://files.ffiec.cfpb.gov/static-data/snapshot/2022/2022_public_panel_csv.zip,,,manual,Codex (individual identity/evidence review; not independent human review),2026-09-26,data/staging/stg_complaints.parquet
hmda,VILLAGE CAPITAL & INVESTMENT LLC,,E299C7B39C453,Village Capital & Investment LLC,nonbank_originator,549300VCMRO4ST680C11,3871528,,,549300VCMRO4ST680C11,2023,https://files.ffiec.cfpb.gov/static-data/snapshot/2023/2023_public_panel_csv.zip,,,manual,Codex (individual identity/evidence review; not independent human review),2026-09-26,data/staging/stg_complaints.parquet
hmda,Village Capital & Investment,,E299C7B39C453,Village Capital & Investment LLC,nonbank_originator,549300VCMRO4ST680C11,,,,549300VCMRO4ST680C11,2024,https://files.ffiec.cfpb.gov/static-data/snapshot/2024/2024_public_ts_csv.zip,,,manual,Codex (individual identity/evidence review; not independent human review),2026-09-26,data/staging/stg_complaints.parquet
hmda,Village Capital & Investment,,E299C7B39C453,Village Capital & Investment LLC,nonbank_originator,549300VCMRO4ST680C11,,,,549300VCMRO4ST680C11,2025,https://files.ffiec.cfpb.gov/static-data/snapshot/2025/2025_public_ts_csv.zip,,,manual,Codex (individual identity/evidence review; not independent human review),2026-09-26,data/staging/stg_complaints.parquet
hmda,"Broker Solutions, Inc.",,EA7E086856794,"BROKER SOLUTIONS, INC.",nonbank_originator,549300E2UX99HKDBR481,3955923,,,549300E2UX99HKDBR481,2018,https://files.ffiec.cfpb.gov/static-data/snapshot/2018/2018_public_panel_csv.zip,,,manual,Codex (individual identity/evidence review; not independent human review),2026-09-26,data/staging/stg_complaints.parquet
hmda,"BROKER SOLUTIONS, INC.",,EA7E086856794,"BROKER SOLUTIONS, INC.",nonbank_originator,549300E2UX99HKDBR481,3955923,,,549300E2UX99HKDBR481,2019,https://files.ffiec.cfpb.gov/static-data/snapshot/2019/2019_public_panel_csv.zip,,,manual,Codex (individual identity/evidence review; not independent human review),2026-09-26,data/staging/stg_complaints.parquet
hmda,"BROKER SOLUTIONS, INC.",,EA7E086856794,"BROKER SOLUTIONS, INC.",nonbank_originator,549300E2UX99HKDBR481,3955923,,,549300E2UX99HKDBR481,2020,https://files.ffiec.cfpb.gov/static-data/snapshot/2020/2020_public_panel_csv.zip,,,manual,Codex (individual identity/evidence review; not independent human review),2026-09-26,data/staging/stg_complaints.parquet
hmda,"Broker Solutions, Inc.",,EA7E086856794,"BROKER SOLUTIONS, INC.",nonbank_originator,549300E2UX99HKDBR481,3955923,,,549300E2UX99HKDBR481,2021,https://files.ffiec.cfpb.gov/static-data/snapshot/2021/2021_public_panel_csv.zip,,,manual,Codex (individual identity/evidence review; not independent human review),2026-09-26,data/staging/stg_complaints.parquet
hmda,"Broker Solutions, Inc.",,EA7E086856794,"BROKER SOLUTIONS, INC.",nonbank_originator,549300E2UX99HKDBR481,3955923,,,549300E2UX99HKDBR481,2022,https://files.ffiec.cfpb.gov/static-data/snapshot/2022/2022_public_panel_csv.zip,,,manual,Codex (individual identity/evidence review; not independent human review),2026-09-26,data/staging/stg_complaints.parquet
hmda,"NEW AMERICAN FUNDING, LLC",,EA7E086856794,"BROKER SOLUTIONS, INC.",nonbank_originator,549300E2UX99HKDBR481,3955923,,,549300E2UX99HKDBR481,2023,https://files.ffiec.cfpb.gov/static-data/snapshot/2023/2023_public_panel_csv.zip,,,manual,Codex (individual identity/evidence review; not independent human review),2026-09-26,data/staging/stg_complaints.parquet
hmda,"NEW AMERICAN FUNDING, LLC.",,EA7E086856794,"BROKER SOLUTIONS, INC.",nonbank_originator,549300E2UX99HKDBR481,,,,549300E2UX99HKDBR481,2024,https://files.ffiec.cfpb.gov/static-data/snapshot/2024/2024_public_ts_csv.zip,,,manual,Codex (individual identity/evidence review; not independent human review),2026-09-26,data/staging/stg_complaints.parquet
hmda,"NEW AMERICAN FUNDING, LLC.",,EA7E086856794,"BROKER SOLUTIONS, INC.",nonbank_originator,549300E2UX99HKDBR481,,,,549300E2UX99HKDBR481,2025,https://files.ffiec.cfpb.gov/static-data/snapshot/2025/2025_public_ts_csv.zip,,,manual,Codex (individual identity/evidence review; not independent human review),2026-09-26,data/staging/stg_complaints.parquet
hmda,"GUARANTEED RATE, INC.",,E4C87DEE7BA6C,GUARANTEED RATE INC.,nonbank_originator,549300U3721PJGQZYY68,3870099,,,549300U3721PJGQZYY68,2018,https://files.ffiec.cfpb.gov/static-data/snapshot/2018/2018_public_panel_csv.zip,,,manual,Codex (individual identity/evidence review; not independent human review),2026-09-26,data/staging/stg_complaints.parquet
hmda,"GUARANTEED RATE, INC.",,E4C87DEE7BA6C,GUARANTEED RATE INC.,nonbank_originator,549300U3721PJGQZYY68,3870099,,,549300U3721PJGQZYY68,2019,https://files.ffiec.cfpb.gov/static-data/snapshot/2019/2019_public_panel_csv.zip,,,manual,Codex (individual identity/evidence review; not independent human review),2026-09-26,data/staging/stg_complaints.parquet
hmda,"GUARANTEED RATE, INC.",,E4C87DEE7BA6C,GUARANTEED RATE INC.,nonbank_originator,549300U3721PJGQZYY68,3870099,,,549300U3721PJGQZYY68,2020,https://files.ffiec.cfpb.gov/static-data/snapshot/2020/2020_public_panel_csv.zip,,,manual,Codex (individual identity/evidence review; not independent human review),2026-09-26,data/staging/stg_complaints.parquet
hmda,"GUARANTEED RATE, INC.",,E4C87DEE7BA6C,GUARANTEED RATE INC.,nonbank_originator,549300U3721PJGQZYY68,3870099,,,549300U3721PJGQZYY68,2021,https://files.ffiec.cfpb.gov/static-data/snapshot/2021/2021_public_panel_csv.zip,,,manual,Codex (individual identity/evidence review; not independent human review),2026-09-26,data/staging/stg_complaints.parquet
hmda,"GUARANTEED RATE, INC.",,E4C87DEE7BA6C,GUARANTEED RATE INC.,nonbank_originator,549300U3721PJGQZYY68,3870099,,,549300U3721PJGQZYY68,2022,https://files.ffiec.cfpb.gov/static-data/snapshot/2022/2022_public_panel_csv.zip,,,manual,Codex (individual identity/evidence review; not independent human review),2026-09-26,data/staging/stg_complaints.parquet
hmda,"GUARANTEED RATE, INC.",,E4C87DEE7BA6C,GUARANTEED RATE INC.,nonbank_originator,549300U3721PJGQZYY68,3870099,,,549300U3721PJGQZYY68,2023,https://files.ffiec.cfpb.gov/static-data/snapshot/2023/2023_public_panel_csv.zip,,,manual,Codex (individual identity/evidence review; not independent human review),2026-09-26,data/staging/stg_complaints.parquet
hmda,"GUARANTEED RATE, INC.",,E4C87DEE7BA6C,GUARANTEED RATE INC.,nonbank_originator,549300U3721PJGQZYY68,,,,549300U3721PJGQZYY68,2024,https://files.ffiec.cfpb.gov/static-data/snapshot/2024/2024_public_ts_csv.zip,,,manual,Codex (individual identity/evidence review; not independent human review),2026-09-26,data/staging/stg_complaints.parquet
hmda,"GUARANTEED RATE, INC.",,E4C87DEE7BA6C,GUARANTEED RATE INC.,nonbank_originator,549300U3721PJGQZYY68,,,,549300U3721PJGQZYY68,2025,https://files.ffiec.cfpb.gov/static-data/snapshot/2025/2025_public_ts_csv.zip,,,manual,Codex (individual identity/evidence review; not independent human review),2026-09-26,data/staging/stg_complaints.parquet
hmda,HOME POINT FINANCIAL CORPORATION,,E3AAEFE62826F,Home Point Financial Corporation,nonbank_servicer,549300BRJZYHYKT4BJ84,,,,549300BRJZYHYKT4BJ84,2018,https://files.ffiec.cfpb.gov/static-data/snapshot/2018/2018_public_panel_csv.zip,,,manual,Codex (individual identity/evidence review; not independent human review),2026-09-26,data/staging/stg_complaints.parquet
hmda,HOME POINT FINANCIAL CORPORATION,,E3AAEFE62826F,Home Point Financial Corporation,nonbank_servicer,549300BRJZYHYKT4BJ84,3944664,,,549300BRJZYHYKT4BJ84,2019,https://files.ffiec.cfpb.gov/static-data/snapshot/2019/2019_public_panel_csv.zip,,,manual,Codex (individual identity/evidence review; not independent human review),2026-09-26,data/staging/stg_complaints.parquet
hmda,HOME POINT FINANCIAL CORPORATION,,E3AAEFE62826F,Home Point Financial Corporation,nonbank_servicer,549300BRJZYHYKT4BJ84,3944664,,,549300BRJZYHYKT4BJ84,2020,https://files.ffiec.cfpb.gov/static-data/snapshot/2020/2020_public_panel_csv.zip,,,manual,Codex (individual identity/evidence review; not independent human review),2026-09-26,data/staging/stg_complaints.parquet
hmda,HOME POINT FINANCIAL CORPORATION,,E3AAEFE62826F,Home Point Financial Corporation,nonbank_servicer,549300BRJZYHYKT4BJ84,3944664,,,549300BRJZYHYKT4BJ84,2021,https://files.ffiec.cfpb.gov/static-data/snapshot/2021/2021_public_panel_csv.zip,,,manual,Codex (individual identity/evidence review; not independent human review),2026-09-26,data/staging/stg_complaints.parquet
hmda,HOME POINT FINANCIAL CORPORATION,,E3AAEFE62826F,Home Point Financial Corporation,nonbank_servicer,549300BRJZYHYKT4BJ84,3944664,,,549300BRJZYHYKT4BJ84,2022,https://files.ffiec.cfpb.gov/static-data/snapshot/2022/2022_public_panel_csv.zip,,,manual,Codex (individual identity/evidence review; not independent human review),2026-09-26,data/staging/stg_complaints.parquet
hmda,"VANDERBILT MORTGAGE AND FINANCE, INC.",,E91A0E7620550,"VANDERBILT MORTGAGE & FINANCE, INC",nonbank_originator,5493000YNV8IX4VD3X12,1936928,,,5493000YNV8IX4VD3X12,2018,https://files.ffiec.cfpb.gov/static-data/snapshot/2018/2018_public_panel_csv.zip,,,manual,Codex (individual identity/evidence review; not independent human review),2026-09-26,data/staging/stg_complaints.parquet
hmda,"VANDERBILT MORTGAGE AND FINANCE, INC.",,E91A0E7620550,"VANDERBILT MORTGAGE & FINANCE, INC",nonbank_originator,5493000YNV8IX4VD3X12,1936928,,,5493000YNV8IX4VD3X12,2019,https://files.ffiec.cfpb.gov/static-data/snapshot/2019/2019_public_panel_csv.zip,,,manual,Codex (individual identity/evidence review; not independent human review),2026-09-26,data/staging/stg_complaints.parquet
hmda,"VANDERBILT MORTGAGE AND FINANCE, INC.",,E91A0E7620550,"VANDERBILT MORTGAGE & FINANCE, INC",nonbank_originator,5493000YNV8IX4VD3X12,1936928,,,5493000YNV8IX4VD3X12,2020,https://files.ffiec.cfpb.gov/static-data/snapshot/2020/2020_public_panel_csv.zip,,,manual,Codex (individual identity/evidence review; not independent human review),2026-09-26,data/staging/stg_complaints.parquet
hmda,"VANDERBILT MORTGAGE AND FINANCE, INC.",,E91A0E7620550,"VANDERBILT MORTGAGE & FINANCE, INC",nonbank_originator,5493000YNV8IX4VD3X12,1936928,,,5493000YNV8IX4VD3X12,2021,https://files.ffiec.cfpb.gov/static-data/snapshot/2021/2021_public_panel_csv.zip,,,manual,Codex (individual identity/evidence review; not independent human review),2026-09-26,data/staging/stg_complaints.parquet
hmda,"VANDERBILT MORTGAGE AND FINANCE, INC.",,E91A0E7620550,"VANDERBILT MORTGAGE & FINANCE, INC",nonbank_originator,5493000YNV8IX4VD3X12,1936928,,,5493000YNV8IX4VD3X12,2022,https://files.ffiec.cfpb.gov/static-data/snapshot/2022/2022_public_panel_csv.zip,,,manual,Codex (individual identity/evidence review; not independent human review),2026-09-26,data/staging/stg_complaints.parquet
hmda,"VANDERBILT MORTGAGE AND FINANCE, INC.",,E91A0E7620550,"VANDERBILT MORTGAGE & FINANCE, INC",nonbank_originator,5493000YNV8IX4VD3X12,1936928,,,5493000YNV8IX4VD3X12,2023,https://files.ffiec.cfpb.gov/static-data/snapshot/2023/2023_public_panel_csv.zip,,,manual,Codex (individual identity/evidence review; not independent human review),2026-09-26,data/staging/stg_complaints.parquet
hmda,"VANDERBILT MORTGAGE AND FINANCE, INC",,E91A0E7620550,"VANDERBILT MORTGAGE & FINANCE, INC",nonbank_originator,5493000YNV8IX4VD3X12,,,,5493000YNV8IX4VD3X12,2024,https://files.ffiec.cfpb.gov/static-data/snapshot/2024/2024_public_ts_csv.zip,,,manual,Codex (individual identity/evidence review; not independent human review),2026-09-26,data/staging/stg_complaints.parquet
hmda,"VANDERBILT MORTGAGE AND FINANCE, INC",,E91A0E7620550,"VANDERBILT MORTGAGE & FINANCE, INC",nonbank_originator,5493000YNV8IX4VD3X12,,,,5493000YNV8IX4VD3X12,2025,https://files.ffiec.cfpb.gov/static-data/snapshot/2025/2025_public_ts_csv.zip,,,manual,Codex (individual identity/evidence review; not independent human review),2026-09-26,data/staging/stg_complaints.parquet
hmda,"Cardinal Financial Company, Limited Partnership",,E4907A144AE57,"CARDINAL FINANCIAL COMPANY, LIMITED PARTNERSHIP",nonbank_originator,549300VORTI31GZTJL53,3904891,,,549300VORTI31GZTJL53,2018,https://files.ffiec.cfpb.gov/static-data/snapshot/2018/2018_public_panel_csv.zip,,,manual,Codex (individual identity/evidence review; not independent human review),2026-09-26,data/staging/stg_complaints.parquet
hmda,"CARDINAL FINANCIAL COMPANY, LIMITED PARTNERSHIP",,E4907A144AE57,"CARDINAL FINANCIAL COMPANY, LIMITED PARTNERSHIP",nonbank_originator,549300VORTI31GZTJL53,3904891,,,549300VORTI31GZTJL53,2019,https://files.ffiec.cfpb.gov/static-data/snapshot/2019/2019_public_panel_csv.zip,,,manual,Codex (individual identity/evidence review; not independent human review),2026-09-26,data/staging/stg_complaints.parquet
hmda,"CARDINAL FINANCIAL COMPANY, LIMITED PARTNERSHIP",,E4907A144AE57,"CARDINAL FINANCIAL COMPANY, LIMITED PARTNERSHIP",nonbank_originator,549300VORTI31GZTJL53,3904891,,,549300VORTI31GZTJL53,2020,https://files.ffiec.cfpb.gov/static-data/snapshot/2020/2020_public_panel_csv.zip,,,manual,Codex (individual identity/evidence review; not independent human review),2026-09-26,data/staging/stg_complaints.parquet
hmda,"Cardinal Financial Company, Limited Partnership",,E4907A144AE57,"CARDINAL FINANCIAL COMPANY, LIMITED PARTNERSHIP",nonbank_originator,549300VORTI31GZTJL53,3904891,,,549300VORTI31GZTJL53,2021,https://files.ffiec.cfpb.gov/static-data/snapshot/2021/2021_public_panel_csv.zip,,,manual,Codex (individual identity/evidence review; not independent human review),2026-09-26,data/staging/stg_complaints.parquet
hmda,"Cardinal Financial Company, Limited Partnership",,E4907A144AE57,"CARDINAL FINANCIAL COMPANY, LIMITED PARTNERSHIP",nonbank_originator,549300VORTI31GZTJL53,3904891,,,549300VORTI31GZTJL53,2022,https://files.ffiec.cfpb.gov/static-data/snapshot/2022/2022_public_panel_csv.zip,,,manual,Codex (individual identity/evidence review; not independent human review),2026-09-26,data/staging/stg_complaints.parquet
hmda,"CARDINAL FINANCIAL COMPANY, LIMITED PARTNERSHIP",,E4907A144AE57,"CARDINAL FINANCIAL COMPANY, LIMITED PARTNERSHIP",nonbank_originator,549300VORTI31GZTJL53,3904891,,,549300VORTI31GZTJL53,2023,https://files.ffiec.cfpb.gov/static-data/snapshot/2023/2023_public_panel_csv.zip,,,manual,Codex (individual identity/evidence review; not independent human review),2026-09-26,data/staging/stg_complaints.parquet
hmda,"CARDINAL FINANCIAL COMPANY, LI",,E4907A144AE57,"CARDINAL FINANCIAL COMPANY, LIMITED PARTNERSHIP",nonbank_originator,549300VORTI31GZTJL53,,,,549300VORTI31GZTJL53,2024,https://files.ffiec.cfpb.gov/static-data/snapshot/2024/2024_public_ts_csv.zip,,,manual,Codex (individual identity/evidence review; not independent human review),2026-09-26,data/staging/stg_complaints.parquet
hmda,"CARDINAL FINANCIAL COMPANY, LI",,E4907A144AE57,"CARDINAL FINANCIAL COMPANY, LIMITED PARTNERSHIP",nonbank_originator,549300VORTI31GZTJL53,,,,549300VORTI31GZTJL53,2025,https://files.ffiec.cfpb.gov/static-data/snapshot/2025/2025_public_ts_csv.zip,,,manual,Codex (individual identity/evidence review; not independent human review),2026-09-26,data/staging/stg_complaints.parquet
hmda,"Mortgage Research Center, LLC",,E9ED450892152,"Mortgage Research Center, LLC",nonbank_originator,549300DD5QQUHO6PCH70,3842407,,,549300DD5QQUHO6PCH70,2018,https://files.ffiec.cfpb.gov/static-data/snapshot/2018/2018_public_panel_csv.zip,,,manual,Codex (individual identity/evidence review; not independent human review),2026-09-26,data/staging/stg_complaints.parquet
hmda,"Mortgage Research Center, LLC",,E9ED450892152,"Mortgage Research Center, LLC",nonbank_originator,549300DD5QQUHO6PCH70,3842407,,,549300DD5QQUHO6PCH70,2019,https://files.ffiec.cfpb.gov/static-data/snapshot/2019/2019_public_panel_csv.zip,,,manual,Codex (individual identity/evidence review; not independent human review),2026-09-26,data/staging/stg_complaints.parquet
hmda,"Mortgage Research Center, LLC",,E9ED450892152,"Mortgage Research Center, LLC",nonbank_originator,549300DD5QQUHO6PCH70,3842407,,,549300DD5QQUHO6PCH70,2020,https://files.ffiec.cfpb.gov/static-data/snapshot/2020/2020_public_panel_csv.zip,,,manual,Codex (individual identity/evidence review; not independent human review),2026-09-26,data/staging/stg_complaints.parquet
hmda,"Mortgage Research Center, LLC",,E9ED450892152,"Mortgage Research Center, LLC",nonbank_originator,549300DD5QQUHO6PCH70,3842407,,,549300DD5QQUHO6PCH70,2021,https://files.ffiec.cfpb.gov/static-data/snapshot/2021/2021_public_panel_csv.zip,,,manual,Codex (individual identity/evidence review; not independent human review),2026-09-26,data/staging/stg_complaints.parquet
hmda,"Mortgage Research Center, LLC",,E9ED450892152,"Mortgage Research Center, LLC",nonbank_originator,549300DD5QQUHO6PCH70,3842407,,,549300DD5QQUHO6PCH70,2022,https://files.ffiec.cfpb.gov/static-data/snapshot/2022/2022_public_panel_csv.zip,,,manual,Codex (individual identity/evidence review; not independent human review),2026-09-26,data/staging/stg_complaints.parquet
hmda,"Mortgage Research Center, LLC",,E9ED450892152,"Mortgage Research Center, LLC",nonbank_originator,549300DD5QQUHO6PCH70,3842407,,,549300DD5QQUHO6PCH70,2023,https://files.ffiec.cfpb.gov/static-data/snapshot/2023/2023_public_panel_csv.zip,,,manual,Codex (individual identity/evidence review; not independent human review),2026-09-26,data/staging/stg_complaints.parquet
hmda,Mortgage Research Center,,E9ED450892152,"Mortgage Research Center, LLC",nonbank_originator,549300DD5QQUHO6PCH70,,,,549300DD5QQUHO6PCH70,2024,https://files.ffiec.cfpb.gov/static-data/snapshot/2024/2024_public_ts_csv.zip,,,manual,Codex (individual identity/evidence review; not independent human review),2026-09-26,data/staging/stg_complaints.parquet
hmda,Mortgage Research Center,,E9ED450892152,"Mortgage Research Center, LLC",nonbank_originator,549300DD5QQUHO6PCH70,,,,549300DD5QQUHO6PCH70,2025,https://files.ffiec.cfpb.gov/static-data/snapshot/2025/2025_public_ts_csv.zip,,,manual,Codex (individual identity/evidence review; not independent human review),2026-09-26,data/staging/stg_complaints.parquet
hmda,Banco Popular de Puerto Rico,,E4C525C3C7714,POPULAR INC,bank,OJH4M4RQMT1WXN2BNC32,940311,1129382,34968,OJH4M4RQMT1WXN2BNC32,2018,https://files.ffiec.cfpb.gov/static-data/snapshot/2018/2018_public_panel_csv.zip,,,manual,Codex (individual identity/evidence review; not independent human review),2026-09-26,https://api.fdic.gov/banks/institutions
hmda,Banco Popular de Puerto Rico,,E4C525C3C7714,POPULAR INC,bank,OJH4M4RQMT1WXN2BNC32,940311,1129382,34968,OJH4M4RQMT1WXN2BNC32,2019,https://files.ffiec.cfpb.gov/static-data/snapshot/2019/2019_public_panel_csv.zip,,,manual,Codex (individual identity/evidence review; not independent human review),2026-09-26,https://api.fdic.gov/banks/institutions
hmda,Banco Popular de Puerto Rico,,E4C525C3C7714,POPULAR INC,bank,OJH4M4RQMT1WXN2BNC32,940311,1129382,34968,OJH4M4RQMT1WXN2BNC32,2020,https://files.ffiec.cfpb.gov/static-data/snapshot/2020/2020_public_panel_csv.zip,,,manual,Codex (individual identity/evidence review; not independent human review),2026-09-26,https://api.fdic.gov/banks/institutions
hmda,Banco Popular de Puerto Rico,,E4C525C3C7714,POPULAR INC,bank,OJH4M4RQMT1WXN2BNC32,940311,1129382,34968,OJH4M4RQMT1WXN2BNC32,2021,https://files.ffiec.cfpb.gov/static-data/snapshot/2021/2021_public_panel_csv.zip,,,manual,Codex (individual identity/evidence review; not independent human review),2026-09-26,https://api.fdic.gov/banks/institutions
hmda,Banco Popular de Puerto Rico,,E4C525C3C7714,POPULAR INC,bank,OJH4M4RQMT1WXN2BNC32,940311,1129382,34968,OJH4M4RQMT1WXN2BNC32,2022,https://files.ffiec.cfpb.gov/static-data/snapshot/2022/2022_public_panel_csv.zip,,,manual,Codex (individual identity/evidence review; not independent human review),2026-09-26,https://api.fdic.gov/banks/institutions
hmda,Banco Popular de Puerto Rico,,E4C525C3C7714,POPULAR INC,bank,OJH4M4RQMT1WXN2BNC32,940311,1129382,34968,OJH4M4RQMT1WXN2BNC32,2023,https://files.ffiec.cfpb.gov/static-data/snapshot/2023/2023_public_panel_csv.zip,,,manual,Codex (individual identity/evidence review; not independent human review),2026-09-26,https://api.fdic.gov/banks/institutions
hmda,Banco Popular,,E4C525C3C7714,POPULAR INC,bank,OJH4M4RQMT1WXN2BNC32,,1129382,,OJH4M4RQMT1WXN2BNC32,2024,https://files.ffiec.cfpb.gov/static-data/snapshot/2024/2024_public_ts_csv.zip,,,manual,Codex (individual identity/evidence review; not independent human review),2026-09-26,https://api.fdic.gov/banks/institutions
hmda,Banco Popular,,E4C525C3C7714,POPULAR INC,bank,OJH4M4RQMT1WXN2BNC32,,1129382,,OJH4M4RQMT1WXN2BNC32,2025,https://files.ffiec.cfpb.gov/static-data/snapshot/2025/2025_public_ts_csv.zip,,,manual,Codex (individual identity/evidence review; not independent human review),2026-09-26,https://api.fdic.gov/banks/institutions
fdic_name,Popular Bank,,E4C525C3C7714,POPULAR INC,bank,,2736291,1129382,34967,,2026,https://api.fdic.gov/banks/institutions,,,manual,Codex (individual identity/evidence review; not independent human review),2026-09-26,https://api.fdic.gov/banks/institutions
fdic_namehcr,POPULAR INC,,E4C525C3C7714,POPULAR INC,bank,,2736291,1129382,34967,,2026,https://api.fdic.gov/banks/institutions,,,manual,Codex (individual identity/evidence review; not independent human review),2026-09-26,https://api.fdic.gov/banks/institutions
fdic_name,Banco Popular de Puerto Rico,,E4C525C3C7714,POPULAR INC,bank,,940311,1129382,34968,,2026,https://api.fdic.gov/banks/institutions,,,manual,Codex (individual identity/evidence review; not independent human review),2026-09-26,https://api.fdic.gov/banks/institutions
fdic_namehcr,POPULAR INC,,E4C525C3C7714,POPULAR INC,bank,,940311,1129382,34968,,2026,https://api.fdic.gov/banks/institutions,,,manual,Codex (individual identity/evidence review; not independent human review),2026-09-26,https://api.fdic.gov/banks/institutions
hmda,BBVA USA,,E718D7EB76BA7,BBVA USA / Banco Bilbao Vizcaya Argentaria,bank,C90VT034M03BN29IRA40,697633,1391237,19048,C90VT034M03BN29IRA40,2018,https://files.ffiec.cfpb.gov/static-data/snapshot/2018/2018_public_panel_csv.zip,,,manual,Codex (individual identity/evidence review; not independent human review),2026-09-26,https://files.ffiec.cfpb.gov/static-data/snapshot/2021/2021_public_panel_csv.zip
hmda,BBVA USA,,E718D7EB76BA7,BBVA USA / Banco Bilbao Vizcaya Argentaria,bank,C90VT034M03BN29IRA40,697633,1391237,19048,C90VT034M03BN29IRA40,2019,https://files.ffiec.cfpb.gov/static-data/snapshot/2019/2019_public_panel_csv.zip,,,manual,Codex (individual identity/evidence review; not independent human review),2026-09-26,https://files.ffiec.cfpb.gov/static-data/snapshot/2021/2021_public_panel_csv.zip
hmda,BBVA USA,,E718D7EB76BA7,BBVA USA / Banco Bilbao Vizcaya Argentaria,bank,C90VT034M03BN29IRA40,697633,1391237,19048,C90VT034M03BN29IRA40,2020,https://files.ffiec.cfpb.gov/static-data/snapshot/2020/2020_public_panel_csv.zip,,,manual,Codex (individual identity/evidence review; not independent human review),2026-09-26,https://files.ffiec.cfpb.gov/static-data/snapshot/2021/2021_public_panel_csv.zip
hmda,BBVA USA,,E718D7EB76BA7,BBVA USA / Banco Bilbao Vizcaya Argentaria,bank,C90VT034M03BN29IRA40,697633,1391237,19048,C90VT034M03BN29IRA40,2021,https://files.ffiec.cfpb.gov/static-data/snapshot/2021/2021_public_panel_csv.zip,,,manual,Codex (individual identity/evidence review; not independent human review),2026-09-26,https://files.ffiec.cfpb.gov/static-data/snapshot/2021/2021_public_panel_csv.zip
fdic_name,BBVA USA,,E718D7EB76BA7,BBVA USA / Banco Bilbao Vizcaya Argentaria,bank,,697633,1391237,19048,,2026,https://api.fdic.gov/banks/institutions,,,manual,Codex (individual identity/evidence review; not independent human review),2026-09-26,https://files.ffiec.cfpb.gov/static-data/snapshot/2021/2021_public_panel_csv.zip
hmda,"PROVIDENT FUNDING ASSOCIATES, L.P.",,E922B5325334F,PROVIDENT FUNDING ASSOCIATES,nonbank_originator,54930043BMDE130FJ617,3332935,,,54930043BMDE130FJ617,2018,https://files.ffiec.cfpb.gov/static-data/snapshot/2018/2018_public_panel_csv.zip,,,manual,Codex (individual identity/evidence review; not independent human review),2026-09-26,data/staging/stg_complaints.parquet
hmda,"PROVIDENT FUNDING ASSOCIATES, L.P.",,E922B5325334F,PROVIDENT FUNDING ASSOCIATES,nonbank_originator,54930043BMDE130FJ617,3332935,,,54930043BMDE130FJ617,2019,https://files.ffiec.cfpb.gov/static-data/snapshot/2019/2019_public_panel_csv.zip,,,manual,Codex (individual identity/evidence review; not independent human review),2026-09-26,data/staging/stg_complaints.parquet
hmda,"PROVIDENT FUNDING ASSOCIATES, L.P.",,E922B5325334F,PROVIDENT FUNDING ASSOCIATES,nonbank_originator,54930043BMDE130FJ617,3332935,,,54930043BMDE130FJ617,2020,https://files.ffiec.cfpb.gov/static-data/snapshot/2020/2020_public_panel_csv.zip,,,manual,Codex (individual identity/evidence review; not independent human review),2026-09-26,data/staging/stg_complaints.parquet
hmda,"PROVIDENT FUNDING ASSOCIATES, L.P.",,E922B5325334F,PROVIDENT FUNDING ASSOCIATES,nonbank_originator,54930043BMDE130FJ617,3332935,,,54930043BMDE130FJ617,2021,https://files.ffiec.cfpb.gov/static-data/snapshot/2021/2021_public_panel_csv.zip,,,manual,Codex (individual identity/evidence review; not independent human review),2026-09-26,data/staging/stg_complaints.parquet
hmda,"PROVIDENT FUNDING ASSOCIATES, L.P.",,E922B5325334F,PROVIDENT FUNDING ASSOCIATES,nonbank_originator,54930043BMDE130FJ617,3332935,,,54930043BMDE130FJ617,2022,https://files.ffiec.cfpb.gov/static-data/snapshot/2022/2022_public_panel_csv.zip,,,manual,Codex (individual identity/evidence review; not independent human review),2026-09-26,data/staging/stg_complaints.parquet
hmda,"PROVIDENT FUNDING ASSOCIATES, L.P.",,E922B5325334F,PROVIDENT FUNDING ASSOCIATES,nonbank_originator,54930043BMDE130FJ617,3332935,,,54930043BMDE130FJ617,2023,https://files.ffiec.cfpb.gov/static-data/snapshot/2023/2023_public_panel_csv.zip,,,manual,Codex (individual identity/evidence review; not independent human review),2026-09-26,data/staging/stg_complaints.parquet
hmda,Provident Funding Associates,,E922B5325334F,PROVIDENT FUNDING ASSOCIATES,nonbank_originator,54930043BMDE130FJ617,,,,54930043BMDE130FJ617,2024,https://files.ffiec.cfpb.gov/static-data/snapshot/2024/2024_public_ts_csv.zip,,,manual,Codex (individual identity/evidence review; not independent human review),2026-09-26,data/staging/stg_complaints.parquet
hmda,Provident Funding Associates,,E922B5325334F,PROVIDENT FUNDING ASSOCIATES,nonbank_originator,54930043BMDE130FJ617,,,,54930043BMDE130FJ617,2025,https://files.ffiec.cfpb.gov/static-data/snapshot/2025/2025_public_ts_csv.zip,,,manual,Codex (individual identity/evidence review; not independent human review),2026-09-26,data/staging/stg_complaints.parquet
hmda,"MOVEMENT MORTGAGE, LLC",,E0F85A0D4F508,Movement Mortgage LLC,nonbank_originator,549300DD4R4SYK5RAQ92,3958157,,,549300DD4R4SYK5RAQ92,2018,https://files.ffiec.cfpb.gov/static-data/snapshot/2018/2018_public_panel_csv.zip,,,manual,Codex (individual identity/evidence review; not independent human review),2026-09-26,data/staging/stg_complaints.parquet
hmda,"MOVEMENT MORTGAGE, LLC",,E0F85A0D4F508,Movement Mortgage LLC,nonbank_originator,549300DD4R4SYK5RAQ92,3958157,,,549300DD4R4SYK5RAQ92,2019,https://files.ffiec.cfpb.gov/static-data/snapshot/2019/2019_public_panel_csv.zip,,,manual,Codex (individual identity/evidence review; not independent human review),2026-09-26,data/staging/stg_complaints.parquet
hmda,"MOVEMENT MORTGAGE, LLC",,E0F85A0D4F508,Movement Mortgage LLC,nonbank_originator,549300DD4R4SYK5RAQ92,3958157,,,549300DD4R4SYK5RAQ92,2020,https://files.ffiec.cfpb.gov/static-data/snapshot/2020/2020_public_panel_csv.zip,,,manual,Codex (individual identity/evidence review; not independent human review),2026-09-26,data/staging/stg_complaints.parquet
hmda,"MOVEMENT MORTGAGE, LLC",,E0F85A0D4F508,Movement Mortgage LLC,nonbank_originator,549300DD4R4SYK5RAQ92,3958157,,,549300DD4R4SYK5RAQ92,2021,https://files.ffiec.cfpb.gov/static-data/snapshot/2021/2021_public_panel_csv.zip,,,manual,Codex (individual identity/evidence review; not independent human review),2026-09-26,data/staging/stg_complaints.parquet
hmda,"MOVEMENT MORTGAGE, LLC",,E0F85A0D4F508,Movement Mortgage LLC,nonbank_originator,549300DD4R4SYK5RAQ92,3958157,,,549300DD4R4SYK5RAQ92,2022,https://files.ffiec.cfpb.gov/static-data/snapshot/2022/2022_public_panel_csv.zip,,,manual,Codex (individual identity/evidence review; not independent human review),2026-09-26,data/staging/stg_complaints.parquet
hmda,"MOVEMENT MORTGAGE, LLC",,E0F85A0D4F508,Movement Mortgage LLC,nonbank_originator,549300DD4R4SYK5RAQ92,3958157,,,549300DD4R4SYK5RAQ92,2023,https://files.ffiec.cfpb.gov/static-data/snapshot/2023/2023_public_panel_csv.zip,,,manual,Codex (individual identity/evidence review; not independent human review),2026-09-26,data/staging/stg_complaints.parquet
hmda,"MOVEMENT MORTGAGE, LLC",,E0F85A0D4F508,Movement Mortgage LLC,nonbank_originator,549300DD4R4SYK5RAQ92,,,,549300DD4R4SYK5RAQ92,2024,https://files.ffiec.cfpb.gov/static-data/snapshot/2024/2024_public_ts_csv.zip,,,manual,Codex (individual identity/evidence review; not independent human review),2026-09-26,data/staging/stg_complaints.parquet
hmda,"MOVEMENT MORTGAGE, LLC",,E0F85A0D4F508,Movement Mortgage LLC,nonbank_originator,549300DD4R4SYK5RAQ92,,,,549300DD4R4SYK5RAQ92,2025,https://files.ffiec.cfpb.gov/static-data/snapshot/2025/2025_public_ts_csv.zip,,,manual,Codex (individual identity/evidence review; not independent human review),2026-09-26,data/staging/stg_complaints.parquet
hmda,TCF National Bank,,E9C6DA403A43C,TCF FINANCIAL CORP,bank,549300GJGUHNTC6JI536,266271,1201934,28330,549300GJGUHNTC6JI536,2018,https://files.ffiec.cfpb.gov/static-data/snapshot/2018/2018_public_panel_csv.zip,,,manual,Codex (individual identity/evidence review; not independent human review),2026-09-26,https://api.fdic.gov/banks/institutions
hmda,TCF National Bank,,E9C6DA403A43C,TCF FINANCIAL CORP,bank,549300GJGUHNTC6JI536,266271,1201934,28330,549300GJGUHNTC6JI536,2019,https://files.ffiec.cfpb.gov/static-data/snapshot/2019/2019_public_panel_csv.zip,,,manual,Codex (individual identity/evidence review; not independent human review),2026-09-26,https://api.fdic.gov/banks/institutions
hmda,TCF National Bank,,E9C6DA403A43C,TCF FINANCIAL CORP,bank,549300GJGUHNTC6JI536,266271,1201934,28330,549300GJGUHNTC6JI536,2020,https://files.ffiec.cfpb.gov/static-data/snapshot/2020/2020_public_panel_csv.zip,,,manual,Codex (individual identity/evidence review; not independent human review),2026-09-26,https://api.fdic.gov/banks/institutions
hmda,TCF National Bank,,E9C6DA403A43C,TCF FINANCIAL CORP,bank,549300GJGUHNTC6JI536,266271,1201934,28330,549300GJGUHNTC6JI536,2021,https://files.ffiec.cfpb.gov/static-data/snapshot/2021/2021_public_panel_csv.zip,,,manual,Codex (individual identity/evidence review; not independent human review),2026-09-26,https://api.fdic.gov/banks/institutions
fdic_name,TCF National Bank,,E9C6DA403A43C,TCF FINANCIAL CORP,bank,,266271,1201934,28330,,2026,https://api.fdic.gov/banks/institutions,,,manual,Codex (individual identity/evidence review; not independent human review),2026-09-26,https://api.fdic.gov/banks/institutions
fdic_namehcr,TCF FINANCIAL CORP,,E9C6DA403A43C,TCF FINANCIAL CORP,bank,,266271,1201934,28330,,2026,https://api.fdic.gov/banks/institutions,,,manual,Codex (individual identity/evidence review; not independent human review),2026-09-26,https://api.fdic.gov/banks/institutions
hmda,"First Tennessee Bank, National Association",,E0F4D2A3DE7F9,FIRST HORIZON CORP,bank,COOWI3L2W9TPYR3WJX37,485559,1094640,4977,COOWI3L2W9TPYR3WJX37,2018,https://files.ffiec.cfpb.gov/static-data/snapshot/2018/2018_public_panel_csv.zip,,,manual,Codex (individual identity/evidence review; not independent human review),2026-09-26,https://api.fdic.gov/banks/institutions
hmda,First Horizon Bank,,E0F4D2A3DE7F9,FIRST HORIZON CORP,bank,COOWI3L2W9TPYR3WJX37,485559,1094640,4977,COOWI3L2W9TPYR3WJX37,2019,https://files.ffiec.cfpb.gov/static-data/snapshot/2019/2019_public_panel_csv.zip,,,manual,Codex (individual identity/evidence review; not independent human review),2026-09-26,https://api.fdic.gov/banks/institutions
hmda,First Horizon Bank,,E0F4D2A3DE7F9,FIRST HORIZON CORP,bank,COOWI3L2W9TPYR3WJX37,485559,1094640,4977,COOWI3L2W9TPYR3WJX37,2020,https://files.ffiec.cfpb.gov/static-data/snapshot/2020/2020_public_panel_csv.zip,,,manual,Codex (individual identity/evidence review; not independent human review),2026-09-26,https://api.fdic.gov/banks/institutions
hmda,First Horizon Bank,,E0F4D2A3DE7F9,FIRST HORIZON CORP,bank,COOWI3L2W9TPYR3WJX37,485559,1094640,4977,COOWI3L2W9TPYR3WJX37,2021,https://files.ffiec.cfpb.gov/static-data/snapshot/2021/2021_public_panel_csv.zip,,,manual,Codex (individual identity/evidence review; not independent human review),2026-09-26,https://api.fdic.gov/banks/institutions
hmda,First Horizon Bank,,E0F4D2A3DE7F9,FIRST HORIZON CORP,bank,COOWI3L2W9TPYR3WJX37,485559,1094640,4977,COOWI3L2W9TPYR3WJX37,2022,https://files.ffiec.cfpb.gov/static-data/snapshot/2022/2022_public_panel_csv.zip,,,manual,Codex (individual identity/evidence review; not independent human review),2026-09-26,https://api.fdic.gov/banks/institutions
hmda,First Horizon Bank,,E0F4D2A3DE7F9,FIRST HORIZON CORP,bank,COOWI3L2W9TPYR3WJX37,485559,1094640,4977,COOWI3L2W9TPYR3WJX37,2023,https://files.ffiec.cfpb.gov/static-data/snapshot/2023/2023_public_panel_csv.zip,,,manual,Codex (individual identity/evidence review; not independent human review),2026-09-26,https://api.fdic.gov/banks/institutions
hmda,FIRST HORIZON BANK,,E0F4D2A3DE7F9,FIRST HORIZON CORP,bank,COOWI3L2W9TPYR3WJX37,,1094640,,COOWI3L2W9TPYR3WJX37,2024,https://files.ffiec.cfpb.gov/static-data/snapshot/2024/2024_public_ts_csv.zip,,,manual,Codex (individual identity/evidence review; not independent human review),2026-09-26,https://api.fdic.gov/banks/institutions
hmda,FIRST HORIZON BANK,,E0F4D2A3DE7F9,FIRST HORIZON CORP,bank,COOWI3L2W9TPYR3WJX37,,1094640,,COOWI3L2W9TPYR3WJX37,2025,https://files.ffiec.cfpb.gov/static-data/snapshot/2025/2025_public_ts_csv.zip,,,manual,Codex (individual identity/evidence review; not independent human review),2026-09-26,https://api.fdic.gov/banks/institutions
fdic_name,First Horizon Bank,,E0F4D2A3DE7F9,FIRST HORIZON CORP,bank,,485559,1094640,4977,,2026,https://api.fdic.gov/banks/institutions,,,manual,Codex (individual identity/evidence review; not independent human review),2026-09-26,https://api.fdic.gov/banks/institutions
fdic_namehcr,FIRST HORIZON CORP,,E0F4D2A3DE7F9,FIRST HORIZON CORP,bank,,485559,1094640,4977,,2026,https://api.fdic.gov/banks/institutions,,,manual,Codex (individual identity/evidence review; not independent human review),2026-09-26,https://api.fdic.gov/banks/institutions
hmda,AMERICAN ADVISORS GROUP,,E2C85F0E46692,AMERICAN ADVISORS GROUP,nonbank_originator,549300TINI6CL78UD591,4730163,,,549300TINI6CL78UD591,2018,https://files.ffiec.cfpb.gov/static-data/snapshot/2018/2018_public_panel_csv.zip,,,manual,Codex (individual identity/evidence review; not independent human review),2026-09-26,data/staging/stg_complaints.parquet
hmda,AMERICAN ADVISORS GROUP,,E2C85F0E46692,AMERICAN ADVISORS GROUP,nonbank_originator,549300TINI6CL78UD591,4730163,,,549300TINI6CL78UD591,2019,https://files.ffiec.cfpb.gov/static-data/snapshot/2019/2019_public_panel_csv.zip,,,manual,Codex (individual identity/evidence review; not independent human review),2026-09-26,data/staging/stg_complaints.parquet
hmda,AMERICAN ADVISORS GROUP,,E2C85F0E46692,AMERICAN ADVISORS GROUP,nonbank_originator,549300TINI6CL78UD591,4730163,,,549300TINI6CL78UD591,2020,https://files.ffiec.cfpb.gov/static-data/snapshot/2020/2020_public_panel_csv.zip,,,manual,Codex (individual identity/evidence review; not independent human review),2026-09-26,data/staging/stg_complaints.parquet
hmda,AMERICAN ADVISORS GROUP,,E2C85F0E46692,AMERICAN ADVISORS GROUP,nonbank_originator,549300TINI6CL78UD591,4730163,,,549300TINI6CL78UD591,2021,https://files.ffiec.cfpb.gov/static-data/snapshot/2021/2021_public_panel_csv.zip,,,manual,Codex (individual identity/evidence review; not independent human review),2026-09-26,data/staging/stg_complaints.parquet
hmda,AMERICAN ADVISORS GROUP,,E2C85F0E46692,AMERICAN ADVISORS GROUP,nonbank_originator,549300TINI6CL78UD591,4730163,,,549300TINI6CL78UD591,2022,https://files.ffiec.cfpb.gov/static-data/snapshot/2022/2022_public_panel_csv.zip,,,manual,Codex (individual identity/evidence review; not independent human review),2026-09-26,data/staging/stg_complaints.parquet
hmda,"Sun West Mortgage Company, Inc.",,E9A9FF2B46D0A,"SUN WEST MORTGAGE COMPANY, INC.",nonbank_originator,549300SK2GVCQXPD4S58,3875713,,,549300SK2GVCQXPD4S58,2018,https://files.ffiec.cfpb.gov/static-data/snapshot/2018/2018_public_panel_csv.zip,,,manual,Codex (individual identity/evidence review; not independent human review),2026-09-26,data/staging/stg_complaints.parquet
hmda,"SUN WEST MORTGAGE COMPANY, INC.",,E9A9FF2B46D0A,"SUN WEST MORTGAGE COMPANY, INC.",nonbank_originator,549300SK2GVCQXPD4S58,3875713,,,549300SK2GVCQXPD4S58,2019,https://files.ffiec.cfpb.gov/static-data/snapshot/2019/2019_public_panel_csv.zip,,,manual,Codex (individual identity/evidence review; not independent human review),2026-09-26,data/staging/stg_complaints.parquet
hmda,"SUN WEST MORTGAGE COMPANY, INC.",,E9A9FF2B46D0A,"SUN WEST MORTGAGE COMPANY, INC.",nonbank_originator,549300SK2GVCQXPD4S58,3875713,,,549300SK2GVCQXPD4S58,2020,https://files.ffiec.cfpb.gov/static-data/snapshot/2020/2020_public_panel_csv.zip,,,manual,Codex (individual identity/evidence review; not independent human review),2026-09-26,data/staging/stg_complaints.parquet
hmda,"SUN WEST MORTGAGE COMPANY, INC.",,E9A9FF2B46D0A,"SUN WEST MORTGAGE COMPANY, INC.",nonbank_originator,549300SK2GVCQXPD4S58,3875713,,,549300SK2GVCQXPD4S58,2021,https://files.ffiec.cfpb.gov/static-data/snapshot/2021/2021_public_panel_csv.zip,,,manual,Codex (individual identity/evidence review; not independent human review),2026-09-26,data/staging/stg_complaints.parquet
hmda,"SUN WEST MORTGAGE COMPANY, INC.",,E9A9FF2B46D0A,"SUN WEST MORTGAGE COMPANY, INC.",nonbank_originator,549300SK2GVCQXPD4S58,3875713,,,549300SK2GVCQXPD4S58,2022,https://files.ffiec.cfpb.gov/static-data/snapshot/2022/2022_public_panel_csv.zip,,,manual,Codex (individual identity/evidence review; not independent human review),2026-09-26,data/staging/stg_complaints.parquet
hmda,"SUN WEST MORTGAGE COMPANY, INC.",,E9A9FF2B46D0A,"SUN WEST MORTGAGE COMPANY, INC.",nonbank_originator,549300SK2GVCQXPD4S58,3875713,,,549300SK2GVCQXPD4S58,2023,https://files.ffiec.cfpb.gov/static-data/snapshot/2023/2023_public_panel_csv.zip,,,manual,Codex (individual identity/evidence review; not independent human review),2026-09-26,data/staging/stg_complaints.parquet
hmda,"SUN WEST MORTGAGE COMPANY, INC",,E9A9FF2B46D0A,"SUN WEST MORTGAGE COMPANY, INC.",nonbank_originator,549300SK2GVCQXPD4S58,,,,549300SK2GVCQXPD4S58,2024,https://files.ffiec.cfpb.gov/static-data/snapshot/2024/2024_public_ts_csv.zip,,,manual,Codex (individual identity/evidence review; not independent human review),2026-09-26,data/staging/stg_complaints.parquet
hmda,"SUN WEST MORTGAGE COMPANY, INC",,E9A9FF2B46D0A,"SUN WEST MORTGAGE COMPANY, INC.",nonbank_originator,549300SK2GVCQXPD4S58,,,,549300SK2GVCQXPD4S58,2025,https://files.ffiec.cfpb.gov/static-data/snapshot/2025/2025_public_ts_csv.zip,,,manual,Codex (individual identity/evidence review; not independent human review),2026-09-26,data/staging/stg_complaints.parquet
hmda,Better Mortgage Corporation,,EC5C21EED4E5A,"Better Mortgage, Inc.",nonbank_originator,549300XY701IELCE5Q08,4324982,,,549300XY701IELCE5Q08,2018,https://files.ffiec.cfpb.gov/static-data/snapshot/2018/2018_public_panel_csv.zip,,,manual,Codex (individual identity/evidence review; not independent human review),2026-09-26,data/staging/stg_complaints.parquet
hmda,BETTER MORTGAGE CORPORATION,,EC5C21EED4E5A,"Better Mortgage, Inc.",nonbank_originator,549300XY701IELCE5Q08,4324982,,,549300XY701IELCE5Q08,2019,https://files.ffiec.cfpb.gov/static-data/snapshot/2019/2019_public_panel_csv.zip,,,manual,Codex (individual identity/evidence review; not independent human review),2026-09-26,data/staging/stg_complaints.parquet
hmda,BETTER MORTGAGE CORPORATION,,EC5C21EED4E5A,"Better Mortgage, Inc.",nonbank_originator,549300XY701IELCE5Q08,4324982,,,549300XY701IELCE5Q08,2020,https://files.ffiec.cfpb.gov/static-data/snapshot/2020/2020_public_panel_csv.zip,,,manual,Codex (individual identity/evidence review; not independent human review),2026-09-26,data/staging/stg_complaints.parquet
hmda,BETTER MORTGAGE CORPORATION,,EC5C21EED4E5A,"Better Mortgage, Inc.",nonbank_originator,549300XY701IELCE5Q08,4324982,,,549300XY701IELCE5Q08,2021,https://files.ffiec.cfpb.gov/static-data/snapshot/2021/2021_public_panel_csv.zip,,,manual,Codex (individual identity/evidence review; not independent human review),2026-09-26,data/staging/stg_complaints.parquet
hmda,BETTER MORTGAGE CORPORATION,,EC5C21EED4E5A,"Better Mortgage, Inc.",nonbank_originator,549300XY701IELCE5Q08,4324982,,,549300XY701IELCE5Q08,2022,https://files.ffiec.cfpb.gov/static-data/snapshot/2022/2022_public_panel_csv.zip,,,manual,Codex (individual identity/evidence review; not independent human review),2026-09-26,data/staging/stg_complaints.parquet
hmda,BETTER MORTGAGE CORPORATION,,EC5C21EED4E5A,"Better Mortgage, Inc.",nonbank_originator,549300XY701IELCE5Q08,4324982,,,549300XY701IELCE5Q08,2023,https://files.ffiec.cfpb.gov/static-data/snapshot/2023/2023_public_panel_csv.zip,,,manual,Codex (individual identity/evidence review; not independent human review),2026-09-26,data/staging/stg_complaints.parquet
hmda,Better Mortgage Corporation,,EC5C21EED4E5A,"Better Mortgage, Inc.",nonbank_originator,549300XY701IELCE5Q08,,,,549300XY701IELCE5Q08,2024,https://files.ffiec.cfpb.gov/static-data/snapshot/2024/2024_public_ts_csv.zip,,,manual,Codex (individual identity/evidence review; not independent human review),2026-09-26,data/staging/stg_complaints.parquet
hmda,Better Mortgage Corporation,,EC5C21EED4E5A,"Better Mortgage, Inc.",nonbank_originator,549300XY701IELCE5Q08,,,,549300XY701IELCE5Q08,2025,https://files.ffiec.cfpb.gov/static-data/snapshot/2025/2025_public_ts_csv.zip,,,manual,Codex (individual identity/evidence review; not independent human review),2026-09-26,data/staging/stg_complaints.parquet
hmda,"Pacific Union Financial, LLC",,E41CFAD8559FE,"Pacific Union Financial, LLC",nonbank_originator,549300410TULSMMGDX92,3955491,,,549300410TULSMMGDX92,2018,https://files.ffiec.cfpb.gov/static-data/snapshot/2018/2018_public_panel_csv.zip,,,manual,Codex (individual identity/evidence review; not independent human review),2026-09-26,data/staging/stg_complaints.parquet
hmda,"Pacific Union Financial, LLC",,E41CFAD8559FE,"Pacific Union Financial, LLC",nonbank_originator,549300410TULSMMGDX92,3955491,,,549300410TULSMMGDX92,2019,https://files.ffiec.cfpb.gov/static-data/snapshot/2019/2019_public_panel_csv.zip,,,manual,Codex (individual identity/evidence review; not independent human review),2026-09-26,data/staging/stg_complaints.parquet
hmda,"BOKF, National Association",,E6E4400138C69,BOK FINANCIAL CORP,bank,FU7RSW4CQQY98A2O7J66,339858,1883693,4214,FU7RSW4CQQY98A2O7J66,2018,https://files.ffiec.cfpb.gov/static-data/snapshot/2018/2018_public_panel_csv.zip,,,manual,Codex (individual identity/evidence review; not independent human review),2026-09-26,https://api.fdic.gov/banks/institutions
hmda,"BOKF, National Association",,E6E4400138C69,BOK FINANCIAL CORP,bank,FU7RSW4CQQY98A2O7J66,339858,1883693,4214,FU7RSW4CQQY98A2O7J66,2019,https://files.ffiec.cfpb.gov/static-data/snapshot/2019/2019_public_panel_csv.zip,,,manual,Codex (individual identity/evidence review; not independent human review),2026-09-26,https://api.fdic.gov/banks/institutions
hmda,"BOKF, National Association",,E6E4400138C69,BOK FINANCIAL CORP,bank,FU7RSW4CQQY98A2O7J66,339858,1883693,4214,FU7RSW4CQQY98A2O7J66,2020,https://files.ffiec.cfpb.gov/static-data/snapshot/2020/2020_public_panel_csv.zip,,,manual,Codex (individual identity/evidence review; not independent human review),2026-09-26,https://api.fdic.gov/banks/institutions
hmda,"BOKF, National Association",,E6E4400138C69,BOK FINANCIAL CORP,bank,FU7RSW4CQQY98A2O7J66,339858,1883693,4214,FU7RSW4CQQY98A2O7J66,2021,https://files.ffiec.cfpb.gov/static-data/snapshot/2021/2021_public_panel_csv.zip,,,manual,Codex (individual identity/evidence review; not independent human review),2026-09-26,https://api.fdic.gov/banks/institutions
hmda,"BOKF, National Association",,E6E4400138C69,BOK FINANCIAL CORP,bank,FU7RSW4CQQY98A2O7J66,339858,1883693,4214,FU7RSW4CQQY98A2O7J66,2022,https://files.ffiec.cfpb.gov/static-data/snapshot/2022/2022_public_panel_csv.zip,,,manual,Codex (individual identity/evidence review; not independent human review),2026-09-26,https://api.fdic.gov/banks/institutions
hmda,"BOKF, National Association",,E6E4400138C69,BOK FINANCIAL CORP,bank,FU7RSW4CQQY98A2O7J66,339858,1883693,4214,FU7RSW4CQQY98A2O7J66,2023,https://files.ffiec.cfpb.gov/static-data/snapshot/2023/2023_public_panel_csv.zip,,,manual,Codex (individual identity/evidence review; not independent human review),2026-09-26,https://api.fdic.gov/banks/institutions
hmda,BOKF NA,,E6E4400138C69,BOK FINANCIAL CORP,bank,FU7RSW4CQQY98A2O7J66,,1883693,,FU7RSW4CQQY98A2O7J66,2024,https://files.ffiec.cfpb.gov/static-data/snapshot/2024/2024_public_ts_csv.zip,,,manual,Codex (individual identity/evidence review; not independent human review),2026-09-26,https://api.fdic.gov/banks/institutions
hmda,BOKF NA,,E6E4400138C69,BOK FINANCIAL CORP,bank,FU7RSW4CQQY98A2O7J66,,1883693,,FU7RSW4CQQY98A2O7J66,2025,https://files.ffiec.cfpb.gov/static-data/snapshot/2025/2025_public_ts_csv.zip,,,manual,Codex (individual identity/evidence review; not independent human review),2026-09-26,https://api.fdic.gov/banks/institutions
fdic_name,"BOKF, National Association",,E6E4400138C69,BOK FINANCIAL CORP,bank,,339858,1883693,4214,,2026,https://api.fdic.gov/banks/institutions,,,manual,Codex (individual identity/evidence review; not independent human review),2026-09-26,https://api.fdic.gov/banks/institutions
fdic_namehcr,BOK FINANCIAL CORP,,E6E4400138C69,BOK FINANCIAL CORP,bank,,339858,1883693,4214,,2026,https://api.fdic.gov/banks/institutions,,,manual,Codex (individual identity/evidence review; not independent human review),2026-09-26,https://api.fdic.gov/banks/institutions
hmda,Ally Bank,,ECF2F96AAE504,ALLY FINANCIAL INC,bank,549300C04BJ0G297NC13,3284070,1562859,57803,549300C04BJ0G297NC13,2019,https://files.ffiec.cfpb.gov/static-data/snapshot/2019/2019_public_panel_csv.zip,,,manual,Codex (individual identity/evidence review; not independent human review),2026-09-26,https://api.fdic.gov/banks/institutions
hmda,Ally Bank,,ECF2F96AAE504,ALLY FINANCIAL INC,bank,549300C04BJ0G297NC13,3284070,1562859,57803,549300C04BJ0G297NC13,2020,https://files.ffiec.cfpb.gov/static-data/snapshot/2020/2020_public_panel_csv.zip,,,manual,Codex (individual identity/evidence review; not independent human review),2026-09-26,https://api.fdic.gov/banks/institutions
hmda,Ally Bank,,ECF2F96AAE504,ALLY FINANCIAL INC,bank,549300C04BJ0G297NC13,3284070,1562859,57803,549300C04BJ0G297NC13,2021,https://files.ffiec.cfpb.gov/static-data/snapshot/2021/2021_public_panel_csv.zip,,,manual,Codex (individual identity/evidence review; not independent human review),2026-09-26,https://api.fdic.gov/banks/institutions
hmda,Ally Bank,,ECF2F96AAE504,ALLY FINANCIAL INC,bank,549300C04BJ0G297NC13,3284070,1562859,57803,549300C04BJ0G297NC13,2022,https://files.ffiec.cfpb.gov/static-data/snapshot/2022/2022_public_panel_csv.zip,,,manual,Codex (individual identity/evidence review; not independent human review),2026-09-26,https://api.fdic.gov/banks/institutions
hmda,Ally Bank,,ECF2F96AAE504,ALLY FINANCIAL INC,bank,549300C04BJ0G297NC13,3284070,1562859,57803,549300C04BJ0G297NC13,2023,https://files.ffiec.cfpb.gov/static-data/snapshot/2023/2023_public_panel_csv.zip,,,manual,Codex (individual identity/evidence review; not independent human review),2026-09-26,https://api.fdic.gov/banks/institutions
hmda,ALLY BANK,,ECF2F96AAE504,ALLY FINANCIAL INC,bank,549300C04BJ0G297NC13,,1562859,,549300C04BJ0G297NC13,2024,https://files.ffiec.cfpb.gov/static-data/snapshot/2024/2024_public_ts_csv.zip,,,manual,Codex (individual identity/evidence review; not independent human review),2026-09-26,https://api.fdic.gov/banks/institutions
hmda,ALLY BANK,,ECF2F96AAE504,ALLY FINANCIAL INC,bank,549300C04BJ0G297NC13,,1562859,,549300C04BJ0G297NC13,2025,https://files.ffiec.cfpb.gov/static-data/snapshot/2025/2025_public_ts_csv.zip,,,manual,Codex (individual identity/evidence review; not independent human review),2026-09-26,https://api.fdic.gov/banks/institutions
fdic_name,Ally Bank,,ECF2F96AAE504,ALLY FINANCIAL INC,bank,,3284070,1562859,57803,,2026,https://api.fdic.gov/banks/institutions,,,manual,Codex (individual identity/evidence review; not independent human review),2026-09-26,https://api.fdic.gov/banks/institutions
fdic_namehcr,ALLY FINANCIAL INC,,ECF2F96AAE504,ALLY FINANCIAL INC,bank,,3284070,1562859,57803,,2026,https://api.fdic.gov/banks/institutions,,,manual,Codex (individual identity/evidence review; not independent human review),2026-09-26,https://api.fdic.gov/banks/institutions
hmda,"Morgan Stanley Private Bank, National Association",,E9C6D3A158F9C,MORGAN STANLEY,bank,549300GS0W0TEUQS8571,2489805,2162966,34221,549300GS0W0TEUQS8571,2018,https://files.ffiec.cfpb.gov/static-data/snapshot/2018/2018_public_panel_csv.zip,,,manual,Codex (individual identity/evidence review; not independent human review),2026-09-26,https://api.fdic.gov/banks/institutions
hmda,"Morgan Stanley Private Bank, National Association",,E9C6D3A158F9C,MORGAN STANLEY,bank,549300GS0W0TEUQS8571,2489805,2162966,34221,549300GS0W0TEUQS8571,2019,https://files.ffiec.cfpb.gov/static-data/snapshot/2019/2019_public_panel_csv.zip,,,manual,Codex (individual identity/evidence review; not independent human review),2026-09-26,https://api.fdic.gov/banks/institutions
hmda,"Morgan Stanley Private Bank, National Association",,E9C6D3A158F9C,MORGAN STANLEY,bank,549300GS0W0TEUQS8571,2489805,2162966,34221,549300GS0W0TEUQS8571,2020,https://files.ffiec.cfpb.gov/static-data/snapshot/2020/2020_public_panel_csv.zip,,,manual,Codex (individual identity/evidence review; not independent human review),2026-09-26,https://api.fdic.gov/banks/institutions
hmda,"Morgan Stanley Private Bank, National Association",,E9C6D3A158F9C,MORGAN STANLEY,bank,549300GS0W0TEUQS8571,2489805,2162966,34221,549300GS0W0TEUQS8571,2021,https://files.ffiec.cfpb.gov/static-data/snapshot/2021/2021_public_panel_csv.zip,,,manual,Codex (individual identity/evidence review; not independent human review),2026-09-26,https://api.fdic.gov/banks/institutions
hmda,"Morgan Stanley Private Bank, National Association",,E9C6D3A158F9C,MORGAN STANLEY,bank,549300GS0W0TEUQS8571,2489805,2162966,34221,549300GS0W0TEUQS8571,2022,https://files.ffiec.cfpb.gov/static-data/snapshot/2022/2022_public_panel_csv.zip,,,manual,Codex (individual identity/evidence review; not independent human review),2026-09-26,https://api.fdic.gov/banks/institutions
hmda,"Morgan Stanley Private Bank, National Association",,E9C6D3A158F9C,MORGAN STANLEY,bank,549300GS0W0TEUQS8571,2489805,2162966,34221,549300GS0W0TEUQS8571,2023,https://files.ffiec.cfpb.gov/static-data/snapshot/2023/2023_public_panel_csv.zip,,,manual,Codex (individual identity/evidence review; not independent human review),2026-09-26,https://api.fdic.gov/banks/institutions
hmda,Morgan Stanley Private Bank NA,,E9C6D3A158F9C,MORGAN STANLEY,bank,549300GS0W0TEUQS8571,,2162966,,549300GS0W0TEUQS8571,2024,https://files.ffiec.cfpb.gov/static-data/snapshot/2024/2024_public_ts_csv.zip,,,manual,Codex (individual identity/evidence review; not independent human review),2026-09-26,https://api.fdic.gov/banks/institutions
hmda,Morgan Stanley Private Bank NA,,E9C6D3A158F9C,MORGAN STANLEY,bank,549300GS0W0TEUQS8571,,2162966,,549300GS0W0TEUQS8571,2025,https://files.ffiec.cfpb.gov/static-data/snapshot/2025/2025_public_ts_csv.zip,,,manual,Codex (individual identity/evidence review; not independent human review),2026-09-26,https://api.fdic.gov/banks/institutions
fdic_name,"Morgan Stanley Bank, National Association",,E9C6D3A158F9C,MORGAN STANLEY,bank,,1456501,2162966,32992,,2026,https://api.fdic.gov/banks/institutions,,,manual,Codex (individual identity/evidence review; not independent human review),2026-09-26,https://api.fdic.gov/banks/institutions
fdic_namehcr,MORGAN STANLEY,,E9C6D3A158F9C,MORGAN STANLEY,bank,,1456501,2162966,32992,,2026,https://api.fdic.gov/banks/institutions,,,manual,Codex (individual identity/evidence review; not independent human review),2026-09-26,https://api.fdic.gov/banks/institutions
fdic_name,"Morgan Stanley Private Bank, National Association",,E9C6D3A158F9C,MORGAN STANLEY,bank,,2489805,2162966,34221,,2026,https://api.fdic.gov/banks/institutions,,,manual,Codex (individual identity/evidence review; not independent human review),2026-09-26,https://api.fdic.gov/banks/institutions
fdic_namehcr,MORGAN STANLEY,,E9C6D3A158F9C,MORGAN STANLEY,bank,,2489805,2162966,34221,,2026,https://api.fdic.gov/banks/institutions,,,manual,Codex (individual identity/evidence review; not independent human review),2026-09-26,https://api.fdic.gov/banks/institutions
hmda,Fairway Independent Mortgage Corporation,,E3E99D69D853D,Fairway Independent Mortgage Corporation,nonbank_originator,549300MGPZBLQDIL7538,3954355,,,549300MGPZBLQDIL7538,2018,https://files.ffiec.cfpb.gov/static-data/snapshot/2018/2018_public_panel_csv.zip,,,manual,Codex (individual identity/evidence review; not independent human review),2026-09-26,data/staging/stg_complaints.parquet
hmda,FAIRWAY INDEPENDENT MORTGAGE CORPORATION,,E3E99D69D853D,Fairway Independent Mortgage Corporation,nonbank_originator,549300MGPZBLQDIL7538,3954355,,,549300MGPZBLQDIL7538,2019,https://files.ffiec.cfpb.gov/static-data/snapshot/2019/2019_public_panel_csv.zip,,,manual,Codex (individual identity/evidence review; not independent human review),2026-09-26,data/staging/stg_complaints.parquet
hmda,FAIRWAY INDEPENDENT MORTGAGE CORPORATION,,E3E99D69D853D,Fairway Independent Mortgage Corporation,nonbank_originator,549300MGPZBLQDIL7538,3954355,,,549300MGPZBLQDIL7538,2020,https://files.ffiec.cfpb.gov/static-data/snapshot/2020/2020_public_panel_csv.zip,,,manual,Codex (individual identity/evidence review; not independent human review),2026-09-26,data/staging/stg_complaints.parquet
hmda,Fairway Independent Mortgage Corporation,,E3E99D69D853D,Fairway Independent Mortgage Corporation,nonbank_originator,549300MGPZBLQDIL7538,3954355,,,549300MGPZBLQDIL7538,2021,https://files.ffiec.cfpb.gov/static-data/snapshot/2021/2021_public_panel_csv.zip,,,manual,Codex (individual identity/evidence review; not independent human review),2026-09-26,data/staging/stg_complaints.parquet
hmda,Fairway Independent Mortgage Corporation,,E3E99D69D853D,Fairway Independent Mortgage Corporation,nonbank_originator,549300MGPZBLQDIL7538,3954355,,,549300MGPZBLQDIL7538,2022,https://files.ffiec.cfpb.gov/static-data/snapshot/2022/2022_public_panel_csv.zip,,,manual,Codex (individual identity/evidence review; not independent human review),2026-09-26,data/staging/stg_complaints.parquet
hmda,FAIRWAY INDEPENDENT MORTGAGE CORPORATION,,E3E99D69D853D,Fairway Independent Mortgage Corporation,nonbank_originator,549300MGPZBLQDIL7538,3954355,,,549300MGPZBLQDIL7538,2023,https://files.ffiec.cfpb.gov/static-data/snapshot/2023/2023_public_panel_csv.zip,,,manual,Codex (individual identity/evidence review; not independent human review),2026-09-26,data/staging/stg_complaints.parquet
hmda,FAIRWAY INDEPENDENT MORT CORP,,E3E99D69D853D,Fairway Independent Mortgage Corporation,nonbank_originator,549300MGPZBLQDIL7538,,,,549300MGPZBLQDIL7538,2024,https://files.ffiec.cfpb.gov/static-data/snapshot/2024/2024_public_ts_csv.zip,,,manual,Codex (individual identity/evidence review; not independent human review),2026-09-26,data/staging/stg_complaints.parquet
hmda,FAIRWAY INDEPENDENT MORT CORP,,E3E99D69D853D,Fairway Independent Mortgage Corporation,nonbank_originator,549300MGPZBLQDIL7538,,,,549300MGPZBLQDIL7538,2025,https://files.ffiec.cfpb.gov/static-data/snapshot/2025/2025_public_ts_csv.zip,,,manual,Codex (individual identity/evidence review; not independent human review),2026-09-26,data/staging/stg_complaints.parquet
hmda,Third Federal Savings and Loan Association of Cleveland,,EEA501D46F351,THIRD FS&LA OF CLEVELAND MHC,bank,5493008CPTDVOS570626,915878,3828036,30012,5493008CPTDVOS570626,2018,https://files.ffiec.cfpb.gov/static-data/snapshot/2018/2018_public_panel_csv.zip,,,manual,Codex (individual identity/evidence review; not independent human review),2026-09-26,https://api.fdic.gov/banks/institutions
hmda,Third Federal Savings and Loan Association of Cleveland,,EEA501D46F351,THIRD FS&LA OF CLEVELAND MHC,bank,5493008CPTDVOS570626,915878,3828036,30012,5493008CPTDVOS570626,2019,https://files.ffiec.cfpb.gov/static-data/snapshot/2019/2019_public_panel_csv.zip,,,manual,Codex (individual identity/evidence review; not independent human review),2026-09-26,https://api.fdic.gov/banks/institutions
hmda,Third Federal Savings and Loan Association of Cleveland,,EEA501D46F351,THIRD FS&LA OF CLEVELAND MHC,bank,5493008CPTDVOS570626,915878,3828036,30012,5493008CPTDVOS570626,2020,https://files.ffiec.cfpb.gov/static-data/snapshot/2020/2020_public_panel_csv.zip,,,manual,Codex (individual identity/evidence review; not independent human review),2026-09-26,https://api.fdic.gov/banks/institutions
hmda,Third Federal Savings and Loan Association of Cleveland,,EEA501D46F351,THIRD FS&LA OF CLEVELAND MHC,bank,5493008CPTDVOS570626,915878,3828036,30012,5493008CPTDVOS570626,2021,https://files.ffiec.cfpb.gov/static-data/snapshot/2021/2021_public_panel_csv.zip,,,manual,Codex (individual identity/evidence review; not independent human review),2026-09-26,https://api.fdic.gov/banks/institutions
hmda,Third Federal Savings and Loan Association of Cleveland,,EEA501D46F351,THIRD FS&LA OF CLEVELAND MHC,bank,5493008CPTDVOS570626,915878,3828036,30012,5493008CPTDVOS570626,2022,https://files.ffiec.cfpb.gov/static-data/snapshot/2022/2022_public_panel_csv.zip,,,manual,Codex (individual identity/evidence review; not independent human review),2026-09-26,https://api.fdic.gov/banks/institutions
hmda,Third Federal Savings and Loan Association of Cleveland,,EEA501D46F351,THIRD FS&LA OF CLEVELAND MHC,bank,5493008CPTDVOS570626,915878,3828036,30012,5493008CPTDVOS570626,2023,https://files.ffiec.cfpb.gov/static-data/snapshot/2023/2023_public_panel_csv.zip,,,manual,Codex (individual identity/evidence review; not independent human review),2026-09-26,https://api.fdic.gov/banks/institutions
hmda,Third Federal Savings and Loan,,EEA501D46F351,THIRD FS&LA OF CLEVELAND MHC,bank,5493008CPTDVOS570626,,3828036,,5493008CPTDVOS570626,2024,https://files.ffiec.cfpb.gov/static-data/snapshot/2024/2024_public_ts_csv.zip,,,manual,Codex (individual identity/evidence review; not independent human review),2026-09-26,https://api.fdic.gov/banks/institutions
hmda,Third Federal Savings and Loan,,EEA501D46F351,THIRD FS&LA OF CLEVELAND MHC,bank,5493008CPTDVOS570626,,3828036,,5493008CPTDVOS570626,2025,https://files.ffiec.cfpb.gov/static-data/snapshot/2025/2025_public_ts_csv.zip,,,manual,Codex (individual identity/evidence review; not independent human review),2026-09-26,https://api.fdic.gov/banks/institutions
fdic_name,Third Federal Savings and Loan Association of Cleveland,,EEA501D46F351,THIRD FS&LA OF CLEVELAND MHC,bank,,915878,3828036,30012,,2026,https://api.fdic.gov/banks/institutions,,,manual,Codex (individual identity/evidence review; not independent human review),2026-09-26,https://api.fdic.gov/banks/institutions
fdic_namehcr,THIRD FS&LA OF CLEVELAND MHC,,EEA501D46F351,THIRD FS&LA OF CLEVELAND MHC,bank,,915878,3828036,30012,,2026,https://api.fdic.gov/banks/institutions,,,manual,Codex (individual identity/evidence review; not independent human review),2026-09-26,https://api.fdic.gov/banks/institutions
hmda,"DATA MORTGAGE, INC.",,E3083051A1527,Data Mortgage Inc.,nonbank_originator,5493008E4KBJCB6UKR64,3880829,,,5493008E4KBJCB6UKR64,2018,https://files.ffiec.cfpb.gov/static-data/snapshot/2018/2018_public_panel_csv.zip,,,manual,Codex (individual identity/evidence review; not independent human review),2026-09-26,data/staging/stg_complaints.parquet
hmda,"DATA MORTGAGE, INC.",,E3083051A1527,Data Mortgage Inc.,nonbank_originator,5493008E4KBJCB6UKR64,3880829,,,5493008E4KBJCB6UKR64,2019,https://files.ffiec.cfpb.gov/static-data/snapshot/2019/2019_public_panel_csv.zip,,,manual,Codex (individual identity/evidence review; not independent human review),2026-09-26,data/staging/stg_complaints.parquet
hmda,"DATA MORTGAGE, INC.",,E3083051A1527,Data Mortgage Inc.,nonbank_originator,5493008E4KBJCB6UKR64,3880829,,,5493008E4KBJCB6UKR64,2020,https://files.ffiec.cfpb.gov/static-data/snapshot/2020/2020_public_panel_csv.zip,,,manual,Codex (individual identity/evidence review; not independent human review),2026-09-26,data/staging/stg_complaints.parquet
hmda,"DATA MORTGAGE, INC.",,E3083051A1527,Data Mortgage Inc.,nonbank_originator,5493008E4KBJCB6UKR64,3880829,,,5493008E4KBJCB6UKR64,2021,https://files.ffiec.cfpb.gov/static-data/snapshot/2021/2021_public_panel_csv.zip,,,manual,Codex (individual identity/evidence review; not independent human review),2026-09-26,data/staging/stg_complaints.parquet
hmda,"DATA MORTGAGE, INC.",,E3083051A1527,Data Mortgage Inc.,nonbank_originator,5493008E4KBJCB6UKR64,3880829,,,5493008E4KBJCB6UKR64,2022,https://files.ffiec.cfpb.gov/static-data/snapshot/2022/2022_public_panel_csv.zip,,,manual,Codex (individual identity/evidence review; not independent human review),2026-09-26,data/staging/stg_complaints.parquet
hmda,"DATA MORTGAGE, INC.",,E3083051A1527,Data Mortgage Inc.,nonbank_originator,5493008E4KBJCB6UKR64,3880829,,,5493008E4KBJCB6UKR64,2023,https://files.ffiec.cfpb.gov/static-data/snapshot/2023/2023_public_panel_csv.zip,,,manual,Codex (individual identity/evidence review; not independent human review),2026-09-26,data/staging/stg_complaints.parquet
hmda,"DATA MORTGAGE, INC.",,E3083051A1527,Data Mortgage Inc.,nonbank_originator,5493008E4KBJCB6UKR64,,,,5493008E4KBJCB6UKR64,2024,https://files.ffiec.cfpb.gov/static-data/snapshot/2024/2024_public_ts_csv.zip,,,manual,Codex (individual identity/evidence review; not independent human review),2026-09-26,data/staging/stg_complaints.parquet
hmda,"Data Mortgage, Inc",,E3083051A1527,Data Mortgage Inc.,nonbank_originator,5493008E4KBJCB6UKR64,,,,5493008E4KBJCB6UKR64,2025,https://files.ffiec.cfpb.gov/static-data/snapshot/2025/2025_public_ts_csv.zip,,,manual,Codex (individual identity/evidence review; not independent human review),2026-09-26,data/staging/stg_complaints.parquet
hmda,"PLAZA HOME MORTGAGE, INC.",,EDE60FD674DA6,"PLAZA HOME MORTGAGE, INC.",nonbank_originator,549300JYXTZDSPJEPI44,3897500,,,549300JYXTZDSPJEPI44,2018,https://files.ffiec.cfpb.gov/static-data/snapshot/2018/2018_public_panel_csv.zip,,,manual,Codex (individual identity/evidence review; not independent human review),2026-09-26,data/staging/stg_complaints.parquet
hmda,"PLAZA HOME MORTGAGE, INC.",,EDE60FD674DA6,"PLAZA HOME MORTGAGE, INC.",nonbank_originator,549300JYXTZDSPJEPI44,3897500,,,549300JYXTZDSPJEPI44,2019,https://files.ffiec.cfpb.gov/static-data/snapshot/2019/2019_public_panel_csv.zip,,,manual,Codex (individual identity/evidence review; not independent human review),2026-09-26,data/staging/stg_complaints.parquet
hmda,"PLAZA HOME MORTGAGE, INC.",,EDE60FD674DA6,"PLAZA HOME MORTGAGE, INC.",nonbank_originator,549300JYXTZDSPJEPI44,3897500,,,549300JYXTZDSPJEPI44,2020,https://files.ffiec.cfpb.gov/static-data/snapshot/2020/2020_public_panel_csv.zip,,,manual,Codex (individual identity/evidence review; not independent human review),2026-09-26,data/staging/stg_complaints.parquet
hmda,"PLAZA HOME MORTGAGE, INC.",,EDE60FD674DA6,"PLAZA HOME MORTGAGE, INC.",nonbank_originator,549300JYXTZDSPJEPI44,3897500,,,549300JYXTZDSPJEPI44,2021,https://files.ffiec.cfpb.gov/static-data/snapshot/2021/2021_public_panel_csv.zip,,,manual,Codex (individual identity/evidence review; not independent human review),2026-09-26,data/staging/stg_complaints.parquet
hmda,"PLAZA HOME MORTGAGE, INC.",,EDE60FD674DA6,"PLAZA HOME MORTGAGE, INC.",nonbank_originator,549300JYXTZDSPJEPI44,3897500,,,549300JYXTZDSPJEPI44,2022,https://files.ffiec.cfpb.gov/static-data/snapshot/2022/2022_public_panel_csv.zip,,,manual,Codex (individual identity/evidence review; not independent human review),2026-09-26,data/staging/stg_complaints.parquet
hmda,"PLAZA HOME MORTGAGE, INC.",,EDE60FD674DA6,"PLAZA HOME MORTGAGE, INC.",nonbank_originator,549300JYXTZDSPJEPI44,3897500,,,549300JYXTZDSPJEPI44,2023,https://files.ffiec.cfpb.gov/static-data/snapshot/2023/2023_public_panel_csv.zip,,,manual,Codex (individual identity/evidence review; not independent human review),2026-09-26,data/staging/stg_complaints.parquet
hmda,"PLAZA HOME MORTGAGE, INC",,EDE60FD674DA6,"PLAZA HOME MORTGAGE, INC.",nonbank_originator,549300JYXTZDSPJEPI44,,,,549300JYXTZDSPJEPI44,2024,https://files.ffiec.cfpb.gov/static-data/snapshot/2024/2024_public_ts_csv.zip,,,manual,Codex (individual identity/evidence review; not independent human review),2026-09-26,data/staging/stg_complaints.parquet
hmda,"PLAZA HOME MORTGAGE, INC",,EDE60FD674DA6,"PLAZA HOME MORTGAGE, INC.",nonbank_originator,549300JYXTZDSPJEPI44,,,,549300JYXTZDSPJEPI44,2025,https://files.ffiec.cfpb.gov/static-data/snapshot/2025/2025_public_ts_csv.zip,,,manual,Codex (individual identity/evidence review; not independent human review),2026-09-26,data/staging/stg_complaints.parquet
hmda,Ameris Bank,,EEABDDDD2DFE8,AMERIS BCORP,bank,IUGPUX5LWRZ3B6KIZ697,764030,1082067,20504,IUGPUX5LWRZ3B6KIZ697,2018,https://files.ffiec.cfpb.gov/static-data/snapshot/2018/2018_public_panel_csv.zip,,,manual,Codex (individual identity/evidence review; not independent human review),2026-09-26,https://api.fdic.gov/banks/institutions
hmda,Ameris Bank,,EEABDDDD2DFE8,AMERIS BCORP,bank,IUGPUX5LWRZ3B6KIZ697,764030,1082067,20504,IUGPUX5LWRZ3B6KIZ697,2019,https://files.ffiec.cfpb.gov/static-data/snapshot/2019/2019_public_panel_csv.zip,,,manual,Codex (individual identity/evidence review; not independent human review),2026-09-26,https://api.fdic.gov/banks/institutions
hmda,Ameris Bank,,EEABDDDD2DFE8,AMERIS BCORP,bank,IUGPUX5LWRZ3B6KIZ697,764030,1082067,20504,IUGPUX5LWRZ3B6KIZ697,2020,https://files.ffiec.cfpb.gov/static-data/snapshot/2020/2020_public_panel_csv.zip,,,manual,Codex (individual identity/evidence review; not independent human review),2026-09-26,https://api.fdic.gov/banks/institutions
hmda,Ameris Bank,,EEABDDDD2DFE8,AMERIS BCORP,bank,IUGPUX5LWRZ3B6KIZ697,764030,1082067,20504,IUGPUX5LWRZ3B6KIZ697,2021,https://files.ffiec.cfpb.gov/static-data/snapshot/2021/2021_public_panel_csv.zip,,,manual,Codex (individual identity/evidence review; not independent human review),2026-09-26,https://api.fdic.gov/banks/institutions
hmda,Ameris Bank,,EEABDDDD2DFE8,AMERIS BCORP,bank,IUGPUX5LWRZ3B6KIZ697,764030,1082067,20504,IUGPUX5LWRZ3B6KIZ697,2022,https://files.ffiec.cfpb.gov/static-data/snapshot/2022/2022_public_panel_csv.zip,,,manual,Codex (individual identity/evidence review; not independent human review),2026-09-26,https://api.fdic.gov/banks/institutions
hmda,Ameris Bank,,EEABDDDD2DFE8,AMERIS BCORP,bank,IUGPUX5LWRZ3B6KIZ697,764030,1082067,20504,IUGPUX5LWRZ3B6KIZ697,2023,https://files.ffiec.cfpb.gov/static-data/snapshot/2023/2023_public_panel_csv.zip,,,manual,Codex (individual identity/evidence review; not independent human review),2026-09-26,https://api.fdic.gov/banks/institutions
hmda,Ameris Bank,,EEABDDDD2DFE8,AMERIS BCORP,bank,IUGPUX5LWRZ3B6KIZ697,,1082067,,IUGPUX5LWRZ3B6KIZ697,2024,https://files.ffiec.cfpb.gov/static-data/snapshot/2024/2024_public_ts_csv.zip,,,manual,Codex (individual identity/evidence review; not independent human review),2026-09-26,https://api.fdic.gov/banks/institutions
hmda,Ameris Bank,,EEABDDDD2DFE8,AMERIS BCORP,bank,IUGPUX5LWRZ3B6KIZ697,,1082067,,IUGPUX5LWRZ3B6KIZ697,2025,https://files.ffiec.cfpb.gov/static-data/snapshot/2025/2025_public_ts_csv.zip,,,manual,Codex (individual identity/evidence review; not independent human review),2026-09-26,https://api.fdic.gov/banks/institutions
fdic_name,Ameris Bank,,EEABDDDD2DFE8,AMERIS BCORP,bank,,764030,1082067,20504,,2026,https://api.fdic.gov/banks/institutions,,,manual,Codex (individual identity/evidence review; not independent human review),2026-09-26,https://api.fdic.gov/banks/institutions
fdic_namehcr,AMERIS BCORP,,EEABDDDD2DFE8,AMERIS BCORP,bank,,764030,1082067,20504,,2026,https://api.fdic.gov/banks/institutions,,,manual,Codex (individual identity/evidence review; not independent human review),2026-09-26,https://api.fdic.gov/banks/institutions
hmda,Discover Bank,,E9291B3C42904,DISCOVER FINANCIAL SERVICES,bank,X05BVSK68TQ7YTOSNR22,30810,3846375,5649,X05BVSK68TQ7YTOSNR22,2018,https://files.ffiec.cfpb.gov/static-data/snapshot/2018/2018_public_panel_csv.zip,,,manual,Codex (individual identity/evidence review; not independent human review),2026-09-26,https://api.fdic.gov/banks/institutions
hmda,Discover Bank,,E9291B3C42904,DISCOVER FINANCIAL SERVICES,bank,X05BVSK68TQ7YTOSNR22,30810,3846375,5649,X05BVSK68TQ7YTOSNR22,2019,https://files.ffiec.cfpb.gov/static-data/snapshot/2019/2019_public_panel_csv.zip,,,manual,Codex (individual identity/evidence review; not independent human review),2026-09-26,https://api.fdic.gov/banks/institutions
hmda,Discover Bank,,E9291B3C42904,DISCOVER FINANCIAL SERVICES,bank,X05BVSK68TQ7YTOSNR22,30810,3846375,5649,X05BVSK68TQ7YTOSNR22,2020,https://files.ffiec.cfpb.gov/static-data/snapshot/2020/2020_public_panel_csv.zip,,,manual,Codex (individual identity/evidence review; not independent human review),2026-09-26,https://api.fdic.gov/banks/institutions
hmda,Discover Bank,,E9291B3C42904,DISCOVER FINANCIAL SERVICES,bank,X05BVSK68TQ7YTOSNR22,30810,3846375,5649,X05BVSK68TQ7YTOSNR22,2021,https://files.ffiec.cfpb.gov/static-data/snapshot/2021/2021_public_panel_csv.zip,,,manual,Codex (individual identity/evidence review; not independent human review),2026-09-26,https://api.fdic.gov/banks/institutions
hmda,Discover Bank,,E9291B3C42904,DISCOVER FINANCIAL SERVICES,bank,X05BVSK68TQ7YTOSNR22,30810,3846375,5649,X05BVSK68TQ7YTOSNR22,2022,https://files.ffiec.cfpb.gov/static-data/snapshot/2022/2022_public_panel_csv.zip,,,manual,Codex (individual identity/evidence review; not independent human review),2026-09-26,https://api.fdic.gov/banks/institutions
hmda,Discover Bank,,E9291B3C42904,DISCOVER FINANCIAL SERVICES,bank,X05BVSK68TQ7YTOSNR22,30810,3846375,5649,X05BVSK68TQ7YTOSNR22,2023,https://files.ffiec.cfpb.gov/static-data/snapshot/2023/2023_public_panel_csv.zip,,,manual,Codex (individual identity/evidence review; not independent human review),2026-09-26,https://api.fdic.gov/banks/institutions
hmda,DISCOVER BANK,,E9291B3C42904,DISCOVER FINANCIAL SERVICES,bank,X05BVSK68TQ7YTOSNR22,,3846375,,X05BVSK68TQ7YTOSNR22,2024,https://files.ffiec.cfpb.gov/static-data/snapshot/2024/2024_public_ts_csv.zip,,,manual,Codex (individual identity/evidence review; not independent human review),2026-09-26,https://api.fdic.gov/banks/institutions
hmda,DISCOVER BANK,,E9291B3C42904,DISCOVER FINANCIAL SERVICES,bank,X05BVSK68TQ7YTOSNR22,,3846375,,X05BVSK68TQ7YTOSNR22,2025,https://files.ffiec.cfpb.gov/static-data/snapshot/2025/2025_public_ts_csv.zip,,,manual,Codex (individual identity/evidence review; not independent human review),2026-09-26,https://api.fdic.gov/banks/institutions
fdic_name,Discover Bank,,E9291B3C42904,DISCOVER FINANCIAL SERVICES,bank,,30810,3846375,5649,,2026,https://api.fdic.gov/banks/institutions,,,manual,Codex (individual identity/evidence review; not independent human review),2026-09-26,https://api.fdic.gov/banks/institutions
fdic_namehcr,DISCOVER FINANCIAL SERVICES,,E9291B3C42904,DISCOVER FINANCIAL SERVICES,bank,,30810,3846375,5649,,2026,https://api.fdic.gov/banks/institutions,,,manual,Codex (individual identity/evidence review; not independent human review),2026-09-26,https://api.fdic.gov/banks/institutions
hmda,Bank of the West,,E5823FB9F8455,BNP PARIBAS,bank,QOT5WN9RBKQTFRVKEV31,804963,1231968,3514,QOT5WN9RBKQTFRVKEV31,2018,https://files.ffiec.cfpb.gov/static-data/snapshot/2018/2018_public_panel_csv.zip,,,manual,Codex (individual identity/evidence review; not independent human review),2026-09-26,https://api.fdic.gov/banks/institutions
hmda,Bank of the West,,E5823FB9F8455,BNP PARIBAS,bank,QOT5WN9RBKQTFRVKEV31,804963,1231968,3514,QOT5WN9RBKQTFRVKEV31,2019,https://files.ffiec.cfpb.gov/static-data/snapshot/2019/2019_public_panel_csv.zip,,,manual,Codex (individual identity/evidence review; not independent human review),2026-09-26,https://api.fdic.gov/banks/institutions
hmda,Bank of the West,,E5823FB9F8455,BNP PARIBAS,bank,QOT5WN9RBKQTFRVKEV31,804963,1231968,3514,QOT5WN9RBKQTFRVKEV31,2020,https://files.ffiec.cfpb.gov/static-data/snapshot/2020/2020_public_panel_csv.zip,,,manual,Codex (individual identity/evidence review; not independent human review),2026-09-26,https://api.fdic.gov/banks/institutions
hmda,Bank of the West,,E5823FB9F8455,BNP PARIBAS,bank,QOT5WN9RBKQTFRVKEV31,804963,1231968,3514,QOT5WN9RBKQTFRVKEV31,2021,https://files.ffiec.cfpb.gov/static-data/snapshot/2021/2021_public_panel_csv.zip,,,manual,Codex (individual identity/evidence review; not independent human review),2026-09-26,https://api.fdic.gov/banks/institutions
hmda,Bank of the West,,E5823FB9F8455,BNP PARIBAS,bank,QOT5WN9RBKQTFRVKEV31,804963,1231968,3514,QOT5WN9RBKQTFRVKEV31,2022,https://files.ffiec.cfpb.gov/static-data/snapshot/2022/2022_public_panel_csv.zip,,,manual,Codex (individual identity/evidence review; not independent human review),2026-09-26,https://api.fdic.gov/banks/institutions
hmda,Bank of the West,,E5823FB9F8455,BNP PARIBAS,bank,QOT5WN9RBKQTFRVKEV31,804963,1231968,3514,QOT5WN9RBKQTFRVKEV31,2023,https://files.ffiec.cfpb.gov/static-data/snapshot/2023/2023_public_panel_csv.zip,,,manual,Codex (individual identity/evidence review; not independent human review),2026-09-26,https://api.fdic.gov/banks/institutions
fdic_name,Bank of the West,,E5823FB9F8455,BNP PARIBAS,bank,,804963,1231968,3514,,2026,https://api.fdic.gov/banks/institutions,,,manual,Codex (individual identity/evidence review; not independent human review),2026-09-26,https://api.fdic.gov/banks/institutions
fdic_namehcr,BNP PARIBAS,,E5823FB9F8455,BNP PARIBAS,bank,,804963,1231968,3514,,2026,https://api.fdic.gov/banks/institutions,,,manual,Codex (individual identity/evidence review; not independent human review),2026-09-26,https://api.fdic.gov/banks/institutions
hmda,"PRIMARY RESIDENTIAL MORTGAGE, INC.",,EB7F1B7690613,PRIMARY RESIDENTIAL MORTGAGE,nonbank_originator,54930052M48FOD3CWA54,3877575,,,54930052M48FOD3CWA54,2018,https://files.ffiec.cfpb.gov/static-data/snapshot/2018/2018_public_panel_csv.zip,,,manual,Codex (individual identity/evidence review; not independent human review),2026-09-26,data/staging/stg_complaints.parquet
hmda,"PRIMARY RESIDENTIAL MORTGAGE, INC.",,EB7F1B7690613,PRIMARY RESIDENTIAL MORTGAGE,nonbank_originator,54930052M48FOD3CWA54,3877575,,,54930052M48FOD3CWA54,2019,https://files.ffiec.cfpb.gov/static-data/snapshot/2019/2019_public_panel_csv.zip,,,manual,Codex (individual identity/evidence review; not independent human review),2026-09-26,data/staging/stg_complaints.parquet
hmda,"PRIMARY RESIDENTIAL MORTGAGE, INC.",,EB7F1B7690613,PRIMARY RESIDENTIAL MORTGAGE,nonbank_originator,54930052M48FOD3CWA54,3877575,,,54930052M48FOD3CWA54,2020,https://files.ffiec.cfpb.gov/static-data/snapshot/2020/2020_public_panel_csv.zip,,,manual,Codex (individual identity/evidence review; not independent human review),2026-09-26,data/staging/stg_complaints.parquet
hmda,"PRIMARY RESIDENTIAL MORTGAGE, INC.",,EB7F1B7690613,PRIMARY RESIDENTIAL MORTGAGE,nonbank_originator,54930052M48FOD3CWA54,3877575,,,54930052M48FOD3CWA54,2021,https://files.ffiec.cfpb.gov/static-data/snapshot/2021/2021_public_panel_csv.zip,,,manual,Codex (individual identity/evidence review; not independent human review),2026-09-26,data/staging/stg_complaints.parquet
hmda,"PRIMARY RESIDENTIAL MORTGAGE, INC.",,EB7F1B7690613,PRIMARY RESIDENTIAL MORTGAGE,nonbank_originator,54930052M48FOD3CWA54,3877575,,,54930052M48FOD3CWA54,2022,https://files.ffiec.cfpb.gov/static-data/snapshot/2022/2022_public_panel_csv.zip,,,manual,Codex (individual identity/evidence review; not independent human review),2026-09-26,data/staging/stg_complaints.parquet
hmda,"PRIMARY RESIDENTIAL MORTGAGE, INC.",,EB7F1B7690613,PRIMARY RESIDENTIAL MORTGAGE,nonbank_originator,54930052M48FOD3CWA54,3877575,,,54930052M48FOD3CWA54,2023,https://files.ffiec.cfpb.gov/static-data/snapshot/2023/2023_public_panel_csv.zip,,,manual,Codex (individual identity/evidence review; not independent human review),2026-09-26,data/staging/stg_complaints.parquet
hmda,"Primary Residential Mortgage, INC.",,EB7F1B7690613,PRIMARY RESIDENTIAL MORTGAGE,nonbank_originator,54930052M48FOD3CWA54,,,,54930052M48FOD3CWA54,2024,https://files.ffiec.cfpb.gov/static-data/snapshot/2024/2024_public_ts_csv.zip,,,manual,Codex (individual identity/evidence review; not independent human review),2026-09-26,data/staging/stg_complaints.parquet
hmda,"Primary Residential Mortgage, INC.",,EB7F1B7690613,PRIMARY RESIDENTIAL MORTGAGE,nonbank_originator,54930052M48FOD3CWA54,,,,54930052M48FOD3CWA54,2025,https://files.ffiec.cfpb.gov/static-data/snapshot/2025/2025_public_ts_csv.zip,,,manual,Codex (individual identity/evidence review; not independent human review),2026-09-26,data/staging/stg_complaints.parquet
hmda,"Paramount Residential Mortgage Group, Inc.",,EB65DCEF09CD6,PARAMOUNT RESIDENTIAL MORTGAGE GROUP,nonbank_originator,254900ZFWS2106HWPH46,3897443,,,254900ZFWS2106HWPH46,2018,https://files.ffiec.cfpb.gov/static-data/snapshot/2018/2018_public_panel_csv.zip,,,manual,Codex (individual identity/evidence review; not independent human review),2026-09-26,data/staging/stg_complaints.parquet
hmda,"Paramount Residential Mortgage Group, Inc.",,EB65DCEF09CD6,PARAMOUNT RESIDENTIAL MORTGAGE GROUP,nonbank_originator,254900ZFWS2106HWPH46,3897443,,,254900ZFWS2106HWPH46,2019,https://files.ffiec.cfpb.gov/static-data/snapshot/2019/2019_public_panel_csv.zip,,,manual,Codex (individual identity/evidence review; not independent human review),2026-09-26,data/staging/stg_complaints.parquet
hmda,"Paramount Residential Mortgage Group, Inc.",,EB65DCEF09CD6,PARAMOUNT RESIDENTIAL MORTGAGE GROUP,nonbank_originator,254900ZFWS2106HWPH46,3897443,,,254900ZFWS2106HWPH46,2020,https://files.ffiec.cfpb.gov/static-data/snapshot/2020/2020_public_panel_csv.zip,,,manual,Codex (individual identity/evidence review; not independent human review),2026-09-26,data/staging/stg_complaints.parquet
hmda,"Paramount Residential Mortgage Group, Inc.",,EB65DCEF09CD6,PARAMOUNT RESIDENTIAL MORTGAGE GROUP,nonbank_originator,254900ZFWS2106HWPH46,3897443,,,254900ZFWS2106HWPH46,2021,https://files.ffiec.cfpb.gov/static-data/snapshot/2021/2021_public_panel_csv.zip,,,manual,Codex (individual identity/evidence review; not independent human review),2026-09-26,data/staging/stg_complaints.parquet
hmda,"Paramount Residential Mortgage Group, Inc.",,EB65DCEF09CD6,PARAMOUNT RESIDENTIAL MORTGAGE GROUP,nonbank_originator,254900ZFWS2106HWPH46,3897443,,,254900ZFWS2106HWPH46,2022,https://files.ffiec.cfpb.gov/static-data/snapshot/2022/2022_public_panel_csv.zip,,,manual,Codex (individual identity/evidence review; not independent human review),2026-09-26,data/staging/stg_complaints.parquet
hmda,"Paramount Residential Mortgage Group, Inc.",,EB65DCEF09CD6,PARAMOUNT RESIDENTIAL MORTGAGE GROUP,nonbank_originator,254900ZFWS2106HWPH46,3897443,,,254900ZFWS2106HWPH46,2023,https://files.ffiec.cfpb.gov/static-data/snapshot/2023/2023_public_panel_csv.zip,,,manual,Codex (individual identity/evidence review; not independent human review),2026-09-26,data/staging/stg_complaints.parquet
hmda,PARAMOUNT RESIDENTIAL MORTGAGE,,EB65DCEF09CD6,PARAMOUNT RESIDENTIAL MORTGAGE GROUP,nonbank_originator,254900ZFWS2106HWPH46,,,,254900ZFWS2106HWPH46,2024,https://files.ffiec.cfpb.gov/static-data/snapshot/2024/2024_public_ts_csv.zip,,,manual,Codex (individual identity/evidence review; not independent human review),2026-09-26,data/staging/stg_complaints.parquet
hmda,PARAMOUNT RESIDENTIAL MORTGAGE,,EB65DCEF09CD6,PARAMOUNT RESIDENTIAL MORTGAGE GROUP,nonbank_originator,254900ZFWS2106HWPH46,,,,254900ZFWS2106HWPH46,2025,https://files.ffiec.cfpb.gov/static-data/snapshot/2025/2025_public_ts_csv.zip,,,manual,Codex (individual identity/evidence review; not independent human review),2026-09-26,data/staging/stg_complaints.parquet
hmda,Franklin American Mortgage Company,,EC85B7D656E53,FRANKLIN AMERICAN MORTGAGE CO.,nonbank_originator,549300DT53TVM4JSTM24,3247123,,,549300DT53TVM4JSTM24,2018,https://files.ffiec.cfpb.gov/static-data/snapshot/2018/2018_public_panel_csv.zip,,,manual,Codex (individual identity/evidence review; not independent human review),2026-09-26,data/staging/stg_complaints.parquet
hmda,FIRSTBANK PUERTO RICO,,EB2869CB18595,FIRST BCORP,bank,549300WWJ28EP3GZG107,510871,2744894,30387,549300WWJ28EP3GZG107,2018,https://files.ffiec.cfpb.gov/static-data/snapshot/2018/2018_public_panel_csv.zip,,,manual,Codex (individual identity/evidence review; not independent human review),2026-09-26,https://api.fdic.gov/banks/institutions
hmda,FIRSTBANK PUERTO RICO,,EB2869CB18595,FIRST BCORP,bank,549300WWJ28EP3GZG107,510871,2744894,30387,549300WWJ28EP3GZG107,2019,https://files.ffiec.cfpb.gov/static-data/snapshot/2019/2019_public_panel_csv.zip,,,manual,Codex (individual identity/evidence review; not independent human review),2026-09-26,https://api.fdic.gov/banks/institutions
hmda,FIRSTBANK PUERTO RICO,,EB2869CB18595,FIRST BCORP,bank,549300WWJ28EP3GZG107,510871,2744894,30387,549300WWJ28EP3GZG107,2020,https://files.ffiec.cfpb.gov/static-data/snapshot/2020/2020_public_panel_csv.zip,,,manual,Codex (individual identity/evidence review; not independent human review),2026-09-26,https://api.fdic.gov/banks/institutions
hmda,FIRSTBANK CORP,,EB2869CB18595,FIRST BCORP,bank,549300WWJ28EP3GZG107,510871,2744894,30387,549300WWJ28EP3GZG107,2021,https://files.ffiec.cfpb.gov/static-data/snapshot/2021/2021_public_panel_csv.zip,,,manual,Codex (individual identity/evidence review; not independent human review),2026-09-26,https://api.fdic.gov/banks/institutions
hmda,FIRSTBANK CORP,,EB2869CB18595,FIRST BCORP,bank,549300WWJ28EP3GZG107,510871,2744894,30387,549300WWJ28EP3GZG107,2022,https://files.ffiec.cfpb.gov/static-data/snapshot/2022/2022_public_panel_csv.zip,,,manual,Codex (individual identity/evidence review; not independent human review),2026-09-26,https://api.fdic.gov/banks/institutions
hmda,FIRSTBANK PUERTO RICO,,EB2869CB18595,FIRST BCORP,bank,549300WWJ28EP3GZG107,510871,2744894,30387,549300WWJ28EP3GZG107,2023,https://files.ffiec.cfpb.gov/static-data/snapshot/2023/2023_public_panel_csv.zip,,,manual,Codex (individual identity/evidence review; not independent human review),2026-09-26,https://api.fdic.gov/banks/institutions
hmda,FIRSTBANK,,EB2869CB18595,FIRST BCORP,bank,549300WWJ28EP3GZG107,,2744894,,549300WWJ28EP3GZG107,2024,https://files.ffiec.cfpb.gov/static-data/snapshot/2024/2024_public_ts_csv.zip,,,manual,Codex (individual identity/evidence review; not independent human review),2026-09-26,https://api.fdic.gov/banks/institutions
hmda,FIRSTBANK,,EB2869CB18595,FIRST BCORP,bank,549300WWJ28EP3GZG107,,2744894,,549300WWJ28EP3GZG107,2025,https://files.ffiec.cfpb.gov/static-data/snapshot/2025/2025_public_ts_csv.zip,,,manual,Codex (individual identity/evidence review; not independent human review),2026-09-26,https://api.fdic.gov/banks/institutions
fdic_name,FirstBank Puerto Rico,,EB2869CB18595,FIRST BCORP,bank,,510871,2744894,30387,,2026,https://api.fdic.gov/banks/institutions,,,manual,Codex (individual identity/evidence review; not independent human review),2026-09-26,https://api.fdic.gov/banks/institutions
fdic_namehcr,FIRST BCORP,,EB2869CB18595,FIRST BCORP,bank,,510871,2744894,30387,,2026,https://api.fdic.gov/banks/institutions,,,manual,Codex (individual identity/evidence review; not independent human review),2026-09-26,https://api.fdic.gov/banks/institutions
hmda,"Associated Bank, National Association",,E4C7F433D63C0,ASSOCIATED BANC-CORP,bank,ZF85QS7OXKPBG52R7N18,917742,1199563,5296,ZF85QS7OXKPBG52R7N18,2018,https://files.ffiec.cfpb.gov/static-data/snapshot/2018/2018_public_panel_csv.zip,,,manual,Codex (individual identity/evidence review; not independent human review),2026-09-26,https://api.fdic.gov/banks/institutions
hmda,"Associated Bank, National Association",,E4C7F433D63C0,ASSOCIATED BANC-CORP,bank,ZF85QS7OXKPBG52R7N18,917742,1199563,5296,ZF85QS7OXKPBG52R7N18,2019,https://files.ffiec.cfpb.gov/static-data/snapshot/2019/2019_public_panel_csv.zip,,,manual,Codex (individual identity/evidence review; not independent human review),2026-09-26,https://api.fdic.gov/banks/institutions
hmda,"Associated Bank, National Association",,E4C7F433D63C0,ASSOCIATED BANC-CORP,bank,ZF85QS7OXKPBG52R7N18,917742,1199563,5296,ZF85QS7OXKPBG52R7N18,2020,https://files.ffiec.cfpb.gov/static-data/snapshot/2020/2020_public_panel_csv.zip,,,manual,Codex (individual identity/evidence review; not independent human review),2026-09-26,https://api.fdic.gov/banks/institutions
hmda,"Associated Bank, National Association",,E4C7F433D63C0,ASSOCIATED BANC-CORP,bank,ZF85QS7OXKPBG52R7N18,917742,1199563,5296,ZF85QS7OXKPBG52R7N18,2021,https://files.ffiec.cfpb.gov/static-data/snapshot/2021/2021_public_panel_csv.zip,,,manual,Codex (individual identity/evidence review; not independent human review),2026-09-26,https://api.fdic.gov/banks/institutions
hmda,"Associated Bank, National Association",,E4C7F433D63C0,ASSOCIATED BANC-CORP,bank,ZF85QS7OXKPBG52R7N18,917742,1199563,5296,ZF85QS7OXKPBG52R7N18,2022,https://files.ffiec.cfpb.gov/static-data/snapshot/2022/2022_public_panel_csv.zip,,,manual,Codex (individual identity/evidence review; not independent human review),2026-09-26,https://api.fdic.gov/banks/institutions
hmda,"Associated Bank, National Association",,E4C7F433D63C0,ASSOCIATED BANC-CORP,bank,ZF85QS7OXKPBG52R7N18,917742,1199563,5296,ZF85QS7OXKPBG52R7N18,2023,https://files.ffiec.cfpb.gov/static-data/snapshot/2023/2023_public_panel_csv.zip,,,manual,Codex (individual identity/evidence review; not independent human review),2026-09-26,https://api.fdic.gov/banks/institutions
hmda,Associated Bank NA,,E4C7F433D63C0,ASSOCIATED BANC-CORP,bank,ZF85QS7OXKPBG52R7N18,,1199563,,ZF85QS7OXKPBG52R7N18,2024,https://files.ffiec.cfpb.gov/static-data/snapshot/2024/2024_public_ts_csv.zip,,,manual,Codex (individual identity/evidence review; not independent human review),2026-09-26,https://api.fdic.gov/banks/institutions
hmda,Associated Bank NA,,E4C7F433D63C0,ASSOCIATED BANC-CORP,bank,ZF85QS7OXKPBG52R7N18,,1199563,,ZF85QS7OXKPBG52R7N18,2025,https://files.ffiec.cfpb.gov/static-data/snapshot/2025/2025_public_ts_csv.zip,,,manual,Codex (individual identity/evidence review; not independent human review),2026-09-26,https://api.fdic.gov/banks/institutions
fdic_name,"Associated Bank, National Association",,E4C7F433D63C0,ASSOCIATED BANC-CORP,bank,,917742,1199563,5296,,2026,https://api.fdic.gov/banks/institutions,,,manual,Codex (individual identity/evidence review; not independent human review),2026-09-26,https://api.fdic.gov/banks/institutions
fdic_namehcr,ASSOCIATED BANC-CORP,,E4C7F433D63C0,ASSOCIATED BANC-CORP,bank,,917742,1199563,5296,,2026,https://api.fdic.gov/banks/institutions,,,manual,Codex (individual identity/evidence review; not independent human review),2026-09-26,https://api.fdic.gov/banks/institutions
hmda,"AMERICAN FINANCIAL NETWORK, INC.",,E6C300C66AB15,American Financial Network Inc.,nonbank_originator,5493008NWHQT1R22C024,4188175,,,5493008NWHQT1R22C024,2018,https://files.ffiec.cfpb.gov/static-data/snapshot/2018/2018_public_panel_csv.zip,,,manual,Codex (individual identity/evidence review; not independent human review),2026-09-26,data/staging/stg_complaints.parquet
hmda,"AMERICAN FINANCIAL NETWORK, INC.",,E6C300C66AB15,American Financial Network Inc.,nonbank_originator,5493008NWHQT1R22C024,4188175,,,5493008NWHQT1R22C024,2019,https://files.ffiec.cfpb.gov/static-data/snapshot/2019/2019_public_panel_csv.zip,,,manual,Codex (individual identity/evidence review; not independent human review),2026-09-26,data/staging/stg_complaints.parquet
hmda,"AMERICAN FINANCIAL NETWORK, INC.",,E6C300C66AB15,American Financial Network Inc.,nonbank_originator,5493008NWHQT1R22C024,4188175,,,5493008NWHQT1R22C024,2020,https://files.ffiec.cfpb.gov/static-data/snapshot/2020/2020_public_panel_csv.zip,,,manual,Codex (individual identity/evidence review; not independent human review),2026-09-26,data/staging/stg_complaints.parquet
hmda,"AMERICAN FINANCIAL NETWORK, INC.",,E6C300C66AB15,American Financial Network Inc.,nonbank_originator,5493008NWHQT1R22C024,4188175,,,5493008NWHQT1R22C024,2021,https://files.ffiec.cfpb.gov/static-data/snapshot/2021/2021_public_panel_csv.zip,,,manual,Codex (individual identity/evidence review; not independent human review),2026-09-26,data/staging/stg_complaints.parquet
hmda,"AMERICAN FINANCIAL NETWORK, INC.",,E6C300C66AB15,American Financial Network Inc.,nonbank_originator,5493008NWHQT1R22C024,4188175,,,5493008NWHQT1R22C024,2022,https://files.ffiec.cfpb.gov/static-data/snapshot/2022/2022_public_panel_csv.zip,,,manual,Codex (individual identity/evidence review; not independent human review),2026-09-26,data/staging/stg_complaints.parquet
hmda,"AMERICAN FINANCIAL NETWORK, INC.",,E6C300C66AB15,American Financial Network Inc.,nonbank_originator,5493008NWHQT1R22C024,4188175,,,5493008NWHQT1R22C024,2023,https://files.ffiec.cfpb.gov/static-data/snapshot/2023/2023_public_panel_csv.zip,,,manual,Codex (individual identity/evidence review; not independent human review),2026-09-26,data/staging/stg_complaints.parquet
hmda,"AMERICAN FINANCIAL NETWORK, INC.",,E6C300C66AB15,American Financial Network Inc.,nonbank_originator,5493008NWHQT1R22C024,,,,5493008NWHQT1R22C024,2024,https://files.ffiec.cfpb.gov/static-data/snapshot/2024/2024_public_ts_csv.zip,,,manual,Codex (individual identity/evidence review; not independent human review),2026-09-26,data/staging/stg_complaints.parquet
hmda,"AMERICAN FINANCIAL NETWORK, INC.",,E6C300C66AB15,American Financial Network Inc.,nonbank_originator,5493008NWHQT1R22C024,,,,5493008NWHQT1R22C024,2025,https://files.ffiec.cfpb.gov/static-data/snapshot/2025/2025_public_ts_csv.zip,,,manual,Codex (individual identity/evidence review; not independent human review),2026-09-26,data/staging/stg_complaints.parquet
hmda,"Land Home Financial Services, Inc.",,E4AED565BA8B0,LAND HOME FINANCIAL SERVICES,nonbank_originator,5493006RIR31ORKYB608,3885299,,,5493006RIR31ORKYB608,2018,https://files.ffiec.cfpb.gov/static-data/snapshot/2018/2018_public_panel_csv.zip,,,manual,Codex (individual identity/evidence review; not independent human review),2026-09-26,data/staging/stg_complaints.parquet
hmda,"LAND HOME FINANCIAL SERVICES, INC.",,E4AED565BA8B0,LAND HOME FINANCIAL SERVICES,nonbank_originator,5493006RIR31ORKYB608,3885299,,,5493006RIR31ORKYB608,2019,https://files.ffiec.cfpb.gov/static-data/snapshot/2019/2019_public_panel_csv.zip,,,manual,Codex (individual identity/evidence review; not independent human review),2026-09-26,data/staging/stg_complaints.parquet
hmda,"LAND HOME FINANCIAL SERVICES, INC.",,E4AED565BA8B0,LAND HOME FINANCIAL SERVICES,nonbank_originator,5493006RIR31ORKYB608,3885299,,,5493006RIR31ORKYB608,2020,https://files.ffiec.cfpb.gov/static-data/snapshot/2020/2020_public_panel_csv.zip,,,manual,Codex (individual identity/evidence review; not independent human review),2026-09-26,data/staging/stg_complaints.parquet
hmda,"LAND HOME FINANCIAL SERVICES, INC.",,E4AED565BA8B0,LAND HOME FINANCIAL SERVICES,nonbank_originator,5493006RIR31ORKYB608,3885299,,,5493006RIR31ORKYB608,2021,https://files.ffiec.cfpb.gov/static-data/snapshot/2021/2021_public_panel_csv.zip,,,manual,Codex (individual identity/evidence review; not independent human review),2026-09-26,data/staging/stg_complaints.parquet
hmda,"LAND HOME FINANCIAL SERVICES, INC.",,E4AED565BA8B0,LAND HOME FINANCIAL SERVICES,nonbank_originator,5493006RIR31ORKYB608,3885299,,,5493006RIR31ORKYB608,2022,https://files.ffiec.cfpb.gov/static-data/snapshot/2022/2022_public_panel_csv.zip,,,manual,Codex (individual identity/evidence review; not independent human review),2026-09-26,data/staging/stg_complaints.parquet
hmda,"LAND HOME FINANCIAL SERVICES, INC.",,E4AED565BA8B0,LAND HOME FINANCIAL SERVICES,nonbank_originator,5493006RIR31ORKYB608,3885299,,,5493006RIR31ORKYB608,2023,https://files.ffiec.cfpb.gov/static-data/snapshot/2023/2023_public_panel_csv.zip,,,manual,Codex (individual identity/evidence review; not independent human review),2026-09-26,data/staging/stg_complaints.parquet
hmda,"LAND HOME FINANCIAL SERVICES,",,E4AED565BA8B0,LAND HOME FINANCIAL SERVICES,nonbank_originator,5493006RIR31ORKYB608,,,,5493006RIR31ORKYB608,2024,https://files.ffiec.cfpb.gov/static-data/snapshot/2024/2024_public_ts_csv.zip,,,manual,Codex (individual identity/evidence review; not independent human review),2026-09-26,data/staging/stg_complaints.parquet
hmda,"LAND HOME FINANCIAL SERVICES,",,E4AED565BA8B0,LAND HOME FINANCIAL SERVICES,nonbank_originator,5493006RIR31ORKYB608,,,,5493006RIR31ORKYB608,2025,https://files.ffiec.cfpb.gov/static-data/snapshot/2025/2025_public_ts_csv.zip,,,manual,Codex (individual identity/evidence review; not independent human review),2026-09-26,data/staging/stg_complaints.parquet
fdic_name,Synchrony Bank,,E2E0260B2F238,SYNCHRONY FINANCIAL,bank,,1216022,4504654,27314,,2026,https://api.fdic.gov/banks/institutions,,,manual,Codex (individual identity/evidence review; not independent human review),2026-09-26,https://api.fdic.gov/banks/institutions
fdic_namehcr,SYNCHRONY FINANCIAL,,E2E0260B2F238,SYNCHRONY FINANCIAL,bank,,1216022,4504654,27314,,2026,https://api.fdic.gov/banks/institutions,,,manual,Codex (individual identity/evidence review; not independent human review),2026-09-26,https://api.fdic.gov/banks/institutions
hmda,"Gateway Mortgage Group, LLC",,EC36798CEE27E,GATEWAY FIRST BCORP INC,bank,54930034MNPILHP25H80,3851427,5610860,15118,54930034MNPILHP25H80,2018,https://files.ffiec.cfpb.gov/static-data/snapshot/2018/2018_public_panel_csv.zip,,,manual,Codex (individual identity/evidence review; not independent human review),2026-09-26,https://api.fdic.gov/banks/institutions
hmda,Gateway First Bank,,EC36798CEE27E,GATEWAY FIRST BCORP INC,bank,54930034MNPILHP25H80,3851427,5610860,15118,54930034MNPILHP25H80,2019,https://files.ffiec.cfpb.gov/static-data/snapshot/2019/2019_public_panel_csv.zip,,,manual,Codex (individual identity/evidence review; not independent human review),2026-09-26,https://api.fdic.gov/banks/institutions
hmda,Gateway First Bank,,EC36798CEE27E,GATEWAY FIRST BCORP INC,bank,54930034MNPILHP25H80,3851427,5610860,15118,54930034MNPILHP25H80,2020,https://files.ffiec.cfpb.gov/static-data/snapshot/2020/2020_public_panel_csv.zip,,,manual,Codex (individual identity/evidence review; not independent human review),2026-09-26,https://api.fdic.gov/banks/institutions
hmda,Gateway First Bank,,EC36798CEE27E,GATEWAY FIRST BCORP INC,bank,54930034MNPILHP25H80,3851427,5610860,15118,54930034MNPILHP25H80,2021,https://files.ffiec.cfpb.gov/static-data/snapshot/2021/2021_public_panel_csv.zip,,,manual,Codex (individual identity/evidence review; not independent human review),2026-09-26,https://api.fdic.gov/banks/institutions
hmda,Gateway First Bank,,EC36798CEE27E,GATEWAY FIRST BCORP INC,bank,54930034MNPILHP25H80,3851427,5610860,15118,54930034MNPILHP25H80,2022,https://files.ffiec.cfpb.gov/static-data/snapshot/2022/2022_public_panel_csv.zip,,,manual,Codex (individual identity/evidence review; not independent human review),2026-09-26,https://api.fdic.gov/banks/institutions
hmda,Gateway First Bank,,EC36798CEE27E,GATEWAY FIRST BCORP INC,bank,54930034MNPILHP25H80,3851427,5610860,15118,54930034MNPILHP25H80,2023,https://files.ffiec.cfpb.gov/static-data/snapshot/2023/2023_public_panel_csv.zip,,,manual,Codex (individual identity/evidence review; not independent human review),2026-09-26,https://api.fdic.gov/banks/institutions
hmda,GATEWAY FIRST BANK,,EC36798CEE27E,GATEWAY FIRST BCORP INC,bank,54930034MNPILHP25H80,,5610860,,54930034MNPILHP25H80,2024,https://files.ffiec.cfpb.gov/static-data/snapshot/2024/2024_public_ts_csv.zip,,,manual,Codex (individual identity/evidence review; not independent human review),2026-09-26,https://api.fdic.gov/banks/institutions
hmda,GATEWAY FIRST BANK,,EC36798CEE27E,GATEWAY FIRST BCORP INC,bank,54930034MNPILHP25H80,,5610860,,54930034MNPILHP25H80,2025,https://files.ffiec.cfpb.gov/static-data/snapshot/2025/2025_public_ts_csv.zip,,,manual,Codex (individual identity/evidence review; not independent human review),2026-09-26,https://api.fdic.gov/banks/institutions
fdic_name,Gateway First Bank,,EC36798CEE27E,GATEWAY FIRST BCORP INC,bank,,3851427,5610860,15118,,2026,https://api.fdic.gov/banks/institutions,,,manual,Codex (individual identity/evidence review; not independent human review),2026-09-26,https://api.fdic.gov/banks/institutions
fdic_namehcr,GATEWAY FIRST BCORP INC,,EC36798CEE27E,GATEWAY FIRST BCORP INC,bank,,3851427,5610860,15118,,2026,https://api.fdic.gov/banks/institutions,,,manual,Codex (individual identity/evidence review; not independent human review),2026-09-26,https://api.fdic.gov/banks/institutions
hmda,First National Bank of Pennsylvania,,EFC98082BDBFD,F N B CORP,bank,N8T7HW55LK5D2ORCKP39,379920,3005332,7888,N8T7HW55LK5D2ORCKP39,2018,https://files.ffiec.cfpb.gov/static-data/snapshot/2018/2018_public_panel_csv.zip,,,manual,Codex (individual identity/evidence review; not independent human review),2026-09-26,https://api.fdic.gov/banks/institutions
hmda,First National Bank of Pennsylvania,,EFC98082BDBFD,F N B CORP,bank,N8T7HW55LK5D2ORCKP39,379920,3005332,7888,N8T7HW55LK5D2ORCKP39,2019,https://files.ffiec.cfpb.gov/static-data/snapshot/2019/2019_public_panel_csv.zip,,,manual,Codex (individual identity/evidence review; not independent human review),2026-09-26,https://api.fdic.gov/banks/institutions
hmda,First National Bank of Pennsylvania,,EFC98082BDBFD,F N B CORP,bank,N8T7HW55LK5D2ORCKP39,379920,3005332,7888,N8T7HW55LK5D2ORCKP39,2020,https://files.ffiec.cfpb.gov/static-data/snapshot/2020/2020_public_panel_csv.zip,,,manual,Codex (individual identity/evidence review; not independent human review),2026-09-26,https://api.fdic.gov/banks/institutions
hmda,First National Bank of Pennsylvania,,EFC98082BDBFD,F N B CORP,bank,N8T7HW55LK5D2ORCKP39,379920,3005332,7888,N8T7HW55LK5D2ORCKP39,2021,https://files.ffiec.cfpb.gov/static-data/snapshot/2021/2021_public_panel_csv.zip,,,manual,Codex (individual identity/evidence review; not independent human review),2026-09-26,https://api.fdic.gov/banks/institutions
hmda,First National Bank of Pennsylvania,,EFC98082BDBFD,F N B CORP,bank,N8T7HW55LK5D2ORCKP39,379920,3005332,7888,N8T7HW55LK5D2ORCKP39,2022,https://files.ffiec.cfpb.gov/static-data/snapshot/2022/2022_public_panel_csv.zip,,,manual,Codex (individual identity/evidence review; not independent human review),2026-09-26,https://api.fdic.gov/banks/institutions
hmda,First National Bank of Pennsylvania,,EFC98082BDBFD,F N B CORP,bank,N8T7HW55LK5D2ORCKP39,379920,3005332,7888,N8T7HW55LK5D2ORCKP39,2023,https://files.ffiec.cfpb.gov/static-data/snapshot/2023/2023_public_panel_csv.zip,,,manual,Codex (individual identity/evidence review; not independent human review),2026-09-26,https://api.fdic.gov/banks/institutions
hmda,FIRST NATIONAL BANK OF PA,,EFC98082BDBFD,F N B CORP,bank,N8T7HW55LK5D2ORCKP39,,3005332,,N8T7HW55LK5D2ORCKP39,2024,https://files.ffiec.cfpb.gov/static-data/snapshot/2024/2024_public_ts_csv.zip,,,manual,Codex (individual identity/evidence review; not independent human review),2026-09-26,https://api.fdic.gov/banks/institutions
hmda,FIRST NATIONAL BANK OF PA,,EFC98082BDBFD,F N B CORP,bank,N8T7HW55LK5D2ORCKP39,,3005332,,N8T7HW55LK5D2ORCKP39,2025,https://files.ffiec.cfpb.gov/static-data/snapshot/2025/2025_public_ts_csv.zip,,,manual,Codex (individual identity/evidence review; not independent human review),2026-09-26,https://api.fdic.gov/banks/institutions
fdic_name,First National Bank of Pennsylvania,,EFC98082BDBFD,F N B CORP,bank,,379920,3005332,7888,,2026,https://api.fdic.gov/banks/institutions,,,manual,Codex (individual identity/evidence review; not independent human review),2026-09-26,https://api.fdic.gov/banks/institutions
fdic_namehcr,F N B CORP,,EFC98082BDBFD,F N B CORP,bank,,379920,3005332,7888,,2026,https://api.fdic.gov/banks/institutions,,,manual,Codex (individual identity/evidence review; not independent human review),2026-09-26,https://api.fdic.gov/banks/institutions
hmda,"Zions Bancorporation, National Association",,E1AC4ADE944DE,"Zions Bancorporation, N.A.",bank,8WH0EE09O9V05QJZ3V89,276579,,2270,8WH0EE09O9V05QJZ3V89,2018,https://files.ffiec.cfpb.gov/static-data/snapshot/2018/2018_public_panel_csv.zip,,,manual,Codex (individual identity/evidence review; not independent human review),2026-09-26,https://api.fdic.gov/banks/institutions
hmda,"Zions Bancorporation, N.A.",,E1AC4ADE944DE,"Zions Bancorporation, N.A.",bank,8WH0EE09O9V05QJZ3V89,276579,,2270,8WH0EE09O9V05QJZ3V89,2019,https://files.ffiec.cfpb.gov/static-data/snapshot/2019/2019_public_panel_csv.zip,,,manual,Codex (individual identity/evidence review; not independent human review),2026-09-26,https://api.fdic.gov/banks/institutions
hmda,"Zions Bancorporation, N.A.",,E1AC4ADE944DE,"Zions Bancorporation, N.A.",bank,8WH0EE09O9V05QJZ3V89,276579,,2270,8WH0EE09O9V05QJZ3V89,2020,https://files.ffiec.cfpb.gov/static-data/snapshot/2020/2020_public_panel_csv.zip,,,manual,Codex (individual identity/evidence review; not independent human review),2026-09-26,https://api.fdic.gov/banks/institutions
hmda,"Zions Bancorporation, N.A.",,E1AC4ADE944DE,"Zions Bancorporation, N.A.",bank,8WH0EE09O9V05QJZ3V89,276579,,2270,8WH0EE09O9V05QJZ3V89,2021,https://files.ffiec.cfpb.gov/static-data/snapshot/2021/2021_public_panel_csv.zip,,,manual,Codex (individual identity/evidence review; not independent human review),2026-09-26,https://api.fdic.gov/banks/institutions
hmda,"Zions Bancorporation, N.A.",,E1AC4ADE944DE,"Zions Bancorporation, N.A.",bank,8WH0EE09O9V05QJZ3V89,276579,,2270,8WH0EE09O9V05QJZ3V89,2022,https://files.ffiec.cfpb.gov/static-data/snapshot/2022/2022_public_panel_csv.zip,,,manual,Codex (individual identity/evidence review; not independent human review),2026-09-26,https://api.fdic.gov/banks/institutions
hmda,"Zions Bancorporation, N.A.",,E1AC4ADE944DE,"Zions Bancorporation, N.A.",bank,8WH0EE09O9V05QJZ3V89,276579,,2270,8WH0EE09O9V05QJZ3V89,2023,https://files.ffiec.cfpb.gov/static-data/snapshot/2023/2023_public_panel_csv.zip,,,manual,Codex (individual identity/evidence review; not independent human review),2026-09-26,https://api.fdic.gov/banks/institutions
hmda,"Zions Bancorporation, N.A.",,E1AC4ADE944DE,"Zions Bancorporation, N.A.",bank,8WH0EE09O9V05QJZ3V89,,,,8WH0EE09O9V05QJZ3V89,2024,https://files.ffiec.cfpb.gov/static-data/snapshot/2024/2024_public_ts_csv.zip,,,manual,Codex (individual identity/evidence review; not independent human review),2026-09-26,https://api.fdic.gov/banks/institutions
hmda,"ZIONS BANCORPORATION, N.A.",,E1AC4ADE944DE,"Zions Bancorporation, N.A.",bank,8WH0EE09O9V05QJZ3V89,,,,8WH0EE09O9V05QJZ3V89,2025,https://files.ffiec.cfpb.gov/static-data/snapshot/2025/2025_public_ts_csv.zip,,,manual,Codex (individual identity/evidence review; not independent human review),2026-09-26,https://api.fdic.gov/banks/institutions
fdic_name,"Zions Bancorporation, N.A.",,E1AC4ADE944DE,"Zions Bancorporation, N.A.",bank,,276579,,2270,,2026,https://api.fdic.gov/banks/institutions,,,manual,Codex (individual identity/evidence review; not independent human review),2026-09-26,https://api.fdic.gov/banks/institutions
hmda,UNION HOME MORTGAGE CORP.,,E5AD7D28D6C06,Union Home Mortgage Corp,nonbank_originator,549300RPOGWJRH63HS39,3837261,,,549300RPOGWJRH63HS39,2018,https://files.ffiec.cfpb.gov/static-data/snapshot/2018/2018_public_panel_csv.zip,,,manual,Codex (individual identity/evidence review; not independent human review),2026-09-26,data/staging/stg_complaints.parquet
hmda,UNION HOME MORTGAGE CORP.,,E5AD7D28D6C06,Union Home Mortgage Corp,nonbank_originator,549300RPOGWJRH63HS39,3837261,,,549300RPOGWJRH63HS39,2019,https://files.ffiec.cfpb.gov/static-data/snapshot/2019/2019_public_panel_csv.zip,,,manual,Codex (individual identity/evidence review; not independent human review),2026-09-26,data/staging/stg_complaints.parquet
hmda,UNION HOME MORTGAGE CORP.,,E5AD7D28D6C06,Union Home Mortgage Corp,nonbank_originator,549300RPOGWJRH63HS39,3837261,,,549300RPOGWJRH63HS39,2020,https://files.ffiec.cfpb.gov/static-data/snapshot/2020/2020_public_panel_csv.zip,,,manual,Codex (individual identity/evidence review; not independent human review),2026-09-26,data/staging/stg_complaints.parquet
hmda,UNION HOME MORTGAGE CORP.,,E5AD7D28D6C06,Union Home Mortgage Corp,nonbank_originator,549300RPOGWJRH63HS39,3837261,,,549300RPOGWJRH63HS39,2021,https://files.ffiec.cfpb.gov/static-data/snapshot/2021/2021_public_panel_csv.zip,,,manual,Codex (individual identity/evidence review; not independent human review),2026-09-26,data/staging/stg_complaints.parquet
hmda,UNION HOME MORTGAGE CORP.,,E5AD7D28D6C06,Union Home Mortgage Corp,nonbank_originator,549300RPOGWJRH63HS39,3837261,,,549300RPOGWJRH63HS39,2022,https://files.ffiec.cfpb.gov/static-data/snapshot/2022/2022_public_panel_csv.zip,,,manual,Codex (individual identity/evidence review; not independent human review),2026-09-26,data/staging/stg_complaints.parquet
hmda,UNION HOME MORTGAGE CORP.,,E5AD7D28D6C06,Union Home Mortgage Corp,nonbank_originator,549300RPOGWJRH63HS39,3837261,,,549300RPOGWJRH63HS39,2023,https://files.ffiec.cfpb.gov/static-data/snapshot/2023/2023_public_panel_csv.zip,,,manual,Codex (individual identity/evidence review; not independent human review),2026-09-26,data/staging/stg_complaints.parquet
hmda,Union Home Mortgage Corp.,,E5AD7D28D6C06,Union Home Mortgage Corp,nonbank_originator,549300RPOGWJRH63HS39,,,,549300RPOGWJRH63HS39,2024,https://files.ffiec.cfpb.gov/static-data/snapshot/2024/2024_public_ts_csv.zip,,,manual,Codex (individual identity/evidence review; not independent human review),2026-09-26,data/staging/stg_complaints.parquet
hmda,UNION HOME MORTGAGE CORP.,,E5AD7D28D6C06,Union Home Mortgage Corp,nonbank_originator,549300RPOGWJRH63HS39,,,,549300RPOGWJRH63HS39,2025,https://files.ffiec.cfpb.gov/static-data/snapshot/2025/2025_public_ts_csv.zip,,,manual,Codex (individual identity/evidence review; not independent human review),2026-09-26,data/staging/stg_complaints.parquet
hmda,"PRIMELENDING, A PLAINSCAPITAL COMPANY",,E55E8F997C41C,"PRIMELENDING, A PLAINSCAPITAL COMPANY",nonbank_originator,549300121SF0K2LN2804,2888798,,,549300121SF0K2LN2804,2018,https://files.ffiec.cfpb.gov/static-data/snapshot/2018/2018_public_panel_csv.zip,,,manual,Codex (individual identity/evidence review; not independent human review),2026-09-26,data/staging/stg_complaints.parquet
hmda,"PRIMELENDING, A PLAINSCAPITAL COMPANY",,E55E8F997C41C,"PRIMELENDING, A PLAINSCAPITAL COMPANY",nonbank_originator,549300121SF0K2LN2804,2888798,,,549300121SF0K2LN2804,2019,https://files.ffiec.cfpb.gov/static-data/snapshot/2019/2019_public_panel_csv.zip,,,manual,Codex (individual identity/evidence review; not independent human review),2026-09-26,data/staging/stg_complaints.parquet
hmda,"PRIMELENDING, A PLAINSCAPITAL COMPANY",,E55E8F997C41C,"PRIMELENDING, A PLAINSCAPITAL COMPANY",nonbank_originator,549300121SF0K2LN2804,2888798,,,549300121SF0K2LN2804,2020,https://files.ffiec.cfpb.gov/static-data/snapshot/2020/2020_public_panel_csv.zip,,,manual,Codex (individual identity/evidence review; not independent human review),2026-09-26,data/staging/stg_complaints.parquet
hmda,"PRIMELENDING, A PLAINSCAPITAL COMPANY",,E55E8F997C41C,"PRIMELENDING, A PLAINSCAPITAL COMPANY",nonbank_originator,549300121SF0K2LN2804,2888798,,,549300121SF0K2LN2804,2021,https://files.ffiec.cfpb.gov/static-data/snapshot/2021/2021_public_panel_csv.zip,,,manual,Codex (individual identity/evidence review; not independent human review),2026-09-26,data/staging/stg_complaints.parquet
hmda,"PRIMELENDING, A PLAINSCAPITAL COMPANY",,E55E8F997C41C,"PRIMELENDING, A PLAINSCAPITAL COMPANY",nonbank_originator,549300121SF0K2LN2804,2888798,,,549300121SF0K2LN2804,2022,https://files.ffiec.cfpb.gov/static-data/snapshot/2022/2022_public_panel_csv.zip,,,manual,Codex (individual identity/evidence review; not independent human review),2026-09-26,data/staging/stg_complaints.parquet
hmda,"PRIMELENDING, A PLAINSCAPITAL COMPANY",,E55E8F997C41C,"PRIMELENDING, A PLAINSCAPITAL COMPANY",nonbank_originator,549300121SF0K2LN2804,2888798,,,549300121SF0K2LN2804,2023,https://files.ffiec.cfpb.gov/static-data/snapshot/2023/2023_public_panel_csv.zip,,,manual,Codex (individual identity/evidence review; not independent human review),2026-09-26,data/staging/stg_complaints.parquet
hmda,PRIMELENDING,,E55E8F997C41C,"PRIMELENDING, A PLAINSCAPITAL COMPANY",nonbank_originator,549300121SF0K2LN2804,,,,549300121SF0K2LN2804,2024,https://files.ffiec.cfpb.gov/static-data/snapshot/2024/2024_public_ts_csv.zip,,,manual,Codex (individual identity/evidence review; not independent human review),2026-09-26,data/staging/stg_complaints.parquet
hmda,PRIMELENDING,,E55E8F997C41C,"PRIMELENDING, A PLAINSCAPITAL COMPANY",nonbank_originator,549300121SF0K2LN2804,,,,549300121SF0K2LN2804,2025,https://files.ffiec.cfpb.gov/static-data/snapshot/2025/2025_public_ts_csv.zip,,,manual,Codex (individual identity/evidence review; not independent human review),2026-09-26,data/staging/stg_complaints.parquet
hmda,"Webster Bank, National Association",,E468B6E606834,WEBSTER FINANCIAL CORP,bank,WV0OVGBTLUP1XIUJE722,761806,1145476,18221,WV0OVGBTLUP1XIUJE722,2018,https://files.ffiec.cfpb.gov/static-data/snapshot/2018/2018_public_panel_csv.zip,,,manual,Codex (individual identity/evidence review; not independent human review),2026-09-26,https://api.fdic.gov/banks/institutions
hmda,"Webster Bank, National Association",,E468B6E606834,WEBSTER FINANCIAL CORP,bank,WV0OVGBTLUP1XIUJE722,761806,1145476,18221,WV0OVGBTLUP1XIUJE722,2019,https://files.ffiec.cfpb.gov/static-data/snapshot/2019/2019_public_panel_csv.zip,,,manual,Codex (individual identity/evidence review; not independent human review),2026-09-26,https://api.fdic.gov/banks/institutions
hmda,"Webster Bank, National Association",,E468B6E606834,WEBSTER FINANCIAL CORP,bank,WV0OVGBTLUP1XIUJE722,761806,1145476,18221,WV0OVGBTLUP1XIUJE722,2020,https://files.ffiec.cfpb.gov/static-data/snapshot/2020/2020_public_panel_csv.zip,,,manual,Codex (individual identity/evidence review; not independent human review),2026-09-26,https://api.fdic.gov/banks/institutions
hmda,"Webster Bank, National Association",,E468B6E606834,WEBSTER FINANCIAL CORP,bank,WV0OVGBTLUP1XIUJE722,761806,1145476,18221,WV0OVGBTLUP1XIUJE722,2021,https://files.ffiec.cfpb.gov/static-data/snapshot/2021/2021_public_panel_csv.zip,,,manual,Codex (individual identity/evidence review; not independent human review),2026-09-26,https://api.fdic.gov/banks/institutions
hmda,"Webster Bank, National Association",,E468B6E606834,WEBSTER FINANCIAL CORP,bank,WV0OVGBTLUP1XIUJE722,761806,1145476,18221,WV0OVGBTLUP1XIUJE722,2022,https://files.ffiec.cfpb.gov/static-data/snapshot/2022/2022_public_panel_csv.zip,,,manual,Codex (individual identity/evidence review; not independent human review),2026-09-26,https://api.fdic.gov/banks/institutions
hmda,"Webster Bank, National Association",,E468B6E606834,WEBSTER FINANCIAL CORP,bank,WV0OVGBTLUP1XIUJE722,761806,1145476,18221,WV0OVGBTLUP1XIUJE722,2023,https://files.ffiec.cfpb.gov/static-data/snapshot/2023/2023_public_panel_csv.zip,,,manual,Codex (individual identity/evidence review; not independent human review),2026-09-26,https://api.fdic.gov/banks/institutions
hmda,"Webster Bank, N.A.",,E468B6E606834,WEBSTER FINANCIAL CORP,bank,WV0OVGBTLUP1XIUJE722,,1145476,,WV0OVGBTLUP1XIUJE722,2024,https://files.ffiec.cfpb.gov/static-data/snapshot/2024/2024_public_ts_csv.zip,,,manual,Codex (individual identity/evidence review; not independent human review),2026-09-26,https://api.fdic.gov/banks/institutions
hmda,"WEBSTER BANK, N.A.",,E468B6E606834,WEBSTER FINANCIAL CORP,bank,WV0OVGBTLUP1XIUJE722,,1145476,,WV0OVGBTLUP1XIUJE722,2025,https://files.ffiec.cfpb.gov/static-data/snapshot/2025/2025_public_ts_csv.zip,,,manual,Codex (individual identity/evidence review; not independent human review),2026-09-26,https://api.fdic.gov/banks/institutions
fdic_name,"Webster Bank, National Association",,E468B6E606834,WEBSTER FINANCIAL CORP,bank,,761806,1145476,18221,,2026,https://api.fdic.gov/banks/institutions,,,manual,Codex (individual identity/evidence review; not independent human review),2026-09-26,https://api.fdic.gov/banks/institutions
fdic_namehcr,WEBSTER FINANCIAL CORP,,E468B6E606834,WEBSTER FINANCIAL CORP,bank,,761806,1145476,18221,,2026,https://api.fdic.gov/banks/institutions,,,manual,Codex (individual identity/evidence review; not independent human review),2026-09-26,https://api.fdic.gov/banks/institutions
hmda,"MID AMERICA MORTGAGE, INC.",,E595375A39DFA,MidAmerica Mortgage Inc,nonbank_originator,54930049L5WINET09Q97,3947843,,,54930049L5WINET09Q97,2018,https://files.ffiec.cfpb.gov/static-data/snapshot/2018/2018_public_panel_csv.zip,,,manual,Codex (individual identity/evidence review; not independent human review),2026-09-26,data/staging/stg_complaints.parquet
hmda,"MID AMERICA MORTGAGE, INC.",,E595375A39DFA,MidAmerica Mortgage Inc,nonbank_originator,54930049L5WINET09Q97,3947843,,,54930049L5WINET09Q97,2019,https://files.ffiec.cfpb.gov/static-data/snapshot/2019/2019_public_panel_csv.zip,,,manual,Codex (individual identity/evidence review; not independent human review),2026-09-26,data/staging/stg_complaints.parquet
hmda,"MID AMERICA MORTGAGE, INC.",,E595375A39DFA,MidAmerica Mortgage Inc,nonbank_originator,54930049L5WINET09Q97,3947843,,,54930049L5WINET09Q97,2020,https://files.ffiec.cfpb.gov/static-data/snapshot/2020/2020_public_panel_csv.zip,,,manual,Codex (individual identity/evidence review; not independent human review),2026-09-26,data/staging/stg_complaints.parquet
hmda,"MID AMERICA MORTGAGE, INC.",,E595375A39DFA,MidAmerica Mortgage Inc,nonbank_originator,54930049L5WINET09Q97,3947843,,,54930049L5WINET09Q97,2021,https://files.ffiec.cfpb.gov/static-data/snapshot/2021/2021_public_panel_csv.zip,,,manual,Codex (individual identity/evidence review; not independent human review),2026-09-26,data/staging/stg_complaints.parquet
hmda,"MID AMERICA MORTGAGE, INC.",,E595375A39DFA,MidAmerica Mortgage Inc,nonbank_originator,54930049L5WINET09Q97,3947843,,,54930049L5WINET09Q97,2022,https://files.ffiec.cfpb.gov/static-data/snapshot/2022/2022_public_panel_csv.zip,,,manual,Codex (individual identity/evidence review; not independent human review),2026-09-26,data/staging/stg_complaints.parquet
hmda,"Click n' Close, Inc.",,E595375A39DFA,MidAmerica Mortgage Inc,nonbank_originator,54930049L5WINET09Q97,3947843,,,54930049L5WINET09Q97,2023,https://files.ffiec.cfpb.gov/static-data/snapshot/2023/2023_public_panel_csv.zip,,,manual,Codex (individual identity/evidence review; not independent human review),2026-09-26,data/staging/stg_complaints.parquet
hmda,"Click n' Close, Inc.",,E595375A39DFA,MidAmerica Mortgage Inc,nonbank_originator,54930049L5WINET09Q97,,,,54930049L5WINET09Q97,2024,https://files.ffiec.cfpb.gov/static-data/snapshot/2024/2024_public_ts_csv.zip,,,manual,Codex (individual identity/evidence review; not independent human review),2026-09-26,data/staging/stg_complaints.parquet
hmda,"Click n' Close, Inc.",,E595375A39DFA,MidAmerica Mortgage Inc,nonbank_originator,54930049L5WINET09Q97,,,,54930049L5WINET09Q97,2025,https://files.ffiec.cfpb.gov/static-data/snapshot/2025/2025_public_ts_csv.zip,,,manual,Codex (individual identity/evidence review; not independent human review),2026-09-26,data/staging/stg_complaints.parquet
hmda,First-Citizens Bank & Trust Company,,E3EF704205792,FIRST CITIZENS BANCSHARES INC,bank,L9VVX1KT5TFTKS0MLF66,491224,1075612,11063,L9VVX1KT5TFTKS0MLF66,2018,https://files.ffiec.cfpb.gov/static-data/snapshot/2018/2018_public_panel_csv.zip,,,manual,Codex (individual identity/evidence review; not independent human review),2026-09-26,https://api.fdic.gov/banks/institutions
hmda,First-Citizens Bank & Trust Company,,E3EF704205792,FIRST CITIZENS BANCSHARES INC,bank,L9VVX1KT5TFTKS0MLF66,491224,1075612,11063,L9VVX1KT5TFTKS0MLF66,2019,https://files.ffiec.cfpb.gov/static-data/snapshot/2019/2019_public_panel_csv.zip,,,manual,Codex (individual identity/evidence review; not independent human review),2026-09-26,https://api.fdic.gov/banks/institutions
hmda,First-Citizens Bank & Trust Company,,E3EF704205792,FIRST CITIZENS BANCSHARES INC,bank,L9VVX1KT5TFTKS0MLF66,491224,1075612,11063,L9VVX1KT5TFTKS0MLF66,2020,https://files.ffiec.cfpb.gov/static-data/snapshot/2020/2020_public_panel_csv.zip,,,manual,Codex (individual identity/evidence review; not independent human review),2026-09-26,https://api.fdic.gov/banks/institutions
hmda,First-Citizens Bank & Trust Company,,E3EF704205792,FIRST CITIZENS BANCSHARES INC,bank,L9VVX1KT5TFTKS0MLF66,491224,1075612,11063,L9VVX1KT5TFTKS0MLF66,2021,https://files.ffiec.cfpb.gov/static-data/snapshot/2021/2021_public_panel_csv.zip,,,manual,Codex (individual identity/evidence review; not independent human review),2026-09-26,https://api.fdic.gov/banks/institutions
hmda,First-Citizens Bank & Trust Company,,E3EF704205792,FIRST CITIZENS BANCSHARES INC,bank,L9VVX1KT5TFTKS0MLF66,491224,1075612,11063,L9VVX1KT5TFTKS0MLF66,2022,https://files.ffiec.cfpb.gov/static-data/snapshot/2022/2022_public_panel_csv.zip,,,manual,Codex (individual identity/evidence review; not independent human review),2026-09-26,https://api.fdic.gov/banks/institutions
hmda,First-Citizens Bank & Trust Company,,E3EF704205792,FIRST CITIZENS BANCSHARES INC,bank,L9VVX1KT5TFTKS0MLF66,491224,1075612,11063,L9VVX1KT5TFTKS0MLF66,2023,https://files.ffiec.cfpb.gov/static-data/snapshot/2023/2023_public_panel_csv.zip,,,manual,Codex (individual identity/evidence review; not independent human review),2026-09-26,https://api.fdic.gov/banks/institutions
hmda,First Ciitizens Bank and Trust,,E3EF704205792,FIRST CITIZENS BANCSHARES INC,bank,L9VVX1KT5TFTKS0MLF66,,1075612,,L9VVX1KT5TFTKS0MLF66,2024,https://files.ffiec.cfpb.gov/static-data/snapshot/2024/2024_public_ts_csv.zip,,,manual,Codex (individual identity/evidence review; not independent human review),2026-09-26,https://api.fdic.gov/banks/institutions
hmda,First Ciitizens Bank and Trust,,E3EF704205792,FIRST CITIZENS BANCSHARES INC,bank,L9VVX1KT5TFTKS0MLF66,,1075612,,L9VVX1KT5TFTKS0MLF66,2025,https://files.ffiec.cfpb.gov/static-data/snapshot/2025/2025_public_ts_csv.zip,,,manual,Codex (individual identity/evidence review; not independent human review),2026-09-26,https://api.fdic.gov/banks/institutions
fdic_name,First-Citizens Bank & Trust Company,,E3EF704205792,FIRST CITIZENS BANCSHARES INC,bank,,491224,1075612,11063,,2026,https://api.fdic.gov/banks/institutions,,,manual,Codex (individual identity/evidence review; not independent human review),2026-09-26,https://api.fdic.gov/banks/institutions
fdic_namehcr,FIRST CITIZENS BANCSHARES INC,,E3EF704205792,FIRST CITIZENS BANCSHARES INC,bank,,491224,1075612,11063,,2026,https://api.fdic.gov/banks/institutions,,,manual,Codex (individual identity/evidence review; not independent human review),2026-09-26,https://api.fdic.gov/banks/institutions
hmda,"MORTGAGE SOLUTIONS OF COLORADO, LLC",,EBA3A552C2F88,MORTGAGE SOLUTIONS OF COLORADO,nonbank_originator,549300PBTV7FCWLSMM53,3848810,,,549300PBTV7FCWLSMM53,2018,https://files.ffiec.cfpb.gov/static-data/snapshot/2018/2018_public_panel_csv.zip,,,manual,Codex (individual identity/evidence review; not independent human review),2026-09-26,data/staging/stg_complaints.parquet
hmda,"MORTGAGE SOLUTIONS OF COLORADO, LLC",,EBA3A552C2F88,MORTGAGE SOLUTIONS OF COLORADO,nonbank_originator,549300PBTV7FCWLSMM53,3848810,,,549300PBTV7FCWLSMM53,2019,https://files.ffiec.cfpb.gov/static-data/snapshot/2019/2019_public_panel_csv.zip,,,manual,Codex (individual identity/evidence review; not independent human review),2026-09-26,data/staging/stg_complaints.parquet
hmda,"MORTGAGE SOLUTIONS OF COLORADO, LLC",,EBA3A552C2F88,MORTGAGE SOLUTIONS OF COLORADO,nonbank_originator,549300PBTV7FCWLSMM53,3848810,,,549300PBTV7FCWLSMM53,2020,https://files.ffiec.cfpb.gov/static-data/snapshot/2020/2020_public_panel_csv.zip,,,manual,Codex (individual identity/evidence review; not independent human review),2026-09-26,data/staging/stg_complaints.parquet
hmda,"MORTGAGE SOLUTIONS OF COLORADO, LLC",,EBA3A552C2F88,MORTGAGE SOLUTIONS OF COLORADO,nonbank_originator,549300PBTV7FCWLSMM53,3848810,,,549300PBTV7FCWLSMM53,2021,https://files.ffiec.cfpb.gov/static-data/snapshot/2021/2021_public_panel_csv.zip,,,manual,Codex (individual identity/evidence review; not independent human review),2026-09-26,data/staging/stg_complaints.parquet
hmda,"MORTGAGE SOLUTIONS OF COLORADO, LLC",,EBA3A552C2F88,MORTGAGE SOLUTIONS OF COLORADO,nonbank_originator,549300PBTV7FCWLSMM53,3848810,,,549300PBTV7FCWLSMM53,2022,https://files.ffiec.cfpb.gov/static-data/snapshot/2022/2022_public_panel_csv.zip,,,manual,Codex (individual identity/evidence review; not independent human review),2026-09-26,data/staging/stg_complaints.parquet
hmda,"MORTGAGE SOLUTIONS OF COLORADO, LLC",,EBA3A552C2F88,MORTGAGE SOLUTIONS OF COLORADO,nonbank_originator,549300PBTV7FCWLSMM53,3848810,,,549300PBTV7FCWLSMM53,2023,https://files.ffiec.cfpb.gov/static-data/snapshot/2023/2023_public_panel_csv.zip,,,manual,Codex (individual identity/evidence review; not independent human review),2026-09-26,data/staging/stg_complaints.parquet
hmda,Mortgage Solutions of Colorado,,EBA3A552C2F88,MORTGAGE SOLUTIONS OF COLORADO,nonbank_originator,549300PBTV7FCWLSMM53,,,,549300PBTV7FCWLSMM53,2024,https://files.ffiec.cfpb.gov/static-data/snapshot/2024/2024_public_ts_csv.zip,,,manual,Codex (individual identity/evidence review; not independent human review),2026-09-26,data/staging/stg_complaints.parquet
hmda,Mortgage Solutions of Colorado,,EBA3A552C2F88,MORTGAGE SOLUTIONS OF COLORADO,nonbank_originator,549300PBTV7FCWLSMM53,,,,549300PBTV7FCWLSMM53,2025,https://files.ffiec.cfpb.gov/static-data/snapshot/2025/2025_public_ts_csv.zip,,,manual,Codex (individual identity/evidence review; not independent human review),2026-09-26,data/staging/stg_complaints.parquet
hmda,"BankUnited, National Association",,E9C236160D8B5,BANKUNITED INC,bank,BFLFJ4PXRGDML87ZYT33,3938186,4028712,58979,BFLFJ4PXRGDML87ZYT33,2018,https://files.ffiec.cfpb.gov/static-data/snapshot/2018/2018_public_panel_csv.zip,,,manual,Codex (individual identity/evidence review; not independent human review),2026-09-26,https://api.fdic.gov/banks/institutions
hmda,"BankUnited, National Association",,E9C236160D8B5,BANKUNITED INC,bank,BFLFJ4PXRGDML87ZYT33,3938186,4028712,58979,BFLFJ4PXRGDML87ZYT33,2019,https://files.ffiec.cfpb.gov/static-data/snapshot/2019/2019_public_panel_csv.zip,,,manual,Codex (individual identity/evidence review; not independent human review),2026-09-26,https://api.fdic.gov/banks/institutions
fdic_name,"BankUnited, National Association",,E9C236160D8B5,BANKUNITED INC,bank,,3938186,4028712,58979,,2026,https://api.fdic.gov/banks/institutions,,,manual,Codex (individual identity/evidence review; not independent human review),2026-09-26,https://api.fdic.gov/banks/institutions
fdic_namehcr,BANKUNITED INC,,E9C236160D8B5,BANKUNITED INC,bank,,3938186,4028712,58979,,2026,https://api.fdic.gov/banks/institutions,,,manual,Codex (individual identity/evidence review; not independent human review),2026-09-26,https://api.fdic.gov/banks/institutions
hmda,"BNY Mellon, National Association",,E36F4BD58BE4A,BANK OF NY MELLON CORP THE,bank,4EP6JBYBTPTQ47LZOB67,934329,3587146,7946,4EP6JBYBTPTQ47LZOB67,2018,https://files.ffiec.cfpb.gov/static-data/snapshot/2018/2018_public_panel_csv.zip,,,manual,Codex (individual identity/evidence review; not independent human review),2026-09-26,https://api.fdic.gov/banks/institutions
hmda,"BNY Mellon, National Association",,E36F4BD58BE4A,BANK OF NY MELLON CORP THE,bank,4EP6JBYBTPTQ47LZOB67,934329,3587146,7946,4EP6JBYBTPTQ47LZOB67,2019,https://files.ffiec.cfpb.gov/static-data/snapshot/2019/2019_public_panel_csv.zip,,,manual,Codex (individual identity/evidence review; not independent human review),2026-09-26,https://api.fdic.gov/banks/institutions
hmda,"BNY Mellon, National Association",,E36F4BD58BE4A,BANK OF NY MELLON CORP THE,bank,4EP6JBYBTPTQ47LZOB67,934329,3587146,7946,4EP6JBYBTPTQ47LZOB67,2020,https://files.ffiec.cfpb.gov/static-data/snapshot/2020/2020_public_panel_csv.zip,,,manual,Codex (individual identity/evidence review; not independent human review),2026-09-26,https://api.fdic.gov/banks/institutions
hmda,"BNY Mellon, National Association",,E36F4BD58BE4A,BANK OF NY MELLON CORP THE,bank,4EP6JBYBTPTQ47LZOB67,934329,3587146,7946,4EP6JBYBTPTQ47LZOB67,2021,https://files.ffiec.cfpb.gov/static-data/snapshot/2021/2021_public_panel_csv.zip,,,manual,Codex (individual identity/evidence review; not independent human review),2026-09-26,https://api.fdic.gov/banks/institutions
hmda,"BNY Mellon, National Association",,E36F4BD58BE4A,BANK OF NY MELLON CORP THE,bank,4EP6JBYBTPTQ47LZOB67,934329,3587146,7946,4EP6JBYBTPTQ47LZOB67,2022,https://files.ffiec.cfpb.gov/static-data/snapshot/2022/2022_public_panel_csv.zip,,,manual,Codex (individual identity/evidence review; not independent human review),2026-09-26,https://api.fdic.gov/banks/institutions
hmda,"BNY Mellon, National Association",,E36F4BD58BE4A,BANK OF NY MELLON CORP THE,bank,4EP6JBYBTPTQ47LZOB67,934329,3587146,7946,4EP6JBYBTPTQ47LZOB67,2023,https://files.ffiec.cfpb.gov/static-data/snapshot/2023/2023_public_panel_csv.zip,,,manual,Codex (individual identity/evidence review; not independent human review),2026-09-26,https://api.fdic.gov/banks/institutions
hmda,"BNY MELLON, N.A.",,E36F4BD58BE4A,BANK OF NY MELLON CORP THE,bank,4EP6JBYBTPTQ47LZOB67,,3587146,,4EP6JBYBTPTQ47LZOB67,2024,https://files.ffiec.cfpb.gov/static-data/snapshot/2024/2024_public_ts_csv.zip,,,manual,Codex (individual identity/evidence review; not independent human review),2026-09-26,https://api.fdic.gov/banks/institutions
hmda,"BNY MELLON, N.A.",,E36F4BD58BE4A,BANK OF NY MELLON CORP THE,bank,4EP6JBYBTPTQ47LZOB67,,3587146,,4EP6JBYBTPTQ47LZOB67,2025,https://files.ffiec.cfpb.gov/static-data/snapshot/2025/2025_public_ts_csv.zip,,,manual,Codex (individual identity/evidence review; not independent human review),2026-09-26,https://api.fdic.gov/banks/institutions
fdic_name,The Bank of New York Mellon,,E36F4BD58BE4A,BANK OF NY MELLON CORP THE,bank,,541101,3587146,639,,2026,https://api.fdic.gov/banks/institutions,,,manual,Codex (individual identity/evidence review; not independent human review),2026-09-26,https://api.fdic.gov/banks/institutions
fdic_namehcr,BANK OF NY MELLON CORP THE,,E36F4BD58BE4A,BANK OF NY MELLON CORP THE,bank,,541101,3587146,639,,2026,https://api.fdic.gov/banks/institutions,,,manual,Codex (individual identity/evidence review; not independent human review),2026-09-26,https://api.fdic.gov/banks/institutions
fdic_name,"BNY Mellon, National Association",,E36F4BD58BE4A,BANK OF NY MELLON CORP THE,bank,,934329,3587146,7946,,2026,https://api.fdic.gov/banks/institutions,,,manual,Codex (individual identity/evidence review; not independent human review),2026-09-26,https://api.fdic.gov/banks/institutions
fdic_namehcr,BANK OF NY MELLON CORP THE,,E36F4BD58BE4A,BANK OF NY MELLON CORP THE,bank,,934329,3587146,7946,,2026,https://api.fdic.gov/banks/institutions,,,manual,Codex (individual identity/evidence review; not independent human review),2026-09-26,https://api.fdic.gov/banks/institutions
fdic_name,"The Bank of New York Mellon Trust Company, National Association",,E36F4BD58BE4A,BANK OF NY MELLON CORP THE,bank,,398668,3587146,23472,,2026,https://api.fdic.gov/banks/institutions,,,manual,Codex (individual identity/evidence review; not independent human review),2026-09-26,https://api.fdic.gov/banks/institutions
fdic_namehcr,BANK OF NY MELLON CORP THE,,E36F4BD58BE4A,BANK OF NY MELLON CORP THE,bank,,398668,3587146,23472,,2026,https://api.fdic.gov/banks/institutions,,,manual,Codex (individual identity/evidence review; not independent human review),2026-09-26,https://api.fdic.gov/banks/institutions
fdic_name,BNY Mellon Trust of Delaware,,E36F4BD58BE4A,BANK OF NY MELLON CORP THE,bank,,488318,3587146,24867,,2026,https://api.fdic.gov/banks/institutions,,,manual,Codex (individual identity/evidence review; not independent human review),2026-09-26,https://api.fdic.gov/banks/institutions
fdic_namehcr,BANK OF NY MELLON CORP THE,,E36F4BD58BE4A,BANK OF NY MELLON CORP THE,bank,,488318,3587146,24867,,2026,https://api.fdic.gov/banks/institutions,,,manual,Codex (individual identity/evidence review; not independent human review),2026-09-26,https://api.fdic.gov/banks/institutions
hmda,"DHI MORTGAGE COMPANY, LTD.",,EE034DEE8CD18,DHI Mortgage Company,nonbank_originator,5493001SXWZ4OFP8Z903,3332551,,,5493001SXWZ4OFP8Z903,2018,https://files.ffiec.cfpb.gov/static-data/snapshot/2018/2018_public_panel_csv.zip,,,manual,Codex (individual identity/evidence review; not independent human review),2026-09-26,data/staging/stg_complaints.parquet
hmda,"DHI MORTGAGE COMPANY, LTD.",,EE034DEE8CD18,DHI Mortgage Company,nonbank_originator,5493001SXWZ4OFP8Z903,3332551,,,5493001SXWZ4OFP8Z903,2019,https://files.ffiec.cfpb.gov/static-data/snapshot/2019/2019_public_panel_csv.zip,,,manual,Codex (individual identity/evidence review; not independent human review),2026-09-26,data/staging/stg_complaints.parquet
hmda,"DHI MORTGAGE COMPANY, LTD.",,EE034DEE8CD18,DHI Mortgage Company,nonbank_originator,5493001SXWZ4OFP8Z903,3332551,,,5493001SXWZ4OFP8Z903,2020,https://files.ffiec.cfpb.gov/static-data/snapshot/2020/2020_public_panel_csv.zip,,,manual,Codex (individual identity/evidence review; not independent human review),2026-09-26,data/staging/stg_complaints.parquet
hmda,"DHI MORTGAGE COMPANY, LTD.",,EE034DEE8CD18,DHI Mortgage Company,nonbank_originator,5493001SXWZ4OFP8Z903,3332551,,,5493001SXWZ4OFP8Z903,2021,https://files.ffiec.cfpb.gov/static-data/snapshot/2021/2021_public_panel_csv.zip,,,manual,Codex (individual identity/evidence review; not independent human review),2026-09-26,data/staging/stg_complaints.parquet
hmda,"DHI MORTGAGE COMPANY, LTD.",,EE034DEE8CD18,DHI Mortgage Company,nonbank_originator,5493001SXWZ4OFP8Z903,3332551,,,5493001SXWZ4OFP8Z903,2022,https://files.ffiec.cfpb.gov/static-data/snapshot/2022/2022_public_panel_csv.zip,,,manual,Codex (individual identity/evidence review; not independent human review),2026-09-26,data/staging/stg_complaints.parquet
hmda,"DHI MORTGAGE COMPANY, LTD.",,EE034DEE8CD18,DHI Mortgage Company,nonbank_originator,5493001SXWZ4OFP8Z903,3332551,,,5493001SXWZ4OFP8Z903,2023,https://files.ffiec.cfpb.gov/static-data/snapshot/2023/2023_public_panel_csv.zip,,,manual,Codex (individual identity/evidence review; not independent human review),2026-09-26,data/staging/stg_complaints.parquet
hmda,"DHI Mortgage Company, LTD.",,EE034DEE8CD18,DHI Mortgage Company,nonbank_originator,5493001SXWZ4OFP8Z903,,,,5493001SXWZ4OFP8Z903,2024,https://files.ffiec.cfpb.gov/static-data/snapshot/2024/2024_public_ts_csv.zip,,,manual,Codex (individual identity/evidence review; not independent human review),2026-09-26,data/staging/stg_complaints.parquet
hmda,"DHI Mortgage Company, LTD.",,EE034DEE8CD18,DHI Mortgage Company,nonbank_originator,5493001SXWZ4OFP8Z903,,,,5493001SXWZ4OFP8Z903,2025,https://files.ffiec.cfpb.gov/static-data/snapshot/2025/2025_public_ts_csv.zip,,,manual,Codex (individual identity/evidence review; not independent human review),2026-09-26,data/staging/stg_complaints.parquet
hmda,"Wilmington Savings Fund Society, FSB",,E395472B677AD,WSFS FINANCIAL CORP,bank,5493005DKMV1IHIM8E20,437914,3844269,17838,5493005DKMV1IHIM8E20,2018,https://files.ffiec.cfpb.gov/static-data/snapshot/2018/2018_public_panel_csv.zip,,,manual,Codex (individual identity/evidence review; not independent human review),2026-09-26,https://api.fdic.gov/banks/institutions
hmda,"Wilmington Savings Fund Society, FSB",,E395472B677AD,WSFS FINANCIAL CORP,bank,5493005DKMV1IHIM8E20,437914,3844269,17838,5493005DKMV1IHIM8E20,2019,https://files.ffiec.cfpb.gov/static-data/snapshot/2019/2019_public_panel_csv.zip,,,manual,Codex (individual identity/evidence review; not independent human review),2026-09-26,https://api.fdic.gov/banks/institutions
hmda,"Wilmington Savings Fund Society, FSB",,E395472B677AD,WSFS FINANCIAL CORP,bank,5493005DKMV1IHIM8E20,437914,3844269,17838,5493005DKMV1IHIM8E20,2020,https://files.ffiec.cfpb.gov/static-data/snapshot/2020/2020_public_panel_csv.zip,,,manual,Codex (individual identity/evidence review; not independent human review),2026-09-26,https://api.fdic.gov/banks/institutions
hmda,"Wilmington Savings Fund Society, FSB",,E395472B677AD,WSFS FINANCIAL CORP,bank,5493005DKMV1IHIM8E20,437914,3844269,17838,5493005DKMV1IHIM8E20,2021,https://files.ffiec.cfpb.gov/static-data/snapshot/2021/2021_public_panel_csv.zip,,,manual,Codex (individual identity/evidence review; not independent human review),2026-09-26,https://api.fdic.gov/banks/institutions
hmda,"Wilmington Savings Fund Society, FSB",,E395472B677AD,WSFS FINANCIAL CORP,bank,5493005DKMV1IHIM8E20,437914,3844269,17838,5493005DKMV1IHIM8E20,2022,https://files.ffiec.cfpb.gov/static-data/snapshot/2022/2022_public_panel_csv.zip,,,manual,Codex (individual identity/evidence review; not independent human review),2026-09-26,https://api.fdic.gov/banks/institutions
hmda,"Wilmington Savings Fund Society, FSB",,E395472B677AD,WSFS FINANCIAL CORP,bank,5493005DKMV1IHIM8E20,437914,3844269,17838,5493005DKMV1IHIM8E20,2023,https://files.ffiec.cfpb.gov/static-data/snapshot/2023/2023_public_panel_csv.zip,,,manual,Codex (individual identity/evidence review; not independent human review),2026-09-26,https://api.fdic.gov/banks/institutions
hmda,WSFS bank,,E395472B677AD,WSFS FINANCIAL CORP,bank,5493005DKMV1IHIM8E20,,3844269,,5493005DKMV1IHIM8E20,2024,https://files.ffiec.cfpb.gov/static-data/snapshot/2024/2024_public_ts_csv.zip,,,manual,Codex (individual identity/evidence review; not independent human review),2026-09-26,https://api.fdic.gov/banks/institutions
hmda,WSFS bank,,E395472B677AD,WSFS FINANCIAL CORP,bank,5493005DKMV1IHIM8E20,,3844269,,5493005DKMV1IHIM8E20,2025,https://files.ffiec.cfpb.gov/static-data/snapshot/2025/2025_public_ts_csv.zip,,,manual,Codex (individual identity/evidence review; not independent human review),2026-09-26,https://api.fdic.gov/banks/institutions
fdic_name,"Wilmington Savings Fund Society, FSB",,E395472B677AD,WSFS FINANCIAL CORP,bank,,437914,3844269,17838,,2026,https://api.fdic.gov/banks/institutions,,,manual,Codex (individual identity/evidence review; not independent human review),2026-09-26,https://api.fdic.gov/banks/institutions
fdic_namehcr,WSFS FINANCIAL CORP,,E395472B677AD,WSFS FINANCIAL CORP,bank,,437914,3844269,17838,,2026,https://api.fdic.gov/banks/institutions,,,manual,Codex (individual identity/evidence review; not independent human review),2026-09-26,https://api.fdic.gov/banks/institutions
hmda,"AMERICAN FINANCIAL RESOURCES, INC.",,EA25032638622,"American Financial Resources, Inc.",nonbank_originator,5493002B2WMHY23GFK92,4184793,,,5493002B2WMHY23GFK92,2018,https://files.ffiec.cfpb.gov/static-data/snapshot/2018/2018_public_panel_csv.zip,,,manual,Codex (individual identity/evidence review; not independent human review),2026-09-26,data/staging/stg_complaints.parquet
hmda,"AMERICAN FINANCIAL RESOURCES, INC.",,EA25032638622,"American Financial Resources, Inc.",nonbank_originator,5493002B2WMHY23GFK92,4184793,,,5493002B2WMHY23GFK92,2019,https://files.ffiec.cfpb.gov/static-data/snapshot/2019/2019_public_panel_csv.zip,,,manual,Codex (individual identity/evidence review; not independent human review),2026-09-26,data/staging/stg_complaints.parquet
hmda,"AMERICAN FINANCIAL RESOURCES, INC.",,EA25032638622,"American Financial Resources, Inc.",nonbank_originator,5493002B2WMHY23GFK92,4184793,,,5493002B2WMHY23GFK92,2020,https://files.ffiec.cfpb.gov/static-data/snapshot/2020/2020_public_panel_csv.zip,,,manual,Codex (individual identity/evidence review; not independent human review),2026-09-26,data/staging/stg_complaints.parquet
hmda,"AMERICAN FINANCIAL RESOURCES, INC.",,EA25032638622,"American Financial Resources, Inc.",nonbank_originator,5493002B2WMHY23GFK92,4184793,,,5493002B2WMHY23GFK92,2021,https://files.ffiec.cfpb.gov/static-data/snapshot/2021/2021_public_panel_csv.zip,,,manual,Codex (individual identity/evidence review; not independent human review),2026-09-26,data/staging/stg_complaints.parquet
hmda,"AMERICAN FINANCIAL RESOURCES, INC.",,EA25032638622,"American Financial Resources, Inc.",nonbank_originator,5493002B2WMHY23GFK92,4184793,,,5493002B2WMHY23GFK92,2022,https://files.ffiec.cfpb.gov/static-data/snapshot/2022/2022_public_panel_csv.zip,,,manual,Codex (individual identity/evidence review; not independent human review),2026-09-26,data/staging/stg_complaints.parquet
hmda,"AMERICAN FINANCIAL RESOURCES, INC.",,EA25032638622,"American Financial Resources, Inc.",nonbank_originator,5493002B2WMHY23GFK92,4184793,,,5493002B2WMHY23GFK92,2023,https://files.ffiec.cfpb.gov/static-data/snapshot/2023/2023_public_panel_csv.zip,,,manual,Codex (individual identity/evidence review; not independent human review),2026-09-26,data/staging/stg_complaints.parquet
hmda,American Financial Resources LLC,,EA25032638622,"American Financial Resources, Inc.",nonbank_originator,5493002B2WMHY23GFK92,,,,5493002B2WMHY23GFK92,2024,https://files.ffiec.cfpb.gov/static-data/snapshot/2024/2024_public_ts_csv.zip,,,manual,Codex (individual identity/evidence review; not independent human review),2026-09-26,data/staging/stg_complaints.parquet
hmda,American Financial Resources LLC,,EA25032638622,"American Financial Resources, Inc.",nonbank_originator,5493002B2WMHY23GFK92,,,,5493002B2WMHY23GFK92,2025,https://files.ffiec.cfpb.gov/static-data/snapshot/2025/2025_public_ts_csv.zip,,,manual,Codex (individual identity/evidence review; not independent human review),2026-09-26,data/staging/stg_complaints.parquet
hmda,"EVERETT FINANCIAL, INC.",,EC2ADB5FF5E55,Supreme Lending,nonbank_originator,549300XWUSRVVOHPRY47,3844577,,,549300XWUSRVVOHPRY47,2018,https://files.ffiec.cfpb.gov/static-data/snapshot/2018/2018_public_panel_csv.zip,,,manual,Codex (individual identity/evidence review; not independent human review),2026-09-26,data/staging/stg_complaints.parquet
hmda,"EVERETT FINANCIAL, INC.",,EC2ADB5FF5E55,Supreme Lending,nonbank_originator,549300XWUSRVVOHPRY47,3844577,,,549300XWUSRVVOHPRY47,2019,https://files.ffiec.cfpb.gov/static-data/snapshot/2019/2019_public_panel_csv.zip,,,manual,Codex (individual identity/evidence review; not independent human review),2026-09-26,data/staging/stg_complaints.parquet
hmda,"EVERETT FINANCIAL, INC.",,EC2ADB5FF5E55,Supreme Lending,nonbank_originator,549300XWUSRVVOHPRY47,3844577,,,549300XWUSRVVOHPRY47,2020,https://files.ffiec.cfpb.gov/static-data/snapshot/2020/2020_public_panel_csv.zip,,,manual,Codex (individual identity/evidence review; not independent human review),2026-09-26,data/staging/stg_complaints.parquet
hmda,"EVERETT FINANCIAL, INC.",,EC2ADB5FF5E55,Supreme Lending,nonbank_originator,549300XWUSRVVOHPRY47,3844577,,,549300XWUSRVVOHPRY47,2021,https://files.ffiec.cfpb.gov/static-data/snapshot/2021/2021_public_panel_csv.zip,,,manual,Codex (individual identity/evidence review; not independent human review),2026-09-26,data/staging/stg_complaints.parquet
hmda,"EVERETT FINANCIAL, INC.",,EC2ADB5FF5E55,Supreme Lending,nonbank_originator,549300XWUSRVVOHPRY47,3844577,,,549300XWUSRVVOHPRY47,2022,https://files.ffiec.cfpb.gov/static-data/snapshot/2022/2022_public_panel_csv.zip,,,manual,Codex (individual identity/evidence review; not independent human review),2026-09-26,data/staging/stg_complaints.parquet
hmda,"EVERETT FINANCIAL, INC.",,EC2ADB5FF5E55,Supreme Lending,nonbank_originator,549300XWUSRVVOHPRY47,3844577,,,549300XWUSRVVOHPRY47,2023,https://files.ffiec.cfpb.gov/static-data/snapshot/2023/2023_public_panel_csv.zip,,,manual,Codex (individual identity/evidence review; not independent human review),2026-09-26,data/staging/stg_complaints.parquet
hmda,"EVERETT FINANCIAL, INC.",,EC2ADB5FF5E55,Supreme Lending,nonbank_originator,549300XWUSRVVOHPRY47,,,,549300XWUSRVVOHPRY47,2024,https://files.ffiec.cfpb.gov/static-data/snapshot/2024/2024_public_ts_csv.zip,,,manual,Codex (individual identity/evidence review; not independent human review),2026-09-26,data/staging/stg_complaints.parquet
hmda,"EVERETT FINANCIAL, INC.",,EC2ADB5FF5E55,Supreme Lending,nonbank_originator,549300XWUSRVVOHPRY47,,,,549300XWUSRVVOHPRY47,2025,https://files.ffiec.cfpb.gov/static-data/snapshot/2025/2025_public_ts_csv.zip,,,manual,Codex (individual identity/evidence review; not independent human review),2026-09-26,data/staging/stg_complaints.parquet
hmda,Axos Bank,,EA662D8AAC5CF,AXOS FINANCIAL INC,bank,2549009X2AG1P20YAJ63,2917317,3814310,35546,2549009X2AG1P20YAJ63,2018,https://files.ffiec.cfpb.gov/static-data/snapshot/2018/2018_public_panel_csv.zip,,,manual,Codex (individual identity/evidence review; not independent human review),2026-09-26,https://api.fdic.gov/banks/institutions
hmda,Axos Bank,,EA662D8AAC5CF,AXOS FINANCIAL INC,bank,2549009X2AG1P20YAJ63,2917317,3814310,35546,2549009X2AG1P20YAJ63,2019,https://files.ffiec.cfpb.gov/static-data/snapshot/2019/2019_public_panel_csv.zip,,,manual,Codex (individual identity/evidence review; not independent human review),2026-09-26,https://api.fdic.gov/banks/institutions
hmda,Axos Bank,,EA662D8AAC5CF,AXOS FINANCIAL INC,bank,2549009X2AG1P20YAJ63,2917317,3814310,35546,2549009X2AG1P20YAJ63,2020,https://files.ffiec.cfpb.gov/static-data/snapshot/2020/2020_public_panel_csv.zip,,,manual,Codex (individual identity/evidence review; not independent human review),2026-09-26,https://api.fdic.gov/banks/institutions
hmda,Axos Bank,,EA662D8AAC5CF,AXOS FINANCIAL INC,bank,2549009X2AG1P20YAJ63,2917317,3814310,35546,2549009X2AG1P20YAJ63,2021,https://files.ffiec.cfpb.gov/static-data/snapshot/2021/2021_public_panel_csv.zip,,,manual,Codex (individual identity/evidence review; not independent human review),2026-09-26,https://api.fdic.gov/banks/institutions
hmda,Axos Bank,,EA662D8AAC5CF,AXOS FINANCIAL INC,bank,2549009X2AG1P20YAJ63,2917317,3814310,35546,2549009X2AG1P20YAJ63,2022,https://files.ffiec.cfpb.gov/static-data/snapshot/2022/2022_public_panel_csv.zip,,,manual,Codex (individual identity/evidence review; not independent human review),2026-09-26,https://api.fdic.gov/banks/institutions
hmda,Axos Bank,,EA662D8AAC5CF,AXOS FINANCIAL INC,bank,2549009X2AG1P20YAJ63,2917317,3814310,35546,2549009X2AG1P20YAJ63,2023,https://files.ffiec.cfpb.gov/static-data/snapshot/2023/2023_public_panel_csv.zip,,,manual,Codex (individual identity/evidence review; not independent human review),2026-09-26,https://api.fdic.gov/banks/institutions
hmda,Axos Bank,,EA662D8AAC5CF,AXOS FINANCIAL INC,bank,2549009X2AG1P20YAJ63,,3814310,,2549009X2AG1P20YAJ63,2024,https://files.ffiec.cfpb.gov/static-data/snapshot/2024/2024_public_ts_csv.zip,,,manual,Codex (individual identity/evidence review; not independent human review),2026-09-26,https://api.fdic.gov/banks/institutions
hmda,Axos Bank,,EA662D8AAC5CF,AXOS FINANCIAL INC,bank,2549009X2AG1P20YAJ63,,3814310,,2549009X2AG1P20YAJ63,2025,https://files.ffiec.cfpb.gov/static-data/snapshot/2025/2025_public_ts_csv.zip,,,manual,Codex (individual identity/evidence review; not independent human review),2026-09-26,https://api.fdic.gov/banks/institutions
fdic_name,Axos Bank,,EA662D8AAC5CF,AXOS FINANCIAL INC,bank,,2917317,3814310,35546,,2026,https://api.fdic.gov/banks/institutions,,,manual,Codex (individual identity/evidence review; not independent human review),2026-09-26,https://api.fdic.gov/banks/institutions
fdic_namehcr,AXOS FINANCIAL INC,,EA662D8AAC5CF,AXOS FINANCIAL INC,bank,,2917317,3814310,35546,,2026,https://api.fdic.gov/banks/institutions,,,manual,Codex (individual identity/evidence review; not independent human review),2026-09-26,https://api.fdic.gov/banks/institutions
hmda,IMPAC MORTGAGE CORP.,,E9BB41D032619,"IMPAC MORTGAGE HOLDINGS, INC.",nonbank_originator,549300U2WRK55BY8UC05,4325019,,,549300U2WRK55BY8UC05,2018,https://files.ffiec.cfpb.gov/static-data/snapshot/2018/2018_public_panel_csv.zip,,,manual,Codex (individual identity/evidence review; not independent human review),2026-09-26,data/staging/stg_complaints.parquet
hmda,IMPAC MORTGAGE CORP.,,E9BB41D032619,"IMPAC MORTGAGE HOLDINGS, INC.",nonbank_originator,549300U2WRK55BY8UC05,4325019,,,549300U2WRK55BY8UC05,2019,https://files.ffiec.cfpb.gov/static-data/snapshot/2019/2019_public_panel_csv.zip,,,manual,Codex (individual identity/evidence review; not independent human review),2026-09-26,data/staging/stg_complaints.parquet
hmda,IMPAC MORTGAGE CORP.,,E9BB41D032619,"IMPAC MORTGAGE HOLDINGS, INC.",nonbank_originator,549300U2WRK55BY8UC05,4325019,,,549300U2WRK55BY8UC05,2020,https://files.ffiec.cfpb.gov/static-data/snapshot/2020/2020_public_panel_csv.zip,,,manual,Codex (individual identity/evidence review; not independent human review),2026-09-26,data/staging/stg_complaints.parquet
hmda,IMPAC MORTGAGE CORP.,,E9BB41D032619,"IMPAC MORTGAGE HOLDINGS, INC.",nonbank_originator,549300U2WRK55BY8UC05,4325019,,,549300U2WRK55BY8UC05,2021,https://files.ffiec.cfpb.gov/static-data/snapshot/2021/2021_public_panel_csv.zip,,,manual,Codex (individual identity/evidence review; not independent human review),2026-09-26,data/staging/stg_complaints.parquet
hmda,IMPAC MORTGAGE CORP.,,E9BB41D032619,"IMPAC MORTGAGE HOLDINGS, INC.",nonbank_originator,549300U2WRK55BY8UC05,4325019,,,549300U2WRK55BY8UC05,2022,https://files.ffiec.cfpb.gov/static-data/snapshot/2022/2022_public_panel_csv.zip,,,manual,Codex (individual identity/evidence review; not independent human review),2026-09-26,data/staging/stg_complaints.parquet
hmda,IMPAC MORTGAGE CORP.,,E9BB41D032619,"IMPAC MORTGAGE HOLDINGS, INC.",nonbank_originator,549300U2WRK55BY8UC05,4325019,,,549300U2WRK55BY8UC05,2023,https://files.ffiec.cfpb.gov/static-data/snapshot/2023/2023_public_panel_csv.zip,,,manual,Codex (individual identity/evidence review; not independent human review),2026-09-26,data/staging/stg_complaints.parquet
hmda,BancorpSouth Bank,,EE13F7D214BE9,BancorpSouth / Cadence,bank,Q7C315HKI8VX0SSKBS64,606046,,11813,Q7C315HKI8VX0SSKBS64,2018,https://files.ffiec.cfpb.gov/static-data/snapshot/2018/2018_public_panel_csv.zip,,,manual,Codex (individual identity/evidence review; not independent human review),2026-09-26,https://api.fdic.gov/banks/institutions
hmda,BancorpSouth Bank,,EE13F7D214BE9,BancorpSouth / Cadence,bank,Q7C315HKI8VX0SSKBS64,606046,,11813,Q7C315HKI8VX0SSKBS64,2019,https://files.ffiec.cfpb.gov/static-data/snapshot/2019/2019_public_panel_csv.zip,,,manual,Codex (individual identity/evidence review; not independent human review),2026-09-26,https://api.fdic.gov/banks/institutions
hmda,BancorpSouth Bank,,EE13F7D214BE9,BancorpSouth / Cadence,bank,Q7C315HKI8VX0SSKBS64,606046,,11813,Q7C315HKI8VX0SSKBS64,2020,https://files.ffiec.cfpb.gov/static-data/snapshot/2020/2020_public_panel_csv.zip,,,manual,Codex (individual identity/evidence review; not independent human review),2026-09-26,https://api.fdic.gov/banks/institutions
hmda,Cadence Bank,,EE13F7D214BE9,BancorpSouth / Cadence,bank,Q7C315HKI8VX0SSKBS64,606046,,11813,Q7C315HKI8VX0SSKBS64,2021,https://files.ffiec.cfpb.gov/static-data/snapshot/2021/2021_public_panel_csv.zip,,,manual,Codex (individual identity/evidence review; not independent human review),2026-09-26,https://api.fdic.gov/banks/institutions
hmda,Cadence Bank,,EE13F7D214BE9,BancorpSouth / Cadence,bank,Q7C315HKI8VX0SSKBS64,606046,,11813,Q7C315HKI8VX0SSKBS64,2022,https://files.ffiec.cfpb.gov/static-data/snapshot/2022/2022_public_panel_csv.zip,,,manual,Codex (individual identity/evidence review; not independent human review),2026-09-26,https://api.fdic.gov/banks/institutions
hmda,Cadence Bank,,EE13F7D214BE9,BancorpSouth / Cadence,bank,Q7C315HKI8VX0SSKBS64,606046,,11813,Q7C315HKI8VX0SSKBS64,2023,https://files.ffiec.cfpb.gov/static-data/snapshot/2023/2023_public_panel_csv.zip,,,manual,Codex (individual identity/evidence review; not independent human review),2026-09-26,https://api.fdic.gov/banks/institutions
hmda,Cadence Bank,,EE13F7D214BE9,BancorpSouth / Cadence,bank,Q7C315HKI8VX0SSKBS64,,,,Q7C315HKI8VX0SSKBS64,2024,https://files.ffiec.cfpb.gov/static-data/snapshot/2024/2024_public_ts_csv.zip,,,manual,Codex (individual identity/evidence review; not independent human review),2026-09-26,https://api.fdic.gov/banks/institutions
hmda,Cadence Bank,,EE13F7D214BE9,BancorpSouth / Cadence,bank,Q7C315HKI8VX0SSKBS64,,,,Q7C315HKI8VX0SSKBS64,2025,https://files.ffiec.cfpb.gov/static-data/snapshot/2025/2025_public_ts_csv.zip,,,manual,Codex (individual identity/evidence review; not independent human review),2026-09-26,https://api.fdic.gov/banks/institutions
fdic_name,Cadence Bank,,EE13F7D214BE9,BancorpSouth / Cadence,bank,,606046,,11813,,2026,https://api.fdic.gov/banks/institutions,,,manual,Codex (individual identity/evidence review; not independent human review),2026-09-26,https://api.fdic.gov/banks/institutions
fdic_name,Hudson City Savings Bank,,EA46E191FB851,Hudson City Bancorp,bank,,564605,2367556,13074,,2026,https://api.fdic.gov/banks/institutions,,,manual,Codex (individual identity/evidence review; not independent human review),2026-09-26,https://api.fdic.gov/banks/institutions
fdic_namehcr,HUDSON CITY BCORP INC,,EA46E191FB851,Hudson City Bancorp,bank,,564605,2367556,13074,,2026,https://api.fdic.gov/banks/institutions,,,manual,Codex (individual identity/evidence review; not independent human review),2026-09-26,https://api.fdic.gov/banks/institutions
fdic_name,National City Bank,,EBE2BEFC38878,National City Corporation,bank,,259518,1069125,6557,,2026,https://api.fdic.gov/banks/institutions,,,manual,Codex (individual identity/evidence review; not independent human review),2026-09-26,https://api.fdic.gov/banks/institutions
hmda,Trustmark National Bank,,E1F64F22C9C13,TRUSTMARK CORP,bank,01J4SO3XTWZF4PP38209,342634,1079562,4988,01J4SO3XTWZF4PP38209,2018,https://files.ffiec.cfpb.gov/static-data/snapshot/2018/2018_public_panel_csv.zip,,,manual,Codex (individual identity/evidence review; not independent human review),2026-09-26,https://api.fdic.gov/banks/institutions
hmda,Trustmark National Bank,,E1F64F22C9C13,TRUSTMARK CORP,bank,01J4SO3XTWZF4PP38209,342634,1079562,4988,01J4SO3XTWZF4PP38209,2019,https://files.ffiec.cfpb.gov/static-data/snapshot/2019/2019_public_panel_csv.zip,,,manual,Codex (individual identity/evidence review; not independent human review),2026-09-26,https://api.fdic.gov/banks/institutions
hmda,Trustmark National Bank,,E1F64F22C9C13,TRUSTMARK CORP,bank,01J4SO3XTWZF4PP38209,342634,1079562,4988,01J4SO3XTWZF4PP38209,2020,https://files.ffiec.cfpb.gov/static-data/snapshot/2020/2020_public_panel_csv.zip,,,manual,Codex (individual identity/evidence review; not independent human review),2026-09-26,https://api.fdic.gov/banks/institutions
hmda,Trustmark National Bank,,E1F64F22C9C13,TRUSTMARK CORP,bank,01J4SO3XTWZF4PP38209,342634,1079562,4988,01J4SO3XTWZF4PP38209,2021,https://files.ffiec.cfpb.gov/static-data/snapshot/2021/2021_public_panel_csv.zip,,,manual,Codex (individual identity/evidence review; not independent human review),2026-09-26,https://api.fdic.gov/banks/institutions
hmda,Trustmark National Bank,,E1F64F22C9C13,TRUSTMARK CORP,bank,01J4SO3XTWZF4PP38209,342634,1079562,4988,01J4SO3XTWZF4PP38209,2022,https://files.ffiec.cfpb.gov/static-data/snapshot/2022/2022_public_panel_csv.zip,,,manual,Codex (individual identity/evidence review; not independent human review),2026-09-26,https://api.fdic.gov/banks/institutions
hmda,Trustmark National Bank,,E1F64F22C9C13,TRUSTMARK CORP,bank,01J4SO3XTWZF4PP38209,342634,1079562,4988,01J4SO3XTWZF4PP38209,2023,https://files.ffiec.cfpb.gov/static-data/snapshot/2023/2023_public_panel_csv.zip,,,manual,Codex (individual identity/evidence review; not independent human review),2026-09-26,https://api.fdic.gov/banks/institutions
hmda,TRUSTMARK NATIONAL BANK,,E1F64F22C9C13,TRUSTMARK CORP,bank,01J4SO3XTWZF4PP38209,,1079562,,01J4SO3XTWZF4PP38209,2024,https://files.ffiec.cfpb.gov/static-data/snapshot/2024/2024_public_ts_csv.zip,,,manual,Codex (individual identity/evidence review; not independent human review),2026-09-26,https://api.fdic.gov/banks/institutions
hmda,TRUSTMARK BANK,,E1F64F22C9C13,TRUSTMARK CORP,bank,01J4SO3XTWZF4PP38209,,1079562,,01J4SO3XTWZF4PP38209,2025,https://files.ffiec.cfpb.gov/static-data/snapshot/2025/2025_public_ts_csv.zip,,,manual,Codex (individual identity/evidence review; not independent human review),2026-09-26,https://api.fdic.gov/banks/institutions
fdic_name,Trustmark Bank,,E1F64F22C9C13,TRUSTMARK CORP,bank,,342634,1079562,4988,,2026,https://api.fdic.gov/banks/institutions,,,manual,Codex (individual identity/evidence review; not independent human review),2026-09-26,https://api.fdic.gov/banks/institutions
fdic_namehcr,TRUSTMARK CORP,,E1F64F22C9C13,TRUSTMARK CORP,bank,,342634,1079562,4988,,2026,https://api.fdic.gov/banks/institutions,,,manual,Codex (individual identity/evidence review; not independent human review),2026-09-26,https://api.fdic.gov/banks/institutions
hmda,"Washington Federal, National Association",,ED7D34A644FA7,WAFD INC,bank,D38AC76TAMYI50NBPX33,656377,3065617,28088,D38AC76TAMYI50NBPX33,2018,https://files.ffiec.cfpb.gov/static-data/snapshot/2018/2018_public_panel_csv.zip,,,manual,Codex (individual identity/evidence review; not independent human review),2026-09-26,https://api.fdic.gov/banks/institutions
hmda,"Washington Federal Bank, National Association",,ED7D34A644FA7,WAFD INC,bank,D38AC76TAMYI50NBPX33,656377,3065617,28088,D38AC76TAMYI50NBPX33,2019,https://files.ffiec.cfpb.gov/static-data/snapshot/2019/2019_public_panel_csv.zip,,,manual,Codex (individual identity/evidence review; not independent human review),2026-09-26,https://api.fdic.gov/banks/institutions
hmda,"Washington Federal Bank, National Association",,ED7D34A644FA7,WAFD INC,bank,D38AC76TAMYI50NBPX33,656377,3065617,28088,D38AC76TAMYI50NBPX33,2020,https://files.ffiec.cfpb.gov/static-data/snapshot/2020/2020_public_panel_csv.zip,,,manual,Codex (individual identity/evidence review; not independent human review),2026-09-26,https://api.fdic.gov/banks/institutions
hmda,"Washington Federal Bank, National Association",,ED7D34A644FA7,WAFD INC,bank,D38AC76TAMYI50NBPX33,656377,3065617,28088,D38AC76TAMYI50NBPX33,2021,https://files.ffiec.cfpb.gov/static-data/snapshot/2021/2021_public_panel_csv.zip,,,manual,Codex (individual identity/evidence review; not independent human review),2026-09-26,https://api.fdic.gov/banks/institutions
hmda,"Washington Federal Bank, National Association",,ED7D34A644FA7,WAFD INC,bank,D38AC76TAMYI50NBPX33,656377,3065617,28088,D38AC76TAMYI50NBPX33,2022,https://files.ffiec.cfpb.gov/static-data/snapshot/2022/2022_public_panel_csv.zip,,,manual,Codex (individual identity/evidence review; not independent human review),2026-09-26,https://api.fdic.gov/banks/institutions
hmda,WASHINGTON FEDERAL BANK,,ED7D34A644FA7,WAFD INC,bank,D38AC76TAMYI50NBPX33,656377,3065617,28088,D38AC76TAMYI50NBPX33,2023,https://files.ffiec.cfpb.gov/static-data/snapshot/2023/2023_public_panel_csv.zip,,,manual,Codex (individual identity/evidence review; not independent human review),2026-09-26,https://api.fdic.gov/banks/institutions
hmda,WASHINGTON FEDERAL,,ED7D34A644FA7,WAFD INC,bank,D38AC76TAMYI50NBPX33,,3065617,,D38AC76TAMYI50NBPX33,2024,https://files.ffiec.cfpb.gov/static-data/snapshot/2024/2024_public_ts_csv.zip,,,manual,Codex (individual identity/evidence review; not independent human review),2026-09-26,https://api.fdic.gov/banks/institutions
hmda,WASHINGTON FEDERAL,,ED7D34A644FA7,WAFD INC,bank,D38AC76TAMYI50NBPX33,,3065617,,D38AC76TAMYI50NBPX33,2025,https://files.ffiec.cfpb.gov/static-data/snapshot/2025/2025_public_ts_csv.zip,,,manual,Codex (individual identity/evidence review; not independent human review),2026-09-26,https://api.fdic.gov/banks/institutions
fdic_name,WaFd Bank,,ED7D34A644FA7,WAFD INC,bank,,656377,3065617,28088,,2026,https://api.fdic.gov/banks/institutions,,,manual,Codex (individual identity/evidence review; not independent human review),2026-09-26,https://api.fdic.gov/banks/institutions
fdic_namehcr,WAFD INC,,ED7D34A644FA7,WAFD INC,bank,,656377,3065617,28088,,2026,https://api.fdic.gov/banks/institutions,,,manual,Codex (individual identity/evidence review; not independent human review),2026-09-26,https://api.fdic.gov/banks/institutions
