cutoff,model,entity_id,display_name,kind,rank,score,category,c_12m,self_z,growth_6v6,event_date,interpretation
2016-01-01,A,EE034DEE8CD18,DHI Mortgage Company,false_positive,1,1.2232792274647448,Sparse complaint history or rank tie,9.0,6.5174564082109425,0.9808292530117262,,Feature-based description; absence of a filing is not evidence of compliant or unlawful conduct.
2016-01-01,A,E55D8798567B8,Finance of America Holdings LLC,false_positive,2,1.0297889364212143,Sparse complaint history or rank tie,11.0,2.716017170088297,0.47000362924573563,,Feature-based description; absence of a filing is not evidence of compliant or unlawful conduct.
2016-01-01,A,E2C144F51D5CE,"PLANET HOME LENDING, LLC",false_positive,3,1.0230175116606142,Complaint surge without a filing in the horizon,30.0,1.1328232031978795,0.6466271649250525,2017-01-31 00:00:00,Feature-based description; absence of a filing is not evidence of compliant or unlawful conduct.
2016-01-01,A,E3EF704205792,FIRST CITIZENS BANCSHARES INC,false_positive,4,1.0180442613151315,Elevated structured signal without a filing,20.0,0.9871794871794872,0.36772478012531734,,Feature-based description; absence of a filing is not evidence of compliant or unlawful conduct.
2016-01-01,A,EA530F9DF6522,CrossCountry Mortgage LLC,false_positive,5,0.9002426070292857,Sparse complaint history or rank tie,7.0,3.8921418875609355,1.252762968495368,,Feature-based description; absence of a filing is not evidence of compliant or unlawful conduct.
2016-01-01,A,E4C525C3C7714,POPULAR INC,false_positive,6,0.6822062607143906,Complaint surge without a filing in the horizon,49.0,3.3756560354778227,0.27625337662815813,,Feature-based description; absence of a filing is not evidence of compliant or unlawful conduct.
2016-01-01,A,E0FE83038482A,Franklin Credit Management Corporation,false_positive,7,0.6613073625843031,Complaint surge without a filing in the horizon,24.0,3.1155563733941563,0.47000362924573563,,Feature-based description; absence of a filing is not evidence of compliant or unlawful conduct.
2016-01-01,A,E973A2572465F,"CMG Financial Services, Inc.",false_positive,8,0.6429198582374791,Sparse complaint history or rank tie,11.0,2.065524023448704,0.8109302162163288,,Feature-based description; absence of a filing is not evidence of compliant or unlawful conduct.
2016-01-01,A,EBD7B63074BE8,Chrysalis Holdings LLC,false_positive,9,0.6043556153274638,Complaint surge without a filing in the horizon,15.0,4.850544070285083,0.6061358035703155,,Feature-based description; absence of a filing is not evidence of compliant or unlawful conduct.
2016-01-01,A,EABB6242BEA4E,SN SERVICING CORPORATION,false_positive,10,0.5649738798874042,Elevated structured signal without a filing,24.0,1.5037223787365366,0.31015492830383945,,Feature-based description; absence of a filing is not evidence of compliant or unlawful conduct.
2016-01-01,A,E811E1542D229,CIT GROUP INC,false_positive,11,0.522258772737797,Persistent high complaint volume,198.0,-0.7734802767705367,0.040005334613699206,,Feature-based description; absence of a filing is not evidence of compliant or unlawful conduct.
2016-01-01,A,E468B6E606834,WEBSTER FINANCIAL CORP,false_positive,12,0.4871027539163085,Complaint surge without a filing in the horizon,15.0,1.2097057824650594,0.8754687373538999,,Feature-based description; absence of a filing is not evidence of compliant or unlawful conduct.
2016-01-01,A,E141256315B89,KEYCORP,false_positive,13,0.4170649667757682,Complaint surge without a filing in the horizon,64.0,3.067668269491386,0.2436220826577505,,Feature-based description; absence of a filing is not evidence of compliant or unlawful conduct.
2016-01-01,A,EBA3A552C2F88,MORTGAGE SOLUTIONS OF COLORADO,false_positive,14,0.35739753200096497,Sparse complaint history or rank tie,5.0,-0.13181640873146147,0.28768207245178085,,Feature-based description; absence of a filing is not evidence of compliant or unlawful conduct.
2016-01-01,A,E9ABB3C040AA1,"Paramount GR Holdings, LLC",false_positive,15,0.35527760443135425,Sparse complaint history or rank tie,5.0,,1.791759469228055,,Feature-based description; absence of a filing is not evidence of compliant or unlawful conduct.
2016-01-01,A,E1AC4ADE944DE,"Zions Bancorporation, N.A.",false_positive,16,0.32547820968379365,Elevated structured signal without a filing,15.0,0.2989291891580996,-0.35667494393873245,,Feature-based description; absence of a filing is not evidence of compliant or unlawful conduct.
2016-01-01,A,EDE60FD674DA6,"PLAZA HOME MORTGAGE, INC.",false_positive,17,0.32420028229534115,Complaint surge without a filing in the horizon,20.0,2.5721538329419316,0.36772478012531734,,Feature-based description; absence of a filing is not evidence of compliant or unlawful conduct.
2016-01-01,A,E299C7B39C453,Village Capital & Investment LLC,false_positive,18,0.3028237271814089,Sparse complaint history or rank tie,6.0,-0.17851164169341271,-0.5108256237659907,2018-12-04 00:00:00,Feature-based description; absence of a filing is not evidence of compliant or unlawful conduct.
2016-01-01,A,EB2B27823D171,"Caliber Home Loans, Inc.",false_positive,19,0.2694360000869173,Persistent high complaint volume,580.0,1.1872905771140445,0.0,,Feature-based description; absence of a filing is not evidence of compliant or unlawful conduct.
2016-01-01,A,E7D4C027DB2B7,ARVEST BANK GROUP INC,false_positive,20,0.25827400045887555,Complaint surge without a filing in the horizon,61.0,0.1806451835360347,0.5533852381847866,,Feature-based description; absence of a filing is not evidence of compliant or unlawful conduct.
2016-01-01,A,E58B09E687642,"Reverse Mortgage Solutions, Inc.",miss,23,0.2154947589696427,Signal present but ranked below top 20,73.0,3.712316354550937,0.5179430915348546,2016-12-07 00:00:00,Feature-based description; absence of a filing is not evidence of compliant or unlawful conduct.
2016-01-01,A,E2C85F0E46692,AMERICAN ADVISORS GROUP,miss,63,-0.1506827036041843,Signal present but ranked below top 20,31.0,1.8801592097848203,0.1823215567939546,2016-12-07 00:00:00,Feature-based description; absence of a filing is not evidence of compliant or unlawful conduct.
2016-01-01,prior_action,E58809E9BF1B6,Ocwen Financial Corporation,false_positive,1,1000008.4865277772,Persistent high complaint volume,4848.0,-0.997139933871609,-0.09574317396566871,2017-04-20 00:00:00,Feature-based description; absence of a filing is not evidence of compliant or unlawful conduct.
2016-01-01,prior_action,EC2C27F26E8F0,BANK OF AMERICA CORP,false_positive,2,8.450625947144124,Persistent high complaint volume,4677.0,-0.8984573358447784,0.01752556076412404,2023-11-28 00:00:00,Feature-based description; absence of a filing is not evidence of compliant or unlawful conduct.
2016-01-01,prior_action,E1FC3BC613A71,NATIONSTAR MORTGAGE LLC,false_positive,3,8.294049640102028,Persistent high complaint volume,3999.0,0.09005136193403937,-0.06150400933425348,2017-03-15 00:00:00,Feature-based description; absence of a filing is not evidence of compliant or unlawful conduct.
2016-01-01,prior_action,EFEEA1A616991,CITIGROUP INC,false_positive,4,7.246368080102461,Persistent high complaint volume,1402.0,-1.1142364065012116,0.014245255136048924,,Feature-based description; absence of a filing is not evidence of compliant or unlawful conduct.
2016-01-01,prior_action,EB163C5D356CB,"SELECT PORTFOLIO SERVICING, INC.",false_positive,5,7.193685818395112,Persistent high complaint volume,1330.0,0.9863724621418247,0.14741351878861986,,Feature-based description; absence of a filing is not evidence of compliant or unlawful conduct.
2016-01-01,prior_action,E073BF657F5B1,"Seterus, Inc.",false_positive,6,6.9411900550683745,Complaint surge without a filing in the horizon,1033.0,2.155240526807869,0.4784902431230542,2020-12-18 00:00:00,Feature-based description; absence of a filing is not evidence of compliant or unlawful conduct.
2016-01-01,prior_action,E9924BD19EECC,U S BCORP,false_positive,7,6.841615476477592,Persistent high complaint volume,935.0,-0.2649598197394489,0.09184679649110337,,Feature-based description; absence of a filing is not evidence of compliant or unlawful conduct.
2016-01-01,prior_action,EC88D0EDB5407,PNC FINL SERVICES GROUP INC,false_positive,8,6.542471960506805,Persistent high complaint volume,693.0,-1.6021037890588232,0.008633147144702875,,Feature-based description; absence of a filing is not evidence of compliant or unlawful conduct.
2016-01-01,prior_action,EFB32B9881EC7,Specialized Loan Servicing Holdings LLC,false_positive,9,6.484635235635252,Complaint surge without a filing in the horizon,654.0,2.1856269733904763,0.25131442828090617,2020-05-11 00:00:00,Feature-based description; absence of a filing is not evidence of compliant or unlawful conduct.
2016-01-01,prior_action,E5571C16499FD,HSBC HOLDINGS PLC,false_positive,10,6.447305862541213,Persistent high complaint volume,630.0,-1.3033892821280235,0.07598590697792205,,Feature-based description; absence of a filing is not evidence of compliant or unlawful conduct.
2016-01-01,prior_action,EB2B27823D171,"Caliber Home Loans, Inc.",false_positive,11,6.364750756851911,Persistent high complaint volume,580.0,1.1872905771140445,0.0,,Feature-based description; absence of a filing is not evidence of compliant or unlawful conduct.
2016-01-01,prior_action,E204727426645,"CARRINGTON MORTGAGE SERVICES, LLC",false_positive,12,6.124683390894205,Complaint surge without a filing in the horizon,456.0,2.4931978938649264,0.6800750989925926,2022-11-17 00:00:00,Feature-based description; absence of a filing is not evidence of compliant or unlawful conduct.
2016-01-01,prior_action,E7BC26E9E7EDD,"Community Loan Servicing, LLC (formerly known as Bayview Loan Servicing, LLC)",false_positive,13,6.045005314036012,Persistent high complaint volume,421.0,0.3750574117340349,0.014184634991956381,,Feature-based description; absence of a filing is not evidence of compliant or unlawful conduct.
2016-01-01,prior_action,E796248861ED3,M&T BANK CORP,false_positive,14,5.916202062607435,Persistent high complaint volume,370.0,-0.8831482868392987,0.09684982598991762,,Feature-based description; absence of a filing is not evidence of compliant or unlawful conduct.
2016-01-01,prior_action,E06161BBFB0B1,"PENNYMAC LOAN SERVICES, LLC.",false_positive,15,5.808142489980444,Persistent high complaint volume,332.0,1.443745971696547,0.4380086558406358,,Feature-based description; absence of a filing is not evidence of compliant or unlawful conduct.
2016-01-01,prior_action,E1FDDE5D766D3,"Shellpoint Partners, LLC",false_positive,16,5.755742213586912,Persistent high complaint volume,315.0,1.3088267222164425,0.12001767345779972,,Feature-based description; absence of a filing is not evidence of compliant or unlawful conduct.
2016-01-01,prior_action,E1583D8BF9434,"Rocket Mortgage, LLC",false_positive,17,5.703782474656201,Complaint surge without a filing in the horizon,299.0,2.3676376019472847,0.39716630529346925,,Feature-based description; absence of a filing is not evidence of compliant or unlawful conduct.
2016-01-01,prior_action,E54523B495FBB,RUSHMORE LOAN MANAGEMENT SERVICES LLC,false_positive,18,5.60947179518496,Complaint surge without a filing in the horizon,272.0,2.079608373206043,0.2791713827838723,,Feature-based description; absence of a filing is not evidence of compliant or unlawful conduct.
2016-01-01,prior_action,ED9E334BCFE15,"BSI Financial Holdings, Inc.",false_positive,19,5.602118820879701,Persistent high complaint volume,270.0,1.9975667128000305,0.29626581614317243,2019-05-29 00:00:00,Feature-based description; absence of a filing is not evidence of compliant or unlawful conduct.
2016-01-01,prior_action,EC6692485BEB4,CITIZENS FINANCIAL GROUP INC,false_positive,20,5.5134287461649825,Persistent high complaint volume,247.0,1.7066356920807655,0.3323428432792017,,Feature-based description; absence of a filing is not evidence of compliant or unlawful conduct.
2016-01-01,prior_action,E58B09E687642,"Reverse Mortgage Solutions, Inc.",miss,39,4.30406509320417,Signal present but ranked below top 20,73.0,3.712316354550937,0.5179430915348546,2016-12-07 00:00:00,Feature-based description; absence of a filing is not evidence of compliant or unlawful conduct.
2016-01-01,prior_action,E2C85F0E46692,AMERICAN ADVISORS GROUP,miss,56,3.4657359027997265,Signal present but ranked below top 20,31.0,1.8801592097848203,0.1823215567939546,2016-12-07 00:00:00,Feature-based description; absence of a filing is not evidence of compliant or unlawful conduct.
2016-01-01,random,E4907A144AE57,"CARDINAL FINANCIAL COMPANY, LIMITED PARTNERSHIP",false_positive,1,0.9984796000015367,Complaint surge without a filing in the horizon,24.0,2.348439148493845,1.2039728043259361,,Feature-based description; absence of a filing is not evidence of compliant or unlawful conduct.
2016-01-01,random,E5AD7D28D6C06,Union Home Mortgage Corp,false_positive,2,0.987230799892853,Sparse complaint history or rank tie,0.0,-0.3597384670922507,0.0,,Feature-based description; absence of a filing is not evidence of compliant or unlawful conduct.
2016-01-01,random,E58809E9BF1B6,Ocwen Financial Corporation,false_positive,3,0.9810497687815445,Persistent high complaint volume,4848.0,-0.997139933871609,-0.09574317396566871,2017-04-20 00:00:00,Feature-based description; absence of a filing is not evidence of compliant or unlawful conduct.
2016-01-01,random,E806DAD516CDE,Arbor Residential Mortgage LLC,false_positive,4,0.961846824548151,Persistent high complaint volume,123.0,1.7478627602054844,-0.048009219186360606,,Feature-based description; absence of a filing is not evidence of compliant or unlawful conduct.
2016-01-01,random,E141256315B89,KEYCORP,false_positive,5,0.9538410479396563,Complaint surge without a filing in the horizon,64.0,3.067668269491386,0.2436220826577505,,Feature-based description; absence of a filing is not evidence of compliant or unlawful conduct.
2016-01-01,random,E99C4F19CABA9,FIFTH THIRD BCORP,false_positive,6,0.9472268057825382,Persistent high complaint volume,214.0,0.015158675603309503,0.2419136539962002,,Feature-based description; absence of a filing is not evidence of compliant or unlawful conduct.
2016-01-01,random,E7BC26E9E7EDD,"Community Loan Servicing, LLC (formerly known as Bayview Loan Servicing, LLC)",false_positive,7,0.9413617513861837,Persistent high complaint volume,421.0,0.3750574117340349,0.014184634991956381,,Feature-based description; absence of a filing is not evidence of compliant or unlawful conduct.
2016-01-01,random,E20E78396D860,"Peer Advisors, LLC",false_positive,8,0.9342926785518284,Sparse complaint history or rank tie,4.0,,0.0,,Feature-based description; absence of a filing is not evidence of compliant or unlawful conduct.
2016-01-01,random,EFA4E9E07892E,"LD Holdings Group, LLC",false_positive,9,0.9277860343892597,Elevated structured signal without a filing,90.0,1.4916874413292276,0.39641527258824644,,Feature-based description; absence of a filing is not evidence of compliant or unlawful conduct.
2016-01-01,random,E973A2572465F,"CMG Financial Services, Inc.",false_positive,10,0.9264456248265281,Sparse complaint history or rank tie,11.0,2.065524023448704,0.8109302162163288,,Feature-based description; absence of a filing is not evidence of compliant or unlawful conduct.
2016-01-01,random,ED481C2307342,Freedom Mortgage Company,false_positive,11,0.9251524031121462,Complaint surge without a filing in the horizon,165.0,2.127672651972046,0.2043004635127298,2019-06-05 00:00:00,Feature-based description; absence of a filing is not evidence of compliant or unlawful conduct.
2016-01-01,random,EDE60FD674DA6,"PLAZA HOME MORTGAGE, INC.",false_positive,12,0.9231200921417362,Complaint surge without a filing in the horizon,20.0,2.5721538329419316,0.36772478012531734,,Feature-based description; absence of a filing is not evidence of compliant or unlawful conduct.
2016-01-01,random,EBA75D3B76656,CAPITAL ONE FINANCIAL CORP,false_positive,13,0.914238989628243,Persistent high complaint volume,175.0,-1.2908172190150613,0.056512210263342404,,Feature-based description; absence of a filing is not evidence of compliant or unlawful conduct.
2016-01-01,random,E595375A39DFA,MidAmerica Mortgage Inc,false_positive,14,0.9130943681409326,Sparse complaint history or rank tie,0.0,-0.8001524245036219,0.0,,Feature-based description; absence of a filing is not evidence of compliant or unlawful conduct.
2016-01-01,random,E0FE83038482A,Franklin Credit Management Corporation,false_positive,15,0.9071925820213155,Complaint surge without a filing in the horizon,24.0,3.1155563733941563,0.47000362924573563,,Feature-based description; absence of a filing is not evidence of compliant or unlawful conduct.
2016-01-01,random,EA25032638622,"American Financial Resources, Inc.",false_positive,16,0.9040627324989032,Elevated structured signal without a filing,27.0,0.839253276242365,-0.49247648509779407,,Feature-based description; absence of a filing is not evidence of compliant or unlawful conduct.
2016-01-01,random,E6E7EB400BFED,NVR INC.,false_positive,17,0.8972004596254507,Elevated structured signal without a filing,16.0,0.06052465359980898,0.0,,Feature-based description; absence of a filing is not evidence of compliant or unlawful conduct.
2016-01-01,random,E9291B3C42904,DISCOVER FINANCIAL SERVICES,false_positive,18,0.8858921774112467,Complaint surge without a filing in the horizon,21.0,-0.8033947704102196,0.6286086594223741,,Feature-based description; absence of a filing is not evidence of compliant or unlawful conduct.
2016-01-01,random,E55E8F997C41C,"PRIMELENDING, A PLAINSCAPITAL COMPANY",false_positive,19,0.8830509164958789,Elevated structured signal without a filing,22.0,0.17573789089654784,-0.1670540846631662,,Feature-based description; absence of a filing is not evidence of compliant or unlawful conduct.
2016-01-01,random,EDCBA28169857,Southwest Business Corporation,false_positive,20,0.8711055234785678,Sparse complaint history or rank tie,9.0,0.3560736332107227,0.5596157879354227,,Feature-based description; absence of a filing is not evidence of compliant or unlawful conduct.
2016-01-01,random,E2C85F0E46692,AMERICAN ADVISORS GROUP,miss,38,0.7333014405974343,Signal present but ranked below top 20,31.0,1.8801592097848203,0.1823215567939546,2016-12-07 00:00:00,Feature-based description; absence of a filing is not evidence of compliant or unlawful conduct.
2016-01-01,random,E58B09E687642,"Reverse Mortgage Solutions, Inc.",miss,110,0.04790431754783613,Signal present but ranked below top 20,73.0,3.712316354550937,0.5179430915348546,2016-12-07 00:00:00,Feature-based description; absence of a filing is not evidence of compliant or unlawful conduct.
2016-01-01,raw_count,E58809E9BF1B6,Ocwen Financial Corporation,false_positive,1,4848.0,Persistent high complaint volume,4848.0,-0.997139933871609,-0.09574317396566871,2017-04-20 00:00:00,Feature-based description; absence of a filing is not evidence of compliant or unlawful conduct.
2016-01-01,raw_count,EC2C27F26E8F0,BANK OF AMERICA CORP,false_positive,2,4677.0,Persistent high complaint volume,4677.0,-0.8984573358447784,0.01752556076412404,2023-11-28 00:00:00,Feature-based description; absence of a filing is not evidence of compliant or unlawful conduct.
2016-01-01,raw_count,E1FC3BC613A71,NATIONSTAR MORTGAGE LLC,false_positive,3,3999.0,Persistent high complaint volume,3999.0,0.09005136193403937,-0.06150400933425348,2017-03-15 00:00:00,Feature-based description; absence of a filing is not evidence of compliant or unlawful conduct.
2016-01-01,raw_count,EFEEA1A616991,CITIGROUP INC,false_positive,4,1402.0,Persistent high complaint volume,1402.0,-1.1142364065012116,0.014245255136048924,,Feature-based description; absence of a filing is not evidence of compliant or unlawful conduct.
2016-01-01,raw_count,EB163C5D356CB,"SELECT PORTFOLIO SERVICING, INC.",false_positive,5,1330.0,Persistent high complaint volume,1330.0,0.9863724621418247,0.14741351878861986,,Feature-based description; absence of a filing is not evidence of compliant or unlawful conduct.
2016-01-01,raw_count,E073BF657F5B1,"Seterus, Inc.",false_positive,6,1033.0,Complaint surge without a filing in the horizon,1033.0,2.155240526807869,0.4784902431230542,2020-12-18 00:00:00,Feature-based description; absence of a filing is not evidence of compliant or unlawful conduct.
2016-01-01,raw_count,E9924BD19EECC,U S BCORP,false_positive,7,935.0,Persistent high complaint volume,935.0,-0.2649598197394489,0.09184679649110337,,Feature-based description; absence of a filing is not evidence of compliant or unlawful conduct.
2016-01-01,raw_count,EC88D0EDB5407,PNC FINL SERVICES GROUP INC,false_positive,8,693.0,Persistent high complaint volume,693.0,-1.6021037890588232,0.008633147144702875,,Feature-based description; absence of a filing is not evidence of compliant or unlawful conduct.
2016-01-01,raw_count,EFB32B9881EC7,Specialized Loan Servicing Holdings LLC,false_positive,9,654.0,Complaint surge without a filing in the horizon,654.0,2.1856269733904763,0.25131442828090617,2020-05-11 00:00:00,Feature-based description; absence of a filing is not evidence of compliant or unlawful conduct.
2016-01-01,raw_count,E5571C16499FD,HSBC HOLDINGS PLC,false_positive,10,630.0,Persistent high complaint volume,630.0,-1.3033892821280235,0.07598590697792205,,Feature-based description; absence of a filing is not evidence of compliant or unlawful conduct.
2016-01-01,raw_count,EB2B27823D171,"Caliber Home Loans, Inc.",false_positive,11,580.0,Persistent high complaint volume,580.0,1.1872905771140445,0.0,,Feature-based description; absence of a filing is not evidence of compliant or unlawful conduct.
2016-01-01,raw_count,E204727426645,"CARRINGTON MORTGAGE SERVICES, LLC",false_positive,12,456.0,Complaint surge without a filing in the horizon,456.0,2.4931978938649264,0.6800750989925926,2022-11-17 00:00:00,Feature-based description; absence of a filing is not evidence of compliant or unlawful conduct.
2016-01-01,raw_count,E7BC26E9E7EDD,"Community Loan Servicing, LLC (formerly known as Bayview Loan Servicing, LLC)",false_positive,13,421.0,Persistent high complaint volume,421.0,0.3750574117340349,0.014184634991956381,,Feature-based description; absence of a filing is not evidence of compliant or unlawful conduct.
2016-01-01,raw_count,E796248861ED3,M&T BANK CORP,false_positive,14,370.0,Persistent high complaint volume,370.0,-0.8831482868392987,0.09684982598991762,,Feature-based description; absence of a filing is not evidence of compliant or unlawful conduct.
2016-01-01,raw_count,E06161BBFB0B1,"PENNYMAC LOAN SERVICES, LLC.",false_positive,15,332.0,Persistent high complaint volume,332.0,1.443745971696547,0.4380086558406358,,Feature-based description; absence of a filing is not evidence of compliant or unlawful conduct.
2016-01-01,raw_count,E1FDDE5D766D3,"Shellpoint Partners, LLC",false_positive,16,315.0,Persistent high complaint volume,315.0,1.3088267222164425,0.12001767345779972,,Feature-based description; absence of a filing is not evidence of compliant or unlawful conduct.
2016-01-01,raw_count,E1583D8BF9434,"Rocket Mortgage, LLC",false_positive,17,299.0,Complaint surge without a filing in the horizon,299.0,2.3676376019472847,0.39716630529346925,,Feature-based description; absence of a filing is not evidence of compliant or unlawful conduct.
2016-01-01,raw_count,E54523B495FBB,RUSHMORE LOAN MANAGEMENT SERVICES LLC,false_positive,18,272.0,Complaint surge without a filing in the horizon,272.0,2.079608373206043,0.2791713827838723,,Feature-based description; absence of a filing is not evidence of compliant or unlawful conduct.
2016-01-01,raw_count,ED9E334BCFE15,"BSI Financial Holdings, Inc.",false_positive,19,270.0,Persistent high complaint volume,270.0,1.9975667128000305,0.29626581614317243,2019-05-29 00:00:00,Feature-based description; absence of a filing is not evidence of compliant or unlawful conduct.
2016-01-01,raw_count,EC6692485BEB4,CITIZENS FINANCIAL GROUP INC,false_positive,20,247.0,Persistent high complaint volume,247.0,1.7066356920807655,0.3323428432792017,,Feature-based description; absence of a filing is not evidence of compliant or unlawful conduct.
2016-01-01,raw_count,E58B09E687642,"Reverse Mortgage Solutions, Inc.",miss,39,73.0,Signal present but ranked below top 20,73.0,3.712316354550937,0.5179430915348546,2016-12-07 00:00:00,Feature-based description; absence of a filing is not evidence of compliant or unlawful conduct.
2016-01-01,raw_count,E2C85F0E46692,AMERICAN ADVISORS GROUP,miss,56,31.0,Signal present but ranked below top 20,31.0,1.8801592097848203,0.1823215567939546,2016-12-07 00:00:00,Feature-based description; absence of a filing is not evidence of compliant or unlawful conduct.
2016-01-01,self_normalized,EE034DEE8CD18,DHI Mortgage Company,false_positive,1,4.372168546453176,Sparse complaint history or rank tie,9.0,6.5174564082109425,0.9808292530117262,,Feature-based description; absence of a filing is not evidence of compliant or unlawful conduct.
2016-01-01,self_normalized,E4C525C3C7714,POPULAR INC,false_positive,2,3.2196203442166853,Complaint surge without a filing in the horizon,49.0,3.3756560354778227,0.27625337662815813,,Feature-based description; absence of a filing is not evidence of compliant or unlawful conduct.
2016-01-01,self_normalized,EBD7B63074BE8,Chrysalis Holdings LLC,false_positive,3,3.151614842545609,Complaint surge without a filing in the horizon,15.0,4.850544070285083,0.6061358035703155,,Feature-based description; absence of a filing is not evidence of compliant or unlawful conduct.
2016-01-01,self_normalized,E141256315B89,KEYCORP,false_positive,4,2.9481347692431665,Complaint surge without a filing in the horizon,64.0,3.067668269491386,0.2436220826577505,,Feature-based description; absence of a filing is not evidence of compliant or unlawful conduct.
2016-01-01,self_normalized,EA530F9DF6522,CrossCountry Mortgage LLC,false_positive,5,2.4498494843189045,Sparse complaint history or rank tie,7.0,3.8921418875609355,1.252762968495368,,Feature-based description; absence of a filing is not evidence of compliant or unlawful conduct.
2016-01-01,self_normalized,ED7AC947B93AB,TRUIST FINANCIAL CORP,false_positive,6,1.7724670826736697,Persistent high complaint volume,213.0,1.733927924855024,0.2524957633267371,,Feature-based description; absence of a filing is not evidence of compliant or unlawful conduct.
2016-01-01,self_normalized,EC6692485BEB4,CITIZENS FINANCIAL GROUP INC,false_positive,7,1.74840947933576,Persistent high complaint volume,247.0,1.7066356920807655,0.3323428432792017,,Feature-based description; absence of a filing is not evidence of compliant or unlawful conduct.
2016-01-01,self_normalized,E55D8798567B8,Finance of America Holdings LLC,false_positive,8,1.5886623975674243,Sparse complaint history or rank tie,11.0,2.716017170088297,0.47000362924573563,,Feature-based description; absence of a filing is not evidence of compliant or unlawful conduct.
2016-01-01,self_normalized,EDE60FD674DA6,"PLAZA HOME MORTGAGE, INC.",false_positive,10,1.4833221676012884,Complaint surge without a filing in the horizon,20.0,2.5721538329419316,0.36772478012531734,,Feature-based description; absence of a filing is not evidence of compliant or unlawful conduct.
2016-01-01,self_normalized,E1583D8BF9434,"Rocket Mortgage, LLC",false_positive,11,1.3335704154723564,Complaint surge without a filing in the horizon,299.0,2.3676376019472847,0.39716630529346925,,Feature-based description; absence of a filing is not evidence of compliant or unlawful conduct.
2016-01-01,self_normalized,E4907A144AE57,"CARDINAL FINANCIAL COMPANY, LIMITED PARTNERSHIP",false_positive,12,1.319512841514358,Complaint surge without a filing in the horizon,24.0,2.348439148493845,1.2039728043259361,,Feature-based description; absence of a filing is not evidence of compliant or unlawful conduct.
2016-01-01,self_normalized,E468B6E606834,WEBSTER FINANCIAL CORP,false_positive,13,1.31037486519625,Complaint surge without a filing in the horizon,15.0,1.2097057824650594,0.8754687373538999,,Feature-based description; absence of a filing is not evidence of compliant or unlawful conduct.
2016-01-01,self_normalized,E6BA7BF6F6970,"Fay Servicing, LLC",false_positive,14,1.27389286806043,Complaint surge without a filing in the horizon,155.0,3.2929069491674627,0.702716631576096,2017-06-07 00:00:00,Feature-based description; absence of a filing is not evidence of compliant or unlawful conduct.
2016-01-01,self_normalized,E9BB41D032619,"IMPAC MORTGAGE HOLDINGS, INC.",false_positive,15,1.1749832754002778,Complaint surge without a filing in the horizon,14.0,2.151054866115004,0.5108256237659907,,Feature-based description; absence of a filing is not evidence of compliant or unlawful conduct.
2016-01-01,self_normalized,E0FE83038482A,Franklin Credit Management Corporation,false_positive,16,1.158428407779469,Complaint surge without a filing in the horizon,24.0,3.1155563733941563,0.47000362924573563,,Feature-based description; absence of a filing is not evidence of compliant or unlawful conduct.
2016-01-01,self_normalized,ED481C2307342,Freedom Mortgage Company,false_positive,17,1.1578622502399154,Complaint surge without a filing in the horizon,165.0,2.127672651972046,0.2043004635127298,2019-06-05 00:00:00,Feature-based description; absence of a filing is not evidence of compliant or unlawful conduct.
2016-01-01,self_normalized,E3EF704205792,FIRST CITIZENS BANCSHARES INC,false_positive,18,1.11422201143325,Elevated structured signal without a filing,20.0,0.9871794871794872,0.36772478012531734,,Feature-based description; absence of a filing is not evidence of compliant or unlawful conduct.
2016-01-01,self_normalized,E973A2572465F,"CMG Financial Services, Inc.",false_positive,19,1.1123555148159467,Sparse complaint history or rank tie,11.0,2.065524023448704,0.8109302162163288,,Feature-based description; absence of a filing is not evidence of compliant or unlawful conduct.
2016-01-01,self_normalized,EA7E086856794,"BROKER SOLUTIONS, INC.",false_positive,20,1.0721708501075853,Complaint surge without a filing in the horizon,29.0,2.010643756252485,0.45953232937844013,,Feature-based description; absence of a filing is not evidence of compliant or unlawful conduct.
2016-01-01,self_normalized,E2C85F0E46692,AMERICAN ADVISORS GROUP,miss,24,0.9766268956534602,Signal present but ranked below top 20,31.0,1.8801592097848203,0.1823215567939546,2016-12-07 00:00:00,Feature-based description; absence of a filing is not evidence of compliant or unlawful conduct.
2017-01-01,A,E8CC698A4A61E,NAVY FEDERAL CREDIT UNION,false_positive,2,1.069149543731203,Complaint surge without a filing in the horizon,101.0,4.199040089565754,0.3331444465285383,,Feature-based description; absence of a filing is not evidence of compliant or unlawful conduct.
2017-01-01,A,E5823FB9F8455,BNP PARIBAS,false_positive,3,0.9808713847193147,Elevated structured signal without a filing,34.0,1.3972277986924126,0.4519851237430572,,Feature-based description; absence of a filing is not evidence of compliant or unlawful conduct.
2017-01-01,A,E36F4BD58BE4A,BANK OF NY MELLON CORP THE,false_positive,4,0.9347748416080488,Sparse complaint history or rank tie,2.0,3.791296826144271,1.0986122886681098,,Feature-based description; absence of a filing is not evidence of compliant or unlawful conduct.
2017-01-01,A,EC5C21EED4E5A,"Better Mortgage, Inc.",false_positive,5,0.8670405039277063,Sparse complaint history or rank tie,2.0,,1.0986122886681098,,Feature-based description; absence of a filing is not evidence of compliant or unlawful conduct.
2017-01-01,A,E9291B3C42904,DISCOVER FINANCIAL SERVICES,false_positive,6,0.6738166713777833,Sparse complaint history or rank tie,8.0,0.7087301771149285,0.4054651081081644,,Feature-based description; absence of a filing is not evidence of compliant or unlawful conduct.
2017-01-01,A,EA742F32A9337,PENTAGON FEDERAL CREDIT UNION,false_positive,7,0.6257715820152286,Elevated structured signal without a filing,40.0,-0.8715208609729955,0.4855078157817008,,Feature-based description; absence of a filing is not evidence of compliant or unlawful conduct.
2017-01-01,A,E5571C16499FD,HSBC HOLDINGS PLC,false_positive,8,0.6209412224111328,Persistent high complaint volume,566.0,-0.9101517440715817,-0.11986160634862615,,Feature-based description; absence of a filing is not evidence of compliant or unlawful conduct.
2017-01-01,A,E468B6E606834,WEBSTER FINANCIAL CORP,false_positive,9,0.4416055629326106,Sparse complaint history or rank tie,9.0,0.472485725240661,0.5596157879354227,,Feature-based description; absence of a filing is not evidence of compliant or unlawful conduct.
2017-01-01,A,E3E99D69D853D,Fairway Independent Mortgage Corporation,false_positive,10,0.3503662878120359,Complaint surge without a filing in the horizon,18.0,3.5258627183686753,0.4054651081081644,2024-10-15 00:00:00,Feature-based description; absence of a filing is not evidence of compliant or unlawful conduct.
2017-01-01,A,EC36798CEE27E,GATEWAY FIRST BCORP INC,false_positive,11,0.3448676119524431,Elevated structured signal without a filing,15.0,-0.45711056548104745,-0.6061358035703156,,Feature-based description; absence of a filing is not evidence of compliant or unlawful conduct.
2017-01-01,A,EB2869CB18595,FIRST BCORP,false_positive,12,0.325827528317596,Elevated structured signal without a filing,20.0,0.27977440924453667,0.0,,Feature-based description; absence of a filing is not evidence of compliant or unlawful conduct.
2017-01-01,A,E4AED565BA8B0,LAND HOME FINANCIAL SERVICES,false_positive,13,0.3257424475231964,Complaint surge without a filing in the horizon,14.0,2.2269892190634857,0.25131442828090617,,Feature-based description; absence of a filing is not evidence of compliant or unlawful conduct.
2017-01-01,A,E141256315B89,KEYCORP,false_positive,14,0.31690444734770284,Elevated structured signal without a filing,78.0,1.8438875102354444,-0.150282203049338,,Feature-based description; absence of a filing is not evidence of compliant or unlawful conduct.
2017-01-01,A,E3EF704205792,FIRST CITIZENS BANCSHARES INC,false_positive,15,0.28421915043233775,Elevated structured signal without a filing,16.0,0.8061268144424649,0.22314355131420976,,Feature-based description; absence of a filing is not evidence of compliant or unlawful conduct.
2017-01-01,A,EB2B27823D171,"Caliber Home Loans, Inc.",false_positive,16,0.2763908735468814,Persistent high complaint volume,761.0,1.7489425627352186,0.1549620388981376,,Feature-based description; absence of a filing is not evidence of compliant or unlawful conduct.
2017-01-01,A,ECF2F96AAE504,ALLY FINANCIAL INC,false_positive,17,0.2455086286852167,Elevated structured signal without a filing,13.0,1.2524050936172844,0.13353139262452257,,Feature-based description; absence of a filing is not evidence of compliant or unlawful conduct.
2017-01-01,A,E6C300C66AB15,American Financial Network Inc.,false_positive,18,0.2452795091048286,Sparse complaint history or rank tie,9.0,1.1575191880553315,0.5596157879354227,,Feature-based description; absence of a filing is not evidence of compliant or unlawful conduct.
2017-01-01,A,E0F85A0D4F508,Movement Mortgage LLC,false_positive,19,0.23624393145937234,Complaint surge without a filing in the horizon,32.0,3.310340617046334,0.8754687373538999,,Feature-based description; absence of a filing is not evidence of compliant or unlawful conduct.
2017-01-01,A,EB65DCEF09CD6,PARAMOUNT RESIDENTIAL MORTGAGE GROUP,false_positive,20,0.19748845591896153,Sparse complaint history or rank tie,11.0,1.1326660659492873,0.47000362924573563,,Feature-based description; absence of a filing is not evidence of compliant or unlawful conduct.
2017-01-01,A,E6BA7BF6F6970,"Fay Servicing, LLC",miss,74,-0.2745531124894164,No strong contemporaneous complaint anomaly,198.0,0.08598156869062591,-0.06001800972625292,2017-06-07 00:00:00,Feature-based description; absence of a filing is not evidence of compliant or unlawful conduct.
2017-01-01,A,E58809E9BF1B6,Ocwen Financial Corporation,miss,108,-0.7490749165698565,No strong contemporaneous complaint anomaly,3372.0,-1.8778955658364374,-0.19743793402606685,2017-04-20 00:00:00,Feature-based description; absence of a filing is not evidence of compliant or unlawful conduct.
2017-01-01,A,E1FC3BC613A71,NATIONSTAR MORTGAGE LLC,miss,109,-0.7900778568317787,No strong contemporaneous complaint anomaly,3147.0,-1.9421561579019302,-0.19175723749353904,2017-03-15 00:00:00,Feature-based description; absence of a filing is not evidence of compliant or unlawful conduct.
2017-01-01,C,EDC335F416F27,MidFirst Bank / Records family,false_positive,1,0.05218325824871926,Baseline-only hazard; no fitted complaint predictor,54.0,,0.8303483020734302,,Feature-based description; absence of a filing is not evidence of compliant or unlawful conduct.
2017-01-01,C,EC5C21EED4E5A,"Better Mortgage, Inc.",false_positive,2,0.050800987138439044,Baseline-only hazard; no fitted complaint predictor,2.0,,1.0986122886681098,,Feature-based description; absence of a filing is not evidence of compliant or unlawful conduct.
2017-01-01,C,E06161BBFB0B1,"PENNYMAC LOAN SERVICES, LLC.",false_positive,3,0.040714435052162615,Baseline-only hazard; no fitted complaint predictor,338.0,0.6890691527794511,0.0,,Feature-based description; absence of a filing is not evidence of compliant or unlawful conduct.
2017-01-01,C,E073BF657F5B1,"Seterus, Inc.",false_positive,4,0.040714435052162615,Baseline-only hazard; no fitted complaint predictor,961.0,0.048615264378235545,-0.20633643299782845,2020-12-18 00:00:00,Feature-based description; absence of a filing is not evidence of compliant or unlawful conduct.
2017-01-01,C,E0D610F1C9955,"AMA Advisors, LLC.",false_positive,5,0.040714435052162615,Baseline-only hazard; no fitted complaint predictor,47.0,-0.4053791175342958,-0.8183103235139514,,Feature-based description; absence of a filing is not evidence of compliant or unlawful conduct.
2017-01-01,C,E0F4D2A3DE7F9,FIRST HORIZON CORP,false_positive,6,0.040714435052162615,Baseline-only hazard; no fitted complaint predictor,25.0,0.1716428835148124,-0.07410797215372185,,Feature-based description; absence of a filing is not evidence of compliant or unlawful conduct.
2017-01-01,C,E0F85A0D4F508,Movement Mortgage LLC,false_positive,7,0.040714435052162615,Baseline-only hazard; no fitted complaint predictor,32.0,3.310340617046334,0.8754687373538999,,Feature-based description; absence of a filing is not evidence of compliant or unlawful conduct.
2017-01-01,C,E0FE83038482A,Franklin Credit Management Corporation,false_positive,8,0.040714435052162615,Baseline-only hazard; no fitted complaint predictor,35.0,-0.03142497287969884,-0.2719337154836418,,Feature-based description; absence of a filing is not evidence of compliant or unlawful conduct.
2017-01-01,C,E141256315B89,KEYCORP,false_positive,9,0.040714435052162615,Baseline-only hazard; no fitted complaint predictor,78.0,1.8438875102354444,-0.150282203049338,,Feature-based description; absence of a filing is not evidence of compliant or unlawful conduct.
2017-01-01,C,E1583D8BF9434,"Rocket Mortgage, LLC",false_positive,10,0.040714435052162615,Baseline-only hazard; no fitted complaint predictor,338.0,0.2863635727266789,0.01176484157958643,,Feature-based description; absence of a filing is not evidence of compliant or unlawful conduct.
2017-01-01,C,E182F7E774550,FCI Lender Services Inc.,false_positive,11,0.040714435052162615,Baseline-only hazard; no fitted complaint predictor,35.0,0.008206809975702641,-0.38299225225610584,,Feature-based description; absence of a filing is not evidence of compliant or unlawful conduct.
2017-01-01,C,E18CD77639D2E,"AmeriHome Mortgage Company, LLC",false_positive,12,0.040714435052162615,Baseline-only hazard; no fitted complaint predictor,32.0,2.2218423836340437,0.0,,Feature-based description; absence of a filing is not evidence of compliant or unlawful conduct.
2017-01-01,C,E1AC4ADE944DE,"Zions Bancorporation, N.A.",false_positive,13,0.040714435052162615,Baseline-only hazard; no fitted complaint predictor,18.0,1.2239234426805994,0.20067069546215124,,Feature-based description; absence of a filing is not evidence of compliant or unlawful conduct.
2017-01-01,C,E1E10FA19D799,EVERBANK FINANCIAL CORP,false_positive,14,0.040714435052162615,Baseline-only hazard; no fitted complaint predictor,127.0,-0.4144320222678854,0.015504186535965254,,Feature-based description; absence of a filing is not evidence of compliant or unlawful conduct.
2017-01-01,C,E1FDDE5D766D3,"Shellpoint Partners, LLC",false_positive,16,0.040714435052162615,Baseline-only hazard; no fitted complaint predictor,431.0,1.8030861798678088,0.11560200971002327,,Feature-based description; absence of a filing is not evidence of compliant or unlawful conduct.
2017-01-01,C,E204727426645,"CARRINGTON MORTGAGE SERVICES, LLC",false_positive,17,0.040714435052162615,Baseline-only hazard; no fitted complaint predictor,573.0,1.4324251387983453,0.06611102511206257,2022-11-17 00:00:00,Feature-based description; absence of a filing is not evidence of compliant or unlawful conduct.
2017-01-01,C,E299C7B39C453,Village Capital & Investment LLC,false_positive,18,0.040714435052162615,Baseline-only hazard; no fitted complaint predictor,3.0,-0.09169142669492945,-0.40546510810816444,2018-12-04 00:00:00,Feature-based description; absence of a filing is not evidence of compliant or unlawful conduct.
2017-01-01,C,E2ADFA9D6F7D0,TORONTO-DOMINION BANK THE,false_positive,19,0.040714435052162615,Baseline-only hazard; no fitted complaint predictor,156.0,0.01715441440910786,-0.10135249426028746,,Feature-based description; absence of a filing is not evidence of compliant or unlawful conduct.
2017-01-01,C,E58809E9BF1B6,Ocwen Financial Corporation,miss,41,0.040714435052162615,Baseline-only hazard; no fitted complaint predictor,3372.0,-1.8778955658364374,-0.19743793402606685,2017-04-20 00:00:00,Feature-based description; absence of a filing is not evidence of compliant or unlawful conduct.
2017-01-01,C,E6BA7BF6F6970,"Fay Servicing, LLC",miss,44,0.040714435052162615,Baseline-only hazard; no fitted complaint predictor,198.0,0.08598156869062591,-0.06001800972625292,2017-06-07 00:00:00,Feature-based description; absence of a filing is not evidence of compliant or unlawful conduct.
2017-01-01,prior_action,EC2C27F26E8F0,BANK OF AMERICA CORP,false_positive,2,8.289790583181643,Persistent high complaint volume,3982.0,-1.0836016202771448,0.016064602503806622,2023-11-28 00:00:00,Feature-based description; absence of a filing is not evidence of compliant or unlawful conduct.
2017-01-01,prior_action,EB163C5D356CB,"SELECT PORTFOLIO SERVICING, INC.",false_positive,4,7.231287004327616,Persistent high complaint volume,1381.0,0.9359509617640156,0.11436889782312562,,Feature-based description; absence of a filing is not evidence of compliant or unlawful conduct.
2017-01-01,prior_action,EFEEA1A616991,CITIGROUP INC,false_positive,5,7.059617628291383,Persistent high complaint volume,1163.0,-1.4987898765846803,-0.02575249610241474,,Feature-based description; absence of a filing is not evidence of compliant or unlawful conduct.
2017-01-01,prior_action,E073BF657F5B1,"Seterus, Inc.",false_positive,6,6.8690144506657065,Persistent high complaint volume,961.0,0.048615264378235545,-0.20633643299782845,2020-12-18 00:00:00,Feature-based description; absence of a filing is not evidence of compliant or unlawful conduct.
2017-01-01,prior_action,EFB32B9881EC7,Specialized Loan Servicing Holdings LLC,false_positive,7,6.841615476477592,Persistent high complaint volume,935.0,1.280068915311401,-0.03201981123477148,2020-05-11 00:00:00,Feature-based description; absence of a filing is not evidence of compliant or unlawful conduct.
2017-01-01,prior_action,E9924BD19EECC,U S BCORP,false_positive,8,6.669498089857879,Persistent high complaint volume,787.0,-1.2954547751504515,-0.03802739558923925,,Feature-based description; absence of a filing is not evidence of compliant or unlawful conduct.
2017-01-01,prior_action,EB2B27823D171,"Caliber Home Loans, Inc.",false_positive,9,6.635946555686647,Persistent high complaint volume,761.0,1.7489425627352186,0.1549620388981376,,Feature-based description; absence of a filing is not evidence of compliant or unlawful conduct.
2017-01-01,prior_action,EC88D0EDB5407,PNC FINL SERVICES GROUP INC,false_positive,10,6.470799503782602,Persistent high complaint volume,645.0,-1.028756852984367,-0.015456258236691802,,Feature-based description; absence of a filing is not evidence of compliant or unlawful conduct.
2017-01-01,prior_action,E204727426645,"CARRINGTON MORTGAGE SERVICES, LLC",false_positive,11,6.352629396319567,Persistent high complaint volume,573.0,1.4324251387983453,0.06611102511206257,2022-11-17 00:00:00,Feature-based description; absence of a filing is not evidence of compliant or unlawful conduct.
2017-01-01,prior_action,E5571C16499FD,HSBC HOLDINGS PLC,false_positive,12,6.340359303727752,Persistent high complaint volume,566.0,-0.9101517440715817,-0.11986160634862615,,Feature-based description; absence of a filing is not evidence of compliant or unlawful conduct.
2017-01-01,prior_action,ED481C2307342,Freedom Mortgage Company,false_positive,13,6.218600119691729,Complaint surge without a filing in the horizon,501.0,2.1592081851782363,0.1794061028338305,2019-06-05 00:00:00,Feature-based description; absence of a filing is not evidence of compliant or unlawful conduct.
2017-01-01,prior_action,E7BC26E9E7EDD,"Community Loan Servicing, LLC (formerly known as Bayview Loan Servicing, LLC)",false_positive,14,6.102558594613569,Persistent high complaint volume,446.0,1.2646025461811097,0.125163142954006,,Feature-based description; absence of a filing is not evidence of compliant or unlawful conduct.
2017-01-01,prior_action,E1FDDE5D766D3,"Shellpoint Partners, LLC",false_positive,15,6.068425588244111,Persistent high complaint volume,431.0,1.8030861798678088,0.11560200971002327,,Feature-based description; absence of a filing is not evidence of compliant or unlawful conduct.
2017-01-01,prior_action,E796248861ED3,M&T BANK CORP,false_positive,16,5.8664680569332965,Persistent high complaint volume,352.0,0.06276488677452664,-0.011299555253933394,,Feature-based description; absence of a filing is not evidence of compliant or unlawful conduct.
2017-01-01,prior_action,EE2ED85757AB4,Selene Finance LP,false_positive,17,5.8289456176102075,Persistent high complaint volume,339.0,0.3712931571102572,0.2297442353455618,,Feature-based description; absence of a filing is not evidence of compliant or unlawful conduct.
2017-01-01,prior_action,E06161BBFB0B1,"PENNYMAC LOAN SERVICES, LLC.",false_positive,18,5.82600010738045,Persistent high complaint volume,338.0,0.6890691527794511,0.0,,Feature-based description; absence of a filing is not evidence of compliant or unlawful conduct.
2017-01-01,prior_action,E1583D8BF9434,"Rocket Mortgage, LLC",false_positive,19,5.82600010738045,Persistent high complaint volume,338.0,0.2863635727266789,0.01176484157958643,,Feature-based description; absence of a filing is not evidence of compliant or unlawful conduct.
2017-01-01,prior_action,EAC8B1082E172,RoundPoint Mortgage Servicing LLC,false_positive,20,5.762051382780177,Persistent high complaint volume,317.0,1.378907495401353,0.2712433461086211,,Feature-based description; absence of a filing is not evidence of compliant or unlawful conduct.
2017-01-01,prior_action,E6BA7BF6F6970,"Fay Servicing, LLC",miss,24,5.293304824724492,No strong contemporaneous complaint anomaly,198.0,0.08598156869062591,-0.06001800972625292,2017-06-07 00:00:00,Feature-based description; absence of a filing is not evidence of compliant or unlawful conduct.
2017-01-01,prior_action,E2C144F51D5CE,"PLANET HOME LENDING, LLC",miss,46,4.127134385045092,Signal present but ranked below top 20,61.0,4.804025266631019,0.35282137462274243,2017-01-31 00:00:00,Feature-based description; absence of a filing is not evidence of compliant or unlawful conduct.
2017-01-01,random,E4907A144AE57,"CARDINAL FINANCIAL COMPANY, LIMITED PARTNERSHIP",false_positive,1,0.9984796000015367,Complaint surge without a filing in the horizon,41.0,2.3207183352226726,0.6241543090729939,,Feature-based description; absence of a filing is not evidence of compliant or unlawful conduct.
2017-01-01,random,E5AD7D28D6C06,Union Home Mortgage Corp,false_positive,2,0.987230799892853,Sparse complaint history or rank tie,2.0,2.788866755113585,1.0986122886681098,,Feature-based description; absence of a filing is not evidence of compliant or unlawful conduct.
2017-01-01,random,E806DAD516CDE,Arbor Residential Mortgage LLC,false_positive,4,0.961846824548151,Elevated structured signal without a filing,71.0,-1.2095363944099349,-0.6523251860396901,,Feature-based description; absence of a filing is not evidence of compliant or unlawful conduct.
2017-01-01,random,E141256315B89,KEYCORP,false_positive,5,0.9538410479396563,Elevated structured signal without a filing,78.0,1.8438875102354444,-0.150282203049338,,Feature-based description; absence of a filing is not evidence of compliant or unlawful conduct.
2017-01-01,random,E99C4F19CABA9,FIFTH THIRD BCORP,false_positive,6,0.9472268057825382,Persistent high complaint volume,189.0,-0.5189768300645092,-0.03141619623337893,,Feature-based description; absence of a filing is not evidence of compliant or unlawful conduct.
2017-01-01,random,E7BC26E9E7EDD,"Community Loan Servicing, LLC (formerly known as Bayview Loan Servicing, LLC)",false_positive,7,0.9413617513861837,Persistent high complaint volume,446.0,1.2646025461811097,0.125163142954006,,Feature-based description; absence of a filing is not evidence of compliant or unlawful conduct.
2017-01-01,random,E20E78396D860,"Peer Advisors, LLC",false_positive,8,0.9342926785518284,Sparse complaint history or rank tie,9.0,-0.7237994818404896,-0.1823215567939546,,Feature-based description; absence of a filing is not evidence of compliant or unlawful conduct.
2017-01-01,random,EFA4E9E07892E,"LD Holdings Group, LLC",false_positive,9,0.9277860343892597,Persistent high complaint volume,146.0,1.7614229110210855,0.08112554481236853,,Feature-based description; absence of a filing is not evidence of compliant or unlawful conduct.
2017-01-01,random,E973A2572465F,"CMG Financial Services, Inc.",false_positive,10,0.9264456248265281,Sparse complaint history or rank tie,8.0,-1.2335879094879223,-0.40546510810816444,,Feature-based description; absence of a filing is not evidence of compliant or unlawful conduct.
2017-01-01,random,ED481C2307342,Freedom Mortgage Company,false_positive,11,0.9251524031121462,Complaint surge without a filing in the horizon,501.0,2.1592081851782363,0.1794061028338305,2019-06-05 00:00:00,Feature-based description; absence of a filing is not evidence of compliant or unlawful conduct.
2017-01-01,random,EDE60FD674DA6,"PLAZA HOME MORTGAGE, INC.",false_positive,12,0.9231200921417362,Elevated structured signal without a filing,33.0,-0.27083311768364177,0.17185025692665923,,Feature-based description; absence of a filing is not evidence of compliant or unlawful conduct.
2017-01-01,random,EBA75D3B76656,CAPITAL ONE FINANCIAL CORP,false_positive,13,0.914238989628243,Persistent high complaint volume,183.0,-1.0499868468248266,-0.18430371799794587,,Feature-based description; absence of a filing is not evidence of compliant or unlawful conduct.
2017-01-01,random,E595375A39DFA,MidAmerica Mortgage Inc,false_positive,14,0.9130943681409326,Sparse complaint history or rank tie,5.0,-0.6950746969612893,-0.916290731874155,,Feature-based description; absence of a filing is not evidence of compliant or unlawful conduct.
2017-01-01,random,E0FE83038482A,Franklin Credit Management Corporation,false_positive,15,0.9071925820213155,Elevated structured signal without a filing,35.0,-0.03142497287969884,-0.2719337154836418,,Feature-based description; absence of a filing is not evidence of compliant or unlawful conduct.
2017-01-01,random,EA25032638622,"American Financial Resources, Inc.",false_positive,16,0.9040627324989032,Elevated structured signal without a filing,32.0,1.504693200948711,0.11778303565638346,,Feature-based description; absence of a filing is not evidence of compliant or unlawful conduct.
2017-01-01,random,E6E7EB400BFED,NVR INC.,false_positive,17,0.8972004596254507,Elevated structured signal without a filing,15.0,-0.3694825934389736,-0.11778303565638351,,Feature-based description; absence of a filing is not evidence of compliant or unlawful conduct.
2017-01-01,random,E9291B3C42904,DISCOVER FINANCIAL SERVICES,false_positive,18,0.8858921774112467,Sparse complaint history or rank tie,8.0,0.7087301771149285,0.4054651081081644,,Feature-based description; absence of a filing is not evidence of compliant or unlawful conduct.
2017-01-01,random,E55E8F997C41C,"PRIMELENDING, A PLAINSCAPITAL COMPANY",false_positive,19,0.8830509164958789,Elevated structured signal without a filing,27.0,-1.3477894014550742,0.20763936477824455,,Feature-based description; absence of a filing is not evidence of compliant or unlawful conduct.
2017-01-01,random,EDCBA28169857,Southwest Business Corporation,false_positive,20,0.8711055234785678,Sparse complaint history or rank tie,4.0,-0.4166648954974754,0.0,,Feature-based description; absence of a filing is not evidence of compliant or unlawful conduct.
2017-01-01,random,E1FC3BC613A71,NATIONSTAR MORTGAGE LLC,miss,24,0.8637789920391044,No strong contemporaneous complaint anomaly,3147.0,-1.9421561579019302,-0.19175723749353904,2017-03-15 00:00:00,Feature-based description; absence of a filing is not evidence of compliant or unlawful conduct.
2017-01-01,random,E6BA7BF6F6970,"Fay Servicing, LLC",miss,78,0.4094404023412009,No strong contemporaneous complaint anomaly,198.0,0.08598156869062591,-0.06001800972625292,2017-06-07 00:00:00,Feature-based description; absence of a filing is not evidence of compliant or unlawful conduct.
2017-01-01,random,E2C144F51D5CE,"PLANET HOME LENDING, LLC",miss,110,0.048297509769105816,Signal present but ranked below top 20,61.0,4.804025266631019,0.35282137462274243,2017-01-31 00:00:00,Feature-based description; absence of a filing is not evidence of compliant or unlawful conduct.
2017-01-01,raw_count,EC2C27F26E8F0,BANK OF AMERICA CORP,false_positive,1,3982.0,Persistent high complaint volume,3982.0,-1.0836016202771448,0.016064602503806622,2023-11-28 00:00:00,Feature-based description; absence of a filing is not evidence of compliant or unlawful conduct.
2017-01-01,raw_count,EB163C5D356CB,"SELECT PORTFOLIO SERVICING, INC.",false_positive,4,1381.0,Persistent high complaint volume,1381.0,0.9359509617640156,0.11436889782312562,,Feature-based description; absence of a filing is not evidence of compliant or unlawful conduct.
2017-01-01,raw_count,EFEEA1A616991,CITIGROUP INC,false_positive,5,1163.0,Persistent high complaint volume,1163.0,-1.4987898765846803,-0.02575249610241474,,Feature-based description; absence of a filing is not evidence of compliant or unlawful conduct.
2017-01-01,raw_count,E073BF657F5B1,"Seterus, Inc.",false_positive,6,961.0,Persistent high complaint volume,961.0,0.048615264378235545,-0.20633643299782845,2020-12-18 00:00:00,Feature-based description; absence of a filing is not evidence of compliant or unlawful conduct.
2017-01-01,raw_count,EFB32B9881EC7,Specialized Loan Servicing Holdings LLC,false_positive,7,935.0,Persistent high complaint volume,935.0,1.280068915311401,-0.03201981123477148,2020-05-11 00:00:00,Feature-based description; absence of a filing is not evidence of compliant or unlawful conduct.
2017-01-01,raw_count,E9924BD19EECC,U S BCORP,false_positive,8,787.0,Persistent high complaint volume,787.0,-1.2954547751504515,-0.03802739558923925,,Feature-based description; absence of a filing is not evidence of compliant or unlawful conduct.
2017-01-01,raw_count,EB2B27823D171,"Caliber Home Loans, Inc.",false_positive,9,761.0,Persistent high complaint volume,761.0,1.7489425627352186,0.1549620388981376,,Feature-based description; absence of a filing is not evidence of compliant or unlawful conduct.
2017-01-01,raw_count,EC88D0EDB5407,PNC FINL SERVICES GROUP INC,false_positive,10,645.0,Persistent high complaint volume,645.0,-1.028756852984367,-0.015456258236691802,,Feature-based description; absence of a filing is not evidence of compliant or unlawful conduct.
2017-01-01,raw_count,E204727426645,"CARRINGTON MORTGAGE SERVICES, LLC",false_positive,11,573.0,Persistent high complaint volume,573.0,1.4324251387983453,0.06611102511206257,2022-11-17 00:00:00,Feature-based description; absence of a filing is not evidence of compliant or unlawful conduct.
2017-01-01,raw_count,E5571C16499FD,HSBC HOLDINGS PLC,false_positive,12,566.0,Persistent high complaint volume,566.0,-0.9101517440715817,-0.11986160634862615,,Feature-based description; absence of a filing is not evidence of compliant or unlawful conduct.
2017-01-01,raw_count,ED481C2307342,Freedom Mortgage Company,false_positive,13,501.0,Complaint surge without a filing in the horizon,501.0,2.1592081851782363,0.1794061028338305,2019-06-05 00:00:00,Feature-based description; absence of a filing is not evidence of compliant or unlawful conduct.
2017-01-01,raw_count,E7BC26E9E7EDD,"Community Loan Servicing, LLC (formerly known as Bayview Loan Servicing, LLC)",false_positive,14,446.0,Persistent high complaint volume,446.0,1.2646025461811097,0.125163142954006,,Feature-based description; absence of a filing is not evidence of compliant or unlawful conduct.
2017-01-01,raw_count,E1FDDE5D766D3,"Shellpoint Partners, LLC",false_positive,15,431.0,Persistent high complaint volume,431.0,1.8030861798678088,0.11560200971002327,,Feature-based description; absence of a filing is not evidence of compliant or unlawful conduct.
2017-01-01,raw_count,E796248861ED3,M&T BANK CORP,false_positive,16,352.0,Persistent high complaint volume,352.0,0.06276488677452664,-0.011299555253933394,,Feature-based description; absence of a filing is not evidence of compliant or unlawful conduct.
2017-01-01,raw_count,EE2ED85757AB4,Selene Finance LP,false_positive,17,339.0,Persistent high complaint volume,339.0,0.3712931571102572,0.2297442353455618,,Feature-based description; absence of a filing is not evidence of compliant or unlawful conduct.
2017-01-01,raw_count,E06161BBFB0B1,"PENNYMAC LOAN SERVICES, LLC.",false_positive,18,338.0,Persistent high complaint volume,338.0,0.6890691527794511,0.0,,Feature-based description; absence of a filing is not evidence of compliant or unlawful conduct.
2017-01-01,raw_count,E1583D8BF9434,"Rocket Mortgage, LLC",false_positive,19,338.0,Persistent high complaint volume,338.0,0.2863635727266789,0.01176484157958643,,Feature-based description; absence of a filing is not evidence of compliant or unlawful conduct.
2017-01-01,raw_count,EAC8B1082E172,RoundPoint Mortgage Servicing LLC,false_positive,20,317.0,Persistent high complaint volume,317.0,1.378907495401353,0.2712433461086211,,Feature-based description; absence of a filing is not evidence of compliant or unlawful conduct.
2017-01-01,raw_count,E6BA7BF6F6970,"Fay Servicing, LLC",miss,24,198.0,No strong contemporaneous complaint anomaly,198.0,0.08598156869062591,-0.06001800972625292,2017-06-07 00:00:00,Feature-based description; absence of a filing is not evidence of compliant or unlawful conduct.
2017-01-01,raw_count,E2C144F51D5CE,"PLANET HOME LENDING, LLC",miss,46,61.0,Signal present but ranked below top 20,61.0,4.804025266631019,0.35282137462274243,2017-01-31 00:00:00,Feature-based description; absence of a filing is not evidence of compliant or unlawful conduct.
2017-01-01,self_normalized,E8CC698A4A61E,NAVY FEDERAL CREDIT UNION,false_positive,1,4.581641898346445,Complaint surge without a filing in the horizon,101.0,4.199040089565754,0.3331444465285383,,Feature-based description; absence of a filing is not evidence of compliant or unlawful conduct.
2017-01-01,self_normalized,E36F4BD58BE4A,BANK OF NY MELLON CORP THE,false_positive,2,3.3872391790001783,Sparse complaint history or rank tie,2.0,3.791296826144271,1.0986122886681098,,Feature-based description; absence of a filing is not evidence of compliant or unlawful conduct.
2017-01-01,self_normalized,E3E99D69D853D,Fairway Independent Mortgage Corporation,false_positive,4,2.1207947017894697,Complaint surge without a filing in the horizon,18.0,3.5258627183686753,0.4054651081081644,2024-10-15 00:00:00,Feature-based description; absence of a filing is not evidence of compliant or unlawful conduct.
2017-01-01,self_normalized,E0F85A0D4F508,Movement Mortgage LLC,false_positive,5,1.9586112443767232,Complaint surge without a filing in the horizon,32.0,3.310340617046334,0.8754687373538999,,Feature-based description; absence of a filing is not evidence of compliant or unlawful conduct.
2017-01-01,self_normalized,E141256315B89,KEYCORP,false_positive,6,1.728112616576509,Elevated structured signal without a filing,78.0,1.8438875102354444,-0.150282203049338,,Feature-based description; absence of a filing is not evidence of compliant or unlawful conduct.
2017-01-01,self_normalized,E5AD7D28D6C06,Union Home Mortgage Corp,false_positive,7,1.566194720225732,Sparse complaint history or rank tie,2.0,2.788866755113585,1.0986122886681098,,Feature-based description; absence of a filing is not evidence of compliant or unlawful conduct.
2017-01-01,self_normalized,E41CFAD8559FE,"Pacific Union Financial, LLC",false_positive,8,1.5130927659114037,Complaint surge without a filing in the horizon,75.0,2.718300712431309,0.28768207245178085,,Feature-based description; absence of a filing is not evidence of compliant or unlawful conduct.
2017-01-01,self_normalized,E3386A41C1D8E,"LAKEVIEW LOAN SERVICING, LLC",false_positive,9,1.4569691862166285,Complaint surge without a filing in the horizon,29.0,3.352891670801677,0.32542240043462795,,Feature-based description; absence of a filing is not evidence of compliant or unlawful conduct.
2017-01-01,self_normalized,EB82EE4EBB125,UNITED SERVICES AUTOMOBILE ASSN,false_positive,10,1.4326459421576716,Persistent high complaint volume,112.0,1.4970818069602811,0.1758906664636642,,Feature-based description; absence of a filing is not evidence of compliant or unlawful conduct.
2017-01-01,self_normalized,E718D7EB76BA7,BBVA USA / Banco Bilbao Vizcaya Argentaria,false_positive,11,1.3665842113653175,Elevated structured signal without a filing,56.0,1.4195414716514672,0.20763936477824455,,Feature-based description; absence of a filing is not evidence of compliant or unlawful conduct.
2017-01-01,self_normalized,E5823FB9F8455,BNP PARIBAS,false_positive,12,1.3475737202430005,Elevated structured signal without a filing,34.0,1.3972277986924126,0.4519851237430572,,Feature-based description; absence of a filing is not evidence of compliant or unlawful conduct.
2017-01-01,self_normalized,ECF2F96AAE504,ALLY FINANCIAL INC,false_positive,13,1.2241896967255512,Elevated structured signal without a filing,13.0,1.2524050936172844,0.13353139262452257,,Feature-based description; absence of a filing is not evidence of compliant or unlawful conduct.
2017-01-01,self_normalized,E4907A144AE57,"CARDINAL FINANCIAL COMPANY, LIMITED PARTNERSHIP",false_positive,14,1.2139063523303875,Complaint surge without a filing in the horizon,41.0,2.3207183352226726,0.6241543090729939,,Feature-based description; absence of a filing is not evidence of compliant or unlawful conduct.
2017-01-01,self_normalized,E1AC4ADE944DE,"Zions Bancorporation, N.A.",false_positive,15,1.199924297959766,Elevated structured signal without a filing,18.0,1.2239234426805994,0.20067069546215124,,Feature-based description; absence of a filing is not evidence of compliant or unlawful conduct.
2017-01-01,self_normalized,E4AED565BA8B0,LAND HOME FINANCIAL SERVICES,false_positive,16,1.1433738546159078,Complaint surge without a filing in the horizon,14.0,2.2269892190634857,0.25131442828090617,,Feature-based description; absence of a filing is not evidence of compliant or unlawful conduct.
2017-01-01,self_normalized,E18CD77639D2E,"AmeriHome Mortgage Company, LLC",false_positive,17,1.1395007874939755,Complaint surge without a filing in the horizon,32.0,2.2218423836340437,0.0,,Feature-based description; absence of a filing is not evidence of compliant or unlawful conduct.
2017-01-01,self_normalized,ED481C2307342,Freedom Mortgage Company,false_positive,18,1.0923676591720404,Complaint surge without a filing in the horizon,501.0,2.1592081851782363,0.1794061028338305,2019-06-05 00:00:00,Feature-based description; absence of a filing is not evidence of compliant or unlawful conduct.
2017-01-01,self_normalized,E9A9FF2B46D0A,"SUN WEST MORTGAGE COMPANY, INC.",false_positive,19,0.9370549279966972,Elevated structured signal without a filing,40.0,1.9528164438810074,0.19105523676270922,,Feature-based description; absence of a filing is not evidence of compliant or unlawful conduct.
2017-01-01,self_normalized,E4C87DEE7BA6C,GUARANTEED RATE INC.,false_positive,20,0.9362557035975357,Elevated structured signal without a filing,26.0,1.9517543718011343,0.28768207245178085,,Feature-based description; absence of a filing is not evidence of compliant or unlawful conduct.
2017-01-01,self_normalized,E6BA7BF6F6970,"Fay Servicing, LLC",miss,94,-0.9712967143905188,No strong contemporaneous complaint anomaly,198.0,0.08598156869062591,-0.06001800972625292,2017-06-07 00:00:00,Feature-based description; absence of a filing is not evidence of compliant or unlawful conduct.
2017-01-01,self_normalized,E58809E9BF1B6,Ocwen Financial Corporation,miss,113,-2.4310295290990025,No strong contemporaneous complaint anomaly,3372.0,-1.8778955658364374,-0.19743793402606685,2017-04-20 00:00:00,Feature-based description; absence of a filing is not evidence of compliant or unlawful conduct.
2017-01-01,self_normalized,E1FC3BC613A71,NATIONSTAR MORTGAGE LLC,miss,114,-2.4787938689761937,No strong contemporaneous complaint anomaly,3147.0,-1.9421561579019302,-0.19175723749353904,2017-03-15 00:00:00,Feature-based description; absence of a filing is not evidence of compliant or unlawful conduct.
2018-01-01,A,E36F4BD58BE4A,BANK OF NY MELLON CORP THE,false_positive,1,2.4644041983365885,Sparse complaint history or rank tie,4.0,2.3584251762922883,1.6094379124341003,,Feature-based description; absence of a filing is not evidence of compliant or unlawful conduct.
2018-01-01,A,EC2ADB5FF5E55,Supreme Lending,false_positive,2,0.9191197806976209,Sparse complaint history or rank tie,4.0,0.04851854247829852,1.6094379124341003,,Feature-based description; absence of a filing is not evidence of compliant or unlawful conduct.
2018-01-01,A,E5AD7D28D6C06,Union Home Mortgage Corp,false_positive,3,0.8728018743868345,Sparse complaint history or rank tie,3.0,-0.516811394121702,1.3862943611198906,,Feature-based description; absence of a filing is not evidence of compliant or unlawful conduct.
2018-01-01,A,EB2869CB18595,FIRST BCORP,false_positive,4,0.80372774172237,Sparse complaint history or rank tie,9.0,-0.9264763128965349,0.5596157879354227,,Feature-based description; absence of a filing is not evidence of compliant or unlawful conduct.
2018-01-01,A,EB7F1B7690613,PRIMARY RESIDENTIAL MORTGAGE,false_positive,5,0.6921086770811019,Elevated structured signal without a filing,17.0,1.6668862500934625,0.3184537311185346,,Feature-based description; absence of a filing is not evidence of compliant or unlawful conduct.
2018-01-01,A,E41CFAD8559FE,"Pacific Union Financial, LLC",false_positive,6,0.5856474412288595,Complaint surge without a filing in the horizon,95.0,2.1724736977463768,0.3541718137206139,,Feature-based description; absence of a filing is not evidence of compliant or unlawful conduct.
2018-01-01,A,E3EF704205792,FIRST CITIZENS BANCSHARES INC,false_positive,7,0.5540301015204332,Sparse complaint history or rank tie,9.0,-0.23458782266111022,-0.1823215567939546,,Feature-based description; absence of a filing is not evidence of compliant or unlawful conduct.
2018-01-01,A,E595375A39DFA,MidAmerica Mortgage Inc,false_positive,8,0.5427149923205828,Sparse complaint history or rank tie,3.0,1.4324174850254476,0.4054651081081644,,Feature-based description; absence of a filing is not evidence of compliant or unlawful conduct.
2018-01-01,A,EBA3A552C2F88,MORTGAGE SOLUTIONS OF COLORADO,false_positive,9,0.5176420885739867,Sparse complaint history or rank tie,9.0,2.3260756693030586,0.9808292530117262,,Feature-based description; absence of a filing is not evidence of compliant or unlawful conduct.
2018-01-01,A,E0F4D2A3DE7F9,FIRST HORIZON CORP,false_positive,10,0.5069781045154793,Elevated structured signal without a filing,16.0,-0.09437370565665046,-0.2231435513142097,,Feature-based description; absence of a filing is not evidence of compliant or unlawful conduct.
2018-01-01,A,E55D8798567B8,Finance of America Holdings LLC,false_positive,11,0.4452742892989262,Sparse complaint history or rank tie,10.0,0.8043927690152314,-0.3364722366212129,,Feature-based description; absence of a filing is not evidence of compliant or unlawful conduct.
2018-01-01,A,E9BB41D032619,"IMPAC MORTGAGE HOLDINGS, INC.",false_positive,12,0.4083144124876184,Elevated structured signal without a filing,25.0,1.0333372640404614,-0.07410797215372185,,Feature-based description; absence of a filing is not evidence of compliant or unlawful conduct.
2018-01-01,A,E4C87DEE7BA6C,GUARANTEED RATE INC.,false_positive,13,0.4061481407313671,Complaint surge without a filing in the horizon,32.0,2.9285979000229774,0.3566749439387324,,Feature-based description; absence of a filing is not evidence of compliant or unlawful conduct.
2018-01-01,A,EDCBA28169857,Southwest Business Corporation,false_positive,14,0.3944106404068053,Complaint surge without a filing in the horizon,18.0,2.107078984507645,0.20067069546215124,,Feature-based description; absence of a filing is not evidence of compliant or unlawful conduct.
2018-01-01,A,E973A2572465F,"CMG Financial Services, Inc.",false_positive,15,0.3638288421988405,Sparse complaint history or rank tie,11.0,2.201224168654992,0.8109302162163288,,Feature-based description; absence of a filing is not evidence of compliant or unlawful conduct.
2018-01-01,A,EABB6242BEA4E,SN SERVICING CORPORATION,false_positive,16,0.3417453233742564,Elevated structured signal without a filing,30.0,1.5897731710779668,-0.12516314295400605,,Feature-based description; absence of a filing is not evidence of compliant or unlawful conduct.
2018-01-01,A,E8CC698A4A61E,NAVY FEDERAL CREDIT UNION,false_positive,17,0.3058008543776649,Persistent high complaint volume,114.0,0.07850265101199887,-0.3483066942682157,,Feature-based description; absence of a filing is not evidence of compliant or unlawful conduct.
2018-01-01,A,EE8D973B13F37,"PulteGroup, Inc.",false_positive,18,0.261065215011381,Sparse complaint history or rank tie,3.0,-1.4233928392931892,-0.40546510810816444,,Feature-based description; absence of a filing is not evidence of compliant or unlawful conduct.
2018-01-01,A,E6C300C66AB15,American Financial Network Inc.,false_positive,19,0.21211826458122723,Elevated structured signal without a filing,14.0,1.3699842347003093,0.0,,Feature-based description; absence of a filing is not evidence of compliant or unlawful conduct.
2018-01-01,A,E3AAEFE62826F,Home Point Financial Corporation,false_positive,20,0.1838869425809358,Complaint surge without a filing in the horizon,33.0,2.7895556193343203,0.6505875661411494,,Feature-based description; absence of a filing is not evidence of compliant or unlawful conduct.
2018-01-01,A,E299C7B39C453,Village Capital & Investment LLC,miss,24,0.1496942409389817,Sparse complaint signal before filing,8.0,0.30171516912352003,0.4054651081081644,2018-12-04 00:00:00,Feature-based description; absence of a filing is not evidence of compliant or unlawful conduct.
2018-01-01,B,E06161BBFB0B1,"PENNYMAC LOAN SERVICES, LLC.",false_positive,1,0.0334570018443407,Baseline-only hazard; no fitted complaint predictor,291.0,-0.5256402539475216,-0.22621575035117997,,Feature-based description; absence of a filing is not evidence of compliant or unlawful conduct.
2018-01-01,B,E073BF657F5B1,"Seterus, Inc.",false_positive,2,0.0334570018443407,Baseline-only hazard; no fitted complaint predictor,581.0,-1.680668731354772,-0.4140488517995559,2020-12-18 00:00:00,Feature-based description; absence of a filing is not evidence of compliant or unlawful conduct.
2018-01-01,B,E0D610F1C9955,"AMA Advisors, LLC.",false_positive,3,0.0334570018443407,Baseline-only hazard; no fitted complaint predictor,39.0,0.7569493811255797,-0.048790164169432056,,Feature-based description; absence of a filing is not evidence of compliant or unlawful conduct.
2018-01-01,B,E0F4D2A3DE7F9,FIRST HORIZON CORP,false_positive,4,0.0334570018443407,Baseline-only hazard; no fitted complaint predictor,16.0,-0.09437370565665046,-0.2231435513142097,,Feature-based description; absence of a filing is not evidence of compliant or unlawful conduct.
2018-01-01,B,E0F85A0D4F508,Movement Mortgage LLC,false_positive,5,0.0334570018443407,Baseline-only hazard; no fitted complaint predictor,34.0,0.7939825888354257,0.1112256351102244,,Feature-based description; absence of a filing is not evidence of compliant or unlawful conduct.
2018-01-01,B,E0FE83038482A,Franklin Credit Management Corporation,false_positive,6,0.0334570018443407,Baseline-only hazard; no fitted complaint predictor,21.0,-0.11960685932610624,-0.262364264467491,,Feature-based description; absence of a filing is not evidence of compliant or unlawful conduct.
2018-01-01,B,E141256315B89,KEYCORP,false_positive,7,0.0334570018443407,Baseline-only hazard; no fitted complaint predictor,136.0,-0.13351563071497594,-0.5968160716215132,,Feature-based description; absence of a filing is not evidence of compliant or unlawful conduct.
2018-01-01,B,E1583D8BF9434,"Rocket Mortgage, LLC",false_positive,8,0.0334570018443407,Baseline-only hazard; no fitted complaint predictor,251.0,-1.420543118809516,-0.37590630586662,,Feature-based description; absence of a filing is not evidence of compliant or unlawful conduct.
2018-01-01,B,E182F7E774550,FCI Lender Services Inc.,false_positive,9,0.0334570018443407,Baseline-only hazard; no fitted complaint predictor,23.0,-0.7926191188063811,0.08004270767353636,,Feature-based description; absence of a filing is not evidence of compliant or unlawful conduct.
2018-01-01,B,E18CD77639D2E,"AmeriHome Mortgage Company, LLC",false_positive,10,0.0334570018443407,Baseline-only hazard; no fitted complaint predictor,91.0,1.2960008146808284,-0.23767165187711958,,Feature-based description; absence of a filing is not evidence of compliant or unlawful conduct.
2018-01-01,B,E1AC4ADE944DE,"Zions Bancorporation, N.A.",false_positive,11,0.0334570018443407,Baseline-only hazard; no fitted complaint predictor,18.0,0.5090742005294078,0.0,,Feature-based description; absence of a filing is not evidence of compliant or unlawful conduct.
2018-01-01,B,E1E10FA19D799,EVERBANK FINANCIAL CORP,false_positive,12,0.0334570018443407,Baseline-only hazard; no fitted complaint predictor,93.0,-1.6809392831389178,-0.6773988235918061,,Feature-based description; absence of a filing is not evidence of compliant or unlawful conduct.
2018-01-01,B,E1FDDE5D766D3,"Shellpoint Partners, LLC",false_positive,13,0.0334570018443407,Baseline-only hazard; no fitted complaint predictor,569.0,0.9567154236645499,-0.17911128116370645,,Feature-based description; absence of a filing is not evidence of compliant or unlawful conduct.
2018-01-01,B,E204727426645,"CARRINGTON MORTGAGE SERVICES, LLC",false_positive,14,0.0334570018443407,Baseline-only hazard; no fitted complaint predictor,608.0,0.24367074168419753,-0.1775138552258515,2022-11-17 00:00:00,Feature-based description; absence of a filing is not evidence of compliant or unlawful conduct.
2018-01-01,B,E20E78396D860,"Peer Advisors, LLC",false_positive,15,0.0334570018443407,Baseline-only hazard; no fitted complaint predictor,5.0,0.35317302104733156,0.28768207245178085,,Feature-based description; absence of a filing is not evidence of compliant or unlawful conduct.
2018-01-01,B,E2ADFA9D6F7D0,TORONTO-DOMINION BANK THE,false_positive,17,0.0334570018443407,Baseline-only hazard; no fitted complaint predictor,116.0,-0.6377348109153157,-0.10178269430994236,,Feature-based description; absence of a filing is not evidence of compliant or unlawful conduct.
2018-01-01,B,E2E0260B2F238,SYNCHRONY FINANCIAL,false_positive,18,0.0334570018443407,Baseline-only hazard; no fitted complaint predictor,3.0,-0.9199581195069059,-1.3862943611198906,,Feature-based description; absence of a filing is not evidence of compliant or unlawful conduct.
2018-01-01,B,E2FE689061D63,"Dovenmuehle Mortgage, Inc.",false_positive,19,0.0334570018443407,Baseline-only hazard; no fitted complaint predictor,136.0,0.08992053559155906,-0.23293155768037255,,Feature-based description; absence of a filing is not evidence of compliant or unlawful conduct.
2018-01-01,B,E3083051A1527,Data Mortgage Inc.,false_positive,20,0.0334570018443407,Baseline-only hazard; no fitted complaint predictor,0.0,-0.29729419500528154,0.0,,Feature-based description; absence of a filing is not evidence of compliant or unlawful conduct.
2018-01-01,C,EFC98082BDBFD,F N B CORP,false_positive,1,0.05692377556624714,Baseline-only hazard; no fitted complaint predictor,17.0,-0.2658219300070495,0.3184537311185346,,Feature-based description; absence of a filing is not evidence of compliant or unlawful conduct.
2018-01-01,C,E20E78396D860,"Peer Advisors, LLC",false_positive,2,0.054294767888281546,Baseline-only hazard; no fitted complaint predictor,5.0,0.35317302104733156,0.28768207245178085,,Feature-based description; absence of a filing is not evidence of compliant or unlawful conduct.
2018-01-01,C,E9ABB3C040AA1,"Paramount GR Holdings, LLC",false_positive,3,0.04560488889152583,Baseline-only hazard; no fitted complaint predictor,18.0,0.02048840192213644,-0.2006706954621511,,Feature-based description; absence of a filing is not evidence of compliant or unlawful conduct.
2018-01-01,C,E31BF475DBBDE,"Lennar Financial Services, LLC",false_positive,4,0.04275400397090449,Baseline-only hazard; no fitted complaint predictor,3.0,-0.8748915490916944,-1.3862943611198906,,Feature-based description; absence of a filing is not evidence of compliant or unlawful conduct.
2018-01-01,C,E18CD77639D2E,"AmeriHome Mortgage Company, LLC",false_positive,5,0.035638467642259274,Baseline-only hazard; no fitted complaint predictor,91.0,1.2960008146808284,-0.23767165187711958,,Feature-based description; absence of a filing is not evidence of compliant or unlawful conduct.
2018-01-01,C,E06161BBFB0B1,"PENNYMAC LOAN SERVICES, LLC.",false_positive,6,0.03563846764225926,Baseline-only hazard; no fitted complaint predictor,291.0,-0.5256402539475216,-0.22621575035117997,,Feature-based description; absence of a filing is not evidence of compliant or unlawful conduct.
2018-01-01,C,E073BF657F5B1,"Seterus, Inc.",false_positive,7,0.03563846764225926,Baseline-only hazard; no fitted complaint predictor,581.0,-1.680668731354772,-0.4140488517995559,2020-12-18 00:00:00,Feature-based description; absence of a filing is not evidence of compliant or unlawful conduct.
2018-01-01,C,E0D610F1C9955,"AMA Advisors, LLC.",false_positive,8,0.03563846764225926,Baseline-only hazard; no fitted complaint predictor,39.0,0.7569493811255797,-0.048790164169432056,,Feature-based description; absence of a filing is not evidence of compliant or unlawful conduct.
2018-01-01,C,E0F4D2A3DE7F9,FIRST HORIZON CORP,false_positive,9,0.03563846764225926,Baseline-only hazard; no fitted complaint predictor,16.0,-0.09437370565665046,-0.2231435513142097,,Feature-based description; absence of a filing is not evidence of compliant or unlawful conduct.
2018-01-01,C,E0F85A0D4F508,Movement Mortgage LLC,false_positive,10,0.03563846764225926,Baseline-only hazard; no fitted complaint predictor,34.0,0.7939825888354257,0.1112256351102244,,Feature-based description; absence of a filing is not evidence of compliant or unlawful conduct.
2018-01-01,C,E0FE83038482A,Franklin Credit Management Corporation,false_positive,11,0.03563846764225926,Baseline-only hazard; no fitted complaint predictor,21.0,-0.11960685932610624,-0.262364264467491,,Feature-based description; absence of a filing is not evidence of compliant or unlawful conduct.
2018-01-01,C,E141256315B89,KEYCORP,false_positive,12,0.03563846764225926,Baseline-only hazard; no fitted complaint predictor,136.0,-0.13351563071497594,-0.5968160716215132,,Feature-based description; absence of a filing is not evidence of compliant or unlawful conduct.
2018-01-01,C,E1583D8BF9434,"Rocket Mortgage, LLC",false_positive,13,0.03563846764225926,Baseline-only hazard; no fitted complaint predictor,251.0,-1.420543118809516,-0.37590630586662,,Feature-based description; absence of a filing is not evidence of compliant or unlawful conduct.
2018-01-01,C,E182F7E774550,FCI Lender Services Inc.,false_positive,14,0.03563846764225926,Baseline-only hazard; no fitted complaint predictor,23.0,-0.7926191188063811,0.08004270767353636,,Feature-based description; absence of a filing is not evidence of compliant or unlawful conduct.
2018-01-01,C,E1AC4ADE944DE,"Zions Bancorporation, N.A.",false_positive,15,0.03563846764225926,Baseline-only hazard; no fitted complaint predictor,18.0,0.5090742005294078,0.0,,Feature-based description; absence of a filing is not evidence of compliant or unlawful conduct.
2018-01-01,C,E1E10FA19D799,EVERBANK FINANCIAL CORP,false_positive,16,0.03563846764225926,Baseline-only hazard; no fitted complaint predictor,93.0,-1.6809392831389178,-0.6773988235918061,,Feature-based description; absence of a filing is not evidence of compliant or unlawful conduct.
2018-01-01,C,E1FDDE5D766D3,"Shellpoint Partners, LLC",false_positive,17,0.03563846764225926,Baseline-only hazard; no fitted complaint predictor,569.0,0.9567154236645499,-0.17911128116370645,,Feature-based description; absence of a filing is not evidence of compliant or unlawful conduct.
2018-01-01,C,E204727426645,"CARRINGTON MORTGAGE SERVICES, LLC",false_positive,18,0.03563846764225926,Baseline-only hazard; no fitted complaint predictor,608.0,0.24367074168419753,-0.1775138552258515,2022-11-17 00:00:00,Feature-based description; absence of a filing is not evidence of compliant or unlawful conduct.
2018-01-01,C,E2ADFA9D6F7D0,TORONTO-DOMINION BANK THE,false_positive,20,0.03563846764225926,Baseline-only hazard; no fitted complaint predictor,116.0,-0.6377348109153157,-0.10178269430994236,,Feature-based description; absence of a filing is not evidence of compliant or unlawful conduct.
2018-01-01,prior_action,EC2C27F26E8F0,BANK OF AMERICA CORP,false_positive,1,7.824845691026856,Persistent high complaint volume,2501.0,-2.2954264637749406,-0.5187173145041899,2023-11-28 00:00:00,Feature-based description; absence of a filing is not evidence of compliant or unlawful conduct.
2018-01-01,prior_action,EB163C5D356CB,"SELECT PORTFOLIO SERVICING, INC.",false_positive,2,7.106606137727303,Persistent high complaint volume,1219.0,-1.0448820647721897,-0.06718332564144806,,Feature-based description; absence of a filing is not evidence of compliant or unlawful conduct.
2018-01-01,prior_action,EFEEA1A616991,CITIGROUP INC,false_positive,3,6.756932389247553,Persistent high complaint volume,859.0,-2.308989530486982,-0.26873698620933156,,Feature-based description; absence of a filing is not evidence of compliant or unlawful conduct.
2018-01-01,prior_action,EFB32B9881EC7,Specialized Loan Servicing Holdings LLC,false_positive,4,6.495265555937008,Persistent high complaint volume,661.0,-1.0108714223682713,-0.26396554583446485,2020-05-11 00:00:00,Feature-based description; absence of a filing is not evidence of compliant or unlawful conduct.
2018-01-01,prior_action,E7BC26E9E7EDD,"Community Loan Servicing, LLC (formerly known as Bayview Loan Servicing, LLC)",false_positive,5,6.455198563340122,Persistent high complaint volume,635.0,1.2720585489542726,0.04710446918747347,,Feature-based description; absence of a filing is not evidence of compliant or unlawful conduct.
2018-01-01,prior_action,E9924BD19EECC,U S BCORP,false_positive,6,6.416732282512326,Persistent high complaint volume,611.0,-2.0059483377705543,-0.31246885143423675,,Feature-based description; absence of a filing is not evidence of compliant or unlawful conduct.
2018-01-01,prior_action,E204727426645,"CARRINGTON MORTGAGE SERVICES, LLC",false_positive,7,6.411818267709897,Persistent high complaint volume,608.0,0.24367074168419753,-0.1775138552258515,2022-11-17 00:00:00,Feature-based description; absence of a filing is not evidence of compliant or unlawful conduct.
2018-01-01,prior_action,EB2B27823D171,"Caliber Home Loans, Inc.",false_positive,8,6.411818267709897,Persistent high complaint volume,608.0,-0.794458784412057,-0.2638145910451376,,Feature-based description; absence of a filing is not evidence of compliant or unlawful conduct.
2018-01-01,prior_action,E073BF657F5B1,"Seterus, Inc.",false_positive,9,6.366470447731438,Persistent high complaint volume,581.0,-1.680668731354772,-0.4140488517995559,2020-12-18 00:00:00,Feature-based description; absence of a filing is not evidence of compliant or unlawful conduct.
2018-01-01,prior_action,E1FDDE5D766D3,"Shellpoint Partners, LLC",false_positive,10,6.345636360828596,Persistent high complaint volume,569.0,0.9567154236645499,-0.17911128116370645,,Feature-based description; absence of a filing is not evidence of compliant or unlawful conduct.
2018-01-01,prior_action,EC88D0EDB5407,PNC FINL SERVICES GROUP INC,false_positive,11,6.171700597410915,Persistent high complaint volume,478.0,-1.7432667875379801,-0.21752029375984758,,Feature-based description; absence of a filing is not evidence of compliant or unlawful conduct.
2018-01-01,prior_action,ED481C2307342,Freedom Mortgage Company,false_positive,12,6.073044534100405,Persistent high complaint volume,433.0,0.5218256329192005,-0.17979311044059593,2019-06-05 00:00:00,Feature-based description; absence of a filing is not evidence of compliant or unlawful conduct.
2018-01-01,prior_action,E54523B495FBB,RUSHMORE LOAN MANAGEMENT SERVICES LLC,false_positive,13,5.811140992976701,Persistent high complaint volume,333.0,1.4587419985568901,0.08961215868968714,,Feature-based description; absence of a filing is not evidence of compliant or unlawful conduct.
2018-01-01,prior_action,E06161BBFB0B1,"PENNYMAC LOAN SERVICES, LLC.",false_positive,14,5.676753802268282,Persistent high complaint volume,291.0,-0.5256402539475216,-0.22621575035117997,,Feature-based description; absence of a filing is not evidence of compliant or unlawful conduct.
2018-01-01,prior_action,E796248861ED3,M&T BANK CORP,false_positive,15,5.572154032177765,Persistent high complaint volume,262.0,-0.6572728178872481,0.07579383936953372,,Feature-based description; absence of a filing is not evidence of compliant or unlawful conduct.
2018-01-01,prior_action,EAC8B1082E172,RoundPoint Mortgage Servicing LLC,false_positive,16,5.564520407322694,Persistent high complaint volume,260.0,-0.39206912319337317,-0.37059628245734044,,Feature-based description; absence of a filing is not evidence of compliant or unlawful conduct.
2018-01-01,prior_action,E1583D8BF9434,"Rocket Mortgage, LLC",false_positive,17,5.529429087511423,Persistent high complaint volume,251.0,-1.420543118809516,-0.37590630586662,,Feature-based description; absence of a filing is not evidence of compliant or unlawful conduct.
2018-01-01,prior_action,EE2ED85757AB4,Selene Finance LP,false_positive,18,5.521460917862246,Persistent high complaint volume,249.0,-0.956719465630777,-0.08770558041910557,,Feature-based description; absence of a filing is not evidence of compliant or unlawful conduct.
2018-01-01,prior_action,E5571C16499FD,HSBC HOLDINGS PLC,false_positive,19,5.5134287461649825,Persistent high complaint volume,247.0,-2.1240543044664824,-0.5344572282992678,,Feature-based description; absence of a filing is not evidence of compliant or unlawful conduct.
2018-01-01,prior_action,EC6692485BEB4,CITIZENS FINANCIAL GROUP INC,false_positive,20,5.308267697401205,Persistent high complaint volume,201.0,-0.4071826803439762,-0.049271049006782794,,Feature-based description; absence of a filing is not evidence of compliant or unlawful conduct.
2018-01-01,prior_action,E299C7B39C453,Village Capital & Investment LLC,miss,100,2.1972245773362196,Sparse complaint signal before filing,8.0,0.30171516912352003,0.4054651081081644,2018-12-04 00:00:00,Feature-based description; absence of a filing is not evidence of compliant or unlawful conduct.
2018-01-01,random,E4907A144AE57,"CARDINAL FINANCIAL COMPANY, LIMITED PARTNERSHIP",false_positive,1,0.9984796000015367,Elevated structured signal without a filing,28.0,-1.0455070659509234,-1.0116009116784799,,Feature-based description; absence of a filing is not evidence of compliant or unlawful conduct.
2018-01-01,random,E5AD7D28D6C06,Union Home Mortgage Corp,false_positive,2,0.987230799892853,Sparse complaint history or rank tie,3.0,-0.516811394121702,1.3862943611198906,,Feature-based description; absence of a filing is not evidence of compliant or unlawful conduct.
2018-01-01,random,E806DAD516CDE,Arbor Residential Mortgage LLC,false_positive,3,0.961846824548151,Sparse complaint history or rank tie,11.0,-1.5247339528363584,-1.7047480922384253,,Feature-based description; absence of a filing is not evidence of compliant or unlawful conduct.
2018-01-01,random,E141256315B89,KEYCORP,false_positive,4,0.9538410479396563,Persistent high complaint volume,136.0,-0.13351563071497594,-0.5968160716215132,,Feature-based description; absence of a filing is not evidence of compliant or unlawful conduct.
2018-01-01,random,E99C4F19CABA9,FIFTH THIRD BCORP,false_positive,5,0.9472268057825382,Persistent high complaint volume,176.0,-2.0111619974413593,-0.2029408439966903,,Feature-based description; absence of a filing is not evidence of compliant or unlawful conduct.
2018-01-01,random,E7BC26E9E7EDD,"Community Loan Servicing, LLC (formerly known as Bayview Loan Servicing, LLC)",false_positive,6,0.9413617513861837,Persistent high complaint volume,635.0,1.2720585489542726,0.04710446918747347,,Feature-based description; absence of a filing is not evidence of compliant or unlawful conduct.
2018-01-01,random,E20E78396D860,"Peer Advisors, LLC",false_positive,7,0.9342926785518284,Sparse complaint history or rank tie,5.0,0.35317302104733156,0.28768207245178085,,Feature-based description; absence of a filing is not evidence of compliant or unlawful conduct.
2018-01-01,random,EFA4E9E07892E,"LD Holdings Group, LLC",false_positive,8,0.9277860343892597,Persistent high complaint volume,131.0,0.24634804237356564,-0.1961148789262905,,Feature-based description; absence of a filing is not evidence of compliant or unlawful conduct.
2018-01-01,random,E973A2572465F,"CMG Financial Services, Inc.",false_positive,9,0.9264456248265281,Sparse complaint history or rank tie,11.0,2.201224168654992,0.8109302162163288,,Feature-based description; absence of a filing is not evidence of compliant or unlawful conduct.
2018-01-01,random,ED481C2307342,Freedom Mortgage Company,false_positive,10,0.9251524031121462,Persistent high complaint volume,433.0,0.5218256329192005,-0.17979311044059593,2019-06-05 00:00:00,Feature-based description; absence of a filing is not evidence of compliant or unlawful conduct.
2018-01-01,random,EDE60FD674DA6,"PLAZA HOME MORTGAGE, INC.",false_positive,11,0.9231200921417362,Elevated structured signal without a filing,27.0,0.23517572089028177,0.06899287148695142,,Feature-based description; absence of a filing is not evidence of compliant or unlawful conduct.
2018-01-01,random,EBA75D3B76656,CAPITAL ONE FINANCIAL CORP,false_positive,12,0.914238989628243,Persistent high complaint volume,159.0,-1.2598815766974236,-0.037271394797231655,,Feature-based description; absence of a filing is not evidence of compliant or unlawful conduct.
2018-01-01,random,E595375A39DFA,MidAmerica Mortgage Inc,false_positive,13,0.9130943681409326,Sparse complaint history or rank tie,3.0,1.4324174850254476,0.4054651081081644,,Feature-based description; absence of a filing is not evidence of compliant or unlawful conduct.
2018-01-01,random,E0FE83038482A,Franklin Credit Management Corporation,false_positive,14,0.9071925820213155,Elevated structured signal without a filing,21.0,-0.11960685932610624,-0.262364264467491,,Feature-based description; absence of a filing is not evidence of compliant or unlawful conduct.
2018-01-01,random,EA25032638622,"American Financial Resources, Inc.",false_positive,15,0.9040627324989032,Elevated structured signal without a filing,21.0,-1.1088195575954864,-0.262364264467491,,Feature-based description; absence of a filing is not evidence of compliant or unlawful conduct.
2018-01-01,random,E6E7EB400BFED,NVR INC.,false_positive,16,0.8972004596254507,Elevated structured signal without a filing,12.0,-0.5631038570977885,0.0,,Feature-based description; absence of a filing is not evidence of compliant or unlawful conduct.
2018-01-01,random,E9291B3C42904,DISCOVER FINANCIAL SERVICES,false_positive,17,0.8858921774112467,Elevated structured signal without a filing,18.0,-0.36173923106166767,0.0,,Feature-based description; absence of a filing is not evidence of compliant or unlawful conduct.
2018-01-01,random,E55E8F997C41C,"PRIMELENDING, A PLAINSCAPITAL COMPANY",false_positive,18,0.8830509164958789,Elevated structured signal without a filing,42.0,1.3583543436679453,-0.1823215567939546,,Feature-based description; absence of a filing is not evidence of compliant or unlawful conduct.
2018-01-01,random,EDCBA28169857,Southwest Business Corporation,false_positive,19,0.8711055234785678,Complaint surge without a filing in the horizon,18.0,2.107078984507645,0.20067069546215124,,Feature-based description; absence of a filing is not evidence of compliant or unlawful conduct.
2018-01-01,random,EA742F32A9337,PENTAGON FEDERAL CREDIT UNION,false_positive,20,0.8700524795444008,Elevated structured signal without a filing,34.0,0.3694825934389736,0.1112256351102244,,Feature-based description; absence of a filing is not evidence of compliant or unlawful conduct.
2018-01-01,random,E299C7B39C453,Village Capital & Investment LLC,miss,23,0.8567186640224356,Sparse complaint signal before filing,8.0,0.30171516912352003,0.4054651081081644,2018-12-04 00:00:00,Feature-based description; absence of a filing is not evidence of compliant or unlawful conduct.
2018-01-01,raw_count,EC2C27F26E8F0,BANK OF AMERICA CORP,false_positive,1,2501.0,Persistent high complaint volume,2501.0,-2.2954264637749406,-0.5187173145041899,2023-11-28 00:00:00,Feature-based description; absence of a filing is not evidence of compliant or unlawful conduct.
2018-01-01,raw_count,EB163C5D356CB,"SELECT PORTFOLIO SERVICING, INC.",false_positive,2,1219.0,Persistent high complaint volume,1219.0,-1.0448820647721897,-0.06718332564144806,,Feature-based description; absence of a filing is not evidence of compliant or unlawful conduct.
2018-01-01,raw_count,EFEEA1A616991,CITIGROUP INC,false_positive,3,859.0,Persistent high complaint volume,859.0,-2.308989530486982,-0.26873698620933156,,Feature-based description; absence of a filing is not evidence of compliant or unlawful conduct.
2018-01-01,raw_count,EFB32B9881EC7,Specialized Loan Servicing Holdings LLC,false_positive,4,661.0,Persistent high complaint volume,661.0,-1.0108714223682713,-0.26396554583446485,2020-05-11 00:00:00,Feature-based description; absence of a filing is not evidence of compliant or unlawful conduct.
2018-01-01,raw_count,E7BC26E9E7EDD,"Community Loan Servicing, LLC (formerly known as Bayview Loan Servicing, LLC)",false_positive,5,635.0,Persistent high complaint volume,635.0,1.2720585489542726,0.04710446918747347,,Feature-based description; absence of a filing is not evidence of compliant or unlawful conduct.
2018-01-01,raw_count,E9924BD19EECC,U S BCORP,false_positive,6,611.0,Persistent high complaint volume,611.0,-2.0059483377705543,-0.31246885143423675,,Feature-based description; absence of a filing is not evidence of compliant or unlawful conduct.
2018-01-01,raw_count,E204727426645,"CARRINGTON MORTGAGE SERVICES, LLC",false_positive,7,608.0,Persistent high complaint volume,608.0,0.24367074168419753,-0.1775138552258515,2022-11-17 00:00:00,Feature-based description; absence of a filing is not evidence of compliant or unlawful conduct.
2018-01-01,raw_count,EB2B27823D171,"Caliber Home Loans, Inc.",false_positive,8,608.0,Persistent high complaint volume,608.0,-0.794458784412057,-0.2638145910451376,,Feature-based description; absence of a filing is not evidence of compliant or unlawful conduct.
2018-01-01,raw_count,E073BF657F5B1,"Seterus, Inc.",false_positive,9,581.0,Persistent high complaint volume,581.0,-1.680668731354772,-0.4140488517995559,2020-12-18 00:00:00,Feature-based description; absence of a filing is not evidence of compliant or unlawful conduct.
2018-01-01,raw_count,E1FDDE5D766D3,"Shellpoint Partners, LLC",false_positive,10,569.0,Persistent high complaint volume,569.0,0.9567154236645499,-0.17911128116370645,,Feature-based description; absence of a filing is not evidence of compliant or unlawful conduct.
2018-01-01,raw_count,EC88D0EDB5407,PNC FINL SERVICES GROUP INC,false_positive,11,478.0,Persistent high complaint volume,478.0,-1.7432667875379801,-0.21752029375984758,,Feature-based description; absence of a filing is not evidence of compliant or unlawful conduct.
2018-01-01,raw_count,ED481C2307342,Freedom Mortgage Company,false_positive,12,433.0,Persistent high complaint volume,433.0,0.5218256329192005,-0.17979311044059593,2019-06-05 00:00:00,Feature-based description; absence of a filing is not evidence of compliant or unlawful conduct.
2018-01-01,raw_count,E54523B495FBB,RUSHMORE LOAN MANAGEMENT SERVICES LLC,false_positive,13,333.0,Persistent high complaint volume,333.0,1.4587419985568901,0.08961215868968714,,Feature-based description; absence of a filing is not evidence of compliant or unlawful conduct.
2018-01-01,raw_count,E06161BBFB0B1,"PENNYMAC LOAN SERVICES, LLC.",false_positive,14,291.0,Persistent high complaint volume,291.0,-0.5256402539475216,-0.22621575035117997,,Feature-based description; absence of a filing is not evidence of compliant or unlawful conduct.
2018-01-01,raw_count,E796248861ED3,M&T BANK CORP,false_positive,15,262.0,Persistent high complaint volume,262.0,-0.6572728178872481,0.07579383936953372,,Feature-based description; absence of a filing is not evidence of compliant or unlawful conduct.
2018-01-01,raw_count,EAC8B1082E172,RoundPoint Mortgage Servicing LLC,false_positive,16,260.0,Persistent high complaint volume,260.0,-0.39206912319337317,-0.37059628245734044,,Feature-based description; absence of a filing is not evidence of compliant or unlawful conduct.
2018-01-01,raw_count,E1583D8BF9434,"Rocket Mortgage, LLC",false_positive,17,251.0,Persistent high complaint volume,251.0,-1.420543118809516,-0.37590630586662,,Feature-based description; absence of a filing is not evidence of compliant or unlawful conduct.
2018-01-01,raw_count,EE2ED85757AB4,Selene Finance LP,false_positive,18,249.0,Persistent high complaint volume,249.0,-0.956719465630777,-0.08770558041910557,,Feature-based description; absence of a filing is not evidence of compliant or unlawful conduct.
2018-01-01,raw_count,E5571C16499FD,HSBC HOLDINGS PLC,false_positive,19,247.0,Persistent high complaint volume,247.0,-2.1240543044664824,-0.5344572282992678,,Feature-based description; absence of a filing is not evidence of compliant or unlawful conduct.
2018-01-01,raw_count,EC6692485BEB4,CITIZENS FINANCIAL GROUP INC,false_positive,20,201.0,Persistent high complaint volume,201.0,-0.4071826803439762,-0.049271049006782794,,Feature-based description; absence of a filing is not evidence of compliant or unlawful conduct.
2018-01-01,raw_count,E299C7B39C453,Village Capital & Investment LLC,miss,100,8.0,Sparse complaint signal before filing,8.0,0.30171516912352003,0.4054651081081644,2018-12-04 00:00:00,Feature-based description; absence of a filing is not evidence of compliant or unlawful conduct.
2018-01-01,self_normalized,E36F4BD58BE4A,BANK OF NY MELLON CORP THE,false_positive,1,2.205665460098062,Sparse complaint history or rank tie,4.0,2.3584251762922883,1.6094379124341003,,Feature-based description; absence of a filing is not evidence of compliant or unlawful conduct.
2018-01-01,self_normalized,E4C87DEE7BA6C,GUARANTEED RATE INC.,false_positive,2,1.6539129960730772,Complaint surge without a filing in the horizon,32.0,2.9285979000229774,0.3566749439387324,,Feature-based description; absence of a filing is not evidence of compliant or unlawful conduct.
2018-01-01,self_normalized,EBA3A552C2F88,MORTGAGE SOLUTIONS OF COLORADO,false_positive,3,1.191545346243048,Sparse complaint history or rank tie,9.0,2.3260756693030586,0.9808292530117262,,Feature-based description; absence of a filing is not evidence of compliant or unlawful conduct.
2018-01-01,self_normalized,E3AAEFE62826F,Home Point Financial Corporation,false_positive,4,1.1385962106980814,Complaint surge without a filing in the horizon,33.0,2.7895556193343203,0.6505875661411494,,Feature-based description; absence of a filing is not evidence of compliant or unlawful conduct.
2018-01-01,self_normalized,EDFEA33F217F1,HUNTINGTON BANCSHARES INC,false_positive,5,1.1028463749418096,Elevated structured signal without a filing,75.0,1.0924660801449992,-0.025975486403260677,,Feature-based description; absence of a filing is not evidence of compliant or unlawful conduct.
2018-01-01,self_normalized,E973A2572465F,"CMG Financial Services, Inc.",false_positive,6,1.0957359437195529,Sparse complaint history or rank tie,11.0,2.201224168654992,0.8109302162163288,,Feature-based description; absence of a filing is not evidence of compliant or unlawful conduct.
2018-01-01,self_normalized,E41CFAD8559FE,"Pacific Union Financial, LLC",false_positive,7,1.0736732097858361,Complaint surge without a filing in the horizon,95.0,2.1724736977463768,0.3541718137206139,,Feature-based description; absence of a filing is not evidence of compliant or unlawful conduct.
2018-01-01,self_normalized,EC36798CEE27E,GATEWAY FIRST BCORP INC,false_positive,8,1.0235959239079357,Elevated structured signal without a filing,20.0,1.0014921110593147,-0.3677247801253174,,Feature-based description; absence of a filing is not evidence of compliant or unlawful conduct.
2018-01-01,self_normalized,EDCBA28169857,Southwest Business Corporation,false_positive,9,1.0234901653604491,Complaint surge without a filing in the horizon,18.0,2.107078984507645,0.20067069546215124,,Feature-based description; absence of a filing is not evidence of compliant or unlawful conduct.
2018-01-01,self_normalized,E4C7F433D63C0,ASSOCIATED BANC-CORP,false_positive,10,0.7250722599243212,Complaint surge without a filing in the horizon,18.0,0.6588078458684125,0.6190392084062235,,Feature-based description; absence of a filing is not evidence of compliant or unlawful conduct.
2018-01-01,self_normalized,ECF2F96AAE504,ALLY FINANCIAL INC,false_positive,11,0.687690928096679,Elevated structured signal without a filing,16.0,0.6158966941752053,0.0,,Feature-based description; absence of a filing is not evidence of compliant or unlawful conduct.
2018-01-01,self_normalized,EB7F1B7690613,PRIMARY RESIDENTIAL MORTGAGE,false_positive,12,0.6856920399034803,Elevated structured signal without a filing,17.0,1.6668862500934625,0.3184537311185346,,Feature-based description; absence of a filing is not evidence of compliant or unlawful conduct.
2018-01-01,self_normalized,E6E4400138C69,BOK FINANCIAL CORP,false_positive,13,0.6846669442285025,Elevated structured signal without a filing,44.0,0.6124253724180395,0.0,,Feature-based description; absence of a filing is not evidence of compliant or unlawful conduct.
2018-01-01,self_normalized,E718D7EB76BA7,BBVA USA / Banco Bilbao Vizcaya Argentaria,false_positive,14,0.6418706614139512,Elevated structured signal without a filing,70.0,0.5632982361183473,-0.2231435513142097,,Feature-based description; absence of a filing is not evidence of compliant or unlawful conduct.
2018-01-01,self_normalized,E1AC4ADE944DE,"Zions Bancorporation, N.A.",false_positive,15,0.5946343000625754,Elevated structured signal without a filing,18.0,0.5090742005294078,0.0,,Feature-based description; absence of a filing is not evidence of compliant or unlawful conduct.
2018-01-01,self_normalized,EBD7B63074BE8,Chrysalis Holdings LLC,false_positive,16,0.5125981920316769,Elevated structured signal without a filing,18.0,1.441323559057547,0.4054651081081644,,Feature-based description; absence of a filing is not evidence of compliant or unlawful conduct.
2018-01-01,self_normalized,E595375A39DFA,MidAmerica Mortgage Inc,false_positive,17,0.505763787740048,Sparse complaint history or rank tie,3.0,1.4324174850254476,0.4054651081081644,,Feature-based description; absence of a filing is not evidence of compliant or unlawful conduct.
2018-01-01,self_normalized,E6C300C66AB15,American Financial Network Inc.,false_positive,18,0.4578533310759138,Elevated structured signal without a filing,14.0,1.3699842347003093,0.0,,Feature-based description; absence of a filing is not evidence of compliant or unlawful conduct.
2018-01-01,self_normalized,E55E8F997C41C,"PRIMELENDING, A PLAINSCAPITAL COMPANY",false_positive,19,0.4489287053770604,Elevated structured signal without a filing,42.0,1.3583543436679453,-0.1823215567939546,,Feature-based description; absence of a filing is not evidence of compliant or unlawful conduct.
2018-01-01,self_normalized,E18CD77639D2E,"AmeriHome Mortgage Company, LLC",false_positive,20,0.40107942582112727,Elevated structured signal without a filing,91.0,1.2960008146808284,-0.23767165187711958,,Feature-based description; absence of a filing is not evidence of compliant or unlawful conduct.
2018-01-01,self_normalized,E299C7B39C453,Village Capital & Investment LLC,miss,40,-0.3619223254117968,Sparse complaint signal before filing,8.0,0.30171516912352003,0.4054651081081644,2018-12-04 00:00:00,Feature-based description; absence of a filing is not evidence of compliant or unlawful conduct.
2019-01-01,A,E1AC4ADE944DE,"Zions Bancorporation, N.A.",false_positive,1,0.8550131715234439,Complaint surge without a filing in the horizon,12.0,1.414213562373095,0.5877866649021191,,Feature-based description; absence of a filing is not evidence of compliant or unlawful conduct.
2019-01-01,A,E31BF475DBBDE,"Lennar Financial Services, LLC",false_positive,2,0.6274524673478441,Sparse complaint history or rank tie,1.0,0.4766075165356461,0.6931471805599453,,Feature-based description; absence of a filing is not evidence of compliant or unlawful conduct.
2019-01-01,A,EB7F1B7690613,PRIMARY RESIDENTIAL MORTGAGE,false_positive,3,0.4863839892770979,Elevated structured signal without a filing,17.0,1.823638252263502,0.3184537311185346,,Feature-based description; absence of a filing is not evidence of compliant or unlawful conduct.
2019-01-01,A,E0FE83038482A,Franklin Credit Management Corporation,false_positive,4,0.3527298502484609,Elevated structured signal without a filing,16.0,-0.3454116644527941,-0.45198512374305727,,Feature-based description; absence of a filing is not evidence of compliant or unlawful conduct.
2019-01-01,A,E9C6D3A158F9C,MORGAN STANLEY,false_positive,5,0.25384206001879955,Sparse complaint history or rank tie,5.0,-1.2951140310523734,-0.916290731874155,,Feature-based description; absence of a filing is not evidence of compliant or unlawful conduct.
2019-01-01,A,EA530F9DF6522,CrossCountry Mortgage LLC,false_positive,6,0.24012051004523963,Elevated structured signal without a filing,19.0,0.7884494982768633,-0.0953101798043249,,Feature-based description; absence of a filing is not evidence of compliant or unlawful conduct.
2019-01-01,A,ECF2F96AAE504,ALLY FINANCIAL INC,false_positive,7,0.20933109593348873,Elevated structured signal without a filing,12.0,0.39972344136788807,0.28768207245178085,,Feature-based description; absence of a filing is not evidence of compliant or unlawful conduct.
2019-01-01,A,E55D8798567B8,Finance of America Holdings LLC,false_positive,8,0.1975072135717253,Sparse complaint history or rank tie,7.0,0.19809551531364594,0.22314355131420976,,Feature-based description; absence of a filing is not evidence of compliant or unlawful conduct.
2019-01-01,A,EDC335F416F27,MidFirst Bank / Records family,false_positive,9,0.1579999209820837,Elevated structured signal without a filing,70.0,0.07120601349117159,-0.11122563511022437,,Feature-based description; absence of a filing is not evidence of compliant or unlawful conduct.
2019-01-01,A,EBA3A552C2F88,MORTGAGE SOLUTIONS OF COLORADO,false_positive,10,0.13855663902222118,Sparse complaint history or rank tie,6.0,-0.49499907630558304,-0.5108256237659907,,Feature-based description; absence of a filing is not evidence of compliant or unlawful conduct.
2019-01-01,A,EE8D973B13F37,"PulteGroup, Inc.",false_positive,11,0.11354365228473969,Sparse complaint history or rank tie,9.0,1.8286070487767976,0.1823215567939546,,Feature-based description; absence of a filing is not evidence of compliant or unlawful conduct.
2019-01-01,A,E9291B3C42904,DISCOVER FINANCIAL SERVICES,false_positive,12,0.10781461420200551,Sparse complaint history or rank tie,10.0,-0.5590169943749475,0.3364722366212129,,Feature-based description; absence of a filing is not evidence of compliant or unlawful conduct.
2019-01-01,A,E973A2572465F,"CMG Financial Services, Inc.",false_positive,13,0.10381823133932715,Complaint surge without a filing in the horizon,24.0,2.3313087937572763,0.47000362924573563,,Feature-based description; absence of a filing is not evidence of compliant or unlawful conduct.
2019-01-01,A,EDCBA28169857,Southwest Business Corporation,false_positive,14,0.09629357575906641,Elevated structured signal without a filing,20.0,1.2538059528483614,-0.1823215567939546,,Feature-based description; absence of a filing is not evidence of compliant or unlawful conduct.
2019-01-01,A,E2E0260B2F238,SYNCHRONY FINANCIAL,false_positive,15,0.09528705178025251,Sparse complaint history or rank tie,3.0,0.23160277792655037,-0.40546510810816444,,Feature-based description; absence of a filing is not evidence of compliant or unlawful conduct.
2019-01-01,A,EABB6242BEA4E,SN SERVICING CORPORATION,false_positive,16,0.0685683064108655,Elevated structured signal without a filing,47.0,0.23451469677945153,-0.040821994520255166,,Feature-based description; absence of a filing is not evidence of compliant or unlawful conduct.
2019-01-01,A,EEA501D46F351,THIRD FS&LA OF CLEVELAND MHC,false_positive,17,0.06497911405397788,Elevated structured signal without a filing,18.0,-0.31394843622673374,-0.2006706954621511,,Feature-based description; absence of a filing is not evidence of compliant or unlawful conduct.
2019-01-01,A,E9C236160D8B5,BANKUNITED INC,false_positive,18,0.05187935603345632,Sparse complaint history or rank tie,9.0,-0.337789483407588,0.5596157879354227,,Feature-based description; absence of a filing is not evidence of compliant or unlawful conduct.
2019-01-01,A,E55E8F997C41C,"PRIMELENDING, A PLAINSCAPITAL COMPANY",false_positive,19,0.005554299286738384,Elevated structured signal without a filing,34.0,0.7075245695722967,0.0,,Feature-based description; absence of a filing is not evidence of compliant or unlawful conduct.
2019-01-01,A,EA742F32A9337,PENTAGON FEDERAL CREDIT UNION,false_positive,20,0.0052087745175720904,Elevated structured signal without a filing,21.0,-0.8301627447922899,-0.4418327522790392,,Feature-based description; absence of a filing is not evidence of compliant or unlawful conduct.
2019-01-01,A,ED481C2307342,Freedom Mortgage Company,miss,61,-0.3500880950778621,No strong contemporaneous complaint anomaly,580.0,0.24166729974368206,-0.13077023118319459,2019-06-05 00:00:00,Feature-based description; absence of a filing is not evidence of compliant or unlawful conduct.
2019-01-01,A,ED9E334BCFE15,"BSI Financial Holdings, Inc.",miss,95,-0.6724707473112572,No strong contemporaneous complaint anomaly,129.0,-1.3694922026332879,-0.13762137787604772,2019-05-29 00:00:00,Feature-based description; absence of a filing is not evidence of compliant or unlawful conduct.
2019-01-01,B,E06161BBFB0B1,"PENNYMAC LOAN SERVICES, LLC.",false_positive,1,0.031892563473627476,Baseline-only hazard; no fitted complaint predictor,286.0,-0.9860481536866188,-0.1950605825713843,,Feature-based description; absence of a filing is not evidence of compliant or unlawful conduct.
2019-01-01,B,E073BF657F5B1,"Seterus, Inc.",false_positive,2,0.031892563473627476,Baseline-only hazard; no fitted complaint predictor,312.0,-1.3086146099869451,-0.14035735769492247,2020-12-18 00:00:00,Feature-based description; absence of a filing is not evidence of compliant or unlawful conduct.
2019-01-01,B,E0D610F1C9955,"AMA Advisors, LLC.",false_positive,3,0.031892563473627476,Baseline-only hazard; no fitted complaint predictor,52.0,-0.3097849332955881,-0.07410797215372185,,Feature-based description; absence of a filing is not evidence of compliant or unlawful conduct.
2019-01-01,B,E0F4D2A3DE7F9,FIRST HORIZON CORP,false_positive,4,0.031892563473627476,Baseline-only hazard; no fitted complaint predictor,18.0,-0.31226705792196163,-0.6190392084062235,,Feature-based description; absence of a filing is not evidence of compliant or unlawful conduct.
2019-01-01,B,E0F85A0D4F508,Movement Mortgage LLC,false_positive,5,0.031892563473627476,Baseline-only hazard; no fitted complaint predictor,29.0,0.40356189803440623,0.8938178760220965,,Feature-based description; absence of a filing is not evidence of compliant or unlawful conduct.
2019-01-01,B,E0FE83038482A,Franklin Credit Management Corporation,false_positive,6,0.031892563473627476,Baseline-only hazard; no fitted complaint predictor,16.0,-0.3454116644527941,-0.45198512374305727,,Feature-based description; absence of a filing is not evidence of compliant or unlawful conduct.
2019-01-01,B,E141256315B89,KEYCORP,false_positive,7,0.031892563473627476,Baseline-only hazard; no fitted complaint predictor,82.0,-0.18097905368617737,-0.04762804898925459,,Feature-based description; absence of a filing is not evidence of compliant or unlawful conduct.
2019-01-01,B,E1583D8BF9434,"Rocket Mortgage, LLC",false_positive,8,0.031892563473627476,Baseline-only hazard; no fitted complaint predictor,261.0,-0.7738497120192351,-0.05324451451881224,,Feature-based description; absence of a filing is not evidence of compliant or unlawful conduct.
2019-01-01,B,E182F7E774550,FCI Lender Services Inc.,false_positive,9,0.031892563473627476,Baseline-only hazard; no fitted complaint predictor,32.0,-1.1538010560285803,-0.7375989431307791,,Feature-based description; absence of a filing is not evidence of compliant or unlawful conduct.
2019-01-01,B,E18CD77639D2E,"AmeriHome Mortgage Company, LLC",false_positive,10,0.031892563473627476,Baseline-only hazard; no fitted complaint predictor,153.0,0.8387874411822271,-0.29898162770571424,,Feature-based description; absence of a filing is not evidence of compliant or unlawful conduct.
2019-01-01,B,E1AC4ADE944DE,"Zions Bancorporation, N.A.",false_positive,11,0.031892563473627476,Baseline-only hazard; no fitted complaint predictor,12.0,1.414213562373095,0.5877866649021191,,Feature-based description; absence of a filing is not evidence of compliant or unlawful conduct.
2019-01-01,B,E1E10FA19D799,EVERBANK FINANCIAL CORP,false_positive,12,0.031892563473627476,Baseline-only hazard; no fitted complaint predictor,75.0,-1.2341170438619797,-0.616186139423817,,Feature-based description; absence of a filing is not evidence of compliant or unlawful conduct.
2019-01-01,B,E1FDDE5D766D3,"Shellpoint Partners, LLC",false_positive,13,0.031892563473627476,Baseline-only hazard; no fitted complaint predictor,458.0,-0.11201104983338397,0.04348511193973889,,Feature-based description; absence of a filing is not evidence of compliant or unlawful conduct.
2019-01-01,B,E204727426645,"CARRINGTON MORTGAGE SERVICES, LLC",false_positive,14,0.031892563473627476,Baseline-only hazard; no fitted complaint predictor,485.0,-1.8724001286747363,-0.26854273224108355,2022-11-17 00:00:00,Feature-based description; absence of a filing is not evidence of compliant or unlawful conduct.
2019-01-01,B,E20E78396D860,"Peer Advisors, LLC",false_positive,15,0.031892563473627476,Baseline-only hazard; no fitted complaint predictor,36.0,1.5665747355284663,1.8870696490323797,,Feature-based description; absence of a filing is not evidence of compliant or unlawful conduct.
2019-01-01,B,E2ADFA9D6F7D0,TORONTO-DOMINION BANK THE,false_positive,16,0.031892563473627476,Baseline-only hazard; no fitted complaint predictor,122.0,-0.29697486709894394,-0.09684982598991766,,Feature-based description; absence of a filing is not evidence of compliant or unlawful conduct.
2019-01-01,B,E2E0260B2F238,SYNCHRONY FINANCIAL,false_positive,17,0.031892563473627476,Baseline-only hazard; no fitted complaint predictor,3.0,0.23160277792655037,-0.40546510810816444,,Feature-based description; absence of a filing is not evidence of compliant or unlawful conduct.
2019-01-01,B,E2FE689061D63,"Dovenmuehle Mortgage, Inc.",false_positive,18,0.031892563473627476,Baseline-only hazard; no fitted complaint predictor,151.0,-0.4397568141167674,-0.38372512147175847,,Feature-based description; absence of a filing is not evidence of compliant or unlawful conduct.
2019-01-01,B,E3083051A1527,Data Mortgage Inc.,false_positive,19,0.031892563473627476,Baseline-only hazard; no fitted complaint predictor,0.0,,0.0,,Feature-based description; absence of a filing is not evidence of compliant or unlawful conduct.
2019-01-01,B,E31BF475DBBDE,"Lennar Financial Services, LLC",false_positive,20,0.031892563473627476,Baseline-only hazard; no fitted complaint predictor,1.0,0.4766075165356461,0.6931471805599453,,Feature-based description; absence of a filing is not evidence of compliant or unlawful conduct.
2019-01-01,B,ED481C2307342,Freedom Mortgage Company,miss,91,0.031892563473627476,Baseline-only hazard; no fitted complaint predictor,580.0,0.24166729974368206,-0.13077023118319459,2019-06-05 00:00:00,Feature-based description; absence of a filing is not evidence of compliant or unlawful conduct.
2019-01-01,B,ED9E334BCFE15,"BSI Financial Holdings, Inc.",miss,94,0.031892563473627476,Baseline-only hazard; no fitted complaint predictor,129.0,-1.3694922026332879,-0.13762137787604772,2019-05-29 00:00:00,Feature-based description; absence of a filing is not evidence of compliant or unlawful conduct.
2019-01-01,C,EC5C21EED4E5A,"Better Mortgage, Inc.",false_positive,1,0.05473096351957319,Baseline-only hazard; no fitted complaint predictor,3.0,3.595462477533374,0.4054651081081644,,Feature-based description; absence of a filing is not evidence of compliant or unlawful conduct.
2019-01-01,C,EDC335F416F27,MidFirst Bank / Records family,false_positive,2,0.05473096351957319,Baseline-only hazard; no fitted complaint predictor,70.0,0.07120601349117159,-0.11122563511022437,,Feature-based description; absence of a filing is not evidence of compliant or unlawful conduct.
2019-01-01,C,EEABDDDD2DFE8,AMERIS BCORP,false_positive,3,0.03977537743653777,Baseline-only hazard; no fitted complaint predictor,0.0,,0.0,,Feature-based description; absence of a filing is not evidence of compliant or unlawful conduct.
2019-01-01,C,E06161BBFB0B1,"PENNYMAC LOAN SERVICES, LLC.",false_positive,4,0.03333099859279747,Baseline-only hazard; no fitted complaint predictor,286.0,-0.9860481536866188,-0.1950605825713843,,Feature-based description; absence of a filing is not evidence of compliant or unlawful conduct.
2019-01-01,C,E073BF657F5B1,"Seterus, Inc.",false_positive,5,0.03333099859279747,Baseline-only hazard; no fitted complaint predictor,312.0,-1.3086146099869451,-0.14035735769492247,2020-12-18 00:00:00,Feature-based description; absence of a filing is not evidence of compliant or unlawful conduct.
2019-01-01,C,E0D610F1C9955,"AMA Advisors, LLC.",false_positive,6,0.03333099859279747,Baseline-only hazard; no fitted complaint predictor,52.0,-0.3097849332955881,-0.07410797215372185,,Feature-based description; absence of a filing is not evidence of compliant or unlawful conduct.
2019-01-01,C,E0F4D2A3DE7F9,FIRST HORIZON CORP,false_positive,7,0.03333099859279747,Baseline-only hazard; no fitted complaint predictor,18.0,-0.31226705792196163,-0.6190392084062235,,Feature-based description; absence of a filing is not evidence of compliant or unlawful conduct.
2019-01-01,C,E0F85A0D4F508,Movement Mortgage LLC,false_positive,8,0.03333099859279747,Baseline-only hazard; no fitted complaint predictor,29.0,0.40356189803440623,0.8938178760220965,,Feature-based description; absence of a filing is not evidence of compliant or unlawful conduct.
2019-01-01,C,E0FE83038482A,Franklin Credit Management Corporation,false_positive,9,0.03333099859279747,Baseline-only hazard; no fitted complaint predictor,16.0,-0.3454116644527941,-0.45198512374305727,,Feature-based description; absence of a filing is not evidence of compliant or unlawful conduct.
2019-01-01,C,E141256315B89,KEYCORP,false_positive,10,0.03333099859279747,Baseline-only hazard; no fitted complaint predictor,82.0,-0.18097905368617737,-0.04762804898925459,,Feature-based description; absence of a filing is not evidence of compliant or unlawful conduct.
2019-01-01,C,E1583D8BF9434,"Rocket Mortgage, LLC",false_positive,11,0.03333099859279747,Baseline-only hazard; no fitted complaint predictor,261.0,-0.7738497120192351,-0.05324451451881224,,Feature-based description; absence of a filing is not evidence of compliant or unlawful conduct.
2019-01-01,C,E182F7E774550,FCI Lender Services Inc.,false_positive,12,0.03333099859279747,Baseline-only hazard; no fitted complaint predictor,32.0,-1.1538010560285803,-0.7375989431307791,,Feature-based description; absence of a filing is not evidence of compliant or unlawful conduct.
2019-01-01,C,E1AC4ADE944DE,"Zions Bancorporation, N.A.",false_positive,13,0.03333099859279747,Baseline-only hazard; no fitted complaint predictor,12.0,1.414213562373095,0.5877866649021191,,Feature-based description; absence of a filing is not evidence of compliant or unlawful conduct.
2019-01-01,C,E1E10FA19D799,EVERBANK FINANCIAL CORP,false_positive,14,0.03333099859279747,Baseline-only hazard; no fitted complaint predictor,75.0,-1.2341170438619797,-0.616186139423817,,Feature-based description; absence of a filing is not evidence of compliant or unlawful conduct.
2019-01-01,C,E1FDDE5D766D3,"Shellpoint Partners, LLC",false_positive,15,0.03333099859279747,Baseline-only hazard; no fitted complaint predictor,458.0,-0.11201104983338397,0.04348511193973889,,Feature-based description; absence of a filing is not evidence of compliant or unlawful conduct.
2019-01-01,C,E204727426645,"CARRINGTON MORTGAGE SERVICES, LLC",false_positive,16,0.03333099859279747,Baseline-only hazard; no fitted complaint predictor,485.0,-1.8724001286747363,-0.26854273224108355,2022-11-17 00:00:00,Feature-based description; absence of a filing is not evidence of compliant or unlawful conduct.
2019-01-01,C,E2ADFA9D6F7D0,TORONTO-DOMINION BANK THE,false_positive,17,0.03333099859279747,Baseline-only hazard; no fitted complaint predictor,122.0,-0.29697486709894394,-0.09684982598991766,,Feature-based description; absence of a filing is not evidence of compliant or unlawful conduct.
2019-01-01,C,E2E0260B2F238,SYNCHRONY FINANCIAL,false_positive,18,0.03333099859279747,Baseline-only hazard; no fitted complaint predictor,3.0,0.23160277792655037,-0.40546510810816444,,Feature-based description; absence of a filing is not evidence of compliant or unlawful conduct.
2019-01-01,C,E2FE689061D63,"Dovenmuehle Mortgage, Inc.",false_positive,19,0.03333099859279747,Baseline-only hazard; no fitted complaint predictor,151.0,-0.4397568141167674,-0.38372512147175847,,Feature-based description; absence of a filing is not evidence of compliant or unlawful conduct.
2019-01-01,C,E3083051A1527,Data Mortgage Inc.,false_positive,20,0.03333099859279747,Baseline-only hazard; no fitted complaint predictor,0.0,,0.0,,Feature-based description; absence of a filing is not evidence of compliant or unlawful conduct.
2019-01-01,C,ED481C2307342,Freedom Mortgage Company,miss,88,0.03333099859279747,Baseline-only hazard; no fitted complaint predictor,580.0,0.24166729974368206,-0.13077023118319459,2019-06-05 00:00:00,Feature-based description; absence of a filing is not evidence of compliant or unlawful conduct.
2019-01-01,C,ED9E334BCFE15,"BSI Financial Holdings, Inc.",miss,90,0.03333099859279747,Baseline-only hazard; no fitted complaint predictor,129.0,-1.3694922026332879,-0.13762137787604772,2019-05-29 00:00:00,Feature-based description; absence of a filing is not evidence of compliant or unlawful conduct.
2019-01-01,prior_action,EC2C27F26E8F0,BANK OF AMERICA CORP,false_positive,1,7.277247726631484,Persistent high complaint volume,1446.0,-1.4174416636496558,-0.24991141156531443,2023-11-28 00:00:00,Feature-based description; absence of a filing is not evidence of compliant or unlawful conduct.
2019-01-01,prior_action,EB163C5D356CB,"SELECT PORTFOLIO SERVICING, INC.",false_positive,2,7.011213987350367,Persistent high complaint volume,1108.0,-0.2700363773501882,0.046855417281505156,,Feature-based description; absence of a filing is not evidence of compliant or unlawful conduct.
2019-01-01,prior_action,EFB32B9881EC7,Specialized Loan Servicing Holdings LLC,false_positive,3,6.395261598115449,Persistent high complaint volume,598.0,-1.1433921970177547,-0.13353139262452263,2020-05-11 00:00:00,Feature-based description; absence of a filing is not evidence of compliant or unlawful conduct.
2019-01-01,prior_action,E9924BD19EECC,U S BCORP,false_positive,5,6.285998094508865,Persistent high complaint volume,536.0,-1.00783075568958,0.08183001824763211,,Feature-based description; absence of a filing is not evidence of compliant or unlawful conduct.
2019-01-01,prior_action,EC88D0EDB5407,PNC FINL SERVICES GROUP INC,false_positive,6,6.1903154058531475,Persistent high complaint volume,487.0,-2.272350107392567,-0.053182265460309144,,Feature-based description; absence of a filing is not evidence of compliant or unlawful conduct.
2019-01-01,prior_action,E204727426645,"CARRINGTON MORTGAGE SERVICES, LLC",false_positive,7,6.186208623900494,Persistent high complaint volume,485.0,-1.8724001286747363,-0.26854273224108355,2022-11-17 00:00:00,Feature-based description; absence of a filing is not evidence of compliant or unlawful conduct.
2019-01-01,prior_action,E1FDDE5D766D3,"Shellpoint Partners, LLC",false_positive,8,6.129050210060545,Persistent high complaint volume,458.0,-0.11201104983338397,0.04348511193973889,,Feature-based description; absence of a filing is not evidence of compliant or unlawful conduct.
2019-01-01,prior_action,E54523B495FBB,RUSHMORE LOAN MANAGEMENT SERVICES LLC,false_positive,9,6.091309882077698,Persistent high complaint volume,441.0,1.2048730191859292,-0.131113011760241,,Feature-based description; absence of a filing is not evidence of compliant or unlawful conduct.
2019-01-01,prior_action,EFEEA1A616991,CITIGROUP INC,false_positive,10,6.091309882077698,Persistent high complaint volume,441.0,-1.7378099688469324,-0.5410394023624872,,Feature-based description; absence of a filing is not evidence of compliant or unlawful conduct.
2019-01-01,prior_action,E7BC26E9E7EDD,"Community Loan Servicing, LLC (formerly known as Bayview Loan Servicing, LLC)",false_positive,11,6.068425588244111,Persistent high complaint volume,431.0,-1.2562660444316254,-0.14343246360723416,,Feature-based description; absence of a filing is not evidence of compliant or unlawful conduct.
2019-01-01,prior_action,EB2B27823D171,"Caliber Home Loans, Inc.",false_positive,12,6.0330862217988015,Persistent high complaint volume,416.0,-1.6650727294322107,-0.3677247801253174,,Feature-based description; absence of a filing is not evidence of compliant or unlawful conduct.
2019-01-01,prior_action,E073BF657F5B1,"Seterus, Inc.",false_positive,13,5.746203190540153,Persistent high complaint volume,312.0,-1.3086146099869451,-0.14035735769492247,2020-12-18 00:00:00,Feature-based description; absence of a filing is not evidence of compliant or unlawful conduct.
2019-01-01,prior_action,E06161BBFB0B1,"PENNYMAC LOAN SERVICES, LLC.",false_positive,14,5.659482215759621,Persistent high complaint volume,286.0,-0.9860481536866188,-0.1950605825713843,,Feature-based description; absence of a filing is not evidence of compliant or unlawful conduct.
2019-01-01,prior_action,E1583D8BF9434,"Rocket Mortgage, LLC",false_positive,15,5.568344503761097,Persistent high complaint volume,261.0,-0.7738497120192351,-0.05324451451881224,,Feature-based description; absence of a filing is not evidence of compliant or unlawful conduct.
2019-01-01,prior_action,EE2ED85757AB4,Selene Finance LP,false_positive,16,5.545177444479562,Persistent high complaint volume,255.0,-0.07374623838894367,0.17946848781154814,,Feature-based description; absence of a filing is not evidence of compliant or unlawful conduct.
2019-01-01,prior_action,E796248861ED3,M&T BANK CORP,false_positive,17,5.537334267018537,Persistent high complaint volume,253.0,-1.521643643477564,-0.21256144198367288,,Feature-based description; absence of a filing is not evidence of compliant or unlawful conduct.
2019-01-01,prior_action,EAC8B1082E172,RoundPoint Mortgage Servicing LLC,false_positive,18,5.455321115357702,Persistent high complaint volume,233.0,-1.143651825466001,-0.4589537930591506,,Feature-based description; absence of a filing is not evidence of compliant or unlawful conduct.
2019-01-01,prior_action,EC6692485BEB4,CITIZENS FINANCIAL GROUP INC,false_positive,19,5.14166355650266,Persistent high complaint volume,170.0,-0.9443970047148998,0.09309042306601203,,Feature-based description; absence of a filing is not evidence of compliant or unlawful conduct.
2019-01-01,prior_action,EFA4E9E07892E,"LD Holdings Group, LLC",false_positive,20,5.14166355650266,Persistent high complaint volume,170.0,-0.4337077453278483,-0.3524406397999441,,Feature-based description; absence of a filing is not evidence of compliant or unlawful conduct.
2019-01-01,prior_action,ED9E334BCFE15,"BSI Financial Holdings, Inc.",miss,25,4.867534450455582,No strong contemporaneous complaint anomaly,129.0,-1.3694922026332879,-0.13762137787604772,2019-05-29 00:00:00,Feature-based description; absence of a filing is not evidence of compliant or unlawful conduct.
2019-01-01,random,E4907A144AE57,"CARDINAL FINANCIAL COMPANY, LIMITED PARTNERSHIP",false_positive,1,0.9984796000015367,Elevated structured signal without a filing,25.0,0.0,-0.3746934494414107,,Feature-based description; absence of a filing is not evidence of compliant or unlawful conduct.
2019-01-01,random,E5AD7D28D6C06,Union Home Mortgage Corp,false_positive,2,0.987230799892853,Sparse complaint history or rank tie,11.0,-0.1645897423344898,0.47000362924573563,,Feature-based description; absence of a filing is not evidence of compliant or unlawful conduct.
2019-01-01,random,E806DAD516CDE,Arbor Residential Mortgage LLC,false_positive,3,0.961846824548151,Sparse complaint history or rank tie,0.0,-0.8304232663504331,0.0,,Feature-based description; absence of a filing is not evidence of compliant or unlawful conduct.
2019-01-01,random,E141256315B89,KEYCORP,false_positive,4,0.9538410479396563,Elevated structured signal without a filing,82.0,-0.18097905368617737,-0.04762804898925459,,Feature-based description; absence of a filing is not evidence of compliant or unlawful conduct.
2019-01-01,random,E99C4F19CABA9,FIFTH THIRD BCORP,false_positive,5,0.9472268057825382,Persistent high complaint volume,166.0,-1.0806399001364249,-0.2392296890658341,,Feature-based description; absence of a filing is not evidence of compliant or unlawful conduct.
2019-01-01,random,E7BC26E9E7EDD,"Community Loan Servicing, LLC (formerly known as Bayview Loan Servicing, LLC)",false_positive,6,0.9413617513861837,Persistent high complaint volume,431.0,-1.2562660444316254,-0.14343246360723416,,Feature-based description; absence of a filing is not evidence of compliant or unlawful conduct.
2019-01-01,random,E20E78396D860,"Peer Advisors, LLC",false_positive,7,0.9342926785518284,Complaint surge without a filing in the horizon,36.0,1.5665747355284663,1.8870696490323797,,Feature-based description; absence of a filing is not evidence of compliant or unlawful conduct.
2019-01-01,random,EFA4E9E07892E,"LD Holdings Group, LLC",false_positive,8,0.9277860343892597,Persistent high complaint volume,170.0,-0.4337077453278483,-0.3524406397999441,,Feature-based description; absence of a filing is not evidence of compliant or unlawful conduct.
2019-01-01,random,E973A2572465F,"CMG Financial Services, Inc.",false_positive,9,0.9264456248265281,Complaint surge without a filing in the horizon,24.0,2.3313087937572763,0.47000362924573563,,Feature-based description; absence of a filing is not evidence of compliant or unlawful conduct.
2019-01-01,random,EDE60FD674DA6,"PLAZA HOME MORTGAGE, INC.",false_positive,11,0.9231200921417362,Elevated structured signal without a filing,19.0,-0.6972166887783965,-0.0953101798043249,,Feature-based description; absence of a filing is not evidence of compliant or unlawful conduct.
2019-01-01,random,EBA75D3B76656,CAPITAL ONE FINANCIAL CORP,false_positive,12,0.914238989628243,Elevated structured signal without a filing,93.0,-2.5689195182062172,-0.6306268235786113,,Feature-based description; absence of a filing is not evidence of compliant or unlawful conduct.
2019-01-01,random,E595375A39DFA,MidAmerica Mortgage Inc,false_positive,13,0.9130943681409326,Elevated structured signal without a filing,20.0,-0.6850902561004875,-1.845826690498331,,Feature-based description; absence of a filing is not evidence of compliant or unlawful conduct.
2019-01-01,random,E0FE83038482A,Franklin Credit Management Corporation,false_positive,14,0.9071925820213155,Elevated structured signal without a filing,16.0,-0.3454116644527941,-0.45198512374305727,,Feature-based description; absence of a filing is not evidence of compliant or unlawful conduct.
2019-01-01,random,EA25032638622,"American Financial Resources, Inc.",false_positive,15,0.9040627324989032,Elevated structured signal without a filing,15.0,-1.5149527937243177,-0.35667494393873245,,Feature-based description; absence of a filing is not evidence of compliant or unlawful conduct.
2019-01-01,random,E6E7EB400BFED,NVR INC.,false_positive,16,0.8972004596254507,Sparse complaint history or rank tie,10.0,-1.054765049398189,-1.6094379124341003,,Feature-based description; absence of a filing is not evidence of compliant or unlawful conduct.
2019-01-01,random,E9291B3C42904,DISCOVER FINANCIAL SERVICES,false_positive,17,0.8858921774112467,Sparse complaint history or rank tie,10.0,-0.5590169943749475,0.3364722366212129,,Feature-based description; absence of a filing is not evidence of compliant or unlawful conduct.
2019-01-01,random,E55E8F997C41C,"PRIMELENDING, A PLAINSCAPITAL COMPANY",false_positive,18,0.8830509164958789,Elevated structured signal without a filing,34.0,0.7075245695722967,0.0,,Feature-based description; absence of a filing is not evidence of compliant or unlawful conduct.
2019-01-01,random,EDCBA28169857,Southwest Business Corporation,false_positive,19,0.8711055234785678,Elevated structured signal without a filing,20.0,1.2538059528483614,-0.1823215567939546,,Feature-based description; absence of a filing is not evidence of compliant or unlawful conduct.
2019-01-01,random,EA742F32A9337,PENTAGON FEDERAL CREDIT UNION,false_positive,20,0.8700524795444008,Elevated structured signal without a filing,21.0,-0.8301627447922899,-0.4418327522790392,,Feature-based description; absence of a filing is not evidence of compliant or unlawful conduct.
2019-01-01,random,ED9E334BCFE15,"BSI Financial Holdings, Inc.",miss,108,0.01975337049282606,No strong contemporaneous complaint anomaly,129.0,-1.3694922026332879,-0.13762137787604772,2019-05-29 00:00:00,Feature-based description; absence of a filing is not evidence of compliant or unlawful conduct.
2019-01-01,raw_count,EC2C27F26E8F0,BANK OF AMERICA CORP,false_positive,1,1446.0,Persistent high complaint volume,1446.0,-1.4174416636496558,-0.24991141156531443,2023-11-28 00:00:00,Feature-based description; absence of a filing is not evidence of compliant or unlawful conduct.
2019-01-01,raw_count,EB163C5D356CB,"SELECT PORTFOLIO SERVICING, INC.",false_positive,2,1108.0,Persistent high complaint volume,1108.0,-0.2700363773501882,0.046855417281505156,,Feature-based description; absence of a filing is not evidence of compliant or unlawful conduct.
2019-01-01,raw_count,EFB32B9881EC7,Specialized Loan Servicing Holdings LLC,false_positive,3,598.0,Persistent high complaint volume,598.0,-1.1433921970177547,-0.13353139262452263,2020-05-11 00:00:00,Feature-based description; absence of a filing is not evidence of compliant or unlawful conduct.
2019-01-01,raw_count,E9924BD19EECC,U S BCORP,false_positive,5,536.0,Persistent high complaint volume,536.0,-1.00783075568958,0.08183001824763211,,Feature-based description; absence of a filing is not evidence of compliant or unlawful conduct.
2019-01-01,raw_count,EC88D0EDB5407,PNC FINL SERVICES GROUP INC,false_positive,6,487.0,Persistent high complaint volume,487.0,-2.272350107392567,-0.053182265460309144,,Feature-based description; absence of a filing is not evidence of compliant or unlawful conduct.
2019-01-01,raw_count,E204727426645,"CARRINGTON MORTGAGE SERVICES, LLC",false_positive,7,485.0,Persistent high complaint volume,485.0,-1.8724001286747363,-0.26854273224108355,2022-11-17 00:00:00,Feature-based description; absence of a filing is not evidence of compliant or unlawful conduct.
2019-01-01,raw_count,E1FDDE5D766D3,"Shellpoint Partners, LLC",false_positive,8,458.0,Persistent high complaint volume,458.0,-0.11201104983338397,0.04348511193973889,,Feature-based description; absence of a filing is not evidence of compliant or unlawful conduct.
2019-01-01,raw_count,E54523B495FBB,RUSHMORE LOAN MANAGEMENT SERVICES LLC,false_positive,9,441.0,Persistent high complaint volume,441.0,1.2048730191859292,-0.131113011760241,,Feature-based description; absence of a filing is not evidence of compliant or unlawful conduct.
2019-01-01,raw_count,EFEEA1A616991,CITIGROUP INC,false_positive,10,441.0,Persistent high complaint volume,441.0,-1.7378099688469324,-0.5410394023624872,,Feature-based description; absence of a filing is not evidence of compliant or unlawful conduct.
2019-01-01,raw_count,E7BC26E9E7EDD,"Community Loan Servicing, LLC (formerly known as Bayview Loan Servicing, LLC)",false_positive,11,431.0,Persistent high complaint volume,431.0,-1.2562660444316254,-0.14343246360723416,,Feature-based description; absence of a filing is not evidence of compliant or unlawful conduct.
2019-01-01,raw_count,EB2B27823D171,"Caliber Home Loans, Inc.",false_positive,12,416.0,Persistent high complaint volume,416.0,-1.6650727294322107,-0.3677247801253174,,Feature-based description; absence of a filing is not evidence of compliant or unlawful conduct.
2019-01-01,raw_count,E073BF657F5B1,"Seterus, Inc.",false_positive,13,312.0,Persistent high complaint volume,312.0,-1.3086146099869451,-0.14035735769492247,2020-12-18 00:00:00,Feature-based description; absence of a filing is not evidence of compliant or unlawful conduct.
2019-01-01,raw_count,E06161BBFB0B1,"PENNYMAC LOAN SERVICES, LLC.",false_positive,14,286.0,Persistent high complaint volume,286.0,-0.9860481536866188,-0.1950605825713843,,Feature-based description; absence of a filing is not evidence of compliant or unlawful conduct.
2019-01-01,raw_count,E1583D8BF9434,"Rocket Mortgage, LLC",false_positive,15,261.0,Persistent high complaint volume,261.0,-0.7738497120192351,-0.05324451451881224,,Feature-based description; absence of a filing is not evidence of compliant or unlawful conduct.
2019-01-01,raw_count,EE2ED85757AB4,Selene Finance LP,false_positive,16,255.0,Persistent high complaint volume,255.0,-0.07374623838894367,0.17946848781154814,,Feature-based description; absence of a filing is not evidence of compliant or unlawful conduct.
2019-01-01,raw_count,E796248861ED3,M&T BANK CORP,false_positive,17,253.0,Persistent high complaint volume,253.0,-1.521643643477564,-0.21256144198367288,,Feature-based description; absence of a filing is not evidence of compliant or unlawful conduct.
2019-01-01,raw_count,EAC8B1082E172,RoundPoint Mortgage Servicing LLC,false_positive,18,233.0,Persistent high complaint volume,233.0,-1.143651825466001,-0.4589537930591506,,Feature-based description; absence of a filing is not evidence of compliant or unlawful conduct.
2019-01-01,raw_count,EC6692485BEB4,CITIZENS FINANCIAL GROUP INC,false_positive,19,170.0,Persistent high complaint volume,170.0,-0.9443970047148998,0.09309042306601203,,Feature-based description; absence of a filing is not evidence of compliant or unlawful conduct.
2019-01-01,raw_count,EFA4E9E07892E,"LD Holdings Group, LLC",false_positive,20,170.0,Persistent high complaint volume,170.0,-0.4337077453278483,-0.3524406397999441,,Feature-based description; absence of a filing is not evidence of compliant or unlawful conduct.
2019-01-01,raw_count,ED9E334BCFE15,"BSI Financial Holdings, Inc.",miss,25,129.0,No strong contemporaneous complaint anomaly,129.0,-1.3694922026332879,-0.13762137787604772,2019-05-29 00:00:00,Feature-based description; absence of a filing is not evidence of compliant or unlawful conduct.
2019-01-01,self_normalized,EC5C21EED4E5A,"Better Mortgage, Inc.",false_positive,1,2.244830831768704,Sparse complaint history or rank tie,3.0,3.595462477533374,0.4054651081081644,,Feature-based description; absence of a filing is not evidence of compliant or unlawful conduct.
2019-01-01,self_normalized,E1AC4ADE944DE,"Zions Bancorporation, N.A.",false_positive,2,1.392875435671603,Complaint surge without a filing in the horizon,12.0,1.414213562373095,0.5877866649021191,,Feature-based description; absence of a filing is not evidence of compliant or unlawful conduct.
2019-01-01,self_normalized,E973A2572465F,"CMG Financial Services, Inc.",false_positive,3,1.2781330487996405,Complaint surge without a filing in the horizon,24.0,2.3313087937572763,0.47000362924573563,,Feature-based description; absence of a filing is not evidence of compliant or unlawful conduct.
2019-01-01,self_normalized,EB2869CB18595,FIRST BCORP,false_positive,4,1.2234052131012794,Elevated structured signal without a filing,21.0,1.211826342903206,-0.262364264467491,,Feature-based description; absence of a filing is not evidence of compliant or unlawful conduct.
2019-01-01,self_normalized,E6C300C66AB15,American Financial Network Inc.,false_positive,5,1.145123900071579,Sparse complaint history or rank tie,11.0,2.1573723181567286,0.15415067982725836,,Feature-based description; absence of a filing is not evidence of compliant or unlawful conduct.
2019-01-01,self_normalized,EE8D973B13F37,"PulteGroup, Inc.",false_positive,6,0.893717238756896,Sparse complaint history or rank tie,9.0,1.8286070487767976,0.1823215567939546,,Feature-based description; absence of a filing is not evidence of compliant or unlawful conduct.
2019-01-01,self_normalized,EB7F1B7690613,PRIMARY RESIDENTIAL MORTGAGE,false_positive,7,0.8899176021817926,Elevated structured signal without a filing,17.0,1.823638252263502,0.3184537311185346,,Feature-based description; absence of a filing is not evidence of compliant or unlawful conduct.
2019-01-01,self_normalized,E718D7EB76BA7,BBVA USA / Banco Bilbao Vizcaya Argentaria,false_positive,8,0.8897732023760171,Elevated structured signal without a filing,57.0,0.8133914205155008,0.3074846997479607,,Feature-based description; absence of a filing is not evidence of compliant or unlawful conduct.
2019-01-01,self_normalized,ED66424082417,"MONEY SOURCE, INC., THE",false_positive,9,0.6999632600293457,Complaint surge without a filing in the horizon,52.0,2.020168714633509,0.14842000511827322,,Feature-based description; absence of a filing is not evidence of compliant or unlawful conduct.
2019-01-01,self_normalized,E3386A41C1D8E,"LAKEVIEW LOAN SERVICING, LLC",false_positive,10,0.5579130092053562,Persistent high complaint volume,119.0,1.8199430141145496,0.4888467170472154,,Feature-based description; absence of a filing is not evidence of compliant or unlawful conduct.
2019-01-01,self_normalized,ECF2F96AAE504,ALLY FINANCIAL INC,false_positive,11,0.5433856949040246,Elevated structured signal without a filing,12.0,0.39972344136788807,0.28768207245178085,,Feature-based description; absence of a filing is not evidence of compliant or unlawful conduct.
2019-01-01,self_normalized,EC36798CEE27E,GATEWAY FIRST BCORP INC,false_positive,12,0.5391391361195657,Elevated structured signal without a filing,17.0,0.39465205353545973,0.10536051565782635,,Feature-based description; absence of a filing is not evidence of compliant or unlawful conduct.
2019-01-01,self_normalized,E468B6E606834,WEBSTER FINANCIAL CORP,false_positive,13,0.5062627369490419,Elevated structured signal without a filing,17.0,0.35538991701738537,0.10536051565782635,,Feature-based description; absence of a filing is not evidence of compliant or unlawful conduct.
2019-01-01,self_normalized,EDCBA28169857,Southwest Business Corporation,false_positive,14,0.4541670857862359,Elevated structured signal without a filing,20.0,1.2538059528483614,-0.1823215567939546,,Feature-based description; absence of a filing is not evidence of compliant or unlawful conduct.
2019-01-01,self_normalized,E2E0260B2F238,SYNCHRONY FINANCIAL,false_positive,15,0.4026087904794202,Sparse complaint history or rank tie,3.0,0.23160277792655037,-0.40546510810816444,,Feature-based description; absence of a filing is not evidence of compliant or unlawful conduct.
2019-01-01,self_normalized,E20E78396D860,"Peer Advisors, LLC",false_positive,16,0.3781607225073379,Complaint surge without a filing in the horizon,36.0,1.5665747355284663,1.8870696490323797,,Feature-based description; absence of a filing is not evidence of compliant or unlawful conduct.
2019-01-01,self_normalized,EDC335F416F27,MidFirst Bank / Records family,false_positive,17,0.2682995419032393,Elevated structured signal without a filing,70.0,0.07120601349117159,-0.11122563511022437,,Feature-based description; absence of a filing is not evidence of compliant or unlawful conduct.
2019-01-01,self_normalized,E4C525C3C7714,POPULAR INC,false_positive,18,0.14755575941619783,Elevated structured signal without a filing,73.0,-0.07299040069415215,0.08004270767353636,,Feature-based description; absence of a filing is not evidence of compliant or unlawful conduct.
2019-01-01,self_normalized,E18CD77639D2E,"AmeriHome Mortgage Company, LLC",false_positive,19,0.13680260687226953,Persistent high complaint volume,153.0,0.8387874411822271,-0.29898162770571424,,Feature-based description; absence of a filing is not evidence of compliant or unlawful conduct.
2019-01-01,self_normalized,E54523B495FBB,RUSHMORE LOAN MANAGEMENT SERVICES LLC,false_positive,20,0.12155120935915097,Persistent high complaint volume,441.0,1.2048730191859292,-0.131113011760241,,Feature-based description; absence of a filing is not evidence of compliant or unlawful conduct.
2019-01-01,self_normalized,ED481C2307342,Freedom Mortgage Company,miss,40,-0.31981491068349366,No strong contemporaneous complaint anomaly,580.0,0.24166729974368206,-0.13077023118319459,2019-06-05 00:00:00,Feature-based description; absence of a filing is not evidence of compliant or unlawful conduct.
2019-01-01,self_normalized,ED9E334BCFE15,"BSI Financial Holdings, Inc.",miss,103,-1.7048338377359775,No strong contemporaneous complaint anomaly,129.0,-1.3694922026332879,-0.13762137787604772,2019-05-29 00:00:00,Feature-based description; absence of a filing is not evidence of compliant or unlawful conduct.
2020-01-01,A,E6E7EB400BFED,NVR INC.,false_positive,1,1.3760300217767978,Sparse complaint history or rank tie,3.0,-1.023388635122107,-0.40546510810816444,,Feature-based description; absence of a filing is not evidence of compliant or unlawful conduct.
2020-01-01,A,EC5C21EED4E5A,"Better Mortgage, Inc.",false_positive,2,1.2147794493259023,Sparse complaint history or rank tie,9.0,1.4981563837336176,1.5040773967762742,,Feature-based description; absence of a filing is not evidence of compliant or unlawful conduct.
2020-01-01,A,EEABDDDD2DFE8,AMERIS BCORP,false_positive,3,1.0851796052097016,Complaint surge without a filing in the horizon,14.0,,0.7884573603642703,,Feature-based description; absence of a filing is not evidence of compliant or unlawful conduct.
2020-01-01,A,EA742F32A9337,PENTAGON FEDERAL CREDIT UNION,false_positive,4,1.0557006273547918,Complaint surge without a filing in the horizon,17.0,0.7877032548622054,0.7731898882334817,,Feature-based description; absence of a filing is not evidence of compliant or unlawful conduct.
2020-01-01,A,EABB6242BEA4E,SN SERVICING CORPORATION,false_positive,5,0.6351345043834399,Elevated structured signal without a filing,54.0,1.8065309450717921,0.28768207245178085,,Feature-based description; absence of a filing is not evidence of compliant or unlawful conduct.
2020-01-01,A,EDCBA28169857,Southwest Business Corporation,false_positive,6,0.47614717232877135,Sparse complaint history or rank tie,8.0,-1.0114083546735126,-0.40546510810816444,,Feature-based description; absence of a filing is not evidence of compliant or unlawful conduct.
2020-01-01,A,E7D4C027DB2B7,ARVEST BANK GROUP INC,false_positive,7,0.4310760698332078,Complaint surge without a filing in the horizon,47.0,2.176614844035718,0.28768207245178085,,Feature-based description; absence of a filing is not evidence of compliant or unlawful conduct.
2020-01-01,A,E9C236160D8B5,BANKUNITED INC,false_positive,8,0.4224320982995426,Sparse complaint history or rank tie,6.0,-1.5434960331091265,-0.5108256237659907,,Feature-based description; absence of a filing is not evidence of compliant or unlawful conduct.
2020-01-01,A,EB65DCEF09CD6,PARAMOUNT RESIDENTIAL MORTGAGE GROUP,false_positive,9,0.40229900521941203,Sparse complaint history or rank tie,9.0,0.0,-0.1823215567939546,,Feature-based description; absence of a filing is not evidence of compliant or unlawful conduct.
2020-01-01,A,E9291B3C42904,DISCOVER FINANCIAL SERVICES,false_positive,10,0.3616529248145455,Complaint surge without a filing in the horizon,13.0,1.986300778221447,1.3862943611198906,,Feature-based description; absence of a filing is not evidence of compliant or unlawful conduct.
2020-01-01,A,E395472B677AD,WSFS FINANCIAL CORP,false_positive,11,0.32897743889330827,Sparse complaint history or rank tie,11.0,,2.4849066497880004,,Feature-based description; absence of a filing is not evidence of compliant or unlawful conduct.
2020-01-01,A,E973A2572465F,"CMG Financial Services, Inc.",false_positive,12,0.3097950546033326,Elevated structured signal without a filing,19.0,1.1000936722492618,0.28768207245178085,,Feature-based description; absence of a filing is not evidence of compliant or unlawful conduct.
2020-01-01,A,E806DAD516CDE,Arbor Residential Mortgage LLC,false_positive,13,0.2910503039028406,Sparse complaint history or rank tie,1.0,-0.5681972518953089,-0.6931471805599453,,Feature-based description; absence of a filing is not evidence of compliant or unlawful conduct.
2020-01-01,A,E36F4BD58BE4A,BANK OF NY MELLON CORP THE,false_positive,14,0.2842548631533961,Sparse complaint history or rank tie,2.0,0.23169156565376312,1.0986122886681098,,Feature-based description; absence of a filing is not evidence of compliant or unlawful conduct.
2020-01-01,A,EB2869CB18595,FIRST BCORP,false_positive,15,0.23698279953477544,Elevated structured signal without a filing,26.0,0.1608866393110127,0.14310084364067324,,Feature-based description; absence of a filing is not evidence of compliant or unlawful conduct.
2020-01-01,A,ECF2F96AAE504,ALLY FINANCIAL INC,false_positive,16,0.17126162058082686,Complaint surge without a filing in the horizon,17.0,2.130452417101749,-0.10536051565782628,,Feature-based description; absence of a filing is not evidence of compliant or unlawful conduct.
2020-01-01,A,E55D8798567B8,Finance of America Holdings LLC,false_positive,17,0.16571118621509842,Sparse complaint history or rank tie,7.0,0.0915490363337586,-0.2231435513142097,,Feature-based description; absence of a filing is not evidence of compliant or unlawful conduct.
2020-01-01,A,E3EF704205792,FIRST CITIZENS BANCSHARES INC,false_positive,18,0.12071583993945212,Sparse complaint history or rank tie,9.0,-0.9941623059847162,0.1823215567939546,,Feature-based description; absence of a filing is not evidence of compliant or unlawful conduct.
2020-01-01,A,EA7E086856794,"BROKER SOLUTIONS, INC.",false_positive,19,0.10253188997718381,Elevated structured signal without a filing,32.0,1.0922074021725157,0.23638877806423034,,Feature-based description; absence of a filing is not evidence of compliant or unlawful conduct.
2020-01-01,A,E0FE83038482A,Franklin Credit Management Corporation,false_positive,20,0.06013015326599926,Elevated structured signal without a filing,15.0,-0.7579067372011958,0.11778303565638346,,Feature-based description; absence of a filing is not evidence of compliant or unlawful conduct.
2020-01-01,A,EFB32B9881EC7,Specialized Loan Servicing Holdings LLC,miss,34,-0.04815292909140203,Signal present but ranked below top 20,790.0,2.451113084064765,0.36772478012531734,2020-05-11 00:00:00,Feature-based description; absence of a filing is not evidence of compliant or unlawful conduct.
2020-01-01,A,E073BF657F5B1,"Seterus, Inc.",miss,56,-0.21996222328759937,No strong contemporaneous complaint anomaly,56.0,-1.4335667854924328,-4.04305126783455,2020-12-18 00:00:00,Feature-based description; absence of a filing is not evidence of compliant or unlawful conduct.
2020-01-01,B,E06161BBFB0B1,"PENNYMAC LOAN SERVICES, LLC.",false_positive,1,0.027602131848693052,Baseline-only hazard; no fitted complaint predictor,283.0,0.04093976795633361,0.00701757265864654,,Feature-based description; absence of a filing is not evidence of compliant or unlawful conduct.
2020-01-01,B,E0D610F1C9955,"AMA Advisors, LLC.",false_positive,3,0.027602131848693052,Baseline-only hazard; no fitted complaint predictor,40.0,0.9681743977472745,0.38566248081198473,,Feature-based description; absence of a filing is not evidence of compliant or unlawful conduct.
2020-01-01,B,E0F4D2A3DE7F9,FIRST HORIZON CORP,false_positive,4,0.027602131848693052,Baseline-only hazard; no fitted complaint predictor,15.0,0.42859980838920914,0.6061358035703155,,Feature-based description; absence of a filing is not evidence of compliant or unlawful conduct.
2020-01-01,B,E0F85A0D4F508,Movement Mortgage LLC,false_positive,5,0.027602131848693052,Baseline-only hazard; no fitted complaint predictor,22.0,0.46186023637524976,0.5108256237659907,,Feature-based description; absence of a filing is not evidence of compliant or unlawful conduct.
2020-01-01,B,E0FE83038482A,Franklin Credit Management Corporation,false_positive,6,0.027602131848693052,Baseline-only hazard; no fitted complaint predictor,15.0,-0.7579067372011958,0.11778303565638346,,Feature-based description; absence of a filing is not evidence of compliant or unlawful conduct.
2020-01-01,B,E141256315B89,KEYCORP,false_positive,7,0.027602131848693052,Baseline-only hazard; no fitted complaint predictor,75.0,-0.7874979128020217,-0.23483959107740107,,Feature-based description; absence of a filing is not evidence of compliant or unlawful conduct.
2020-01-01,B,E1583D8BF9434,"Rocket Mortgage, LLC",false_positive,8,0.027602131848693052,Baseline-only hazard; no fitted complaint predictor,308.0,2.079373249737292,0.5142679679569634,,Feature-based description; absence of a filing is not evidence of compliant or unlawful conduct.
2020-01-01,B,E182F7E774550,FCI Lender Services Inc.,false_positive,9,0.027602131848693052,Baseline-only hazard; no fitted complaint predictor,38.0,2.1140998454015065,-0.2006706954621511,,Feature-based description; absence of a filing is not evidence of compliant or unlawful conduct.
2020-01-01,B,E18CD77639D2E,"AmeriHome Mortgage Company, LLC",false_positive,10,0.027602131848693052,Baseline-only hazard; no fitted complaint predictor,146.0,1.0343431324777808,-0.05406722127027582,,Feature-based description; absence of a filing is not evidence of compliant or unlawful conduct.
2020-01-01,B,E1AC4ADE944DE,"Zions Bancorporation, N.A.",false_positive,11,0.027602131848693052,Baseline-only hazard; no fitted complaint predictor,20.0,-2.411645497484194,-0.1823215567939546,,Feature-based description; absence of a filing is not evidence of compliant or unlawful conduct.
2020-01-01,B,E1E10FA19D799,EVERBANK FINANCIAL CORP,false_positive,12,0.027602131848693052,Baseline-only hazard; no fitted complaint predictor,54.0,-0.8460118077744975,0.3610133455373305,,Feature-based description; absence of a filing is not evidence of compliant or unlawful conduct.
2020-01-01,B,E1FDDE5D766D3,"Shellpoint Partners, LLC",false_positive,13,0.027602131848693052,Baseline-only hazard; no fitted complaint predictor,788.0,0.7104621721224208,-0.04557750849631925,,Feature-based description; absence of a filing is not evidence of compliant or unlawful conduct.
2020-01-01,B,E204727426645,"CARRINGTON MORTGAGE SERVICES, LLC",false_positive,14,0.027602131848693052,Baseline-only hazard; no fitted complaint predictor,404.0,-1.4932429098843163,-0.24756207866235563,2022-11-17 00:00:00,Feature-based description; absence of a filing is not evidence of compliant or unlawful conduct.
2020-01-01,B,E20E78396D860,"Peer Advisors, LLC",false_positive,15,0.027602131848693052,Baseline-only hazard; no fitted complaint predictor,80.0,1.5154906138383242,0.2947995402206448,,Feature-based description; absence of a filing is not evidence of compliant or unlawful conduct.
2020-01-01,B,E2ADFA9D6F7D0,TORONTO-DOMINION BANK THE,false_positive,16,0.027602131848693052,Baseline-only hazard; no fitted complaint predictor,101.0,-1.762020167274135,0.058268908123975824,,Feature-based description; absence of a filing is not evidence of compliant or unlawful conduct.
2020-01-01,B,E2E0260B2F238,SYNCHRONY FINANCIAL,false_positive,17,0.027602131848693052,Baseline-only hazard; no fitted complaint predictor,2.0,-0.7127864449672372,-1.0986122886681098,,Feature-based description; absence of a filing is not evidence of compliant or unlawful conduct.
2020-01-01,B,E2FE689061D63,"Dovenmuehle Mortgage, Inc.",false_positive,18,0.027602131848693052,Baseline-only hazard; no fitted complaint predictor,135.0,-0.5343925946886929,-0.13157635778871932,,Feature-based description; absence of a filing is not evidence of compliant or unlawful conduct.
2020-01-01,B,E3083051A1527,Data Mortgage Inc.,false_positive,19,0.027602131848693052,Baseline-only hazard; no fitted complaint predictor,1.0,,0.6931471805599453,,Feature-based description; absence of a filing is not evidence of compliant or unlawful conduct.
2020-01-01,B,E31BF475DBBDE,"Lennar Financial Services, LLC",false_positive,20,0.027602131848693052,Baseline-only hazard; no fitted complaint predictor,0.0,-0.5270462766947298,0.0,,Feature-based description; absence of a filing is not evidence of compliant or unlawful conduct.
2020-01-01,B,EFB32B9881EC7,Specialized Loan Servicing Holdings LLC,miss,107,0.027602131848693052,Baseline-only hazard; no fitted complaint predictor,790.0,2.451113084064765,0.36772478012531734,2020-05-11 00:00:00,Feature-based description; absence of a filing is not evidence of compliant or unlawful conduct.
2020-01-01,C,E395472B677AD,WSFS FINANCIAL CORP,false_positive,1,0.048128026384618744,Baseline-only hazard; no fitted complaint predictor,11.0,,2.4849066497880004,,Feature-based description; absence of a filing is not evidence of compliant or unlawful conduct.
2020-01-01,C,EFC98082BDBFD,F N B CORP,false_positive,2,0.03336709659376595,Baseline-only hazard; no fitted complaint predictor,15.0,-0.6649986297773919,0.6061358035703155,,Feature-based description; absence of a filing is not evidence of compliant or unlawful conduct.
2020-01-01,C,EEABDDDD2DFE8,AMERIS BCORP,false_positive,3,0.03319482697122136,Baseline-only hazard; no fitted complaint predictor,14.0,,0.7884573603642703,,Feature-based description; absence of a filing is not evidence of compliant or unlawful conduct.
2020-01-01,C,E20E78396D860,"Peer Advisors, LLC",false_positive,4,0.031233633519424164,Baseline-only hazard; no fitted complaint predictor,80.0,1.5154906138383242,0.2947995402206448,,Feature-based description; absence of a filing is not evidence of compliant or unlawful conduct.
2020-01-01,C,E06161BBFB0B1,"PENNYMAC LOAN SERVICES, LLC.",false_positive,5,0.028406976068867232,Baseline-only hazard; no fitted complaint predictor,283.0,0.04093976795633361,0.00701757265864654,,Feature-based description; absence of a filing is not evidence of compliant or unlawful conduct.
2020-01-01,C,E0D610F1C9955,"AMA Advisors, LLC.",false_positive,7,0.028406976068867232,Baseline-only hazard; no fitted complaint predictor,40.0,0.9681743977472745,0.38566248081198473,,Feature-based description; absence of a filing is not evidence of compliant or unlawful conduct.
2020-01-01,C,E0F4D2A3DE7F9,FIRST HORIZON CORP,false_positive,8,0.028406976068867232,Baseline-only hazard; no fitted complaint predictor,15.0,0.42859980838920914,0.6061358035703155,,Feature-based description; absence of a filing is not evidence of compliant or unlawful conduct.
2020-01-01,C,E0F85A0D4F508,Movement Mortgage LLC,false_positive,9,0.028406976068867232,Baseline-only hazard; no fitted complaint predictor,22.0,0.46186023637524976,0.5108256237659907,,Feature-based description; absence of a filing is not evidence of compliant or unlawful conduct.
2020-01-01,C,E0FE83038482A,Franklin Credit Management Corporation,false_positive,10,0.028406976068867232,Baseline-only hazard; no fitted complaint predictor,15.0,-0.7579067372011958,0.11778303565638346,,Feature-based description; absence of a filing is not evidence of compliant or unlawful conduct.
2020-01-01,C,E141256315B89,KEYCORP,false_positive,11,0.028406976068867232,Baseline-only hazard; no fitted complaint predictor,75.0,-0.7874979128020217,-0.23483959107740107,,Feature-based description; absence of a filing is not evidence of compliant or unlawful conduct.
2020-01-01,C,E1583D8BF9434,"Rocket Mortgage, LLC",false_positive,12,0.028406976068867232,Baseline-only hazard; no fitted complaint predictor,308.0,2.079373249737292,0.5142679679569634,,Feature-based description; absence of a filing is not evidence of compliant or unlawful conduct.
2020-01-01,C,E182F7E774550,FCI Lender Services Inc.,false_positive,13,0.028406976068867232,Baseline-only hazard; no fitted complaint predictor,38.0,2.1140998454015065,-0.2006706954621511,,Feature-based description; absence of a filing is not evidence of compliant or unlawful conduct.
2020-01-01,C,E18CD77639D2E,"AmeriHome Mortgage Company, LLC",false_positive,14,0.028406976068867232,Baseline-only hazard; no fitted complaint predictor,146.0,1.0343431324777808,-0.05406722127027582,,Feature-based description; absence of a filing is not evidence of compliant or unlawful conduct.
2020-01-01,C,E1AC4ADE944DE,"Zions Bancorporation, N.A.",false_positive,15,0.028406976068867232,Baseline-only hazard; no fitted complaint predictor,20.0,-2.411645497484194,-0.1823215567939546,,Feature-based description; absence of a filing is not evidence of compliant or unlawful conduct.
2020-01-01,C,E1E10FA19D799,EVERBANK FINANCIAL CORP,false_positive,16,0.028406976068867232,Baseline-only hazard; no fitted complaint predictor,54.0,-0.8460118077744975,0.3610133455373305,,Feature-based description; absence of a filing is not evidence of compliant or unlawful conduct.
2020-01-01,C,E1FDDE5D766D3,"Shellpoint Partners, LLC",false_positive,17,0.028406976068867232,Baseline-only hazard; no fitted complaint predictor,788.0,0.7104621721224208,-0.04557750849631925,,Feature-based description; absence of a filing is not evidence of compliant or unlawful conduct.
2020-01-01,C,E204727426645,"CARRINGTON MORTGAGE SERVICES, LLC",false_positive,18,0.028406976068867232,Baseline-only hazard; no fitted complaint predictor,404.0,-1.4932429098843163,-0.24756207866235563,2022-11-17 00:00:00,Feature-based description; absence of a filing is not evidence of compliant or unlawful conduct.
2020-01-01,C,E2ADFA9D6F7D0,TORONTO-DOMINION BANK THE,false_positive,19,0.028406976068867232,Baseline-only hazard; no fitted complaint predictor,101.0,-1.762020167274135,0.058268908123975824,,Feature-based description; absence of a filing is not evidence of compliant or unlawful conduct.
2020-01-01,C,E2E0260B2F238,SYNCHRONY FINANCIAL,false_positive,20,0.028406976068867232,Baseline-only hazard; no fitted complaint predictor,2.0,-0.7127864449672372,-1.0986122886681098,,Feature-based description; absence of a filing is not evidence of compliant or unlawful conduct.
2020-01-01,C,EFB32B9881EC7,Specialized Loan Servicing Holdings LLC,miss,103,0.028406976068867232,Baseline-only hazard; no fitted complaint predictor,790.0,2.451113084064765,0.36772478012531734,2020-05-11 00:00:00,Feature-based description; absence of a filing is not evidence of compliant or unlawful conduct.
2020-01-01,prior_action,EB163C5D356CB,"SELECT PORTFOLIO SERVICING, INC.",false_positive,1,6.9874902470009905,Persistent high complaint volume,1082.0,-1.4135087305342025,0.003690041087453963,,Feature-based description; absence of a filing is not evidence of compliant or unlawful conduct.
2020-01-01,prior_action,EC2C27F26E8F0,BANK OF AMERICA CORP,false_positive,2,6.7661917146603505,Persistent high complaint volume,867.0,-0.8229494194213868,0.32740456163861914,2023-11-28 00:00:00,Feature-based description; absence of a filing is not evidence of compliant or unlawful conduct.
2020-01-01,prior_action,E1FDDE5D766D3,"Shellpoint Partners, LLC",false_positive,4,6.670766320845874,Persistent high complaint volume,788.0,0.7104621721224208,-0.04557750849631925,,Feature-based description; absence of a filing is not evidence of compliant or unlawful conduct.
2020-01-01,prior_action,E54523B495FBB,RUSHMORE LOAN MANAGEMENT SERVICES LLC,false_positive,5,6.144185634125646,Persistent high complaint volume,465.0,0.7724311690550408,0.05568890586058863,,Feature-based description; absence of a filing is not evidence of compliant or unlawful conduct.
2020-01-01,prior_action,E9924BD19EECC,U S BCORP,false_positive,6,6.133398042996649,Persistent high complaint volume,460.0,-0.4634025285267855,0.14745273114313062,,Feature-based description; absence of a filing is not evidence of compliant or unlawful conduct.
2020-01-01,prior_action,E204727426645,"CARRINGTON MORTGAGE SERVICES, LLC",false_positive,7,6.003887067106539,Persistent high complaint volume,404.0,-1.4932429098843163,-0.24756207866235563,2022-11-17 00:00:00,Feature-based description; absence of a filing is not evidence of compliant or unlawful conduct.
2020-01-01,prior_action,E7BC26E9E7EDD,"Community Loan Servicing, LLC (formerly known as Bayview Loan Servicing, LLC)",false_positive,8,5.860786223465865,Persistent high complaint volume,350.0,-1.2342777213786214,-0.04546237407675729,,Feature-based description; absence of a filing is not evidence of compliant or unlawful conduct.
2020-01-01,prior_action,EC88D0EDB5407,PNC FINL SERVICES GROUP INC,false_positive,9,5.840641657373398,Persistent high complaint volume,343.0,-1.0860235253583714,-0.18019615748164114,,Feature-based description; absence of a filing is not evidence of compliant or unlawful conduct.
2020-01-01,prior_action,EB2B27823D171,"Caliber Home Loans, Inc.",false_positive,10,5.746203190540153,Persistent high complaint volume,312.0,-1.1305516622185168,0.03822121282019767,,Feature-based description; absence of a filing is not evidence of compliant or unlawful conduct.
2020-01-01,prior_action,E1583D8BF9434,"Rocket Mortgage, LLC",false_positive,11,5.733341276897746,Complaint surge without a filing in the horizon,308.0,2.079373249737292,0.5142679679569634,,Feature-based description; absence of a filing is not evidence of compliant or unlawful conduct.
2020-01-01,prior_action,E3386A41C1D8E,"LAKEVIEW LOAN SERVICING, LLC",false_positive,12,5.68697535633982,Persistent high complaint volume,294.0,1.6025837759213435,0.10821358464023279,,Feature-based description; absence of a filing is not evidence of compliant or unlawful conduct.
2020-01-01,prior_action,E06161BBFB0B1,"PENNYMAC LOAN SERVICES, LLC.",false_positive,13,5.648974238161206,Persistent high complaint volume,283.0,0.04093976795633361,0.00701757265864654,,Feature-based description; absence of a filing is not evidence of compliant or unlawful conduct.
2020-01-01,prior_action,EC6692485BEB4,CITIZENS FINANCIAL GROUP INC,false_positive,14,5.529429087511423,Persistent high complaint volume,251.0,-0.2888983082923097,-0.3269934926666691,,Feature-based description; absence of a filing is not evidence of compliant or unlawful conduct.
2020-01-01,prior_action,E796248861ED3,M&T BANK CORP,false_positive,15,5.484796933490655,Persistent high complaint volume,240.0,-1.1157311356586717,0.19900124599261007,,Feature-based description; absence of a filing is not evidence of compliant or unlawful conduct.
2020-01-01,prior_action,E99C4F19CABA9,FIFTH THIRD BCORP,false_positive,16,5.459585514144159,Persistent high complaint volume,234.0,0.5036378885755947,-0.06782259633876106,,Feature-based description; absence of a filing is not evidence of compliant or unlawful conduct.
2020-01-01,prior_action,EFEEA1A616991,CITIGROUP INC,false_positive,17,5.41610040220442,Persistent high complaint volume,224.0,-1.3203360592217244,-0.8013607652001781,,Feature-based description; absence of a filing is not evidence of compliant or unlawful conduct.
2020-01-01,prior_action,EE2ED85757AB4,Selene Finance LP,false_positive,18,5.407171771460119,Persistent high complaint volume,222.0,-1.3821902473057457,-0.0535842461341064,,Feature-based description; absence of a filing is not evidence of compliant or unlawful conduct.
2020-01-01,prior_action,EAC8B1082E172,RoundPoint Mortgage Servicing LLC,false_positive,19,5.0238805208462765,Persistent high complaint volume,151.0,-1.1196720581496507,-0.06538275926285174,,Feature-based description; absence of a filing is not evidence of compliant or unlawful conduct.
2020-01-01,prior_action,E18CD77639D2E,"AmeriHome Mortgage Company, LLC",false_positive,20,4.990432586778736,Persistent high complaint volume,146.0,1.0343431324777808,-0.05406722127027582,,Feature-based description; absence of a filing is not evidence of compliant or unlawful conduct.
2020-01-01,prior_action,E073BF657F5B1,"Seterus, Inc.",miss,37,4.04305126783455,No strong contemporaneous complaint anomaly,56.0,-1.4335667854924328,-4.04305126783455,2020-12-18 00:00:00,Feature-based description; absence of a filing is not evidence of compliant or unlawful conduct.
2020-01-01,random,E4907A144AE57,"CARDINAL FINANCIAL COMPANY, LIMITED PARTNERSHIP",false_positive,1,0.9984796000015367,Elevated structured signal without a filing,28.0,0.24580600090642027,0.4054651081081644,,Feature-based description; absence of a filing is not evidence of compliant or unlawful conduct.
2020-01-01,random,E5AD7D28D6C06,Union Home Mortgage Corp,false_positive,2,0.987230799892853,Sparse complaint history or rank tie,4.0,-0.35589190504605267,-0.6931471805599453,,Feature-based description; absence of a filing is not evidence of compliant or unlawful conduct.
2020-01-01,random,E806DAD516CDE,Arbor Residential Mortgage LLC,false_positive,3,0.961846824548151,Sparse complaint history or rank tie,1.0,-0.5681972518953089,-0.6931471805599453,,Feature-based description; absence of a filing is not evidence of compliant or unlawful conduct.
2020-01-01,random,E141256315B89,KEYCORP,false_positive,4,0.9538410479396563,Elevated structured signal without a filing,75.0,-0.7874979128020217,-0.23483959107740107,,Feature-based description; absence of a filing is not evidence of compliant or unlawful conduct.
2020-01-01,random,E99C4F19CABA9,FIFTH THIRD BCORP,false_positive,5,0.9472268057825382,Persistent high complaint volume,234.0,0.5036378885755947,-0.06782259633876106,,Feature-based description; absence of a filing is not evidence of compliant or unlawful conduct.
2020-01-01,random,E7BC26E9E7EDD,"Community Loan Servicing, LLC (formerly known as Bayview Loan Servicing, LLC)",false_positive,6,0.9413617513861837,Persistent high complaint volume,350.0,-1.2342777213786214,-0.04546237407675729,,Feature-based description; absence of a filing is not evidence of compliant or unlawful conduct.
2020-01-01,random,E20E78396D860,"Peer Advisors, LLC",false_positive,7,0.9342926785518284,Elevated structured signal without a filing,80.0,1.5154906138383242,0.2947995402206448,,Feature-based description; absence of a filing is not evidence of compliant or unlawful conduct.
2020-01-01,random,EFA4E9E07892E,"LD Holdings Group, LLC",false_positive,8,0.9277860343892597,Complaint surge without a filing in the horizon,141.0,1.7505910059484644,0.5295177567781433,,Feature-based description; absence of a filing is not evidence of compliant or unlawful conduct.
2020-01-01,random,E973A2572465F,"CMG Financial Services, Inc.",false_positive,9,0.9264456248265281,Elevated structured signal without a filing,19.0,1.1000936722492618,0.28768207245178085,,Feature-based description; absence of a filing is not evidence of compliant or unlawful conduct.
2020-01-01,random,EDE60FD674DA6,"PLAZA HOME MORTGAGE, INC.",false_positive,10,0.9231200921417362,Elevated structured signal without a filing,26.0,1.3197718094028235,0.14310084364067324,,Feature-based description; absence of a filing is not evidence of compliant or unlawful conduct.
2020-01-01,random,EBA75D3B76656,CAPITAL ONE FINANCIAL CORP,false_positive,11,0.914238989628243,Elevated structured signal without a filing,30.0,-1.7991428765704858,-1.466337068793427,,Feature-based description; absence of a filing is not evidence of compliant or unlawful conduct.
2020-01-01,random,E595375A39DFA,MidAmerica Mortgage Inc,false_positive,12,0.9130943681409326,Elevated structured signal without a filing,14.0,0.3217641544866541,-0.25131442828090605,,Feature-based description; absence of a filing is not evidence of compliant or unlawful conduct.
2020-01-01,random,E0FE83038482A,Franklin Credit Management Corporation,false_positive,13,0.9071925820213155,Elevated structured signal without a filing,15.0,-0.7579067372011958,0.11778303565638346,,Feature-based description; absence of a filing is not evidence of compliant or unlawful conduct.
2020-01-01,random,EA25032638622,"American Financial Resources, Inc.",false_positive,14,0.9040627324989032,Elevated structured signal without a filing,15.0,-1.9848980337468243,-1.1786549963416462,,Feature-based description; absence of a filing is not evidence of compliant or unlawful conduct.
2020-01-01,random,E6E7EB400BFED,NVR INC.,false_positive,15,0.8972004596254507,Sparse complaint history or rank tie,3.0,-1.023388635122107,-0.40546510810816444,,Feature-based description; absence of a filing is not evidence of compliant or unlawful conduct.
2020-01-01,random,E9291B3C42904,DISCOVER FINANCIAL SERVICES,false_positive,16,0.8858921774112467,Complaint surge without a filing in the horizon,13.0,1.986300778221447,1.3862943611198906,,Feature-based description; absence of a filing is not evidence of compliant or unlawful conduct.
2020-01-01,random,E55E8F997C41C,"PRIMELENDING, A PLAINSCAPITAL COMPANY",false_positive,17,0.8830509164958789,Elevated structured signal without a filing,25.0,-0.8435020276689119,0.22314355131420976,,Feature-based description; absence of a filing is not evidence of compliant or unlawful conduct.
2020-01-01,random,EDCBA28169857,Southwest Business Corporation,false_positive,18,0.8711055234785678,Sparse complaint history or rank tie,8.0,-1.0114083546735126,-0.40546510810816444,,Feature-based description; absence of a filing is not evidence of compliant or unlawful conduct.
2020-01-01,random,EA742F32A9337,PENTAGON FEDERAL CREDIT UNION,false_positive,19,0.8700524795444008,Complaint surge without a filing in the horizon,17.0,0.7877032548622054,0.7731898882334817,,Feature-based description; absence of a filing is not evidence of compliant or unlawful conduct.
2020-01-01,random,E91A0E7620550,"VANDERBILT MORTGAGE & FINANCE, INC",false_positive,20,0.8667588399459142,Elevated structured signal without a filing,32.0,0.009769213899803385,0.0,,Feature-based description; absence of a filing is not evidence of compliant or unlawful conduct.
2020-01-01,random,E073BF657F5B1,"Seterus, Inc.",miss,28,0.7707237180735881,No strong contemporaneous complaint anomaly,56.0,-1.4335667854924328,-4.04305126783455,2020-12-18 00:00:00,Feature-based description; absence of a filing is not evidence of compliant or unlawful conduct.
2020-01-01,random,EFB32B9881EC7,Specialized Loan Servicing Holdings LLC,miss,90,0.17813841050321153,Signal present but ranked below top 20,790.0,2.451113084064765,0.36772478012531734,2020-05-11 00:00:00,Feature-based description; absence of a filing is not evidence of compliant or unlawful conduct.
2020-01-01,raw_count,EB163C5D356CB,"SELECT PORTFOLIO SERVICING, INC.",false_positive,1,1082.0,Persistent high complaint volume,1082.0,-1.4135087305342025,0.003690041087453963,,Feature-based description; absence of a filing is not evidence of compliant or unlawful conduct.
2020-01-01,raw_count,EC2C27F26E8F0,BANK OF AMERICA CORP,false_positive,2,867.0,Persistent high complaint volume,867.0,-0.8229494194213868,0.32740456163861914,2023-11-28 00:00:00,Feature-based description; absence of a filing is not evidence of compliant or unlawful conduct.
2020-01-01,raw_count,E1FDDE5D766D3,"Shellpoint Partners, LLC",false_positive,4,788.0,Persistent high complaint volume,788.0,0.7104621721224208,-0.04557750849631925,,Feature-based description; absence of a filing is not evidence of compliant or unlawful conduct.
2020-01-01,raw_count,E54523B495FBB,RUSHMORE LOAN MANAGEMENT SERVICES LLC,false_positive,5,465.0,Persistent high complaint volume,465.0,0.7724311690550408,0.05568890586058863,,Feature-based description; absence of a filing is not evidence of compliant or unlawful conduct.
2020-01-01,raw_count,E9924BD19EECC,U S BCORP,false_positive,6,460.0,Persistent high complaint volume,460.0,-0.4634025285267855,0.14745273114313062,,Feature-based description; absence of a filing is not evidence of compliant or unlawful conduct.
2020-01-01,raw_count,E204727426645,"CARRINGTON MORTGAGE SERVICES, LLC",false_positive,7,404.0,Persistent high complaint volume,404.0,-1.4932429098843163,-0.24756207866235563,2022-11-17 00:00:00,Feature-based description; absence of a filing is not evidence of compliant or unlawful conduct.
2020-01-01,raw_count,E7BC26E9E7EDD,"Community Loan Servicing, LLC (formerly known as Bayview Loan Servicing, LLC)",false_positive,8,350.0,Persistent high complaint volume,350.0,-1.2342777213786214,-0.04546237407675729,,Feature-based description; absence of a filing is not evidence of compliant or unlawful conduct.
2020-01-01,raw_count,EC88D0EDB5407,PNC FINL SERVICES GROUP INC,false_positive,9,343.0,Persistent high complaint volume,343.0,-1.0860235253583714,-0.18019615748164114,,Feature-based description; absence of a filing is not evidence of compliant or unlawful conduct.
2020-01-01,raw_count,EB2B27823D171,"Caliber Home Loans, Inc.",false_positive,10,312.0,Persistent high complaint volume,312.0,-1.1305516622185168,0.03822121282019767,,Feature-based description; absence of a filing is not evidence of compliant or unlawful conduct.
2020-01-01,raw_count,E1583D8BF9434,"Rocket Mortgage, LLC",false_positive,11,308.0,Complaint surge without a filing in the horizon,308.0,2.079373249737292,0.5142679679569634,,Feature-based description; absence of a filing is not evidence of compliant or unlawful conduct.
2020-01-01,raw_count,E3386A41C1D8E,"LAKEVIEW LOAN SERVICING, LLC",false_positive,12,294.0,Persistent high complaint volume,294.0,1.6025837759213435,0.10821358464023279,,Feature-based description; absence of a filing is not evidence of compliant or unlawful conduct.
2020-01-01,raw_count,E06161BBFB0B1,"PENNYMAC LOAN SERVICES, LLC.",false_positive,13,283.0,Persistent high complaint volume,283.0,0.04093976795633361,0.00701757265864654,,Feature-based description; absence of a filing is not evidence of compliant or unlawful conduct.
2020-01-01,raw_count,EC6692485BEB4,CITIZENS FINANCIAL GROUP INC,false_positive,14,251.0,Persistent high complaint volume,251.0,-0.2888983082923097,-0.3269934926666691,,Feature-based description; absence of a filing is not evidence of compliant or unlawful conduct.
2020-01-01,raw_count,E796248861ED3,M&T BANK CORP,false_positive,15,240.0,Persistent high complaint volume,240.0,-1.1157311356586717,0.19900124599261007,,Feature-based description; absence of a filing is not evidence of compliant or unlawful conduct.
2020-01-01,raw_count,E99C4F19CABA9,FIFTH THIRD BCORP,false_positive,16,234.0,Persistent high complaint volume,234.0,0.5036378885755947,-0.06782259633876106,,Feature-based description; absence of a filing is not evidence of compliant or unlawful conduct.
2020-01-01,raw_count,EFEEA1A616991,CITIGROUP INC,false_positive,17,224.0,Persistent high complaint volume,224.0,-1.3203360592217244,-0.8013607652001781,,Feature-based description; absence of a filing is not evidence of compliant or unlawful conduct.
2020-01-01,raw_count,EE2ED85757AB4,Selene Finance LP,false_positive,18,222.0,Persistent high complaint volume,222.0,-1.3821902473057457,-0.0535842461341064,,Feature-based description; absence of a filing is not evidence of compliant or unlawful conduct.
2020-01-01,raw_count,EAC8B1082E172,RoundPoint Mortgage Servicing LLC,false_positive,19,151.0,Persistent high complaint volume,151.0,-1.1196720581496507,-0.06538275926285174,,Feature-based description; absence of a filing is not evidence of compliant or unlawful conduct.
2020-01-01,raw_count,E18CD77639D2E,"AmeriHome Mortgage Company, LLC",false_positive,20,146.0,Persistent high complaint volume,146.0,1.0343431324777808,-0.05406722127027582,,Feature-based description; absence of a filing is not evidence of compliant or unlawful conduct.
2020-01-01,raw_count,E073BF657F5B1,"Seterus, Inc.",miss,37,56.0,No strong contemporaneous complaint anomaly,56.0,-1.4335667854924328,-4.04305126783455,2020-12-18 00:00:00,Feature-based description; absence of a filing is not evidence of compliant or unlawful conduct.
2020-01-01,self_normalized,E7D4C027DB2B7,ARVEST BANK GROUP INC,false_positive,1,2.1316431620955165,Complaint surge without a filing in the horizon,47.0,2.176614844035718,0.28768207245178085,,Feature-based description; absence of a filing is not evidence of compliant or unlawful conduct.
2020-01-01,self_normalized,ECF2F96AAE504,ALLY FINANCIAL INC,false_positive,2,2.092276918896487,Complaint surge without a filing in the horizon,17.0,2.130452417101749,-0.10536051565782628,,Feature-based description; absence of a filing is not evidence of compliant or unlawful conduct.
2020-01-01,self_normalized,E9291B3C42904,DISCOVER FINANCIAL SERVICES,false_positive,3,1.9693477565754114,Complaint surge without a filing in the horizon,13.0,1.986300778221447,1.3862943611198906,,Feature-based description; absence of a filing is not evidence of compliant or unlawful conduct.
2020-01-01,self_normalized,EB82EE4EBB125,UNITED SERVICES AUTOMOBILE ASSN,false_positive,4,1.6046124597071891,Elevated structured signal without a filing,98.0,1.5585976213112684,0.12014431184206321,,Feature-based description; absence of a filing is not evidence of compliant or unlawful conduct.
2020-01-01,self_normalized,EDFEA33F217F1,HUNTINGTON BANCSHARES INC,false_positive,5,1.2789206254190748,Complaint surge without a filing in the horizon,60.0,1.1766783859069097,0.5280674302004967,,Feature-based description; absence of a filing is not evidence of compliant or unlawful conduct.
2020-01-01,self_normalized,E1583D8BF9434,"Rocket Mortgage, LLC",false_positive,6,1.1527056672974405,Complaint surge without a filing in the horizon,308.0,2.079373249737292,0.5142679679569634,,Feature-based description; absence of a filing is not evidence of compliant or unlawful conduct.
2020-01-01,self_normalized,E8CC698A4A61E,NAVY FEDERAL CREDIT UNION,false_positive,8,0.9688881972415689,Persistent high complaint volume,137.0,1.2457771508151818,0.3340061441260194,,Feature-based description; absence of a filing is not evidence of compliant or unlawful conduct.
2020-01-01,self_normalized,ED66424082417,"MONEY SOURCE, INC., THE",false_positive,9,0.9397797113663597,Complaint surge without a filing in the horizon,77.0,2.2790760367270346,0.28030196515415834,,Feature-based description; absence of a filing is not evidence of compliant or unlawful conduct.
2020-01-01,self_normalized,EFA4E9E07892E,"LD Holdings Group, LLC",false_positive,10,0.9055217633289199,Complaint surge without a filing in the horizon,141.0,1.7505910059484644,0.5295177567781433,,Feature-based description; absence of a filing is not evidence of compliant or unlawful conduct.
2020-01-01,self_normalized,EDC335F416F27,MidFirst Bank / Records family,false_positive,11,0.8717405615911195,Elevated structured signal without a filing,78.0,0.6992028023112116,-0.25131442828090605,,Feature-based description; absence of a filing is not evidence of compliant or unlawful conduct.
2020-01-01,self_normalized,E182F7E774550,FCI Lender Services Inc.,false_positive,12,0.8299598647421026,Complaint surge without a filing in the horizon,38.0,2.1140998454015065,-0.2006706954621511,,Feature-based description; absence of a filing is not evidence of compliant or unlawful conduct.
2020-01-01,self_normalized,EC5C21EED4E5A,"Better Mortgage, Inc.",false_positive,13,0.7157372582509581,Sparse complaint history or rank tie,9.0,1.4981563837336176,1.5040773967762742,,Feature-based description; absence of a filing is not evidence of compliant or unlawful conduct.
2020-01-01,self_normalized,E99C4F19CABA9,FIFTH THIRD BCORP,false_positive,14,0.7049673551839751,Persistent high complaint volume,234.0,0.5036378885755947,-0.06782259633876106,,Feature-based description; absence of a filing is not evidence of compliant or unlawful conduct.
2020-01-01,self_normalized,E9ED450892152,"Mortgage Research Center, LLC",false_positive,15,0.6730834445884488,Complaint surge without a filing in the horizon,21.0,1.4414220400447326,0.8266785731844679,,Feature-based description; absence of a filing is not evidence of compliant or unlawful conduct.
2020-01-01,self_normalized,E0F4D2A3DE7F9,FIRST HORIZON CORP,false_positive,16,0.6409766270095031,Complaint surge without a filing in the horizon,15.0,0.42859980838920914,0.6061358035703155,,Feature-based description; absence of a filing is not evidence of compliant or unlawful conduct.
2020-01-01,self_normalized,E4AED565BA8B0,LAND HOME FINANCIAL SERVICES,false_positive,17,0.6392956576856432,Complaint surge without a filing in the horizon,21.0,1.3964805037544978,0.6286086594223741,,Feature-based description; absence of a filing is not evidence of compliant or unlawful conduct.
2020-01-01,self_normalized,EABB6242BEA4E,SN SERVICING CORPORATION,false_positive,18,0.6252202038903609,Elevated structured signal without a filing,54.0,1.8065309450717921,0.28768207245178085,,Feature-based description; absence of a filing is not evidence of compliant or unlawful conduct.
2020-01-01,self_normalized,E4C87DEE7BA6C,GUARANTEED RATE INC.,false_positive,19,0.6194180619156464,Elevated structured signal without a filing,35.0,1.370041077750371,0.3829922522561057,,Feature-based description; absence of a filing is not evidence of compliant or unlawful conduct.
2020-01-01,self_normalized,EA530F9DF6522,CrossCountry Mortgage LLC,false_positive,20,0.606043466028088,Elevated structured signal without a filing,24.0,1.3522513690554219,0.47000362924573563,,Feature-based description; absence of a filing is not evidence of compliant or unlawful conduct.
2020-01-01,self_normalized,E073BF657F5B1,"Seterus, Inc.",miss,105,-1.5316185069515886,No strong contemporaneous complaint anomaly,56.0,-1.4335667854924328,-4.04305126783455,2020-12-18 00:00:00,Feature-based description; absence of a filing is not evidence of compliant or unlawful conduct.
2021-01-01,A,EC36798CEE27E,GATEWAY FIRST BCORP INC,false_positive,1,1.232287367364693,Complaint surge without a filing in the horizon,13.0,2.223882230225567,0.6931471805599453,,Feature-based description; absence of a filing is not evidence of compliant or unlawful conduct.
2021-01-01,A,EC5C21EED4E5A,"Better Mortgage, Inc.",false_positive,2,1.2173895596632271,Complaint surge without a filing in the horizon,53.0,3.277645535539001,1.2762934659055623,,Feature-based description; absence of a filing is not evidence of compliant or unlawful conduct.
2021-01-01,A,EB65DCEF09CD6,PARAMOUNT RESIDENTIAL MORTGAGE GROUP,false_positive,3,0.8858805379595065,Complaint surge without a filing in the horizon,18.0,3.6961238969578645,1.0986122886681098,,Feature-based description; absence of a filing is not evidence of compliant or unlawful conduct.
2021-01-01,A,E5823FB9F8455,BNP PARIBAS,false_positive,4,0.8143756423347085,Complaint surge without a filing in the horizon,26.0,3.989956771212937,0.9162907318741551,,Feature-based description; absence of a filing is not evidence of compliant or unlawful conduct.
2021-01-01,A,EA530F9DF6522,CrossCountry Mortgage LLC,false_positive,5,0.6949572588138967,Complaint surge without a filing in the horizon,48.0,5.193599188578101,0.9444616088408515,,Feature-based description; absence of a filing is not evidence of compliant or unlawful conduct.
2021-01-01,A,E0FE83038482A,Franklin Credit Management Corporation,false_positive,6,0.6737670633324958,Sparse complaint history or rank tie,8.0,-0.7184387699409507,0.0,,Feature-based description; absence of a filing is not evidence of compliant or unlawful conduct.
2021-01-01,A,EEABDDDD2DFE8,AMERIS BCORP,false_positive,7,0.6250640386918277,Elevated structured signal without a filing,39.0,1.3357103978911744,-0.048790164169432056,,Feature-based description; absence of a filing is not evidence of compliant or unlawful conduct.
2021-01-01,A,E468B6E606834,WEBSTER FINANCIAL CORP,false_positive,8,0.5936440513124394,Elevated structured signal without a filing,13.0,1.6371865339158647,0.4054651081081644,,Feature-based description; absence of a filing is not evidence of compliant or unlawful conduct.
2021-01-01,A,EA662D8AAC5CF,AXOS FINANCIAL INC,false_positive,9,0.5412892636767049,Complaint surge without a filing in the horizon,23.0,,2.4423470353692043,,Feature-based description; absence of a filing is not evidence of compliant or unlawful conduct.
2021-01-01,A,E4907A144AE57,"CARDINAL FINANCIAL COMPANY, LIMITED PARTNERSHIP",false_positive,10,0.5362384519129754,Complaint surge without a filing in the horizon,58.0,4.749508678602796,0.9279867716373463,,Feature-based description; absence of a filing is not evidence of compliant or unlawful conduct.
2021-01-01,A,EED6B50CF122D,BANCO SANTANDER SA,false_positive,11,0.5147686148070154,Elevated structured signal without a filing,94.0,0.5168743335518786,0.04167269640056808,,Feature-based description; absence of a filing is not evidence of compliant or unlawful conduct.
2021-01-01,A,E395472B677AD,WSFS FINANCIAL CORP,false_positive,12,0.4880198293456729,Elevated structured signal without a filing,19.0,0.23371317622140136,0.28768207245178085,,Feature-based description; absence of a filing is not evidence of compliant or unlawful conduct.
2021-01-01,A,E9ABB3C040AA1,"Paramount GR Holdings, LLC",false_positive,13,0.4797514385711422,Sparse complaint history or rank tie,6.0,0.3381202224553881,0.0,,Feature-based description; absence of a filing is not evidence of compliant or unlawful conduct.
2021-01-01,A,EDFEA33F217F1,HUNTINGTON BANCSHARES INC,false_positive,14,0.4193592830564616,Complaint surge without a filing in the horizon,68.0,1.8746533875559626,0.780158557549575,,Feature-based description; absence of a filing is not evidence of compliant or unlawful conduct.
2021-01-01,A,E7D4C027DB2B7,ARVEST BANK GROUP INC,false_positive,15,0.37263183812715683,Complaint surge without a filing in the horizon,64.0,1.999835739237109,0.6257058997644128,,Feature-based description; absence of a filing is not evidence of compliant or unlawful conduct.
2021-01-01,A,EA742F32A9337,PENTAGON FEDERAL CREDIT UNION,false_positive,16,0.3692502025494492,Complaint surge without a filing in the horizon,133.0,4.345471290035624,1.2104036946562264,,Feature-based description; absence of a filing is not evidence of compliant or unlawful conduct.
2021-01-01,A,ED66424082417,"MONEY SOURCE, INC., THE",false_positive,17,0.34654877777769183,Complaint surge without a filing in the horizon,135.0,4.361892160759275,0.6174353588242489,,Feature-based description; absence of a filing is not evidence of compliant or unlawful conduct.
2021-01-01,A,EC2C27F26E8F0,BANK OF AMERICA CORP,false_positive,18,0.3000033094000113,Complaint surge without a filing in the horizon,1158.0,1.8898881038712896,0.5255656419049104,2023-11-28 00:00:00,Feature-based description; absence of a filing is not evidence of compliant or unlawful conduct.
2021-01-01,A,E9291B3C42904,DISCOVER FINANCIAL SERVICES,false_positive,19,0.27596744451633476,Elevated structured signal without a filing,22.0,1.8709906665440426,0.16705408466316624,,Feature-based description; absence of a filing is not evidence of compliant or unlawful conduct.
2021-01-01,A,E9C6D3A158F9C,MORGAN STANLEY,false_positive,20,0.2460547999170068,Sparse complaint history or rank tie,9.0,0.37668540175044196,1.5040773967762742,,Feature-based description; absence of a filing is not evidence of compliant or unlawful conduct.
2021-01-01,B,E06161BBFB0B1,"PENNYMAC LOAN SERVICES, LLC.",false_positive,1,0.02613346348307084,Baseline-only hazard; no fitted complaint predictor,329.0,1.1759777779411167,0.030213778596496633,,Feature-based description; absence of a filing is not evidence of compliant or unlawful conduct.
2021-01-01,B,E0D610F1C9955,"AMA Advisors, LLC.",false_positive,2,0.02613346348307084,Baseline-only hazard; no fitted complaint predictor,57.0,1.81142209327368,0.377294231141468,,Feature-based description; absence of a filing is not evidence of compliant or unlawful conduct.
2021-01-01,B,E0F4D2A3DE7F9,FIRST HORIZON CORP,false_positive,3,0.02613346348307084,Baseline-only hazard; no fitted complaint predictor,16.0,1.1602387022306428,0.6931471805599453,,Feature-based description; absence of a filing is not evidence of compliant or unlawful conduct.
2021-01-01,B,E0F85A0D4F508,Movement Mortgage LLC,false_positive,4,0.02613346348307084,Baseline-only hazard; no fitted complaint predictor,27.0,2.056376347062592,0.965080896043587,,Feature-based description; absence of a filing is not evidence of compliant or unlawful conduct.
2021-01-01,B,E0FE83038482A,Franklin Credit Management Corporation,false_positive,5,0.02613346348307084,Baseline-only hazard; no fitted complaint predictor,8.0,-0.7184387699409507,0.0,,Feature-based description; absence of a filing is not evidence of compliant or unlawful conduct.
2021-01-01,B,E141256315B89,KEYCORP,false_positive,6,0.02613346348307084,Baseline-only hazard; no fitted complaint predictor,63.0,-0.11252914078284619,-0.03077165866675366,,Feature-based description; absence of a filing is not evidence of compliant or unlawful conduct.
2021-01-01,B,E1583D8BF9434,"Rocket Mortgage, LLC",false_positive,7,0.02613346348307084,Baseline-only hazard; no fitted complaint predictor,542.0,2.267207751727038,0.4951697266934377,,Feature-based description; absence of a filing is not evidence of compliant or unlawful conduct.
2021-01-01,B,E182F7E774550,FCI Lender Services Inc.,false_positive,8,0.02613346348307084,Baseline-only hazard; no fitted complaint predictor,33.0,-0.6568650616193515,-0.17185025692665928,,Feature-based description; absence of a filing is not evidence of compliant or unlawful conduct.
2021-01-01,B,E18CD77639D2E,"AmeriHome Mortgage Company, LLC",false_positive,9,0.02613346348307084,Baseline-only hazard; no fitted complaint predictor,242.0,1.9893159254273334,0.2638145910451375,,Feature-based description; absence of a filing is not evidence of compliant or unlawful conduct.
2021-01-01,B,E1AC4ADE944DE,"Zions Bancorporation, N.A.",false_positive,10,0.02613346348307084,Baseline-only hazard; no fitted complaint predictor,12.0,0.6049901419820202,0.5877866649021191,,Feature-based description; absence of a filing is not evidence of compliant or unlawful conduct.
2021-01-01,B,E1E10FA19D799,EVERBANK FINANCIAL CORP,false_positive,11,0.02613346348307084,Baseline-only hazard; no fitted complaint predictor,45.0,-0.31087355631210795,-0.30010459245033816,,Feature-based description; absence of a filing is not evidence of compliant or unlawful conduct.
2021-01-01,B,E1FDDE5D766D3,"Shellpoint Partners, LLC",false_positive,12,0.02613346348307084,Baseline-only hazard; no fitted complaint predictor,1714.0,1.0903486273649858,0.027973852042406162,,Feature-based description; absence of a filing is not evidence of compliant or unlawful conduct.
2021-01-01,B,E204727426645,"CARRINGTON MORTGAGE SERVICES, LLC",false_positive,13,0.02613346348307084,Baseline-only hazard; no fitted complaint predictor,340.0,-1.1157719317011887,0.1405819506211894,2022-11-17 00:00:00,Feature-based description; absence of a filing is not evidence of compliant or unlawful conduct.
2021-01-01,B,E20E78396D860,"Peer Advisors, LLC",false_positive,14,0.02613346348307084,Baseline-only hazard; no fitted complaint predictor,50.0,-0.6220731381505353,0.0,,Feature-based description; absence of a filing is not evidence of compliant or unlawful conduct.
2021-01-01,B,E2ADFA9D6F7D0,TORONTO-DOMINION BANK THE,false_positive,15,0.02613346348307084,Baseline-only hazard; no fitted complaint predictor,131.0,2.7753029766126676,0.6372667221654887,,Feature-based description; absence of a filing is not evidence of compliant or unlawful conduct.
2021-01-01,B,E2E0260B2F238,SYNCHRONY FINANCIAL,false_positive,16,0.02613346348307084,Baseline-only hazard; no fitted complaint predictor,1.0,0.6936864550123235,0.6931471805599453,,Feature-based description; absence of a filing is not evidence of compliant or unlawful conduct.
2021-01-01,B,E2FE689061D63,"Dovenmuehle Mortgage, Inc.",false_positive,17,0.02613346348307084,Baseline-only hazard; no fitted complaint predictor,315.0,3.954774823228122,0.702625924514489,,Feature-based description; absence of a filing is not evidence of compliant or unlawful conduct.
2021-01-01,B,E3083051A1527,Data Mortgage Inc.,false_positive,18,0.02613346348307084,Baseline-only hazard; no fitted complaint predictor,0.0,-0.29729419500528154,0.0,,Feature-based description; absence of a filing is not evidence of compliant or unlawful conduct.
2021-01-01,B,E31BF475DBBDE,"Lennar Financial Services, LLC",false_positive,19,0.02613346348307084,Baseline-only hazard; no fitted complaint predictor,21.0,1.4121565233753757,0.26236426446749106,,Feature-based description; absence of a filing is not evidence of compliant or unlawful conduct.
2021-01-01,B,E3386A41C1D8E,"LAKEVIEW LOAN SERVICING, LLC",false_positive,20,0.02613346348307084,Baseline-only hazard; no fitted complaint predictor,373.0,0.902440159834394,-0.08004270767353637,,Feature-based description; absence of a filing is not evidence of compliant or unlawful conduct.
2021-01-01,C,EA662D8AAC5CF,AXOS FINANCIAL INC,false_positive,1,0.048788118003499505,Baseline-only hazard; no fitted complaint predictor,23.0,,2.4423470353692043,,Feature-based description; absence of a filing is not evidence of compliant or unlawful conduct.
2021-01-01,C,E712507A45CC4,"SERVICEMAC, LLC",false_positive,2,0.04787730710971075,Baseline-only hazard; no fitted complaint predictor,8.0,,2.1972245773362196,,Feature-based description; absence of a filing is not evidence of compliant or unlawful conduct.
2021-01-01,C,EC5C21EED4E5A,"Better Mortgage, Inc.",false_positive,3,0.02908502094445618,Baseline-only hazard; no fitted complaint predictor,53.0,3.277645535539001,1.2762934659055623,,Feature-based description; absence of a filing is not evidence of compliant or unlawful conduct.
2021-01-01,C,EDC335F416F27,MidFirst Bank / Records family,false_positive,4,0.02908502094445618,Baseline-only hazard; no fitted complaint predictor,82.0,0.03164267253653855,-0.1431008436406733,,Feature-based description; absence of a filing is not evidence of compliant or unlawful conduct.
2021-01-01,C,E06161BBFB0B1,"PENNYMAC LOAN SERVICES, LLC.",false_positive,5,0.02659385576947027,Baseline-only hazard; no fitted complaint predictor,329.0,1.1759777779411167,0.030213778596496633,,Feature-based description; absence of a filing is not evidence of compliant or unlawful conduct.
2021-01-01,C,E0D610F1C9955,"AMA Advisors, LLC.",false_positive,6,0.02659385576947027,Baseline-only hazard; no fitted complaint predictor,57.0,1.81142209327368,0.377294231141468,,Feature-based description; absence of a filing is not evidence of compliant or unlawful conduct.
2021-01-01,C,E0F4D2A3DE7F9,FIRST HORIZON CORP,false_positive,7,0.02659385576947027,Baseline-only hazard; no fitted complaint predictor,16.0,1.1602387022306428,0.6931471805599453,,Feature-based description; absence of a filing is not evidence of compliant or unlawful conduct.
2021-01-01,C,E0F85A0D4F508,Movement Mortgage LLC,false_positive,8,0.02659385576947027,Baseline-only hazard; no fitted complaint predictor,27.0,2.056376347062592,0.965080896043587,,Feature-based description; absence of a filing is not evidence of compliant or unlawful conduct.
2021-01-01,C,E0FE83038482A,Franklin Credit Management Corporation,false_positive,9,0.02659385576947027,Baseline-only hazard; no fitted complaint predictor,8.0,-0.7184387699409507,0.0,,Feature-based description; absence of a filing is not evidence of compliant or unlawful conduct.
2021-01-01,C,E141256315B89,KEYCORP,false_positive,10,0.02659385576947027,Baseline-only hazard; no fitted complaint predictor,63.0,-0.11252914078284619,-0.03077165866675366,,Feature-based description; absence of a filing is not evidence of compliant or unlawful conduct.
2021-01-01,C,E1583D8BF9434,"Rocket Mortgage, LLC",false_positive,11,0.02659385576947027,Baseline-only hazard; no fitted complaint predictor,542.0,2.267207751727038,0.4951697266934377,,Feature-based description; absence of a filing is not evidence of compliant or unlawful conduct.
2021-01-01,C,E182F7E774550,FCI Lender Services Inc.,false_positive,12,0.02659385576947027,Baseline-only hazard; no fitted complaint predictor,33.0,-0.6568650616193515,-0.17185025692665928,,Feature-based description; absence of a filing is not evidence of compliant or unlawful conduct.
2021-01-01,C,E1AC4ADE944DE,"Zions Bancorporation, N.A.",false_positive,13,0.02659385576947027,Baseline-only hazard; no fitted complaint predictor,12.0,0.6049901419820202,0.5877866649021191,,Feature-based description; absence of a filing is not evidence of compliant or unlawful conduct.
2021-01-01,C,E1E10FA19D799,EVERBANK FINANCIAL CORP,false_positive,14,0.02659385576947027,Baseline-only hazard; no fitted complaint predictor,45.0,-0.31087355631210795,-0.30010459245033816,,Feature-based description; absence of a filing is not evidence of compliant or unlawful conduct.
2021-01-01,C,E1FDDE5D766D3,"Shellpoint Partners, LLC",false_positive,15,0.02659385576947027,Baseline-only hazard; no fitted complaint predictor,1714.0,1.0903486273649858,0.027973852042406162,,Feature-based description; absence of a filing is not evidence of compliant or unlawful conduct.
2021-01-01,C,E204727426645,"CARRINGTON MORTGAGE SERVICES, LLC",false_positive,16,0.02659385576947027,Baseline-only hazard; no fitted complaint predictor,340.0,-1.1157719317011887,0.1405819506211894,2022-11-17 00:00:00,Feature-based description; absence of a filing is not evidence of compliant or unlawful conduct.
2021-01-01,C,E2ADFA9D6F7D0,TORONTO-DOMINION BANK THE,false_positive,17,0.02659385576947027,Baseline-only hazard; no fitted complaint predictor,131.0,2.7753029766126676,0.6372667221654887,,Feature-based description; absence of a filing is not evidence of compliant or unlawful conduct.
2021-01-01,C,E2E0260B2F238,SYNCHRONY FINANCIAL,false_positive,18,0.02659385576947027,Baseline-only hazard; no fitted complaint predictor,1.0,0.6936864550123235,0.6931471805599453,,Feature-based description; absence of a filing is not evidence of compliant or unlawful conduct.
2021-01-01,C,E2FE689061D63,"Dovenmuehle Mortgage, Inc.",false_positive,19,0.02659385576947027,Baseline-only hazard; no fitted complaint predictor,315.0,3.954774823228122,0.702625924514489,,Feature-based description; absence of a filing is not evidence of compliant or unlawful conduct.
2021-01-01,C,E3083051A1527,Data Mortgage Inc.,false_positive,20,0.02659385576947027,Baseline-only hazard; no fitted complaint predictor,0.0,-0.29729419500528154,0.0,,Feature-based description; absence of a filing is not evidence of compliant or unlawful conduct.
2021-01-01,prior_action,E1FDDE5D766D3,"Shellpoint Partners, LLC",false_positive,1,7.44716835960004,Persistent high complaint volume,1714.0,1.0903486273649858,0.027973852042406162,,Feature-based description; absence of a filing is not evidence of compliant or unlawful conduct.
2021-01-01,prior_action,EC2C27F26E8F0,BANK OF AMERICA CORP,false_positive,2,7.055312843339752,Complaint surge without a filing in the horizon,1158.0,1.8898881038712896,0.5255656419049104,2023-11-28 00:00:00,Feature-based description; absence of a filing is not evidence of compliant or unlawful conduct.
2021-01-01,prior_action,EB163C5D356CB,"SELECT PORTFOLIO SERVICING, INC.",false_positive,3,6.86484777797086,Persistent high complaint volume,957.0,-2.5097876818356606,-0.26217977964084477,,Feature-based description; absence of a filing is not evidence of compliant or unlawful conduct.
2021-01-01,prior_action,E1583D8BF9434,"Rocket Mortgage, LLC",false_positive,4,6.297109319933935,Complaint surge without a filing in the horizon,542.0,2.267207751727038,0.4951697266934377,,Feature-based description; absence of a filing is not evidence of compliant or unlawful conduct.
2021-01-01,prior_action,E9924BD19EECC,U S BCORP,false_positive,5,6.198478716492308,Persistent high complaint volume,491.0,0.695396846454235,0.1585462913002964,,Feature-based description; absence of a filing is not evidence of compliant or unlawful conduct.
2021-01-01,prior_action,E54523B495FBB,RUSHMORE LOAN MANAGEMENT SERVICES LLC,false_positive,6,5.937536205082426,Persistent high complaint volume,378.0,-2.6663444012179953,-0.1264841471091196,,Feature-based description; absence of a filing is not evidence of compliant or unlawful conduct.
2021-01-01,prior_action,E3386A41C1D8E,"LAKEVIEW LOAN SERVICING, LLC",false_positive,7,5.924255797414532,Persistent high complaint volume,373.0,0.902440159834394,-0.08004270767353637,,Feature-based description; absence of a filing is not evidence of compliant or unlawful conduct.
2021-01-01,prior_action,E204727426645,"CARRINGTON MORTGAGE SERVICES, LLC",false_positive,8,5.831882477283517,Persistent high complaint volume,340.0,-1.1157719317011887,0.1405819506211894,2022-11-17 00:00:00,Feature-based description; absence of a filing is not evidence of compliant or unlawful conduct.
2021-01-01,prior_action,E06161BBFB0B1,"PENNYMAC LOAN SERVICES, LLC.",false_positive,9,5.799092654460526,Persistent high complaint volume,329.0,1.1759777779411167,0.030213778596496633,,Feature-based description; absence of a filing is not evidence of compliant or unlawful conduct.
2021-01-01,prior_action,EC88D0EDB5407,PNC FINL SERVICES GROUP INC,false_positive,10,5.768320995793772,Persistent high complaint volume,319.0,-0.3732069779450579,0.2568546086565215,,Feature-based description; absence of a filing is not evidence of compliant or unlawful conduct.
2021-01-01,prior_action,E2FE689061D63,"Dovenmuehle Mortgage, Inc.",false_positive,11,5.755742213586912,Complaint surge without a filing in the horizon,315.0,3.954774823228122,0.702625924514489,,Feature-based description; absence of a filing is not evidence of compliant or unlawful conduct.
2021-01-01,prior_action,ED7AC947B93AB,TRUIST FINANCIAL CORP,false_positive,12,5.602118820879701,Persistent high complaint volume,270.0,1.1796665464986837,0.10303222589823514,,Feature-based description; absence of a filing is not evidence of compliant or unlawful conduct.
2021-01-01,prior_action,EB2B27823D171,"Caliber Home Loans, Inc.",false_positive,13,5.598421958998375,Persistent high complaint volume,269.0,-1.0390475627546016,-0.051672010544320926,,Feature-based description; absence of a filing is not evidence of compliant or unlawful conduct.
2021-01-01,prior_action,EC6692485BEB4,CITIZENS FINANCIAL GROUP INC,false_positive,14,5.572154032177765,Persistent high complaint volume,262.0,0.7487462998964527,0.3053816495511819,,Feature-based description; absence of a filing is not evidence of compliant or unlawful conduct.
2021-01-01,prior_action,EFA4E9E07892E,"LD Holdings Group, LLC",false_positive,15,5.541263545158426,Complaint surge without a filing in the horizon,254.0,2.3425355635144376,0.09381875521765491,,Feature-based description; absence of a filing is not evidence of compliant or unlawful conduct.
2021-01-01,prior_action,E18CD77639D2E,"AmeriHome Mortgage Company, LLC",false_positive,16,5.493061443340548,Persistent high complaint volume,242.0,1.9893159254273334,0.2638145910451375,,Feature-based description; absence of a filing is not evidence of compliant or unlawful conduct.
2021-01-01,prior_action,E99C4F19CABA9,FIFTH THIRD BCORP,false_positive,17,5.455321115357702,Persistent high complaint volume,233.0,1.5204964062968678,0.23080642405977886,,Feature-based description; absence of a filing is not evidence of compliant or unlawful conduct.
2021-01-01,prior_action,E8CC698A4A61E,NAVY FEDERAL CREDIT UNION,false_positive,18,5.438079308923196,Persistent high complaint volume,229.0,1.06143248151478,0.3409265869705932,,Feature-based description; absence of a filing is not evidence of compliant or unlawful conduct.
2021-01-01,prior_action,E7BC26E9E7EDD,"Community Loan Servicing, LLC (formerly known as Bayview Loan Servicing, LLC)",false_positive,19,5.327876168789581,Persistent high complaint volume,205.0,-2.0381086759493443,-0.5653138090500603,,Feature-based description; absence of a filing is not evidence of compliant or unlawful conduct.
2021-01-01,prior_action,E796248861ED3,M&T BANK CORP,false_positive,20,5.298317366548036,Persistent high complaint volume,199.0,-0.9786980874234191,-0.10956220251152628,,Feature-based description; absence of a filing is not evidence of compliant or unlawful conduct.
2021-01-01,random,E4907A144AE57,"CARDINAL FINANCIAL COMPANY, LIMITED PARTNERSHIP",false_positive,1,0.9984796000015367,Complaint surge without a filing in the horizon,58.0,4.749508678602796,0.9279867716373463,,Feature-based description; absence of a filing is not evidence of compliant or unlawful conduct.
2021-01-01,random,E5AD7D28D6C06,Union Home Mortgage Corp,false_positive,2,0.987230799892853,Elevated structured signal without a filing,22.0,0.9909477718167112,0.0,,Feature-based description; absence of a filing is not evidence of compliant or unlawful conduct.
2021-01-01,random,EA662D8AAC5CF,AXOS FINANCIAL INC,false_positive,3,0.9654685945924159,Complaint surge without a filing in the horizon,23.0,,2.4423470353692043,,Feature-based description; absence of a filing is not evidence of compliant or unlawful conduct.
2021-01-01,random,E806DAD516CDE,Arbor Residential Mortgage LLC,false_positive,4,0.961846824548151,Sparse complaint history or rank tie,0.0,-0.29729419500528154,0.0,,Feature-based description; absence of a filing is not evidence of compliant or unlawful conduct.
2021-01-01,random,E141256315B89,KEYCORP,false_positive,5,0.9538410479396563,Elevated structured signal without a filing,63.0,-0.11252914078284619,-0.03077165866675366,,Feature-based description; absence of a filing is not evidence of compliant or unlawful conduct.
2021-01-01,random,E99C4F19CABA9,FIFTH THIRD BCORP,false_positive,6,0.9472268057825382,Persistent high complaint volume,233.0,1.5204964062968678,0.23080642405977886,,Feature-based description; absence of a filing is not evidence of compliant or unlawful conduct.
2021-01-01,random,E7BC26E9E7EDD,"Community Loan Servicing, LLC (formerly known as Bayview Loan Servicing, LLC)",false_positive,7,0.9413617513861837,Persistent high complaint volume,205.0,-2.0381086759493443,-0.5653138090500603,,Feature-based description; absence of a filing is not evidence of compliant or unlawful conduct.
2021-01-01,random,E20E78396D860,"Peer Advisors, LLC",false_positive,8,0.9342926785518284,Elevated structured signal without a filing,50.0,-0.6220731381505353,0.0,,Feature-based description; absence of a filing is not evidence of compliant or unlawful conduct.
2021-01-01,random,EFA4E9E07892E,"LD Holdings Group, LLC",false_positive,9,0.9277860343892597,Complaint surge without a filing in the horizon,254.0,2.3425355635144376,0.09381875521765491,,Feature-based description; absence of a filing is not evidence of compliant or unlawful conduct.
2021-01-01,random,E973A2572465F,"CMG Financial Services, Inc.",false_positive,10,0.9264456248265281,Complaint surge without a filing in the horizon,45.0,3.1894794833501696,0.30010459245033816,,Feature-based description; absence of a filing is not evidence of compliant or unlawful conduct.
2021-01-01,random,EDE60FD674DA6,"PLAZA HOME MORTGAGE, INC.",false_positive,11,0.9231200921417362,Elevated structured signal without a filing,29.0,-0.10940705754550789,-0.1941560144409575,,Feature-based description; absence of a filing is not evidence of compliant or unlawful conduct.
2021-01-01,random,EBA75D3B76656,CAPITAL ONE FINANCIAL CORP,false_positive,12,0.914238989628243,Sparse complaint history or rank tie,5.0,-0.8217826837377359,0.28768207245178085,,Feature-based description; absence of a filing is not evidence of compliant or unlawful conduct.
2021-01-01,random,E595375A39DFA,MidAmerica Mortgage Inc,false_positive,13,0.9130943681409326,Elevated structured signal without a filing,66.0,0.4213881137595476,-0.8754687373538999,,Feature-based description; absence of a filing is not evidence of compliant or unlawful conduct.
2021-01-01,random,E0FE83038482A,Franklin Credit Management Corporation,false_positive,14,0.9071925820213155,Sparse complaint history or rank tie,8.0,-0.7184387699409507,0.0,,Feature-based description; absence of a filing is not evidence of compliant or unlawful conduct.
2021-01-01,random,EA25032638622,"American Financial Resources, Inc.",false_positive,15,0.9040627324989032,Sparse complaint history or rank tie,10.0,0.29297753469478827,0.0,,Feature-based description; absence of a filing is not evidence of compliant or unlawful conduct.
2021-01-01,random,E6E7EB400BFED,NVR INC.,false_positive,16,0.8972004596254507,Sparse complaint history or rank tie,6.0,-0.34996111759139253,0.0,,Feature-based description; absence of a filing is not evidence of compliant or unlawful conduct.
2021-01-01,random,E9291B3C42904,DISCOVER FINANCIAL SERVICES,false_positive,17,0.8858921774112467,Elevated structured signal without a filing,22.0,1.8709906665440426,0.16705408466316624,,Feature-based description; absence of a filing is not evidence of compliant or unlawful conduct.
2021-01-01,random,E55E8F997C41C,"PRIMELENDING, A PLAINSCAPITAL COMPANY",false_positive,18,0.8830509164958789,Elevated structured signal without a filing,15.0,-2.128997920785696,-1.540445040947149,,Feature-based description; absence of a filing is not evidence of compliant or unlawful conduct.
2021-01-01,random,EDCBA28169857,Southwest Business Corporation,false_positive,19,0.8711055234785678,Elevated structured signal without a filing,18.0,0.04727571907759803,-0.2006706954621511,,Feature-based description; absence of a filing is not evidence of compliant or unlawful conduct.
2021-01-01,random,EA742F32A9337,PENTAGON FEDERAL CREDIT UNION,false_positive,20,0.8700524795444008,Complaint surge without a filing in the horizon,133.0,4.345471290035624,1.2104036946562264,,Feature-based description; absence of a filing is not evidence of compliant or unlawful conduct.
2021-01-01,raw_count,E1FDDE5D766D3,"Shellpoint Partners, LLC",false_positive,1,1714.0,Persistent high complaint volume,1714.0,1.0903486273649858,0.027973852042406162,,Feature-based description; absence of a filing is not evidence of compliant or unlawful conduct.
2021-01-01,raw_count,EC2C27F26E8F0,BANK OF AMERICA CORP,false_positive,2,1158.0,Complaint surge without a filing in the horizon,1158.0,1.8898881038712896,0.5255656419049104,2023-11-28 00:00:00,Feature-based description; absence of a filing is not evidence of compliant or unlawful conduct.
2021-01-01,raw_count,EB163C5D356CB,"SELECT PORTFOLIO SERVICING, INC.",false_positive,3,957.0,Persistent high complaint volume,957.0,-2.5097876818356606,-0.26217977964084477,,Feature-based description; absence of a filing is not evidence of compliant or unlawful conduct.
2021-01-01,raw_count,E1583D8BF9434,"Rocket Mortgage, LLC",false_positive,4,542.0,Complaint surge without a filing in the horizon,542.0,2.267207751727038,0.4951697266934377,,Feature-based description; absence of a filing is not evidence of compliant or unlawful conduct.
2021-01-01,raw_count,E9924BD19EECC,U S BCORP,false_positive,5,491.0,Persistent high complaint volume,491.0,0.695396846454235,0.1585462913002964,,Feature-based description; absence of a filing is not evidence of compliant or unlawful conduct.
2021-01-01,raw_count,E54523B495FBB,RUSHMORE LOAN MANAGEMENT SERVICES LLC,false_positive,6,378.0,Persistent high complaint volume,378.0,-2.6663444012179953,-0.1264841471091196,,Feature-based description; absence of a filing is not evidence of compliant or unlawful conduct.
2021-01-01,raw_count,E3386A41C1D8E,"LAKEVIEW LOAN SERVICING, LLC",false_positive,7,373.0,Persistent high complaint volume,373.0,0.902440159834394,-0.08004270767353637,,Feature-based description; absence of a filing is not evidence of compliant or unlawful conduct.
2021-01-01,raw_count,E204727426645,"CARRINGTON MORTGAGE SERVICES, LLC",false_positive,8,340.0,Persistent high complaint volume,340.0,-1.1157719317011887,0.1405819506211894,2022-11-17 00:00:00,Feature-based description; absence of a filing is not evidence of compliant or unlawful conduct.
2021-01-01,raw_count,E06161BBFB0B1,"PENNYMAC LOAN SERVICES, LLC.",false_positive,9,329.0,Persistent high complaint volume,329.0,1.1759777779411167,0.030213778596496633,,Feature-based description; absence of a filing is not evidence of compliant or unlawful conduct.
2021-01-01,raw_count,EC88D0EDB5407,PNC FINL SERVICES GROUP INC,false_positive,10,319.0,Persistent high complaint volume,319.0,-0.3732069779450579,0.2568546086565215,,Feature-based description; absence of a filing is not evidence of compliant or unlawful conduct.
2021-01-01,raw_count,E2FE689061D63,"Dovenmuehle Mortgage, Inc.",false_positive,11,315.0,Complaint surge without a filing in the horizon,315.0,3.954774823228122,0.702625924514489,,Feature-based description; absence of a filing is not evidence of compliant or unlawful conduct.
2021-01-01,raw_count,ED7AC947B93AB,TRUIST FINANCIAL CORP,false_positive,12,270.0,Persistent high complaint volume,270.0,1.1796665464986837,0.10303222589823514,,Feature-based description; absence of a filing is not evidence of compliant or unlawful conduct.
2021-01-01,raw_count,EB2B27823D171,"Caliber Home Loans, Inc.",false_positive,13,269.0,Persistent high complaint volume,269.0,-1.0390475627546016,-0.051672010544320926,,Feature-based description; absence of a filing is not evidence of compliant or unlawful conduct.
2021-01-01,raw_count,EC6692485BEB4,CITIZENS FINANCIAL GROUP INC,false_positive,14,262.0,Persistent high complaint volume,262.0,0.7487462998964527,0.3053816495511819,,Feature-based description; absence of a filing is not evidence of compliant or unlawful conduct.
2021-01-01,raw_count,EFA4E9E07892E,"LD Holdings Group, LLC",false_positive,15,254.0,Complaint surge without a filing in the horizon,254.0,2.3425355635144376,0.09381875521765491,,Feature-based description; absence of a filing is not evidence of compliant or unlawful conduct.
2021-01-01,raw_count,E18CD77639D2E,"AmeriHome Mortgage Company, LLC",false_positive,16,242.0,Persistent high complaint volume,242.0,1.9893159254273334,0.2638145910451375,,Feature-based description; absence of a filing is not evidence of compliant or unlawful conduct.
2021-01-01,raw_count,E99C4F19CABA9,FIFTH THIRD BCORP,false_positive,17,233.0,Persistent high complaint volume,233.0,1.5204964062968678,0.23080642405977886,,Feature-based description; absence of a filing is not evidence of compliant or unlawful conduct.
2021-01-01,raw_count,E8CC698A4A61E,NAVY FEDERAL CREDIT UNION,false_positive,18,229.0,Persistent high complaint volume,229.0,1.06143248151478,0.3409265869705932,,Feature-based description; absence of a filing is not evidence of compliant or unlawful conduct.
2021-01-01,raw_count,E7BC26E9E7EDD,"Community Loan Servicing, LLC (formerly known as Bayview Loan Servicing, LLC)",false_positive,19,205.0,Persistent high complaint volume,205.0,-2.0381086759493443,-0.5653138090500603,,Feature-based description; absence of a filing is not evidence of compliant or unlawful conduct.
2021-01-01,raw_count,E796248861ED3,M&T BANK CORP,false_positive,20,199.0,Persistent high complaint volume,199.0,-0.9786980874234191,-0.10956220251152628,,Feature-based description; absence of a filing is not evidence of compliant or unlawful conduct.
2021-01-01,self_normalized,E5823FB9F8455,BNP PARIBAS,false_positive,1,3.764538051673642,Complaint surge without a filing in the horizon,26.0,3.989956771212937,0.9162907318741551,,Feature-based description; absence of a filing is not evidence of compliant or unlawful conduct.
2021-01-01,self_normalized,EA742F32A9337,PENTAGON FEDERAL CREDIT UNION,false_positive,2,3.599148954488478,Complaint surge without a filing in the horizon,133.0,4.345471290035624,1.2104036946562264,,Feature-based description; absence of a filing is not evidence of compliant or unlawful conduct.
2021-01-01,self_normalized,EA530F9DF6522,CrossCountry Mortgage LLC,false_positive,3,3.5666289764454766,Complaint surge without a filing in the horizon,48.0,5.193599188578101,0.9444616088408515,,Feature-based description; absence of a filing is not evidence of compliant or unlawful conduct.
2021-01-01,self_normalized,ECF2F96AAE504,ALLY FINANCIAL INC,false_positive,4,3.373540439078463,Complaint surge without a filing in the horizon,54.0,3.5402086511307314,0.5877866649021191,,Feature-based description; absence of a filing is not evidence of compliant or unlawful conduct.
2021-01-01,self_normalized,E4907A144AE57,"CARDINAL FINANCIAL COMPANY, LIMITED PARTNERSHIP",false_positive,5,3.2343162431421524,Complaint surge without a filing in the horizon,58.0,4.749508678602796,0.9279867716373463,,Feature-based description; absence of a filing is not evidence of compliant or unlawful conduct.
2021-01-01,self_normalized,E2ADFA9D6F7D0,TORONTO-DOMINION BANK THE,false_positive,6,2.708554240709468,Complaint surge without a filing in the horizon,131.0,2.7753029766126676,0.6372667221654887,,Feature-based description; absence of a filing is not evidence of compliant or unlawful conduct.
2021-01-01,self_normalized,EB65DCEF09CD6,PARAMOUNT RESIDENTIAL MORTGAGE GROUP,false_positive,7,2.44606887431633,Complaint surge without a filing in the horizon,18.0,3.6961238969578645,1.0986122886681098,,Feature-based description; absence of a filing is not evidence of compliant or unlawful conduct.
2021-01-01,self_normalized,ED66424082417,"MONEY SOURCE, INC., THE",false_positive,8,2.399693135958036,Complaint surge without a filing in the horizon,135.0,4.361892160759275,0.6174353588242489,,Feature-based description; absence of a filing is not evidence of compliant or unlawful conduct.
2021-01-01,self_normalized,EC36798CEE27E,GATEWAY FIRST BCORP INC,false_positive,9,2.229165476764441,Complaint surge without a filing in the horizon,13.0,2.223882230225567,0.6931471805599453,,Feature-based description; absence of a filing is not evidence of compliant or unlawful conduct.
2021-01-01,self_normalized,EC5C21EED4E5A,"Better Mortgage, Inc.",false_positive,10,2.132921700513557,Complaint surge without a filing in the horizon,53.0,3.277645535539001,1.2762934659055623,,Feature-based description; absence of a filing is not evidence of compliant or unlawful conduct.
2021-01-01,self_normalized,E2FE689061D63,"Dovenmuehle Mortgage, Inc.",false_positive,11,2.1292860336215544,Complaint surge without a filing in the horizon,315.0,3.954774823228122,0.702625924514489,,Feature-based description; absence of a filing is not evidence of compliant or unlawful conduct.
2021-01-01,self_normalized,E973A2572465F,"CMG Financial Services, Inc.",false_positive,12,2.0669470824361222,Complaint surge without a filing in the horizon,45.0,3.1894794833501696,0.30010459245033816,,Feature-based description; absence of a filing is not evidence of compliant or unlawful conduct.
2021-01-01,self_normalized,E7D4C027DB2B7,ARVEST BANK GROUP INC,false_positive,13,2.0343861343387237,Complaint surge without a filing in the horizon,64.0,1.999835739237109,0.6257058997644128,,Feature-based description; absence of a filing is not evidence of compliant or unlawful conduct.
2021-01-01,self_normalized,EC2C27F26E8F0,BANK OF AMERICA CORP,false_positive,14,1.9388009367159678,Complaint surge without a filing in the horizon,1158.0,1.8898881038712896,0.5255656419049104,2023-11-28 00:00:00,Feature-based description; absence of a filing is not evidence of compliant or unlawful conduct.
2021-01-01,self_normalized,EDFEA33F217F1,HUNTINGTON BANCSHARES INC,false_positive,15,1.9255563283632544,Complaint surge without a filing in the horizon,68.0,1.8746533875559626,0.780158557549575,,Feature-based description; absence of a filing is not evidence of compliant or unlawful conduct.
2021-01-01,self_normalized,E9291B3C42904,DISCOVER FINANCIAL SERVICES,false_positive,16,1.9223720678687335,Elevated structured signal without a filing,22.0,1.8709906665440426,0.16705408466316624,,Feature-based description; absence of a filing is not evidence of compliant or unlawful conduct.
2021-01-01,self_normalized,E468B6E606834,WEBSTER FINANCIAL CORP,false_positive,17,1.7191097225902365,Elevated structured signal without a filing,13.0,1.6371865339158647,0.4054651081081644,,Feature-based description; absence of a filing is not evidence of compliant or unlawful conduct.
2021-01-01,self_normalized,EE982339EE76B,"United Shore Financial Services, LLC",false_positive,18,1.6884108966527276,Complaint surge without a filing in the horizon,106.0,2.683617652183999,0.4131871542020747,,Feature-based description; absence of a filing is not evidence of compliant or unlawful conduct.
2021-01-01,self_normalized,E4C87DEE7BA6C,GUARANTEED RATE INC.,false_positive,19,1.6272247031356253,Complaint surge without a filing in the horizon,77.0,2.6018506743966756,0.5447271754416719,,Feature-based description; absence of a filing is not evidence of compliant or unlawful conduct.
2021-01-01,self_normalized,E99C4F19CABA9,FIFTH THIRD BCORP,false_positive,20,1.6176628031364875,Persistent high complaint volume,233.0,1.5204964062968678,0.23080642405977886,,Feature-based description; absence of a filing is not evidence of compliant or unlawful conduct.
2022-01-01,A,E3083051A1527,Data Mortgage Inc.,false_positive,1,0.9846177236601843,Sparse complaint history or rank tie,10.0,2.819725997478248,1.0986122886681098,,Feature-based description; absence of a filing is not evidence of compliant or unlawful conduct.
2022-01-01,A,E4AED565BA8B0,LAND HOME FINANCIAL SERVICES,false_positive,2,0.7067128830093158,Elevated structured signal without a filing,14.0,0.779800396644419,0.25131442828090617,,Feature-based description; absence of a filing is not evidence of compliant or unlawful conduct.
2022-01-01,A,EFC98082BDBFD,F N B CORP,false_positive,3,0.4851352978921438,Elevated structured signal without a filing,19.0,0.5646683216062672,-0.0953101798043249,,Feature-based description; absence of a filing is not evidence of compliant or unlawful conduct.
2022-01-01,A,EF9F58BDA4819,"Real Time Group, Inc.",false_positive,4,0.4656618888089114,Sparse complaint history or rank tie,11.0,-1.696534409474408,0.15415067982725836,,Feature-based description; absence of a filing is not evidence of compliant or unlawful conduct.
2022-01-01,A,EC5C21EED4E5A,"Better Mortgage, Inc.",false_positive,5,0.44865131951568216,Persistent high complaint volume,147.0,1.583926134519875,0.12095261041766249,,Feature-based description; absence of a filing is not evidence of compliant or unlawful conduct.
2022-01-01,A,E9A0A8C3892C7,21ST MORTGAGE CORP.,false_positive,6,0.43792780385580576,Elevated structured signal without a filing,58.0,1.87752541694824,0.26826398659467937,,Feature-based description; absence of a filing is not evidence of compliant or unlawful conduct.
2022-01-01,A,E9C236160D8B5,BANKUNITED INC,false_positive,7,0.4036038664681401,Sparse complaint history or rank tie,2.0,0.16008148961822852,0.0,,Feature-based description; absence of a filing is not evidence of compliant or unlawful conduct.
2022-01-01,A,E2E0260B2F238,SYNCHRONY FINANCIAL,false_positive,8,0.3744726388650711,Sparse complaint history or rank tie,5.0,0.23914335132647976,0.9162907318741551,,Feature-based description; absence of a filing is not evidence of compliant or unlawful conduct.
2022-01-01,A,E4C7F433D63C0,ASSOCIATED BANC-CORP,false_positive,9,0.3338112873716065,Elevated structured signal without a filing,12.0,0.9487539645856384,0.0,,Feature-based description; absence of a filing is not evidence of compliant or unlawful conduct.
2022-01-01,A,EED6B50CF122D,BANCO SANTANDER SA,false_positive,10,0.2719622137102625,Persistent high complaint volume,109.0,-0.7657092740183831,-0.5349231753450512,,Feature-based description; absence of a filing is not evidence of compliant or unlawful conduct.
2022-01-01,A,EBA3A552C2F88,MORTGAGE SOLUTIONS OF COLORADO,false_positive,11,0.21632539354853594,Sparse complaint history or rank tie,7.0,0.47515968325594543,0.22314355131420976,,Feature-based description; absence of a filing is not evidence of compliant or unlawful conduct.
2022-01-01,A,EBDAA9CD74FD1,New York Community / Flagstar Financial,false_positive,12,0.20357204834562573,Sparse complaint history or rank tie,1.0,,-0.6931471805599453,,Feature-based description; absence of a filing is not evidence of compliant or unlawful conduct.
2022-01-01,A,EDC335F416F27,MidFirst Bank / Records family,false_positive,13,0.201636600734394,Complaint surge without a filing in the horizon,113.0,2.7765719116059864,0.2978344439157989,,Feature-based description; absence of a filing is not evidence of compliant or unlawful conduct.
2022-01-01,A,E91A0E7620550,"VANDERBILT MORTGAGE & FINANCE, INC",false_positive,14,0.20122574201888943,Elevated structured signal without a filing,36.0,-0.3282211726365237,-0.2113090936672069,,Feature-based description; absence of a filing is not evidence of compliant or unlawful conduct.
2022-01-01,A,E0FE83038482A,Franklin Credit Management Corporation,false_positive,15,0.1891431869851697,Sparse complaint history or rank tie,11.0,0.038235955645093495,0.47000362924573563,,Feature-based description; absence of a filing is not evidence of compliant or unlawful conduct.
2022-01-01,A,E9ABB3C040AA1,"Paramount GR Holdings, LLC",false_positive,16,0.17497217890452363,Sparse complaint history or rank tie,11.0,0.6887309768138349,-0.8109302162163288,,Feature-based description; absence of a filing is not evidence of compliant or unlawful conduct.
2022-01-01,A,EA662D8AAC5CF,AXOS FINANCIAL INC,false_positive,17,0.14471573478864125,Elevated structured signal without a filing,44.0,1.9554318734088958,0.17435338714477774,,Feature-based description; absence of a filing is not evidence of compliant or unlawful conduct.
2022-01-01,A,EEABDDDD2DFE8,AMERIS BCORP,false_positive,18,0.14408924825970637,Elevated structured signal without a filing,48.0,1.1451081648913048,-0.2411620568168881,,Feature-based description; absence of a filing is not evidence of compliant or unlawful conduct.
2022-01-01,A,EDFEA33F217F1,HUNTINGTON BANCSHARES INC,false_positive,19,0.13642106413338884,Complaint surge without a filing in the horizon,124.0,3.118529595425408,0.25534669180884456,,Feature-based description; absence of a filing is not evidence of compliant or unlawful conduct.
2022-01-01,A,E395472B677AD,WSFS FINANCIAL CORP,false_positive,20,0.10530245779771966,Elevated structured signal without a filing,28.0,1.5793909905778967,0.13353139262452257,,Feature-based description; absence of a filing is not evidence of compliant or unlawful conduct.
2022-01-01,A,E204727426645,"CARRINGTON MORTGAGE SERVICES, LLC",miss,60,-0.3351140445107889,No strong contemporaneous complaint anomaly,351.0,0.025752285984731983,0.05100255445237279,2022-11-17 00:00:00,Feature-based description; absence of a filing is not evidence of compliant or unlawful conduct.
2022-01-01,B,EA73017851BEB,"Stearns Ventures, LLC",false_positive,1,0.034619891340403414,Elevated structured signal without a filing,13.0,-1.4878037222387561,-1.3862943611198906,,Feature-based description; absence of a filing is not evidence of compliant or unlawful conduct.
2022-01-01,B,E712507A45CC4,"SERVICEMAC, LLC",false_positive,2,0.0320632897447359,Elevated structured signal without a filing,27.0,0.3669466526474708,0.20763936477824455,,Feature-based description; absence of a filing is not evidence of compliant or unlawful conduct.
2022-01-01,B,EAC8B1082E172,RoundPoint Mortgage Servicing LLC,false_positive,3,0.03120916440769092,Elevated structured signal without a filing,80.0,-1.9209300652005992,-0.6567795363890705,,Feature-based description; absence of a filing is not evidence of compliant or unlawful conduct.
2022-01-01,B,E3386A41C1D8E,"LAKEVIEW LOAN SERVICING, LLC",false_positive,4,0.03107945670720211,Persistent high complaint volume,435.0,-0.4803863830655813,-0.4418327522790392,,Feature-based description; absence of a filing is not evidence of compliant or unlawful conduct.
2022-01-01,B,E5571C16499FD,HSBC HOLDINGS PLC,false_positive,5,0.030693797674953276,Elevated structured signal without a filing,58.0,-2.475988940701449,-0.40546510810816444,,Feature-based description; absence of a filing is not evidence of compliant or unlawful conduct.
2022-01-01,B,E4C525C3C7714,POPULAR INC,false_positive,6,0.029921424174045478,Elevated structured signal without a filing,33.0,-3.0333333333333337,-0.2876820724517809,,Feature-based description; absence of a filing is not evidence of compliant or unlawful conduct.
2022-01-01,B,E141256315B89,KEYCORP,false_positive,7,0.029829043698161303,Elevated structured signal without a filing,86.0,-1.3668670450773632,-0.41494385206270823,,Feature-based description; absence of a filing is not evidence of compliant or unlawful conduct.
2022-01-01,B,EFEEA1A616991,CITIGROUP INC,false_positive,8,0.029811058144836696,Persistent high complaint volume,183.0,-0.4462645647029227,-0.2719337154836418,,Feature-based description; absence of a filing is not evidence of compliant or unlawful conduct.
2022-01-01,B,EBA75D3B76656,CAPITAL ONE FINANCIAL CORP,false_positive,9,0.029806156529219977,Sparse complaint history or rank tie,2.0,-0.7311426734434654,-1.0986122886681098,,Feature-based description; absence of a filing is not evidence of compliant or unlawful conduct.
2022-01-01,B,E9291B3C42904,DISCOVER FINANCIAL SERVICES,false_positive,10,0.02979873532894085,Elevated structured signal without a filing,25.0,-0.30383850500711534,-0.3746934494414107,,Feature-based description; absence of a filing is not evidence of compliant or unlawful conduct.
2022-01-01,B,EA0E967627A26,BANK OF MONTREAL,false_positive,11,0.029784630362405487,Elevated structured signal without a filing,52.0,-1.4542943494069518,-0.6109090823229733,,Feature-based description; absence of a filing is not evidence of compliant or unlawful conduct.
2022-01-01,B,EE8D973B13F37,"PulteGroup, Inc.",false_positive,12,0.02955139918003966,Elevated structured signal without a filing,12.0,-0.8122896660823142,-0.2876820724517809,,Feature-based description; absence of a filing is not evidence of compliant or unlawful conduct.
2022-01-01,B,E4907A144AE57,"CARDINAL FINANCIAL COMPANY, LIMITED PARTNERSHIP",false_positive,13,0.029549186069740205,Persistent high complaint volume,129.0,-0.18668275948474727,-0.547639596888707,,Feature-based description; absence of a filing is not evidence of compliant or unlawful conduct.
2022-01-01,B,EA25032638622,"American Financial Resources, Inc.",false_positive,14,0.029497558297719557,Sparse complaint history or rank tie,9.0,-0.8198915917499229,-1.5040773967762742,,Feature-based description; absence of a filing is not evidence of compliant or unlawful conduct.
2022-01-01,B,E18CD77639D2E,"AmeriHome Mortgage Company, LLC",false_positive,15,0.02949561509391464,Persistent high complaint volume,351.0,-0.4270134948918817,-0.7662980621955604,,Feature-based description; absence of a filing is not evidence of compliant or unlawful conduct.
2022-01-01,B,E6E7EB400BFED,NVR INC.,false_positive,16,0.02946361482818632,Sparse complaint history or rank tie,8.0,0.7003315964184088,-0.40546510810816444,,Feature-based description; absence of a filing is not evidence of compliant or unlawful conduct.
2022-01-01,B,E8CC698A4A61E,NAVY FEDERAL CREDIT UNION,false_positive,17,0.029288412845162388,Persistent high complaint volume,209.0,0.17419673202263194,-0.21887915252775217,,Feature-based description; absence of a filing is not evidence of compliant or unlawful conduct.
2022-01-01,B,E2ADFA9D6F7D0,TORONTO-DOMINION BANK THE,false_positive,18,0.029217225015777618,Persistent high complaint volume,164.0,-0.7400667986558236,-0.5690945318899665,,Feature-based description; absence of a filing is not evidence of compliant or unlawful conduct.
2022-01-01,B,E1E10FA19D799,EVERBANK FINANCIAL CORP,false_positive,19,0.029149107842428267,Elevated structured signal without a filing,88.0,-0.2527020799828778,-0.2682639865946794,,Feature-based description; absence of a filing is not evidence of compliant or unlawful conduct.
2022-01-01,B,E9A9FF2B46D0A,"SUN WEST MORTGAGE COMPANY, INC.",false_positive,20,0.02913165608834663,Elevated structured signal without a filing,42.0,-0.60380736442456,0.0,,Feature-based description; absence of a filing is not evidence of compliant or unlawful conduct.
2022-01-01,B,E204727426645,"CARRINGTON MORTGAGE SERVICES, LLC",miss,49,0.02696462435430642,No strong contemporaneous complaint anomaly,351.0,0.025752285984731983,0.05100255445237279,2022-11-17 00:00:00,Feature-based description; absence of a filing is not evidence of compliant or unlawful conduct.
2022-01-01,C,EBDAA9CD74FD1,New York Community / Flagstar Financial,false_positive,1,0.055167644609839916,Sparse complaint history or rank tie,1.0,,-0.6931471805599453,,Feature-based description; absence of a filing is not evidence of compliant or unlawful conduct.
2022-01-01,C,E395472B677AD,WSFS FINANCIAL CORP,false_positive,2,0.050959268485634576,Elevated structured signal without a filing,28.0,1.5793909905778967,0.13353139262452257,,Feature-based description; absence of a filing is not evidence of compliant or unlawful conduct.
2022-01-01,C,EB7E5DA6DF3D9,"NOVAD Management Consulting, LLC",false_positive,3,0.04985017845492554,Complaint surge without a filing in the horizon,109.0,,1.2878542883066382,2024-06-18 00:00:00,Feature-based description; absence of a filing is not evidence of compliant or unlawful conduct.
2022-01-01,C,EFC98082BDBFD,F N B CORP,false_positive,4,0.03020705309049014,Elevated structured signal without a filing,19.0,0.5646683216062672,-0.0953101798043249,,Feature-based description; absence of a filing is not evidence of compliant or unlawful conduct.
2022-01-01,C,E20E78396D860,"Peer Advisors, LLC",false_positive,5,0.02922355087544777,Complaint surge without a filing in the horizon,30.0,-0.7127625659431038,0.9382696385929302,,Feature-based description; absence of a filing is not evidence of compliant or unlawful conduct.
2022-01-01,C,EA73017851BEB,"Stearns Ventures, LLC",false_positive,6,0.027756319321703374,Elevated structured signal without a filing,13.0,-1.4878037222387561,-1.3862943611198906,,Feature-based description; absence of a filing is not evidence of compliant or unlawful conduct.
2022-01-01,C,EAC8B1082E172,RoundPoint Mortgage Servicing LLC,false_positive,7,0.02697735322730566,Elevated structured signal without a filing,80.0,-1.9209300652005992,-0.6567795363890705,,Feature-based description; absence of a filing is not evidence of compliant or unlawful conduct.
2022-01-01,C,E3386A41C1D8E,"LAKEVIEW LOAN SERVICING, LLC",false_positive,8,0.02693835926437287,Persistent high complaint volume,435.0,-0.4803863830655813,-0.4418327522790392,,Feature-based description; absence of a filing is not evidence of compliant or unlawful conduct.
2022-01-01,C,E5571C16499FD,HSBC HOLDINGS PLC,false_positive,9,0.026840804805194723,Elevated structured signal without a filing,58.0,-2.475988940701449,-0.40546510810816444,,Feature-based description; absence of a filing is not evidence of compliant or unlawful conduct.
2022-01-01,C,E4C525C3C7714,POPULAR INC,false_positive,10,0.026703826363163444,Elevated structured signal without a filing,33.0,-3.0333333333333337,-0.2876820724517809,,Feature-based description; absence of a filing is not evidence of compliant or unlawful conduct.
2022-01-01,C,EA0E967627A26,BANK OF MONTREAL,false_positive,11,0.026648225626186968,Elevated structured signal without a filing,52.0,-1.4542943494069518,-0.6109090823229733,,Feature-based description; absence of a filing is not evidence of compliant or unlawful conduct.
2022-01-01,C,E141256315B89,KEYCORP,false_positive,12,0.02664636260725301,Elevated structured signal without a filing,86.0,-1.3668670450773632,-0.41494385206270823,,Feature-based description; absence of a filing is not evidence of compliant or unlawful conduct.
2022-01-01,C,EFEEA1A616991,CITIGROUP INC,false_positive,13,0.02664248741613885,Persistent high complaint volume,183.0,-0.4462645647029227,-0.2719337154836418,,Feature-based description; absence of a filing is not evidence of compliant or unlawful conduct.
2022-01-01,C,E9291B3C42904,DISCOVER FINANCIAL SERVICES,false_positive,14,0.026641084142370347,Elevated structured signal without a filing,25.0,-0.30383850500711534,-0.3746934494414107,,Feature-based description; absence of a filing is not evidence of compliant or unlawful conduct.
2022-01-01,C,EE8D973B13F37,"PulteGroup, Inc.",false_positive,15,0.026612090082033565,Elevated structured signal without a filing,12.0,-0.8122896660823142,-0.2876820724517809,,Feature-based description; absence of a filing is not evidence of compliant or unlawful conduct.
2022-01-01,C,EBA75D3B76656,CAPITAL ONE FINANCIAL CORP,false_positive,16,0.026598902109536245,Sparse complaint history or rank tie,2.0,-0.7311426734434654,-1.0986122886681098,,Feature-based description; absence of a filing is not evidence of compliant or unlawful conduct.
2022-01-01,C,E4907A144AE57,"CARDINAL FINANCIAL COMPANY, LIMITED PARTNERSHIP",false_positive,17,0.026594882270370882,Persistent high complaint volume,129.0,-0.18668275948474727,-0.547639596888707,,Feature-based description; absence of a filing is not evidence of compliant or unlawful conduct.
2022-01-01,C,E18CD77639D2E,"AmeriHome Mortgage Company, LLC",false_positive,18,0.02658318292966406,Persistent high complaint volume,351.0,-0.4270134948918817,-0.7662980621955604,,Feature-based description; absence of a filing is not evidence of compliant or unlawful conduct.
2022-01-01,C,EA25032638622,"American Financial Resources, Inc.",false_positive,19,0.026581406303018734,Sparse complaint history or rank tie,9.0,-0.8198915917499229,-1.5040773967762742,,Feature-based description; absence of a filing is not evidence of compliant or unlawful conduct.
2022-01-01,C,E6E7EB400BFED,NVR INC.,false_positive,20,0.02656548109582934,Sparse complaint history or rank tie,8.0,0.7003315964184088,-0.40546510810816444,,Feature-based description; absence of a filing is not evidence of compliant or unlawful conduct.
2022-01-01,C,E204727426645,"CARRINGTON MORTGAGE SERVICES, LLC",miss,51,0.025950669229191998,No strong contemporaneous complaint anomaly,351.0,0.025752285984731983,0.05100255445237279,2022-11-17 00:00:00,Feature-based description; absence of a filing is not evidence of compliant or unlawful conduct.
2022-01-01,prior_action,E1FDDE5D766D3,"Shellpoint Partners, LLC",false_positive,1,7.303843225277705,Persistent high complaint volume,1485.0,-0.18738289296806238,-0.3104728427875218,,Feature-based description; absence of a filing is not evidence of compliant or unlawful conduct.
2022-01-01,prior_action,EB163C5D356CB,"SELECT PORTFOLIO SERVICING, INC.",false_positive,2,7.050122520269059,Persistent high complaint volume,1152.0,0.4501588304064557,-0.006932436775644791,,Feature-based description; absence of a filing is not evidence of compliant or unlawful conduct.
2022-01-01,prior_action,EC2C27F26E8F0,BANK OF AMERICA CORP,false_positive,3,6.919683849847411,Persistent high complaint volume,1011.0,-0.5058975560321638,-0.2842278375836934,2023-11-28 00:00:00,Feature-based description; absence of a filing is not evidence of compliant or unlawful conduct.
2022-01-01,prior_action,E1583D8BF9434,"Rocket Mortgage, LLC",false_positive,4,6.363028103540465,Persistent high complaint volume,579.0,0.6713645422337328,-0.0309835455199672,,Feature-based description; absence of a filing is not evidence of compliant or unlawful conduct.
2022-01-01,prior_action,ED7AC947B93AB,TRUIST FINANCIAL CORP,false_positive,5,6.270988431858299,Persistent high complaint volume,528.0,1.3225943752221743,0.1209017728690382,,Feature-based description; absence of a filing is not evidence of compliant or unlawful conduct.
2022-01-01,prior_action,E9924BD19EECC,U S BCORP,false_positive,6,6.22455842927536,Persistent high complaint volume,504.0,0.23596576216633725,0.023716526617316065,,Feature-based description; absence of a filing is not evidence of compliant or unlawful conduct.
2022-01-01,prior_action,E3386A41C1D8E,"LAKEVIEW LOAN SERVICING, LLC",false_positive,7,6.077642243349034,Persistent high complaint volume,435.0,-0.4803863830655813,-0.4418327522790392,,Feature-based description; absence of a filing is not evidence of compliant or unlawful conduct.
2022-01-01,prior_action,EFA4E9E07892E,"LD Holdings Group, LLC",false_positive,8,6.056784013228625,Persistent high complaint volume,426.0,0.7439090533184101,-0.28223246768421634,,Feature-based description; absence of a filing is not evidence of compliant or unlawful conduct.
2022-01-01,prior_action,EC6692485BEB4,CITIZENS FINANCIAL GROUP INC,false_positive,9,5.8971538676367405,Persistent high complaint volume,363.0,0.24826529534576863,-0.326148353279577,,Feature-based description; absence of a filing is not evidence of compliant or unlawful conduct.
2022-01-01,prior_action,E06161BBFB0B1,"PENNYMAC LOAN SERVICES, LLC.",false_positive,10,5.886104031450156,Persistent high complaint volume,359.0,0.34352512501088683,-0.26187418849590827,,Feature-based description; absence of a filing is not evidence of compliant or unlawful conduct.
2022-01-01,prior_action,E54523B495FBB,RUSHMORE LOAN MANAGEMENT SERVICES LLC,false_positive,11,5.886104031450156,Persistent high complaint volume,359.0,-0.29242273218920434,0.10536051565782635,,Feature-based description; absence of a filing is not evidence of compliant or unlawful conduct.
2022-01-01,prior_action,E18CD77639D2E,"AmeriHome Mortgage Company, LLC",false_positive,12,5.863631175598097,Persistent high complaint volume,351.0,-0.4270134948918817,-0.7662980621955604,,Feature-based description; absence of a filing is not evidence of compliant or unlawful conduct.
2022-01-01,prior_action,E2FE689061D63,"Dovenmuehle Mortgage, Inc.",false_positive,14,5.846438775057725,Persistent high complaint volume,345.0,-0.3097448592989912,-0.6374582746993567,,Feature-based description; absence of a filing is not evidence of compliant or unlawful conduct.
2022-01-01,prior_action,EC88D0EDB5407,PNC FINL SERVICES GROUP INC,false_positive,15,5.823045895483019,Persistent high complaint volume,337.0,1.2703608995026234,0.17151064068973892,,Feature-based description; absence of a filing is not evidence of compliant or unlawful conduct.
2022-01-01,prior_action,E99C4F19CABA9,FIFTH THIRD BCORP,false_positive,16,5.616771097666572,Persistent high complaint volume,274.0,1.6178633724844096,-0.10153641921942283,,Feature-based description; absence of a filing is not evidence of compliant or unlawful conduct.
2022-01-01,prior_action,EB2B27823D171,"Caliber Home Loans, Inc.",false_positive,17,5.4116460518550396,Persistent high complaint volume,223.0,-0.8355644977278773,-0.480126636877184,,Feature-based description; absence of a filing is not evidence of compliant or unlawful conduct.
2022-01-01,prior_action,ED66424082417,"MONEY SOURCE, INC., THE",false_positive,18,5.3612921657094255,Persistent high complaint volume,212.0,0.2586236457568665,-0.5158131652770298,,Feature-based description; absence of a filing is not evidence of compliant or unlawful conduct.
2022-01-01,prior_action,E8CC698A4A61E,NAVY FEDERAL CREDIT UNION,false_positive,19,5.3471075307174685,Persistent high complaint volume,209.0,0.17419673202263194,-0.21887915252775217,,Feature-based description; absence of a filing is not evidence of compliant or unlawful conduct.
2022-01-01,prior_action,EE2ED85757AB4,Selene Finance LP,false_positive,20,5.327876168789581,Persistent high complaint volume,205.0,1.0701448393880908,0.0870113769896297,,Feature-based description; absence of a filing is not evidence of compliant or unlawful conduct.
2022-01-01,random,E4907A144AE57,"CARDINAL FINANCIAL COMPANY, LIMITED PARTNERSHIP",false_positive,1,0.9984796000015367,Persistent high complaint volume,129.0,-0.18668275948474727,-0.547639596888707,,Feature-based description; absence of a filing is not evidence of compliant or unlawful conduct.
2022-01-01,random,E5AD7D28D6C06,Union Home Mortgage Corp,false_positive,2,0.987230799892853,Elevated structured signal without a filing,25.0,0.804433196555063,-0.07410797215372185,,Feature-based description; absence of a filing is not evidence of compliant or unlawful conduct.
2022-01-01,random,EA662D8AAC5CF,AXOS FINANCIAL INC,false_positive,3,0.9654685945924159,Elevated structured signal without a filing,44.0,1.9554318734088958,0.17435338714477774,,Feature-based description; absence of a filing is not evidence of compliant or unlawful conduct.
2022-01-01,random,E806DAD516CDE,Arbor Residential Mortgage LLC,false_positive,4,0.961846824548151,Sparse complaint history or rank tie,0.0,-0.29729419500528154,0.0,,Feature-based description; absence of a filing is not evidence of compliant or unlawful conduct.
2022-01-01,random,E141256315B89,KEYCORP,false_positive,5,0.9538410479396563,Elevated structured signal without a filing,86.0,-1.3668670450773632,-0.41494385206270823,,Feature-based description; absence of a filing is not evidence of compliant or unlawful conduct.
2022-01-01,random,E99C4F19CABA9,FIFTH THIRD BCORP,false_positive,6,0.9472268057825382,Persistent high complaint volume,274.0,1.6178633724844096,-0.10153641921942283,,Feature-based description; absence of a filing is not evidence of compliant or unlawful conduct.
2022-01-01,random,E7BC26E9E7EDD,"Community Loan Servicing, LLC (formerly known as Bayview Loan Servicing, LLC)",false_positive,7,0.9413617513861837,Persistent high complaint volume,173.0,-0.4548887155896182,-0.034289073478632075,,Feature-based description; absence of a filing is not evidence of compliant or unlawful conduct.
2022-01-01,random,E20E78396D860,"Peer Advisors, LLC",false_positive,8,0.9342926785518284,Complaint surge without a filing in the horizon,30.0,-0.7127625659431038,0.9382696385929302,,Feature-based description; absence of a filing is not evidence of compliant or unlawful conduct.
2022-01-01,random,EFA4E9E07892E,"LD Holdings Group, LLC",false_positive,9,0.9277860343892597,Persistent high complaint volume,426.0,0.7439090533184101,-0.28223246768421634,,Feature-based description; absence of a filing is not evidence of compliant or unlawful conduct.
2022-01-01,random,E973A2572465F,"CMG Financial Services, Inc.",false_positive,10,0.9264456248265281,Elevated structured signal without a filing,72.0,0.4461363247903749,-0.43936665978384565,,Feature-based description; absence of a filing is not evidence of compliant or unlawful conduct.
2022-01-01,random,EDE60FD674DA6,"PLAZA HOME MORTGAGE, INC.",false_positive,11,0.9231200921417362,Elevated structured signal without a filing,41.0,-0.26440992651270107,-0.6241543090729939,,Feature-based description; absence of a filing is not evidence of compliant or unlawful conduct.
2022-01-01,random,EBA75D3B76656,CAPITAL ONE FINANCIAL CORP,false_positive,12,0.914238989628243,Sparse complaint history or rank tie,2.0,-0.7311426734434654,-1.0986122886681098,,Feature-based description; absence of a filing is not evidence of compliant or unlawful conduct.
2022-01-01,random,E595375A39DFA,MidAmerica Mortgage Inc,false_positive,13,0.9130943681409326,Elevated structured signal without a filing,54.0,0.6735753140545634,-0.07145896398214498,,Feature-based description; absence of a filing is not evidence of compliant or unlawful conduct.
2022-01-01,random,E0FE83038482A,Franklin Credit Management Corporation,false_positive,14,0.9071925820213155,Sparse complaint history or rank tie,11.0,0.038235955645093495,0.47000362924573563,,Feature-based description; absence of a filing is not evidence of compliant or unlawful conduct.
2022-01-01,random,EA25032638622,"American Financial Resources, Inc.",false_positive,15,0.9040627324989032,Sparse complaint history or rank tie,9.0,-0.8198915917499229,-1.5040773967762742,,Feature-based description; absence of a filing is not evidence of compliant or unlawful conduct.
2022-01-01,random,E6E7EB400BFED,NVR INC.,false_positive,16,0.8972004596254507,Sparse complaint history or rank tie,8.0,0.7003315964184088,-0.40546510810816444,,Feature-based description; absence of a filing is not evidence of compliant or unlawful conduct.
2022-01-01,random,E9291B3C42904,DISCOVER FINANCIAL SERVICES,false_positive,17,0.8858921774112467,Elevated structured signal without a filing,25.0,-0.30383850500711534,-0.3746934494414107,,Feature-based description; absence of a filing is not evidence of compliant or unlawful conduct.
2022-01-01,random,E55E8F997C41C,"PRIMELENDING, A PLAINSCAPITAL COMPANY",false_positive,18,0.8830509164958789,Sparse complaint history or rank tie,0.0,-1.009049958219026,0.0,,Feature-based description; absence of a filing is not evidence of compliant or unlawful conduct.
2022-01-01,random,EDCBA28169857,Southwest Business Corporation,false_positive,19,0.8711055234785678,Elevated structured signal without a filing,23.0,-0.5822516387794467,-0.5753641449035618,,Feature-based description; absence of a filing is not evidence of compliant or unlawful conduct.
2022-01-01,random,EA742F32A9337,PENTAGON FEDERAL CREDIT UNION,false_positive,20,0.8700524795444008,Persistent high complaint volume,165.0,0.13323332611786165,-0.475845904869964,,Feature-based description; absence of a filing is not evidence of compliant or unlawful conduct.
2022-01-01,random,E204727426645,"CARRINGTON MORTGAGE SERVICES, LLC",miss,69,0.42761369405461797,No strong contemporaneous complaint anomaly,351.0,0.025752285984731983,0.05100255445237279,2022-11-17 00:00:00,Feature-based description; absence of a filing is not evidence of compliant or unlawful conduct.
2022-01-01,raw_count,E1FDDE5D766D3,"Shellpoint Partners, LLC",false_positive,1,1485.0,Persistent high complaint volume,1485.0,-0.18738289296806238,-0.3104728427875218,,Feature-based description; absence of a filing is not evidence of compliant or unlawful conduct.
2022-01-01,raw_count,EB163C5D356CB,"SELECT PORTFOLIO SERVICING, INC.",false_positive,2,1152.0,Persistent high complaint volume,1152.0,0.4501588304064557,-0.006932436775644791,,Feature-based description; absence of a filing is not evidence of compliant or unlawful conduct.
2022-01-01,raw_count,EC2C27F26E8F0,BANK OF AMERICA CORP,false_positive,3,1011.0,Persistent high complaint volume,1011.0,-0.5058975560321638,-0.2842278375836934,2023-11-28 00:00:00,Feature-based description; absence of a filing is not evidence of compliant or unlawful conduct.
2022-01-01,raw_count,E1583D8BF9434,"Rocket Mortgage, LLC",false_positive,4,579.0,Persistent high complaint volume,579.0,0.6713645422337328,-0.0309835455199672,,Feature-based description; absence of a filing is not evidence of compliant or unlawful conduct.
2022-01-01,raw_count,ED7AC947B93AB,TRUIST FINANCIAL CORP,false_positive,5,528.0,Persistent high complaint volume,528.0,1.3225943752221743,0.1209017728690382,,Feature-based description; absence of a filing is not evidence of compliant or unlawful conduct.
2022-01-01,raw_count,E9924BD19EECC,U S BCORP,false_positive,6,504.0,Persistent high complaint volume,504.0,0.23596576216633725,0.023716526617316065,,Feature-based description; absence of a filing is not evidence of compliant or unlawful conduct.
2022-01-01,raw_count,E3386A41C1D8E,"LAKEVIEW LOAN SERVICING, LLC",false_positive,7,435.0,Persistent high complaint volume,435.0,-0.4803863830655813,-0.4418327522790392,,Feature-based description; absence of a filing is not evidence of compliant or unlawful conduct.
2022-01-01,raw_count,EFA4E9E07892E,"LD Holdings Group, LLC",false_positive,8,426.0,Persistent high complaint volume,426.0,0.7439090533184101,-0.28223246768421634,,Feature-based description; absence of a filing is not evidence of compliant or unlawful conduct.
2022-01-01,raw_count,EC6692485BEB4,CITIZENS FINANCIAL GROUP INC,false_positive,9,363.0,Persistent high complaint volume,363.0,0.24826529534576863,-0.326148353279577,,Feature-based description; absence of a filing is not evidence of compliant or unlawful conduct.
2022-01-01,raw_count,E06161BBFB0B1,"PENNYMAC LOAN SERVICES, LLC.",false_positive,10,359.0,Persistent high complaint volume,359.0,0.34352512501088683,-0.26187418849590827,,Feature-based description; absence of a filing is not evidence of compliant or unlawful conduct.
2022-01-01,raw_count,E54523B495FBB,RUSHMORE LOAN MANAGEMENT SERVICES LLC,false_positive,11,359.0,Persistent high complaint volume,359.0,-0.29242273218920434,0.10536051565782635,,Feature-based description; absence of a filing is not evidence of compliant or unlawful conduct.
2022-01-01,raw_count,E18CD77639D2E,"AmeriHome Mortgage Company, LLC",false_positive,12,351.0,Persistent high complaint volume,351.0,-0.4270134948918817,-0.7662980621955604,,Feature-based description; absence of a filing is not evidence of compliant or unlawful conduct.
2022-01-01,raw_count,E2FE689061D63,"Dovenmuehle Mortgage, Inc.",false_positive,14,345.0,Persistent high complaint volume,345.0,-0.3097448592989912,-0.6374582746993567,,Feature-based description; absence of a filing is not evidence of compliant or unlawful conduct.
2022-01-01,raw_count,EC88D0EDB5407,PNC FINL SERVICES GROUP INC,false_positive,15,337.0,Persistent high complaint volume,337.0,1.2703608995026234,0.17151064068973892,,Feature-based description; absence of a filing is not evidence of compliant or unlawful conduct.
2022-01-01,raw_count,E99C4F19CABA9,FIFTH THIRD BCORP,false_positive,16,274.0,Persistent high complaint volume,274.0,1.6178633724844096,-0.10153641921942283,,Feature-based description; absence of a filing is not evidence of compliant or unlawful conduct.
2022-01-01,raw_count,EB2B27823D171,"Caliber Home Loans, Inc.",false_positive,17,223.0,Persistent high complaint volume,223.0,-0.8355644977278773,-0.480126636877184,,Feature-based description; absence of a filing is not evidence of compliant or unlawful conduct.
2022-01-01,raw_count,ED66424082417,"MONEY SOURCE, INC., THE",false_positive,18,212.0,Persistent high complaint volume,212.0,0.2586236457568665,-0.5158131652770298,,Feature-based description; absence of a filing is not evidence of compliant or unlawful conduct.
2022-01-01,raw_count,E8CC698A4A61E,NAVY FEDERAL CREDIT UNION,false_positive,19,209.0,Persistent high complaint volume,209.0,0.17419673202263194,-0.21887915252775217,,Feature-based description; absence of a filing is not evidence of compliant or unlawful conduct.
2022-01-01,raw_count,EE2ED85757AB4,Selene Finance LP,false_positive,20,205.0,Persistent high complaint volume,205.0,1.0701448393880908,0.0870113769896297,,Feature-based description; absence of a filing is not evidence of compliant or unlawful conduct.
2022-01-01,self_normalized,EDFEA33F217F1,HUNTINGTON BANCSHARES INC,false_positive,1,2.7777970134049266,Complaint surge without a filing in the horizon,124.0,3.118529595425408,0.25534669180884456,,Feature-based description; absence of a filing is not evidence of compliant or unlawful conduct.
2022-01-01,self_normalized,EDC335F416F27,MidFirst Bank / Records family,false_positive,2,2.4974857768397234,Complaint surge without a filing in the horizon,113.0,2.7765719116059864,0.2978344439157989,,Feature-based description; absence of a filing is not evidence of compliant or unlawful conduct.
2022-01-01,self_normalized,EA662D8AAC5CF,AXOS FINANCIAL INC,false_positive,3,1.8243768209907492,Elevated structured signal without a filing,44.0,1.9554318734088958,0.17435338714477774,,Feature-based description; absence of a filing is not evidence of compliant or unlawful conduct.
2022-01-01,self_normalized,E3083051A1527,Data Mortgage Inc.,false_positive,4,1.6773157962423308,Sparse complaint history or rank tie,10.0,2.819725997478248,1.0986122886681098,,Feature-based description; absence of a filing is not evidence of compliant or unlawful conduct.
2022-01-01,self_normalized,E99C4F19CABA9,FIFTH THIRD BCORP,false_positive,5,1.5476635070428952,Persistent high complaint volume,274.0,1.6178633724844096,-0.10153641921942283,,Feature-based description; absence of a filing is not evidence of compliant or unlawful conduct.
2022-01-01,self_normalized,E395472B677AD,WSFS FINANCIAL CORP,false_positive,6,1.5161267366876539,Elevated structured signal without a filing,28.0,1.5793909905778967,0.13353139262452257,,Feature-based description; absence of a filing is not evidence of compliant or unlawful conduct.
2022-01-01,self_normalized,ED7AC947B93AB,TRUIST FINANCIAL CORP,false_positive,7,1.3056241505427155,Persistent high complaint volume,528.0,1.3225943752221743,0.1209017728690382,,Feature-based description; absence of a filing is not evidence of compliant or unlawful conduct.
2022-01-01,self_normalized,EC88D0EDB5407,PNC FINL SERVICES GROUP INC,false_positive,8,1.2628070685999753,Persistent high complaint volume,337.0,1.2703608995026234,0.17151064068973892,,Feature-based description; absence of a filing is not evidence of compliant or unlawful conduct.
2022-01-01,self_normalized,E0F4D2A3DE7F9,FIRST HORIZON CORP,false_positive,9,1.2318339571083181,Elevated structured signal without a filing,34.0,1.2325761371215258,-0.11122563511022437,,Feature-based description; absence of a filing is not evidence of compliant or unlawful conduct.
2022-01-01,self_normalized,ECF2F96AAE504,ALLY FINANCIAL INC,false_positive,10,1.1611534010279712,Elevated structured signal without a filing,92.0,1.1463514122604443,-0.04255961441879589,,Feature-based description; absence of a filing is not evidence of compliant or unlawful conduct.
2022-01-01,self_normalized,EEABDDDD2DFE8,AMERIS BCORP,false_positive,11,1.160134280172117,Elevated structured signal without a filing,48.0,1.1451081648913048,-0.2411620568168881,,Feature-based description; absence of a filing is not evidence of compliant or unlawful conduct.
2022-01-01,self_normalized,E55D8798567B8,Finance of America Holdings LLC,false_positive,12,1.0319256078065784,Elevated structured signal without a filing,38.0,1.9170851992454179,0.10008345855698263,,Feature-based description; absence of a filing is not evidence of compliant or unlawful conduct.
2022-01-01,self_normalized,E9A0A8C3892C7,21ST MORTGAGE CORP.,false_positive,13,1.0036402750349622,Elevated structured signal without a filing,58.0,1.87752541694824,0.26826398659467937,,Feature-based description; absence of a filing is not evidence of compliant or unlawful conduct.
2022-01-01,self_normalized,E4C7F433D63C0,ASSOCIATED BANC-CORP,false_positive,14,0.9991778481431817,Elevated structured signal without a filing,12.0,0.9487539645856384,0.0,,Feature-based description; absence of a filing is not evidence of compliant or unlawful conduct.
2022-01-01,self_normalized,EEA501D46F351,THIRD FS&LA OF CLEVELAND MHC,false_positive,15,0.9022219324313523,Elevated structured signal without a filing,24.0,0.8304753654981698,-0.15415067982725836,,Feature-based description; absence of a filing is not evidence of compliant or unlawful conduct.
2022-01-01,self_normalized,EC5C21EED4E5A,"Better Mortgage, Inc.",false_positive,16,0.7937161318076498,Persistent high complaint volume,147.0,1.583926134519875,0.12095261041766249,,Feature-based description; absence of a filing is not evidence of compliant or unlawful conduct.
2022-01-01,self_normalized,EFC98082BDBFD,F N B CORP,false_positive,17,0.6843332734345087,Elevated structured signal without a filing,19.0,0.5646683216062672,-0.0953101798043249,,Feature-based description; absence of a filing is not evidence of compliant or unlawful conduct.
2022-01-01,self_normalized,E7D4C027DB2B7,ARVEST BANK GROUP INC,false_positive,18,0.5822354084249786,Elevated structured signal without a filing,64.0,0.4401169483920659,-0.12136085700426748,,Feature-based description; absence of a filing is not evidence of compliant or unlawful conduct.
2022-01-01,self_normalized,EC6692485BEB4,CITIZENS FINANCIAL GROUP INC,false_positive,19,0.42496982660847327,Persistent high complaint volume,363.0,0.24826529534576863,-0.326148353279577,,Feature-based description; absence of a filing is not evidence of compliant or unlawful conduct.
2022-01-01,self_normalized,E1AC4ADE944DE,"Zions Bancorporation, N.A.",false_positive,20,0.42112062798532834,Elevated structured signal without a filing,21.0,0.24356957546717797,-0.08701137698962981,,Feature-based description; absence of a filing is not evidence of compliant or unlawful conduct.
2022-01-01,self_normalized,E204727426645,"CARRINGTON MORTGAGE SERVICES, LLC",miss,72,-0.42263288959145184,No strong contemporaneous complaint anomaly,351.0,0.025752285984731983,0.05100255445237279,2022-11-17 00:00:00,Feature-based description; absence of a filing is not evidence of compliant or unlawful conduct.
2023-01-01,A,EBDAA9CD74FD1,New York Community / Flagstar Financial,false_positive,1,1.7858575560033585,Sparse complaint history or rank tie,2.0,4.4962591288588065,1.0986122886681098,,Feature-based description; absence of a filing is not evidence of compliant or unlawful conduct.
2023-01-01,A,E36F4BD58BE4A,BANK OF NY MELLON CORP THE,false_positive,2,1.1962749097608525,Elevated structured signal without a filing,20.0,0.13449664993822663,-0.7621400520468967,,Feature-based description; absence of a filing is not evidence of compliant or unlawful conduct.
2023-01-01,A,E9C236160D8B5,BANKUNITED INC,false_positive,3,1.1157584888242102,Sparse complaint history or rank tie,4.0,0.7562376774775251,-0.6931471805599453,,Feature-based description; absence of a filing is not evidence of compliant or unlawful conduct.
2023-01-01,A,EED6B50CF122D,BANCO SANTANDER SA,false_positive,4,0.6435500683835275,Elevated structured signal without a filing,68.0,-1.4656294245250214,-0.17185025692665928,,Feature-based description; absence of a filing is not evidence of compliant or unlawful conduct.
2023-01-01,A,E2E0260B2F238,SYNCHRONY FINANCIAL,false_positive,5,0.5471477606481968,Sparse complaint history or rank tie,2.0,0.3913817919094192,0.0,,Feature-based description; absence of a filing is not evidence of compliant or unlawful conduct.
2023-01-01,A,E0FE83038482A,Franklin Credit Management Corporation,false_positive,6,0.5242301559871754,Sparse complaint history or rank tie,9.0,2.031816992334839,0.1823215567939546,,Feature-based description; absence of a filing is not evidence of compliant or unlawful conduct.
2023-01-01,A,E9ABB3C040AA1,"Paramount GR Holdings, LLC",false_positive,7,0.44495609636847255,Sparse complaint history or rank tie,7.0,0.6262087224675209,0.6931471805599453,,Feature-based description; absence of a filing is not evidence of compliant or unlawful conduct.
2023-01-01,A,E4AED565BA8B0,LAND HOME FINANCIAL SERVICES,false_positive,8,0.43069580860809975,Elevated structured signal without a filing,25.0,0.6023229316602616,0.3746934494414107,,Feature-based description; absence of a filing is not evidence of compliant or unlawful conduct.
2023-01-01,A,E9A0A8C3892C7,21ST MORTGAGE CORP.,false_positive,9,0.38820420333609684,Elevated structured signal without a filing,66.0,0.949150516855821,0.23638877806423034,,Feature-based description; absence of a filing is not evidence of compliant or unlawful conduct.
2023-01-01,A,EC2ADB5FF5E55,Supreme Lending,false_positive,10,0.34378519979215233,Complaint surge without a filing in the horizon,23.0,2.860833084642507,0.4054651081081644,,Feature-based description; absence of a filing is not evidence of compliant or unlawful conduct.
2023-01-01,A,E3EF704205792,FIRST CITIZENS BANCSHARES INC,false_positive,11,0.2951689719037133,Sparse complaint history or rank tie,9.0,-0.3265785832978064,0.5596157879354227,,Feature-based description; absence of a filing is not evidence of compliant or unlawful conduct.
2023-01-01,A,E395472B677AD,WSFS FINANCIAL CORP,false_positive,12,0.2709905492733727,Elevated structured signal without a filing,37.0,0.29785689745515564,0.47000362924573563,,Feature-based description; absence of a filing is not evidence of compliant or unlawful conduct.
2023-01-01,A,EC36798CEE27E,GATEWAY FIRST BCORP INC,false_positive,13,0.2660832284762712,Complaint surge without a filing in the horizon,30.0,0.9105800343797346,0.9382696385929302,,Feature-based description; absence of a filing is not evidence of compliant or unlawful conduct.
2023-01-01,A,E3083051A1527,Data Mortgage Inc.,false_positive,14,0.2425704396803401,Elevated structured signal without a filing,25.0,1.5066966675694953,-0.2231435513142097,,Feature-based description; absence of a filing is not evidence of compliant or unlawful conduct.
2023-01-01,A,E4907A144AE57,"CARDINAL FINANCIAL COMPANY, LIMITED PARTNERSHIP",false_positive,15,0.20316212768896427,Elevated structured signal without a filing,99.0,0.44596699277001567,0.09909090264423097,,Feature-based description; absence of a filing is not evidence of compliant or unlawful conduct.
2023-01-01,A,E4C7F433D63C0,ASSOCIATED BANC-CORP,false_positive,16,0.17583152313086928,Sparse complaint history or rank tie,8.0,-1.302964832532733,-0.8472978603872037,,Feature-based description; absence of a filing is not evidence of compliant or unlawful conduct.
2023-01-01,A,EEA501D46F351,THIRD FS&LA OF CLEVELAND MHC,false_positive,17,0.13883761264634337,Elevated structured signal without a filing,22.0,0.7612502319926162,0.0,,Feature-based description; absence of a filing is not evidence of compliant or unlawful conduct.
2023-01-01,A,EB7E5DA6DF3D9,"NOVAD Management Consulting, LLC",false_positive,18,0.1380432750484622,Elevated structured signal without a filing,80.0,-1.764799810573482,-0.8241754429663495,2024-06-18 00:00:00,Feature-based description; absence of a filing is not evidence of compliant or unlawful conduct.
2023-01-01,A,E1AC4ADE944DE,"Zions Bancorporation, N.A.",false_positive,19,0.11867663800812303,Elevated structured signal without a filing,12.0,-0.752993189539646,-0.2876820724517809,,Feature-based description; absence of a filing is not evidence of compliant or unlawful conduct.
2023-01-01,A,E595375A39DFA,MidAmerica Mortgage Inc,false_positive,20,0.10304265281560757,Elevated structured signal without a filing,26.0,-2.144174919898886,-1.5260563034950494,,Feature-based description; absence of a filing is not evidence of compliant or unlawful conduct.
2023-01-01,A,EC2C27F26E8F0,BANK OF AMERICA CORP,miss,64,-0.4196534835491317,No strong contemporaneous complaint anomaly,793.0,-1.1680843095955082,-0.204483128596807,2023-11-28 00:00:00,Feature-based description; absence of a filing is not evidence of compliant or unlawful conduct.
2023-01-01,B,E8CC698A4A61E,NAVY FEDERAL CREDIT UNION,false_positive,1,0.025658260834233143,Persistent high complaint volume,199.0,-1.496459161896274,-0.3313571359544425,,Feature-based description; absence of a filing is not evidence of compliant or unlawful conduct.
2023-01-01,B,EA742F32A9337,PENTAGON FEDERAL CREDIT UNION,false_positive,2,0.025419435886175176,Elevated structured signal without a filing,88.0,-1.620704631227881,-0.7949298748698876,,Feature-based description; absence of a filing is not evidence of compliant or unlawful conduct.
2023-01-01,B,EBA75D3B76656,CAPITAL ONE FINANCIAL CORP,false_positive,3,0.025100290178559092,Sparse complaint history or rank tie,6.0,-1.0572250790275775,-1.0986122886681098,,Feature-based description; absence of a filing is not evidence of compliant or unlawful conduct.
2023-01-01,B,E3E99D69D853D,Fairway Independent Mortgage Corporation,false_positive,4,0.024981611374325727,Elevated structured signal without a filing,28.0,-1.467234738471584,-0.5465437063680699,2024-10-15 00:00:00,Feature-based description; absence of a filing is not evidence of compliant or unlawful conduct.
2023-01-01,B,E3AAEFE62826F,Home Point Financial Corporation,false_positive,5,0.024873930756196545,Persistent high complaint volume,121.0,-0.7842756476716343,-0.11394425934921772,,Feature-based description; absence of a filing is not evidence of compliant or unlawful conduct.
2023-01-01,B,E5571C16499FD,HSBC HOLDINGS PLC,false_positive,6,0.024861708767969785,Elevated structured signal without a filing,49.0,-1.377825705477979,-0.6061358035703156,,Feature-based description; absence of a filing is not evidence of compliant or unlawful conduct.
2023-01-01,B,E7BC26E9E7EDD,"Community Loan Servicing, LLC (formerly known as Bayview Loan Servicing, LLC)",false_positive,7,0.024859215975113046,Persistent high complaint volume,152.0,-2.002032629806954,-1.0813704822336037,,Feature-based description; absence of a filing is not evidence of compliant or unlawful conduct.
2023-01-01,B,EFC98082BDBFD,F N B CORP,false_positive,8,0.024792878048581313,Elevated structured signal without a filing,14.0,-1.6303469163699273,-0.5108256237659907,,Feature-based description; absence of a filing is not evidence of compliant or unlawful conduct.
2023-01-01,B,EAC8B1082E172,RoundPoint Mortgage Servicing LLC,false_positive,9,0.024699433702856113,Elevated structured signal without a filing,96.0,-0.4728154900397329,-0.20479441264601328,,Feature-based description; absence of a filing is not evidence of compliant or unlawful conduct.
2023-01-01,B,EA662D8AAC5CF,AXOS FINANCIAL INC,false_positive,10,0.02469538240589531,Elevated structured signal without a filing,39.0,-0.889438373116927,-1.4170660197866443,,Feature-based description; absence of a filing is not evidence of compliant or unlawful conduct.
2023-01-01,B,EE8D973B13F37,"PulteGroup, Inc.",false_positive,11,0.024535225137396362,Elevated structured signal without a filing,15.0,0.1793507852752759,-0.35667494393873245,,Feature-based description; absence of a filing is not evidence of compliant or unlawful conduct.
2023-01-01,B,E3386A41C1D8E,"LAKEVIEW LOAN SERVICING, LLC",false_positive,12,0.02451604495429644,Persistent high complaint volume,263.0,-1.4295056852817363,-0.204483128596807,,Feature-based description; absence of a filing is not evidence of compliant or unlawful conduct.
2023-01-01,B,EFA4E9E07892E,"LD Holdings Group, LLC",false_positive,13,0.024449488539944,Persistent high complaint volume,277.0,-1.338767154231913,-0.5666630334508256,,Feature-based description; absence of a filing is not evidence of compliant or unlawful conduct.
2023-01-01,B,E31BF475DBBDE,"Lennar Financial Services, LLC",false_positive,14,0.024376568891451126,Elevated structured signal without a filing,36.0,0.7144963614358371,-0.10536051565782628,,Feature-based description; absence of a filing is not evidence of compliant or unlawful conduct.
2023-01-01,B,E1FDDE5D766D3,"Shellpoint Partners, LLC",false_positive,15,0.024368358296413355,Persistent high complaint volume,1162.0,-1.5446496560241751,-0.28016888910099774,,Feature-based description; absence of a filing is not evidence of compliant or unlawful conduct.
2023-01-01,B,E141256315B89,KEYCORP,false_positive,16,0.024324550152307632,Elevated structured signal without a filing,73.0,-0.3448404000745813,0.13353139262452257,,Feature-based description; absence of a filing is not evidence of compliant or unlawful conduct.
2023-01-01,B,E4C87DEE7BA6C,GUARANTEED RATE INC.,false_positive,17,0.02429704858261059,Elevated structured signal without a filing,99.0,-1.3737345915408143,-0.5908683314395271,,Feature-based description; absence of a filing is not evidence of compliant or unlawful conduct.
2023-01-01,B,E973A2572465F,"CMG Financial Services, Inc.",false_positive,18,0.024282469894174766,Elevated structured signal without a filing,64.0,-0.511734669531965,-0.49469624183610705,,Feature-based description; absence of a filing is not evidence of compliant or unlawful conduct.
2023-01-01,B,E1583D8BF9434,"Rocket Mortgage, LLC",false_positive,19,0.024278288121993678,Persistent high complaint volume,493.0,-1.3759981574644229,-0.31365755885504165,,Feature-based description; absence of a filing is not evidence of compliant or unlawful conduct.
2023-01-01,B,EB7F1B7690613,PRIMARY RESIDENTIAL MORTGAGE,false_positive,20,0.024260557140156746,Elevated structured signal without a filing,38.0,-0.5976085831269686,-0.3022808718729337,,Feature-based description; absence of a filing is not evidence of compliant or unlawful conduct.
2023-01-01,B,EC2C27F26E8F0,BANK OF AMERICA CORP,miss,42,0.02347745875041177,No strong contemporaneous complaint anomaly,793.0,-1.1680843095955082,-0.204483128596807,2023-11-28 00:00:00,Feature-based description; absence of a filing is not evidence of compliant or unlawful conduct.
2023-01-01,C,EA662D8AAC5CF,AXOS FINANCIAL INC,false_positive,1,0.053211550635405586,Elevated structured signal without a filing,39.0,-0.889438373116927,-1.4170660197866443,,Feature-based description; absence of a filing is not evidence of compliant or unlawful conduct.
2023-01-01,C,E712507A45CC4,"SERVICEMAC, LLC",false_positive,2,0.0522815660462447,Elevated structured signal without a filing,57.0,1.324769537182813,0.377294231141468,,Feature-based description; absence of a filing is not evidence of compliant or unlawful conduct.
2023-01-01,C,E8CC698A4A61E,NAVY FEDERAL CREDIT UNION,false_positive,3,0.0231444553138493,Persistent high complaint volume,199.0,-1.496459161896274,-0.3313571359544425,,Feature-based description; absence of a filing is not evidence of compliant or unlawful conduct.
2023-01-01,C,EA742F32A9337,PENTAGON FEDERAL CREDIT UNION,false_positive,4,0.023080755154725456,Elevated structured signal without a filing,88.0,-1.620704631227881,-0.7949298748698876,,Feature-based description; absence of a filing is not evidence of compliant or unlawful conduct.
2023-01-01,C,E3E99D69D853D,Fairway Independent Mortgage Corporation,false_positive,5,0.022954084360997468,Elevated structured signal without a filing,28.0,-1.467234738471584,-0.5465437063680699,2024-10-15 00:00:00,Feature-based description; absence of a filing is not evidence of compliant or unlawful conduct.
2023-01-01,C,EBA75D3B76656,CAPITAL ONE FINANCIAL CORP,false_positive,6,0.02295022103302178,Sparse complaint history or rank tie,6.0,-1.0572250790275775,-1.0986122886681098,,Feature-based description; absence of a filing is not evidence of compliant or unlawful conduct.
2023-01-01,C,E5571C16499FD,HSBC HOLDINGS PLC,false_positive,7,0.022892730053585497,Elevated structured signal without a filing,49.0,-1.377825705477979,-0.6061358035703156,,Feature-based description; absence of a filing is not evidence of compliant or unlawful conduct.
2023-01-01,C,E3AAEFE62826F,Home Point Financial Corporation,false_positive,8,0.022882291247663555,Persistent high complaint volume,121.0,-0.7842756476716343,-0.11394425934921772,,Feature-based description; absence of a filing is not evidence of compliant or unlawful conduct.
2023-01-01,C,E7BC26E9E7EDD,"Community Loan Servicing, LLC (formerly known as Bayview Loan Servicing, LLC)",false_positive,9,0.022867329153879932,Persistent high complaint volume,152.0,-2.002032629806954,-1.0813704822336037,,Feature-based description; absence of a filing is not evidence of compliant or unlawful conduct.
2023-01-01,C,EAC8B1082E172,RoundPoint Mortgage Servicing LLC,false_positive,10,0.022809012723429216,Elevated structured signal without a filing,96.0,-0.4728154900397329,-0.20479441264601328,,Feature-based description; absence of a filing is not evidence of compliant or unlawful conduct.
2023-01-01,C,E3386A41C1D8E,"LAKEVIEW LOAN SERVICING, LLC",false_positive,11,0.022782081406686437,Persistent high complaint volume,263.0,-1.4295056852817363,-0.204483128596807,,Feature-based description; absence of a filing is not evidence of compliant or unlawful conduct.
2023-01-01,C,EFA4E9E07892E,"LD Holdings Group, LLC",false_positive,12,0.02274894323946485,Persistent high complaint volume,277.0,-1.338767154231913,-0.5666630334508256,,Feature-based description; absence of a filing is not evidence of compliant or unlawful conduct.
2023-01-01,C,EE8D973B13F37,"PulteGroup, Inc.",false_positive,13,0.022746640487650256,Elevated structured signal without a filing,15.0,0.1793507852752759,-0.35667494393873245,,Feature-based description; absence of a filing is not evidence of compliant or unlawful conduct.
2023-01-01,C,E141256315B89,KEYCORP,false_positive,14,0.022733210539841803,Elevated structured signal without a filing,73.0,-0.3448404000745813,0.13353139262452257,,Feature-based description; absence of a filing is not evidence of compliant or unlawful conduct.
2023-01-01,C,E1FDDE5D766D3,"Shellpoint Partners, LLC",false_positive,15,0.022728674153462827,Persistent high complaint volume,1162.0,-1.5446496560241751,-0.28016888910099774,,Feature-based description; absence of a filing is not evidence of compliant or unlawful conduct.
2023-01-01,C,E9A9FF2B46D0A,"SUN WEST MORTGAGE COMPANY, INC.",false_positive,16,0.02270718586004093,Elevated structured signal without a filing,33.0,-0.8392261586550541,-0.7801585575495751,,Feature-based description; absence of a filing is not evidence of compliant or unlawful conduct.
2023-01-01,C,E1583D8BF9434,"Rocket Mortgage, LLC",false_positive,17,0.02270502029030818,Persistent high complaint volume,493.0,-1.3759981574644229,-0.31365755885504165,,Feature-based description; absence of a filing is not evidence of compliant or unlawful conduct.
2023-01-01,C,E4C87DEE7BA6C,GUARANTEED RATE INC.,false_positive,18,0.022704351622847476,Elevated structured signal without a filing,99.0,-1.3737345915408143,-0.5908683314395271,,Feature-based description; absence of a filing is not evidence of compliant or unlawful conduct.
2023-01-01,C,EB7F1B7690613,PRIMARY RESIDENTIAL MORTGAGE,false_positive,19,0.022698731239940394,Elevated structured signal without a filing,38.0,-0.5976085831269686,-0.3022808718729337,,Feature-based description; absence of a filing is not evidence of compliant or unlawful conduct.
2023-01-01,C,E973A2572465F,"CMG Financial Services, Inc.",false_positive,20,0.02268824696685109,Elevated structured signal without a filing,64.0,-0.511734669531965,-0.49469624183610705,,Feature-based description; absence of a filing is not evidence of compliant or unlawful conduct.
2023-01-01,C,EC2C27F26E8F0,BANK OF AMERICA CORP,miss,41,0.02244587676002612,No strong contemporaneous complaint anomaly,793.0,-1.1680843095955082,-0.204483128596807,2023-11-28 00:00:00,Feature-based description; absence of a filing is not evidence of compliant or unlawful conduct.
2023-01-01,prior_action,E1FDDE5D766D3,"Shellpoint Partners, LLC",false_positive,1,7.0587581525186645,Persistent high complaint volume,1162.0,-1.5446496560241751,-0.28016888910099774,,Feature-based description; absence of a filing is not evidence of compliant or unlawful conduct.
2023-01-01,prior_action,EB163C5D356CB,"SELECT PORTFOLIO SERVICING, INC.",false_positive,2,6.79346613258001,Persistent high complaint volume,891.0,-1.670113780858566,-0.3784741722813168,,Feature-based description; absence of a filing is not evidence of compliant or unlawful conduct.
2023-01-01,prior_action,ED7AC947B93AB,TRUIST FINANCIAL CORP,false_positive,4,6.51471269087253,Persistent high complaint volume,674.0,0.5292986748589434,-0.2498117983963711,,Feature-based description; absence of a filing is not evidence of compliant or unlawful conduct.
2023-01-01,prior_action,E9924BD19EECC,U S BCORP,false_positive,5,6.315358001522335,Persistent high complaint volume,552.0,-1.4936495877641882,-0.31299988043607085,,Feature-based description; absence of a filing is not evidence of compliant or unlawful conduct.
2023-01-01,prior_action,E1583D8BF9434,"Rocket Mortgage, LLC",false_positive,6,6.202535517187923,Persistent high complaint volume,493.0,-1.3759981574644229,-0.31365755885504165,,Feature-based description; absence of a filing is not evidence of compliant or unlawful conduct.
2023-01-01,prior_action,E54523B495FBB,RUSHMORE LOAN MANAGEMENT SERVICES LLC,false_positive,7,6.0063531596017325,Persistent high complaint volume,405.0,-1.3057023198199438,-0.2719337154836418,,Feature-based description; absence of a filing is not evidence of compliant or unlawful conduct.
2023-01-01,prior_action,EE2ED85757AB4,Selene Finance LP,false_positive,8,6.0014148779611505,Persistent high complaint volume,403.0,1.28984772285967,0.11370258697522158,,Feature-based description; absence of a filing is not evidence of compliant or unlawful conduct.
2023-01-01,prior_action,EC88D0EDB5407,PNC FINL SERVICES GROUP INC,false_positive,9,5.991464547107982,Persistent high complaint volume,399.0,0.3700441964890716,-0.18506504273970553,,Feature-based description; absence of a filing is not evidence of compliant or unlawful conduct.
2023-01-01,prior_action,EC6692485BEB4,CITIZENS FINANCIAL GROUP INC,false_positive,10,5.988961416889864,Persistent high complaint volume,398.0,0.2827311279660678,-0.16034265007517937,,Feature-based description; absence of a filing is not evidence of compliant or unlawful conduct.
2023-01-01,prior_action,EB2B27823D171,"Caliber Home Loans, Inc.",false_positive,11,5.805134968916488,Persistent high complaint volume,331.0,-0.6871570043941241,-0.395465024773581,,Feature-based description; absence of a filing is not evidence of compliant or unlawful conduct.
2023-01-01,prior_action,E06161BBFB0B1,"PENNYMAC LOAN SERVICES, LLC.",false_positive,12,5.762051382780177,Persistent high complaint volume,317.0,0.18163480488618106,0.05644131090495184,,Feature-based description; absence of a filing is not evidence of compliant or unlawful conduct.
2023-01-01,prior_action,EFA4E9E07892E,"LD Holdings Group, LLC",false_positive,13,5.627621113690637,Persistent high complaint volume,277.0,-1.338767154231913,-0.5666630334508256,,Feature-based description; absence of a filing is not evidence of compliant or unlawful conduct.
2023-01-01,prior_action,E99C4F19CABA9,FIFTH THIRD BCORP,false_positive,14,5.598421958998375,Persistent high complaint volume,269.0,1.2936245512077864,0.15529288440603525,,Feature-based description; absence of a filing is not evidence of compliant or unlawful conduct.
2023-01-01,prior_action,E3386A41C1D8E,"LAKEVIEW LOAN SERVICING, LLC",false_positive,15,5.575949103146316,Persistent high complaint volume,263.0,-1.4295056852817363,-0.204483128596807,,Feature-based description; absence of a filing is not evidence of compliant or unlawful conduct.
2023-01-01,prior_action,E2FE689061D63,"Dovenmuehle Mortgage, Inc.",false_positive,16,5.545177444479562,Persistent high complaint volume,255.0,-0.9942363390841226,-0.38604702225106274,,Feature-based description; absence of a filing is not evidence of compliant or unlawful conduct.
2023-01-01,prior_action,EE982339EE76B,"United Shore Financial Services, LLC",false_positive,17,5.455321115357702,Persistent high complaint volume,233.0,0.8074767539417144,-0.025533302005164762,,Feature-based description; absence of a filing is not evidence of compliant or unlawful conduct.
2023-01-01,prior_action,E8CC698A4A61E,NAVY FEDERAL CREDIT UNION,false_positive,18,5.298317366548036,Persistent high complaint volume,199.0,-1.496459161896274,-0.3313571359544425,,Feature-based description; absence of a filing is not evidence of compliant or unlawful conduct.
2023-01-01,prior_action,E18CD77639D2E,"AmeriHome Mortgage Company, LLC",false_positive,19,5.225746673713202,Persistent high complaint volume,185.0,-0.17055667076403352,0.1823215567939546,,Feature-based description; absence of a filing is not evidence of compliant or unlawful conduct.
2023-01-01,prior_action,EDC335F416F27,MidFirst Bank / Records family,false_positive,20,5.214935757608986,Persistent high complaint volume,183.0,0.5086736737700327,-0.22800974096538268,,Feature-based description; absence of a filing is not evidence of compliant or unlawful conduct.
2023-01-01,random,E4907A144AE57,"CARDINAL FINANCIAL COMPANY, LIMITED PARTNERSHIP",false_positive,1,0.9984796000015367,Elevated structured signal without a filing,99.0,0.44596699277001567,0.09909090264423097,,Feature-based description; absence of a filing is not evidence of compliant or unlawful conduct.
2023-01-01,random,E5AD7D28D6C06,Union Home Mortgage Corp,false_positive,2,0.987230799892853,Elevated structured signal without a filing,21.0,0.3193907774385855,-0.08701137698962981,,Feature-based description; absence of a filing is not evidence of compliant or unlawful conduct.
2023-01-01,random,EA662D8AAC5CF,AXOS FINANCIAL INC,false_positive,3,0.9654685945924159,Elevated structured signal without a filing,39.0,-0.889438373116927,-1.4170660197866443,,Feature-based description; absence of a filing is not evidence of compliant or unlawful conduct.
2023-01-01,random,E806DAD516CDE,Arbor Residential Mortgage LLC,false_positive,4,0.961846824548151,Sparse complaint history or rank tie,0.0,,0.0,,Feature-based description; absence of a filing is not evidence of compliant or unlawful conduct.
2023-01-01,random,E141256315B89,KEYCORP,false_positive,5,0.9538410479396563,Elevated structured signal without a filing,73.0,-0.3448404000745813,0.13353139262452257,,Feature-based description; absence of a filing is not evidence of compliant or unlawful conduct.
2023-01-01,random,E99C4F19CABA9,FIFTH THIRD BCORP,false_positive,6,0.9472268057825382,Persistent high complaint volume,269.0,1.2936245512077864,0.15529288440603525,,Feature-based description; absence of a filing is not evidence of compliant or unlawful conduct.
2023-01-01,random,E7BC26E9E7EDD,"Community Loan Servicing, LLC (formerly known as Bayview Loan Servicing, LLC)",false_positive,7,0.9413617513861837,Persistent high complaint volume,152.0,-2.002032629806954,-1.0813704822336037,,Feature-based description; absence of a filing is not evidence of compliant or unlawful conduct.
2023-01-01,random,E20E78396D860,"Peer Advisors, LLC",false_positive,8,0.9342926785518284,Elevated structured signal without a filing,18.0,-1.4134535793873395,-0.40546510810816444,,Feature-based description; absence of a filing is not evidence of compliant or unlawful conduct.
2023-01-01,random,EFA4E9E07892E,"LD Holdings Group, LLC",false_positive,9,0.9277860343892597,Persistent high complaint volume,277.0,-1.338767154231913,-0.5666630334508256,,Feature-based description; absence of a filing is not evidence of compliant or unlawful conduct.
2023-01-01,random,E973A2572465F,"CMG Financial Services, Inc.",false_positive,10,0.9264456248265281,Elevated structured signal without a filing,64.0,-0.511734669531965,-0.49469624183610705,,Feature-based description; absence of a filing is not evidence of compliant or unlawful conduct.
2023-01-01,random,EDE60FD674DA6,"PLAZA HOME MORTGAGE, INC.",false_positive,11,0.9231200921417362,Elevated structured signal without a filing,22.0,-0.7828406439122687,0.0,,Feature-based description; absence of a filing is not evidence of compliant or unlawful conduct.
2023-01-01,random,EBA75D3B76656,CAPITAL ONE FINANCIAL CORP,false_positive,12,0.914238989628243,Sparse complaint history or rank tie,6.0,-1.0572250790275775,-1.0986122886681098,,Feature-based description; absence of a filing is not evidence of compliant or unlawful conduct.
2023-01-01,random,E595375A39DFA,MidAmerica Mortgage Inc,false_positive,13,0.9130943681409326,Elevated structured signal without a filing,26.0,-2.144174919898886,-1.5260563034950494,,Feature-based description; absence of a filing is not evidence of compliant or unlawful conduct.
2023-01-01,random,E0FE83038482A,Franklin Credit Management Corporation,false_positive,14,0.9071925820213155,Sparse complaint history or rank tie,9.0,2.031816992334839,0.1823215567939546,,Feature-based description; absence of a filing is not evidence of compliant or unlawful conduct.
2023-01-01,random,EA25032638622,"American Financial Resources, Inc.",false_positive,15,0.9040627324989032,Sparse complaint history or rank tie,9.0,-0.1340243831679574,-0.1823215567939546,,Feature-based description; absence of a filing is not evidence of compliant or unlawful conduct.
2023-01-01,random,E6E7EB400BFED,NVR INC.,false_positive,16,0.8972004596254507,Elevated structured signal without a filing,15.0,1.0204783702448623,-0.35667494393873245,,Feature-based description; absence of a filing is not evidence of compliant or unlawful conduct.
2023-01-01,random,E9291B3C42904,DISCOVER FINANCIAL SERVICES,false_positive,17,0.8858921774112467,Elevated structured signal without a filing,22.0,-1.3389526035427644,0.3364722366212129,,Feature-based description; absence of a filing is not evidence of compliant or unlawful conduct.
2023-01-01,random,E55E8F997C41C,"PRIMELENDING, A PLAINSCAPITAL COMPANY",false_positive,18,0.8830509164958789,Sparse complaint history or rank tie,0.0,-0.5365800479372269,0.0,,Feature-based description; absence of a filing is not evidence of compliant or unlawful conduct.
2023-01-01,random,EDCBA28169857,Southwest Business Corporation,false_positive,19,0.8711055234785678,Elevated structured signal without a filing,13.0,-0.7772158918110593,0.13353139262452257,,Feature-based description; absence of a filing is not evidence of compliant or unlawful conduct.
2023-01-01,random,EA742F32A9337,PENTAGON FEDERAL CREDIT UNION,false_positive,20,0.8700524795444008,Elevated structured signal without a filing,88.0,-1.620704631227881,-0.7949298748698876,,Feature-based description; absence of a filing is not evidence of compliant or unlawful conduct.
2023-01-01,random,EC2C27F26E8F0,BANK OF AMERICA CORP,miss,29,0.7606918343171392,No strong contemporaneous complaint anomaly,793.0,-1.1680843095955082,-0.204483128596807,2023-11-28 00:00:00,Feature-based description; absence of a filing is not evidence of compliant or unlawful conduct.
2023-01-01,raw_count,E1FDDE5D766D3,"Shellpoint Partners, LLC",false_positive,1,1162.0,Persistent high complaint volume,1162.0,-1.5446496560241751,-0.28016888910099774,,Feature-based description; absence of a filing is not evidence of compliant or unlawful conduct.
2023-01-01,raw_count,EB163C5D356CB,"SELECT PORTFOLIO SERVICING, INC.",false_positive,2,891.0,Persistent high complaint volume,891.0,-1.670113780858566,-0.3784741722813168,,Feature-based description; absence of a filing is not evidence of compliant or unlawful conduct.
2023-01-01,raw_count,ED7AC947B93AB,TRUIST FINANCIAL CORP,false_positive,4,674.0,Persistent high complaint volume,674.0,0.5292986748589434,-0.2498117983963711,,Feature-based description; absence of a filing is not evidence of compliant or unlawful conduct.
2023-01-01,raw_count,E9924BD19EECC,U S BCORP,false_positive,5,552.0,Persistent high complaint volume,552.0,-1.4936495877641882,-0.31299988043607085,,Feature-based description; absence of a filing is not evidence of compliant or unlawful conduct.
2023-01-01,raw_count,E1583D8BF9434,"Rocket Mortgage, LLC",false_positive,6,493.0,Persistent high complaint volume,493.0,-1.3759981574644229,-0.31365755885504165,,Feature-based description; absence of a filing is not evidence of compliant or unlawful conduct.
2023-01-01,raw_count,E54523B495FBB,RUSHMORE LOAN MANAGEMENT SERVICES LLC,false_positive,7,405.0,Persistent high complaint volume,405.0,-1.3057023198199438,-0.2719337154836418,,Feature-based description; absence of a filing is not evidence of compliant or unlawful conduct.
2023-01-01,raw_count,EE2ED85757AB4,Selene Finance LP,false_positive,8,403.0,Persistent high complaint volume,403.0,1.28984772285967,0.11370258697522158,,Feature-based description; absence of a filing is not evidence of compliant or unlawful conduct.
2023-01-01,raw_count,EC88D0EDB5407,PNC FINL SERVICES GROUP INC,false_positive,9,399.0,Persistent high complaint volume,399.0,0.3700441964890716,-0.18506504273970553,,Feature-based description; absence of a filing is not evidence of compliant or unlawful conduct.
2023-01-01,raw_count,EC6692485BEB4,CITIZENS FINANCIAL GROUP INC,false_positive,10,398.0,Persistent high complaint volume,398.0,0.2827311279660678,-0.16034265007517937,,Feature-based description; absence of a filing is not evidence of compliant or unlawful conduct.
2023-01-01,raw_count,EB2B27823D171,"Caliber Home Loans, Inc.",false_positive,11,331.0,Persistent high complaint volume,331.0,-0.6871570043941241,-0.395465024773581,,Feature-based description; absence of a filing is not evidence of compliant or unlawful conduct.
2023-01-01,raw_count,E06161BBFB0B1,"PENNYMAC LOAN SERVICES, LLC.",false_positive,12,317.0,Persistent high complaint volume,317.0,0.18163480488618106,0.05644131090495184,,Feature-based description; absence of a filing is not evidence of compliant or unlawful conduct.
2023-01-01,raw_count,EFA4E9E07892E,"LD Holdings Group, LLC",false_positive,13,277.0,Persistent high complaint volume,277.0,-1.338767154231913,-0.5666630334508256,,Feature-based description; absence of a filing is not evidence of compliant or unlawful conduct.
2023-01-01,raw_count,E99C4F19CABA9,FIFTH THIRD BCORP,false_positive,14,269.0,Persistent high complaint volume,269.0,1.2936245512077864,0.15529288440603525,,Feature-based description; absence of a filing is not evidence of compliant or unlawful conduct.
2023-01-01,raw_count,E3386A41C1D8E,"LAKEVIEW LOAN SERVICING, LLC",false_positive,15,263.0,Persistent high complaint volume,263.0,-1.4295056852817363,-0.204483128596807,,Feature-based description; absence of a filing is not evidence of compliant or unlawful conduct.
2023-01-01,raw_count,E2FE689061D63,"Dovenmuehle Mortgage, Inc.",false_positive,16,255.0,Persistent high complaint volume,255.0,-0.9942363390841226,-0.38604702225106274,,Feature-based description; absence of a filing is not evidence of compliant or unlawful conduct.
2023-01-01,raw_count,EE982339EE76B,"United Shore Financial Services, LLC",false_positive,17,233.0,Persistent high complaint volume,233.0,0.8074767539417144,-0.025533302005164762,,Feature-based description; absence of a filing is not evidence of compliant or unlawful conduct.
2023-01-01,raw_count,E8CC698A4A61E,NAVY FEDERAL CREDIT UNION,false_positive,18,199.0,Persistent high complaint volume,199.0,-1.496459161896274,-0.3313571359544425,,Feature-based description; absence of a filing is not evidence of compliant or unlawful conduct.
2023-01-01,raw_count,E18CD77639D2E,"AmeriHome Mortgage Company, LLC",false_positive,19,185.0,Persistent high complaint volume,185.0,-0.17055667076403352,0.1823215567939546,,Feature-based description; absence of a filing is not evidence of compliant or unlawful conduct.
2023-01-01,raw_count,EDC335F416F27,MidFirst Bank / Records family,false_positive,20,183.0,Persistent high complaint volume,183.0,0.5086736737700327,-0.22800974096538268,,Feature-based description; absence of a filing is not evidence of compliant or unlawful conduct.
2023-01-01,self_normalized,EBDAA9CD74FD1,New York Community / Flagstar Financial,false_positive,1,3.7664832879540397,Sparse complaint history or rank tie,2.0,4.4962591288588065,1.0986122886681098,,Feature-based description; absence of a filing is not evidence of compliant or unlawful conduct.
2023-01-01,self_normalized,EC2ADB5FF5E55,Supreme Lending,false_positive,2,1.6566618708039567,Complaint surge without a filing in the horizon,23.0,2.860833084642507,0.4054651081081644,,Feature-based description; absence of a filing is not evidence of compliant or unlawful conduct.
2023-01-01,self_normalized,E99C4F19CABA9,FIFTH THIRD BCORP,false_positive,3,1.1899653615947,Persistent high complaint volume,269.0,1.2936245512077864,0.15529288440603525,,Feature-based description; absence of a filing is not evidence of compliant or unlawful conduct.
2023-01-01,self_normalized,E0FE83038482A,Franklin Credit Management Corporation,false_positive,4,0.9393273018820073,Sparse complaint history or rank tie,9.0,2.031816992334839,0.1823215567939546,,Feature-based description; absence of a filing is not evidence of compliant or unlawful conduct.
2023-01-01,self_normalized,EC36798CEE27E,GATEWAY FIRST BCORP INC,false_positive,5,0.8818062381379779,Complaint surge without a filing in the horizon,30.0,0.9105800343797346,0.9382696385929302,,Feature-based description; absence of a filing is not evidence of compliant or unlawful conduct.
2023-01-01,self_normalized,EEA501D46F351,THIRD FS&LA OF CLEVELAND MHC,false_positive,6,0.7616704863182043,Elevated structured signal without a filing,22.0,0.7612502319926162,0.0,,Feature-based description; absence of a filing is not evidence of compliant or unlawful conduct.
2023-01-01,self_normalized,E9C236160D8B5,BANKUNITED INC,false_positive,7,0.7576378887015077,Sparse complaint history or rank tie,4.0,0.7562376774775251,-0.6931471805599453,,Feature-based description; absence of a filing is not evidence of compliant or unlawful conduct.
2023-01-01,self_normalized,E3083051A1527,Data Mortgage Inc.,false_positive,8,0.699527087973588,Elevated structured signal without a filing,25.0,1.5066966675694953,-0.2231435513142097,,Feature-based description; absence of a filing is not evidence of compliant or unlawful conduct.
2023-01-01,self_normalized,EA530F9DF6522,CrossCountry Mortgage LLC,false_positive,9,0.6322177630108148,Persistent high complaint volume,137.0,1.4114686915563757,-0.07197349962508923,,Feature-based description; absence of a filing is not evidence of compliant or unlawful conduct.
2023-01-01,self_normalized,ED7AC947B93AB,TRUIST FINANCIAL CORP,false_positive,10,0.5750655738588498,Persistent high complaint volume,674.0,0.5292986748589434,-0.2498117983963711,,Feature-based description; absence of a filing is not evidence of compliant or unlawful conduct.
2023-01-01,self_normalized,EDC335F416F27,MidFirst Bank / Records family,false_positive,11,0.5584727707312025,Persistent high complaint volume,183.0,0.5086736737700327,-0.22800974096538268,,Feature-based description; absence of a filing is not evidence of compliant or unlawful conduct.
2023-01-01,self_normalized,E712507A45CC4,"SERVICEMAC, LLC",false_positive,12,0.47362029848327286,Elevated structured signal without a filing,57.0,1.324769537182813,0.377294231141468,,Feature-based description; absence of a filing is not evidence of compliant or unlawful conduct.
2023-01-01,self_normalized,E2E0260B2F238,SYNCHRONY FINANCIAL,false_positive,13,0.46411151005564155,Sparse complaint history or rank tie,2.0,0.3913817919094192,0.0,,Feature-based description; absence of a filing is not evidence of compliant or unlawful conduct.
2023-01-01,self_normalized,EE2ED85757AB4,Selene Finance LP,false_positive,14,0.4506185418357208,Persistent high complaint volume,403.0,1.28984772285967,0.11370258697522158,,Feature-based description; absence of a filing is not evidence of compliant or unlawful conduct.
2023-01-01,self_normalized,EC88D0EDB5407,PNC FINL SERVICES GROUP INC,false_positive,15,0.4469454251424351,Persistent high complaint volume,399.0,0.3700441964890716,-0.18506504273970553,,Feature-based description; absence of a filing is not evidence of compliant or unlawful conduct.
2023-01-01,self_normalized,E395472B677AD,WSFS FINANCIAL CORP,false_positive,16,0.38887077893888267,Elevated structured signal without a filing,37.0,0.29785689745515564,0.47000362924573563,,Feature-based description; absence of a filing is not evidence of compliant or unlawful conduct.
2023-01-01,self_normalized,EC6692485BEB4,CITIZENS FINANCIAL GROUP INC,false_positive,17,0.3767021049007731,Persistent high complaint volume,398.0,0.2827311279660678,-0.16034265007517937,,Feature-based description; absence of a filing is not evidence of compliant or unlawful conduct.
2023-01-01,self_normalized,E6E7EB400BFED,NVR INC.,false_positive,18,0.3558568059026848,Elevated structured signal without a filing,15.0,1.0204783702448623,-0.35667494393873245,,Feature-based description; absence of a filing is not evidence of compliant or unlawful conduct.
2023-01-01,self_normalized,E9A0A8C3892C7,21ST MORTGAGE CORP.,false_positive,19,0.3054406376329886,Elevated structured signal without a filing,66.0,0.949150516855821,0.23638877806423034,,Feature-based description; absence of a filing is not evidence of compliant or unlawful conduct.
2023-01-01,self_normalized,E36F4BD58BE4A,BANK OF NY MELLON CORP THE,false_positive,20,0.25744754098378103,Elevated structured signal without a filing,20.0,0.13449664993822663,-0.7621400520468967,,Feature-based description; absence of a filing is not evidence of compliant or unlawful conduct.
2023-01-01,self_normalized,EC2C27F26E8F0,BANK OF AMERICA CORP,miss,66,-0.790478193720106,No strong contemporaneous complaint anomaly,793.0,-1.1680843095955082,-0.204483128596807,2023-11-28 00:00:00,Feature-based description; absence of a filing is not evidence of compliant or unlawful conduct.
