source,raw_string,entity_id,valid_from,valid_to,decision,reviewed_by,reviewed_on,evidence,review_note,candidate_score,candidate_name
ccdb,WELLS FARGO & COMPANY,EEEC3CB5858E0,,,accept,Codex (individual identity/evidence review; not independent human review),2026-09-26,https://api.fdic.gov/banks/institutions,Individually inspected raw name and selected FDIC charter/holding-company identity.,,
ccdb,"BANK OF AMERICA, NATIONAL ASSOCIATION",EC2C27F26E8F0,,,accept,Codex (individual identity/evidence review; not independent human review),2026-09-26,https://api.fdic.gov/banks/institutions,Individually inspected raw name and selected FDIC charter/holding-company identity.,,
ccdb,Ocwen Financial Corporation,E58809E9BF1B6,,,accept,Codex (individual identity/evidence review; not independent human review),2026-09-26,data/staging/stg_complaints.parquet,Individually inspected named institution; keep operating identity separate from unrelated similar brands.,,
ccdb,JPMORGAN CHASE & CO.,EB426F57A0F60,,,accept,Codex (individual identity/evidence review; not independent human review),2026-09-26,https://api.fdic.gov/banks/institutions,Individually inspected raw name and selected FDIC charter/holding-company identity.,,
ccdb,NATIONSTAR MORTGAGE LLC,E1FC3BC613A71,,,accept,Codex (individual identity/evidence review; not independent human review),2026-09-26,data/staging/stg_complaints.parquet,Individually inspected named institution; keep operating identity separate from unrelated similar brands.,,
ccdb,"Shellpoint Partners, LLC",E1FDDE5D766D3,,,accept,Codex (individual identity/evidence review; not independent human review),2026-09-26,data/staging/stg_complaints.parquet,Individually inspected named institution; keep operating identity separate from unrelated similar brands.,,
ccdb,"SELECT PORTFOLIO SERVICING, INC.",EB163C5D356CB,,,accept,Codex (individual identity/evidence review; not independent human review),2026-09-26,data/staging/stg_complaints.parquet,Individually inspected named institution; keep operating identity separate from unrelated similar brands.,,
ccdb,Ditech Financial LLC,E30922865A8BB,,,accept,Codex (individual identity/evidence review; not independent human review),2026-09-26,data/staging/stg_complaints.parquet,Individually inspected named institution; keep operating identity separate from unrelated similar brands.,,
ccdb,"CITIBANK, N.A.",EFEEA1A616991,,,accept,Codex (individual identity/evidence review; not independent human review),2026-09-26,https://api.fdic.gov/banks/institutions,Individually inspected raw name and selected FDIC charter/holding-company identity.,,
ccdb,Freedom Mortgage Company,ED481C2307342,,,accept,Codex (individual identity/evidence review; not independent human review),2026-09-26,data/staging/stg_complaints.parquet,Individually inspected named institution; keep operating identity separate from unrelated similar brands.,,
ccdb,U.S. BANCORP,E9924BD19EECC,,,accept,Codex (individual identity/evidence review; not independent human review),2026-09-26,https://api.fdic.gov/banks/institutions,Individually inspected raw name and selected FDIC charter/holding-company identity.,,
ccdb,Specialized Loan Servicing Holdings LLC,EFB32B9881EC7,,,accept,Codex (individual identity/evidence review; not independent human review),2026-09-26,data/staging/stg_complaints.parquet,Individually inspected named institution; keep operating identity separate from unrelated similar brands.,,
ccdb,"Rocket Mortgage, LLC",E1583D8BF9434,,,accept,Codex (individual identity/evidence review; not independent human review),2026-09-26,data/staging/stg_complaints.parquet,Individually inspected named institution; keep operating identity separate from unrelated similar brands.,,
ccdb,PNC Bank N.A.,EC88D0EDB5407,,,accept,Codex (individual identity/evidence review; not independent human review),2026-09-26,https://api.fdic.gov/banks/institutions,Individually inspected raw name and selected FDIC charter/holding-company identity.,,
ccdb,"LoanCare, LLC",E25524C3723E3,,,accept,Codex (individual identity/evidence review; not independent human review),2026-09-26,data/staging/stg_complaints.parquet,Individually inspected named institution; keep operating identity separate from unrelated similar brands.,,
ccdb,"CARRINGTON MORTGAGE SERVICES, LLC",E204727426645,,,accept,Codex (individual identity/evidence review; not independent human review),2026-09-26,data/staging/stg_complaints.parquet,Individually inspected named institution; keep operating identity separate from unrelated similar brands.,,
ccdb,"PENNYMAC LOAN SERVICES, LLC.",E06161BBFB0B1,,,accept,Codex (individual identity/evidence review; not independent human review),2026-09-26,data/staging/stg_complaints.parquet,Individually inspected named institution; keep operating identity separate from unrelated similar brands.,,
ccdb,HSBC NORTH AMERICA HOLDINGS INC.,E5571C16499FD,,,accept,Codex (individual identity/evidence review; not independent human review),2026-09-26,https://api.fdic.gov/banks/institutions,Individually inspected raw name and selected FDIC charter/holding-company identity.,,
ccdb,"Caliber Home Loans, Inc.",EB2B27823D171,,,accept,Codex (individual identity/evidence review; not independent human review),2026-09-26,data/staging/stg_complaints.parquet,Individually inspected named institution; keep operating identity separate from unrelated similar brands.,,
ccdb,M&T BANK CORPORATION,E796248861ED3,,,accept,Codex (individual identity/evidence review; not independent human review),2026-09-26,https://api.fdic.gov/banks/institutions,Individually inspected raw name and selected FDIC charter/holding-company identity.,,
ccdb,"Seterus, Inc.",E073BF657F5B1,,,accept,Codex (individual identity/evidence review; not independent human review),2026-09-26,data/staging/stg_complaints.parquet,Individually inspected named institution; keep operating identity separate from unrelated similar brands.,,
ccdb,"Flagstar Bank, N.A.",E4CED9D7E2719,,2022-11-30,accept,Codex (individual identity/evidence review; not independent human review),2026-09-26,https://api.fdic.gov/banks/institutions; https://files.ffiec.cfpb.gov/static-data/snapshot/2023/2023_public_panel_csv.zip,Individually inspected named institution; keep operating identity separate from unrelated similar brands.,,
ccdb,"CITIZENS FINANCIAL GROUP, INC.",EC6692485BEB4,,,accept,Codex (individual identity/evidence review; not independent human review),2026-09-26,https://api.fdic.gov/banks/institutions,Citizens Financial Group / Citizens NA CERT 57957; reject dozens of unrelated Citizens banks.,,
ccdb,"SUNTRUST BANKS, INC.",EC6053E325B69,,,accept,Codex (individual identity/evidence review; not independent human review),2026-09-26,https://api.fdic.gov/banks/institutions,Individually inspected raw name and selected FDIC charter/holding-company identity.,,
ccdb,"Fay Servicing, LLC",E6BA7BF6F6970,,,accept,Codex (individual identity/evidence review; not independent human review),2026-09-26,data/staging/stg_complaints.parquet,Individually inspected named institution; keep operating identity separate from unrelated similar brands.,,
ccdb,"Community Loan Servicing, LLC (formerly known as Bayview Loan Servicing, LLC)",E7BC26E9E7EDD,,,accept,Codex (individual identity/evidence review; not independent human review),2026-09-26,data/staging/stg_complaints.parquet,Individually inspected named institution; keep operating identity separate from unrelated similar brands.,,
ccdb,FIFTH THIRD FINANCIAL CORPORATION,E99C4F19CABA9,,,accept,Codex (individual identity/evidence review; not independent human review),2026-09-26,https://api.fdic.gov/banks/institutions,Individually inspected raw name and selected FDIC charter/holding-company identity.,,
ccdb,RUSHMORE LOAN MANAGEMENT SERVICES LLC,E54523B495FBB,,,accept,Codex (individual identity/evidence review; not independent human review),2026-09-26,data/staging/stg_complaints.parquet,Individually inspected named institution; keep operating identity separate from unrelated similar brands.,,
ccdb,TRUIST FINANCIAL CORPORATION,ED7AC947B93AB,,,accept,Codex (individual identity/evidence review; not independent human review),2026-09-26,https://api.fdic.gov/banks/institutions,Individually inspected raw name and selected FDIC charter/holding-company identity.,,
ccdb,Selene Holdings LLC,EE2ED85757AB4,,,accept,Codex (individual identity/evidence review; not independent human review),2026-09-26,data/staging/stg_complaints.parquet,Individually inspected named institution; keep operating identity separate from unrelated similar brands.,,
ccdb,RoundPoint Mortgage Servicing LLC,EAC8B1082E172,,,accept,Codex (individual identity/evidence review; not independent human review),2026-09-26,data/staging/stg_complaints.parquet,Individually inspected named institution; keep operating identity separate from unrelated similar brands.,,
ccdb,"LAKEVIEW LOAN SERVICING, LLC",E3386A41C1D8E,,,accept,Codex (individual identity/evidence review; not independent human review),2026-09-26,data/staging/stg_complaints.parquet,Individually inspected named institution; keep operating identity separate from unrelated similar brands.,,
ccdb,"LD Holdings Group, LLC",EFA4E9E07892E,,,accept,Codex (individual identity/evidence review; not independent human review),2026-09-26,data/staging/stg_complaints.parquet,Individually inspected named institution; keep operating identity separate from unrelated similar brands.,,
ccdb,PHH Mortgage Services Corporation,E51D05DB96886,,,accept,Codex (individual identity/evidence review; not independent human review),2026-09-26,data/staging/stg_complaints.parquet,Individually inspected named institution; keep operating identity separate from unrelated similar brands.,,
ccdb,NAVY FEDERAL CREDIT UNION,E8CC698A4A61E,,,accept,Codex (individual identity/evidence review; not independent human review),2026-09-26,data/staging/stg_complaints.parquet,Individually inspected named institution; keep operating identity separate from unrelated similar brands.,,
ccdb,"Dovenmuehle Mortgage, Inc.",E2FE689061D63,,,accept,Codex (individual identity/evidence review; not independent human review),2026-09-26,data/staging/stg_complaints.parquet,Individually inspected named institution; keep operating identity separate from unrelated similar brands.,,
ccdb,"United Shore Financial Services, LLC",EE982339EE76B,,,accept,Codex (individual identity/evidence review; not independent human review),2026-09-26,data/staging/stg_complaints.parquet,Individually inspected named institution; keep operating identity separate from unrelated similar brands.,,
ccdb,"AmeriHome Mortgage Company, LLC",E18CD77639D2E,,,accept,Codex (individual identity/evidence review; not independent human review),2026-09-26,data/staging/stg_complaints.parquet,Individually inspected named institution; keep operating identity separate from unrelated similar brands.,,
ccdb,TD BANK US HOLDING COMPANY,E2ADFA9D6F7D0,,,accept,Codex (individual identity/evidence review; not independent human review),2026-09-26,https://api.fdic.gov/banks/institutions,Individually inspected raw name and selected FDIC charter/holding-company identity.,,
ccdb,"CIT BANK, NATIONAL ASSOCIATION",E811E1542D229,,,accept,Codex (individual identity/evidence review; not independent human review),2026-09-26,https://api.fdic.gov/banks/institutions,Individually inspected raw name and selected FDIC charter/holding-company identity.,,
ccdb,"PLANET HOME LENDING, LLC",E2C144F51D5CE,,,accept,Codex (individual identity/evidence review; not independent human review),2026-09-26,data/staging/stg_complaints.parquet,Individually inspected named institution; keep operating identity separate from unrelated similar brands.,,
ccdb,AMERISAVE MORTGAGE CORPORATION,E72FB15867991,,,accept,Codex (individual identity/evidence review; not independent human review),2026-09-26,data/staging/stg_complaints.parquet,Individually inspected named institution; keep operating identity separate from unrelated similar brands.,,
ccdb,CrossCountry Mortgage LLC,EA530F9DF6522,,,accept,Codex (individual identity/evidence review; not independent human review),2026-09-26,data/staging/stg_complaints.parquet,Individually inspected named institution; keep operating identity separate from unrelated similar brands.,,
ccdb,MIDFIRST BANK,EDC335F416F27,,,accept,Codex (individual identity/evidence review; not independent human review),2026-09-26,https://api.fdic.gov/banks/institutions,Individually inspected raw name and selected FDIC charter/holding-company identity.,,
ccdb,"BSI Financial Holdings, Inc.",ED9E334BCFE15,,,accept,Codex (individual identity/evidence review; not independent human review),2026-09-26,data/staging/stg_complaints.parquet,Individually inspected named institution; keep operating identity separate from unrelated similar brands.,,
ccdb,BB&T CORPORATION,ED7AC947B93AB,,,accept,Codex (individual identity/evidence review; not independent human review),2026-09-26,https://api.fdic.gov/banks/institutions,Individually inspected raw name and selected FDIC charter/holding-company identity.,,
ccdb,"EVERBANK, NATIONAL ASSOCIATION",E1E10FA19D799,,,accept,Codex (individual identity/evidence review; not independent human review),2026-09-26,https://api.fdic.gov/banks/institutions,Individually inspected raw name and selected FDIC charter/holding-company identity.,,
ccdb,CAPITAL ONE FINANCIAL CORPORATION,EBA75D3B76656,,,accept,Codex (individual identity/evidence review; not independent human review),2026-09-26,https://api.fdic.gov/banks/institutions,Individually inspected raw name and selected FDIC charter/holding-company identity.,,
ccdb,REGIONS FINANCIAL CORPORATION,EC4B8C9B8E722,,,accept,Codex (individual identity/evidence review; not independent human review),2026-09-26,https://api.fdic.gov/banks/institutions,Individually inspected raw name and selected FDIC charter/holding-company identity.,,
ccdb,"HUNTINGTON NATIONAL BANK, THE",EDFEA33F217F1,,,accept,Codex (individual identity/evidence review; not independent human review),2026-09-26,https://api.fdic.gov/banks/institutions,Individually inspected raw name and selected FDIC charter/holding-company identity.,,
ccdb,"SANTANDER BANK, NATIONAL ASSOCIATION",EED6B50CF122D,,,accept,Codex (individual identity/evidence review; not independent human review),2026-09-26,https://api.fdic.gov/banks/institutions,Individually inspected raw name and selected FDIC charter/holding-company identity.,,
ccdb,NEW YORK COMMUNITY BANCORP INC,EBDAA9CD74FD1,,,accept,Codex (individual identity/evidence review; not independent human review),2026-09-26,https://api.fdic.gov/banks/institutions,Individually inspected raw name and selected FDIC charter/holding-company identity.,,
ccdb,KEYCORP,E141256315B89,,,accept,Codex (individual identity/evidence review; not independent human review),2026-09-26,https://api.fdic.gov/banks/institutions,Individually inspected raw name and selected FDIC charter/holding-company identity.,,
ccdb,UNITED SERVICES AUTOMOBILE ASSOCIATION,EB82EE4EBB125,,,accept,Codex (individual identity/evidence review; not independent human review),2026-09-26,https://api.fdic.gov/banks/institutions,Individually inspected raw name and selected FDIC charter/holding-company identity.,,
ccdb,21ST MORTGAGE CORP.,E9A0A8C3892C7,,,accept,Codex (individual identity/evidence review; not independent human review),2026-09-26,data/staging/stg_complaints.parquet,Individually inspected named institution; keep operating identity separate from unrelated similar brands.,,
ccdb,SN SERVICING CORPORATION,EABB6242BEA4E,,,accept,Codex (individual identity/evidence review; not independent human review),2026-09-26,data/staging/stg_complaints.parquet,Individually inspected named institution; keep operating identity separate from unrelated similar brands.,,
ccdb,BMO BANK NATIONAL ASSOCIATION,EA0E967627A26,,,accept,Codex (individual identity/evidence review; not independent human review),2026-09-26,https://api.fdic.gov/banks/institutions,Individually inspected raw name and selected FDIC charter/holding-company identity.,,
ccdb,PENTAGON FEDERAL CREDIT UNION,EA742F32A9337,,,accept,Codex (individual identity/evidence review; not independent human review),2026-09-26,data/staging/stg_complaints.parquet,Individually inspected named institution; keep operating identity separate from unrelated similar brands.,,
ccdb,"MONEY SOURCE, INC., THE",ED66424082417,,,accept,Codex (individual identity/evidence review; not independent human review),2026-09-26,data/staging/stg_complaints.parquet,Individually inspected named institution; keep operating identity separate from unrelated similar brands.,,
ccdb,"CMG Financial Services, Inc.",E973A2572465F,,,accept,Codex (individual identity/evidence review; not independent human review),2026-09-26,data/staging/stg_complaints.parquet,Retain named CCDB firm; CMG Bancorp is unrelated. CMG Mortgage LEI link is not independently established for this exact legal name.,,
ccdb,"Residential Credit Solutions, Inc.",EB78C56BDE867,,,accept,Codex (individual identity/evidence review; not independent human review),2026-09-26,data/staging/stg_complaints.parquet,Individually inspected named institution; keep operating identity separate from unrelated similar brands.,,
ccdb,"ARVEST BANK GROUP, INC.",E7D4C027DB2B7,,,accept,Codex (individual identity/evidence review; not independent human review),2026-09-26,https://api.fdic.gov/banks/institutions,Individually inspected raw name and selected FDIC charter/holding-company identity.,,
ccdb,Village Capital & Investment LLC,E299C7B39C453,,,accept,Codex (individual identity/evidence review; not independent human review),2026-09-26,data/staging/stg_complaints.parquet,Individually inspected named institution; keep operating identity separate from unrelated similar brands.,,
ccdb,"BROKER SOLUTIONS, INC.",EA7E086856794,,,accept,Codex (individual identity/evidence review; not independent human review),2026-09-26,data/staging/stg_complaints.parquet,Individually inspected named institution; keep operating identity separate from unrelated similar brands.,,
ccdb,GUARANTEED RATE INC.,E4C87DEE7BA6C,,,accept,Codex (individual identity/evidence review; not independent human review),2026-09-26,data/staging/stg_complaints.parquet,Individually inspected named institution; keep operating identity separate from unrelated similar brands.,,
ccdb,Home Point Financial Corporation,E3AAEFE62826F,,,accept,Codex (individual identity/evidence review; not independent human review),2026-09-26,data/staging/stg_complaints.parquet,Individually inspected named institution; keep operating identity separate from unrelated similar brands.,,
ccdb,"VANDERBILT MORTGAGE & FINANCE, INC",E91A0E7620550,,,accept,Codex (individual identity/evidence review; not independent human review),2026-09-26,data/staging/stg_complaints.parquet,Individually inspected named institution; keep operating identity separate from unrelated similar brands.,,
ccdb,Statebridge Company,ECD481168E289,,,accept,Codex (individual identity/evidence review; not independent human review),2026-09-26,data/staging/stg_complaints.parquet,Individually inspected named institution; keep operating identity separate from unrelated similar brands.,,
ccdb,"CARDINAL FINANCIAL COMPANY, LIMITED PARTNERSHIP",E4907A144AE57,,,accept,Codex (individual identity/evidence review; not independent human review),2026-09-26,data/staging/stg_complaints.parquet,Individually inspected named institution; keep operating identity separate from unrelated similar brands.,,
ccdb,Guild Holdings Company,E7ED7A72E8DF3,,,accept,Codex (individual identity/evidence review; not independent human review),2026-09-26,data/staging/stg_complaints.parquet,Individually inspected named institution; keep operating identity separate from unrelated similar brands.,,
ccdb,"Mortgage Research Center, LLC",E9ED450892152,,,accept,Codex (individual identity/evidence review; not independent human review),2026-09-26,data/staging/stg_complaints.parquet,Individually inspected named institution; keep operating identity separate from unrelated similar brands.,,
ccdb,"Reverse Mortgage Solutions, Inc.",E58B09E687642,,,accept,Codex (individual identity/evidence review; not independent human review),2026-09-26,data/staging/stg_complaints.parquet,Individually inspected named institution; keep operating identity separate from unrelated similar brands.,,
ccdb,"Real Time Group, Inc.",EF9F58BDA4819,,,accept,Codex (individual identity/evidence review; not independent human review),2026-09-26,data/staging/stg_complaints.parquet,Individually inspected named institution; keep operating identity separate from unrelated similar brands.,,
ccdb,BANCO POPULAR DE PUERTO RICO,E4C525C3C7714,,,accept,Codex (individual identity/evidence review; not independent human review),2026-09-26,https://api.fdic.gov/banks/institutions,Individually inspected raw name and selected FDIC charter/holding-company identity.,,
ccdb,"Peer Advisors, LLC",E20E78396D860,,,accept,Codex (individual identity/evidence review; not independent human review),2026-09-26,data/staging/stg_complaints.parquet,Individually inspected named institution; keep operating identity separate from unrelated similar brands.,,
ccdb,BBVA FINANCIAL CORPORATION,E718D7EB76BA7,,,accept,Codex (individual identity/evidence review; not independent human review),2026-09-26,https://api.fdic.gov/banks/institutions,Individually inspected raw name and selected FDIC charter/holding-company identity.,,
ccdb,PROVIDENT FUNDING ASSOCIATES,E922B5325334F,,,accept,Codex (individual identity/evidence review; not independent human review),2026-09-26,data/staging/stg_complaints.parquet,Individually inspected named institution; keep operating identity separate from unrelated similar brands.,93.333333,"PROVIDENT FUNDING ASSOCIATES, L.P."
ccdb,Movement Mortgage LLC,E0F85A0D4F508,,,accept,Codex (individual identity/evidence review; not independent human review),2026-09-26,data/staging/stg_complaints.parquet,Individually inspected named institution; keep operating identity separate from unrelated similar brands.,,
ccdb,"SERVICEMAC, LLC",E712507A45CC4,,,accept,Codex (individual identity/evidence review; not independent human review),2026-09-26,data/staging/stg_complaints.parquet,Individually inspected named institution; keep operating identity separate from unrelated similar brands.,,
ccdb,Aspen Yo LLC,E02AB9B03BCDB,,,accept,Codex (individual identity/evidence review; not independent human review),2026-09-26,data/staging/stg_complaints.parquet,Individually inspected named institution; keep operating identity separate from unrelated similar brands.,,
ccdb,FCI Lender Services Inc.,E182F7E774550,,,accept,Codex (individual identity/evidence review; not independent human review),2026-09-26,data/staging/stg_complaints.parquet,Individually inspected named institution; keep operating identity separate from unrelated similar brands.,,
ccdb,TCF NATIONAL BANK,E9C6DA403A43C,,,accept,Codex (individual identity/evidence review; not independent human review),2026-09-26,https://api.fdic.gov/banks/institutions,Individually inspected raw name and selected FDIC charter/holding-company identity.,,
ccdb,FIRST HORIZON BANK,E0F4D2A3DE7F9,,,accept,Codex (individual identity/evidence review; not independent human review),2026-09-26,https://api.fdic.gov/banks/institutions,Individually inspected raw name and selected FDIC charter/holding-company identity.,,
ccdb,"Valon Technologies, Inc.",E90082F0285AB,,,accept,Codex (individual identity/evidence review; not independent human review),2026-09-26,data/staging/stg_complaints.parquet,Individually inspected named institution; keep operating identity separate from unrelated similar brands.,,
ccdb,"AMA Advisors, LLC.",E0D610F1C9955,,,accept,Codex (individual identity/evidence review; not independent human review),2026-09-26,data/staging/stg_complaints.parquet,Individually inspected named institution; keep operating identity separate from unrelated similar brands.,,
ccdb,AMERICAN ADVISORS GROUP,E2C85F0E46692,,,accept,Codex (individual identity/evidence review; not independent human review),2026-09-26,data/staging/stg_complaints.parquet,Individually inspected named institution; keep operating identity separate from unrelated similar brands.,,
ccdb,"SUN WEST MORTGAGE COMPANY, INC.",E9A9FF2B46D0A,,,accept,Codex (individual identity/evidence review; not independent human review),2026-09-26,data/staging/stg_complaints.parquet,Individually inspected named institution; keep operating identity separate from unrelated similar brands.,,
ccdb,"Better Mortgage, Inc.",EC5C21EED4E5A,,,accept,Codex (individual identity/evidence review; not independent human review),2026-09-26,data/staging/stg_complaints.parquet,Individually inspected named institution; keep operating identity separate from unrelated similar brands.,,
ccdb,"Stearns Ventures, LLC",EA73017851BEB,,,accept,Codex (individual identity/evidence review; not independent human review),2026-09-26,data/staging/stg_complaints.parquet,Individually inspected named institution; keep operating identity separate from unrelated similar brands.,,
ccdb,"Pacific Union Financial, LLC",E41CFAD8559FE,,,accept,Codex (individual identity/evidence review; not independent human review),2026-09-26,data/staging/stg_complaints.parquet,Individually inspected named institution; keep operating identity separate from unrelated similar brands.,,
ccdb,BOK FINANCIAL CORP,E6E4400138C69,,,accept,Codex (individual identity/evidence review; not independent human review),2026-09-26,https://api.fdic.gov/banks/institutions,Individually inspected raw name and selected FDIC charter/holding-company identity.,,
ccdb,ALLY FINANCIAL INC.,ECF2F96AAE504,,,accept,Codex (individual identity/evidence review; not independent human review),2026-09-26,https://api.fdic.gov/banks/institutions,Individually inspected raw name and selected FDIC charter/holding-company identity.,,
ccdb,Idaho Housing And Finance Association,E772FC958BDCB,,,accept,Codex (individual identity/evidence review; not independent human review),2026-09-26,data/staging/stg_complaints.parquet,Individually inspected named institution; keep operating identity separate from unrelated similar brands.,,
ccdb,Arbor Residential Mortgage LLC,E806DAD516CDE,,,accept,Codex (individual identity/evidence review; not independent human review),2026-09-26,data/staging/stg_complaints.parquet,Individually inspected named institution; keep operating identity separate from unrelated similar brands.,,
ccdb,MORGAN STANLEY & CO. LLC,E9C6D3A158F9C,,,accept,Codex (individual identity/evidence review; not independent human review),2026-09-26,https://api.fdic.gov/banks/institutions,Individually inspected raw name and selected FDIC charter/holding-company identity.,,
ccdb,Fairway Independent Mortgage Corporation,E3E99D69D853D,,,accept,Codex (individual identity/evidence review; not independent human review),2026-09-26,data/staging/stg_complaints.parquet,Individually inspected named institution; keep operating identity separate from unrelated similar brands.,,
ccdb,TFS FINANCIAL CORPORATION,EEA501D46F351,,,accept,Codex (individual identity/evidence review; not independent human review),2026-09-26,https://api.fdic.gov/banks/institutions,Individually inspected raw name and selected FDIC charter/holding-company identity.,,
ccdb,Data Mortgage Inc.,E3083051A1527,,,accept,Codex (individual identity/evidence review; not independent human review),2026-09-26,data/staging/stg_complaints.parquet,Individually inspected named institution; keep operating identity separate from unrelated similar brands.,,
ccdb,"PLAZA HOME MORTGAGE, INC.",EDE60FD674DA6,,,accept,Codex (individual identity/evidence review; not independent human review),2026-09-26,data/staging/stg_complaints.parquet,Individually inspected named institution; keep operating identity separate from unrelated similar brands.,,
ccdb,AMERIS BANCORP,EEABDDDD2DFE8,,,accept,Codex (individual identity/evidence review; not independent human review),2026-09-26,https://api.fdic.gov/banks/institutions,Individually inspected raw name and selected FDIC charter/holding-company identity.,,
ccdb,Finance of America Holdings LLC,E55D8798567B8,,,accept,Codex (individual identity/evidence review; not independent human review),2026-09-26,data/staging/stg_complaints.parquet,Individually inspected named institution; keep operating identity separate from unrelated similar brands.,,
ccdb,DISCOVER BANK,E9291B3C42904,,,accept,Codex (individual identity/evidence review; not independent human review),2026-09-26,https://api.fdic.gov/banks/institutions,Individually inspected raw name and selected FDIC charter/holding-company identity.,,
ccdb,Quality Loan Service Corporation,E6F4E7AB27D33,,,accept,Codex (individual identity/evidence review; not independent human review),2026-09-26,data/staging/stg_complaints.parquet,Individually inspected named institution; keep operating identity separate from unrelated similar brands.,,
ccdb,"Lennar Financial Services, LLC",E31BF475DBBDE,,,accept,Codex (individual identity/evidence review; not independent human review),2026-09-26,data/staging/stg_complaints.parquet,Individually inspected named institution; keep operating identity separate from unrelated similar brands.,,
ccdb,BANK OF THE WEST,E5823FB9F8455,,,accept,Codex (individual identity/evidence review; not independent human review),2026-09-26,https://api.fdic.gov/banks/institutions,"San Francisco Bank of the West CERT 3514, not unrelated Texas/Oklahoma banks.",,
ccdb,"Fidelity National Financial, Inc",E1FAABE5DBC7C,,,accept,Codex (individual identity/evidence review; not independent human review),2026-09-26,data/staging/stg_complaints.parquet,"Title/insurance group, not the similarly named FDIC bank. No FDIC denominator.",,
ccdb,PRIMARY RESIDENTIAL MORTGAGE,EB7F1B7690613,,,accept,Codex (individual identity/evidence review; not independent human review),2026-09-26,data/staging/stg_complaints.parquet,Individually inspected named institution; keep operating identity separate from unrelated similar brands.,,
ccdb,PARAMOUNT RESIDENTIAL MORTGAGE GROUP,EB65DCEF09CD6,,,accept,Codex (individual identity/evidence review; not independent human review),2026-09-26,data/staging/stg_complaints.parquet,Individually inspected named institution; keep operating identity separate from unrelated similar brands.,,
ccdb,Franklin Credit Management Corporation,E0FE83038482A,,,accept,Codex (individual identity/evidence review; not independent human review),2026-09-26,data/staging/stg_complaints.parquet,Individually inspected named institution; keep operating identity separate from unrelated similar brands.,,
ccdb,Chrysalis Holdings LLC,EBD7B63074BE8,,,accept,Codex (individual identity/evidence review; not independent human review),2026-09-26,data/staging/stg_complaints.parquet,Individually inspected named institution; keep operating identity separate from unrelated similar brands.,,
ccdb,FRANKLIN AMERICAN MORTGAGE CO.,EC85B7D656E53,,,accept,Codex (individual identity/evidence review; not independent human review),2026-09-26,data/staging/stg_complaints.parquet,Individually inspected named institution; keep operating identity separate from unrelated similar brands.,,
ccdb,FIRSTBANK PUERTO RICO,EB2869CB18595,,,accept,Codex (individual identity/evidence review; not independent human review),2026-09-26,https://api.fdic.gov/banks/institutions,Individually inspected raw name and selected FDIC charter/holding-company identity.,,
ccdb,ASSOCIATED BANC-CORP,E4C7F433D63C0,,,accept,Codex (individual identity/evidence review; not independent human review),2026-09-26,https://api.fdic.gov/banks/institutions,Individually inspected raw name and selected FDIC charter/holding-company identity.,,
ccdb,American Financial Network Inc.,E6C300C66AB15,,,accept,Codex (individual identity/evidence review; not independent human review),2026-09-26,data/staging/stg_complaints.parquet,Individually inspected named institution; keep operating identity separate from unrelated similar brands.,,
ccdb,LAND HOME FINANCIAL SERVICES,E4AED565BA8B0,,,accept,Codex (individual identity/evidence review; not independent human review),2026-09-26,data/staging/stg_complaints.parquet,Individually inspected named institution; keep operating identity separate from unrelated similar brands.,,
ccdb,SYNCHRONY FINANCIAL,E2E0260B2F238,,,accept,Codex (individual identity/evidence review; not independent human review),2026-09-26,https://api.fdic.gov/banks/institutions,Individually inspected raw name and selected FDIC charter/holding-company identity.,,
ccdb,GATEWAY FIRST BANK,EC36798CEE27E,,,accept,Codex (individual identity/evidence review; not independent human review),2026-09-26,https://api.fdic.gov/banks/institutions,Individually inspected raw name and selected FDIC charter/holding-company identity.,,
ccdb,"ONEMAIN FINANCIAL HOLDINGS, LLC.",EDF0E7A6E82EF,,,accept,Codex (individual identity/evidence review; not independent human review),2026-09-26,data/staging/stg_complaints.parquet,Individually inspected named institution; keep operating identity separate from unrelated similar brands.,,
ccdb,FIRST NATIONAL BANK OF PENNSYLVANIA,EFC98082BDBFD,,,accept,Codex (individual identity/evidence review; not independent human review),2026-09-26,https://api.fdic.gov/banks/institutions,Individually inspected raw name and selected FDIC charter/holding-company identity.,,
ccdb,ZIONS BANCORPORATION,E1AC4ADE944DE,,,accept,Codex (individual identity/evidence review; not independent human review),2026-09-26,https://api.fdic.gov/banks/institutions,Individually inspected raw name and selected FDIC charter/holding-company identity.,,
ccdb,Union Home Mortgage Corp,E5AD7D28D6C06,,,accept,Codex (individual identity/evidence review; not independent human review),2026-09-26,data/staging/stg_complaints.parquet,Individually inspected named institution; keep operating identity separate from unrelated similar brands.,,
ccdb,NVR INC.,E6E7EB400BFED,,,accept,Codex (individual identity/evidence review; not independent human review),2026-09-26,data/staging/stg_complaints.parquet,Individually inspected named institution; keep operating identity separate from unrelated similar brands.,,
ccdb,"PRIMELENDING, A PLAINSCAPITAL COMPANY",E55E8F997C41C,,,accept,Codex (individual identity/evidence review; not independent human review),2026-09-26,data/staging/stg_complaints.parquet,Individually inspected named institution; keep operating identity separate from unrelated similar brands.,,
ccdb,"EQUIFAX, INC.",EC2302E0F3042,,,accept,Codex (individual identity/evidence review; not independent human review),2026-09-26,data/staging/stg_complaints.parquet,Individually inspected named institution; keep operating identity separate from unrelated similar brands.,,
ccdb,FIRST AMERICAN FINANCIAL CORPORATION,E2A96ED7731EF,,,accept,Codex (individual identity/evidence review; not independent human review),2026-09-26,data/staging/stg_complaints.parquet,"Title/insurance group, not the similarly named FDIC bank. No FDIC denominator.",,
ccdb,"WEBSTER BANK, NATIONAL ASSOCIATION",E468B6E606834,,,accept,Codex (individual identity/evidence review; not independent human review),2026-09-26,https://api.fdic.gov/banks/institutions,Individually inspected raw name and selected FDIC charter/holding-company identity.,,
ccdb,MidAmerica Mortgage Inc,E595375A39DFA,,,accept,Codex (individual identity/evidence review; not independent human review),2026-09-26,data/staging/stg_complaints.parquet,Individually inspected named institution; keep operating identity separate from unrelated similar brands.,,
ccdb,"FIRST CITIZENS BANCSHARES, INC.",E3EF704205792,,,accept,Codex (individual identity/evidence review; not independent human review),2026-09-26,https://api.fdic.gov/banks/institutions,"Raleigh First Citizens (CERT 11063, RSSDHCR 1075612); reject unrelated Tennessee First Citizens (CERT 5574).",,
ccdb,MORTGAGE SOLUTIONS OF COLORADO,EBA3A552C2F88,,,accept,Codex (individual identity/evidence review; not independent human review),2026-09-26,data/staging/stg_complaints.parquet,Individually inspected named institution; keep operating identity separate from unrelated similar brands.,,
ccdb,Pending Company Match,,,,unresolved,Codex (individual identity/evidence review; not independent human review),2026-09-26,data/staging/stg_complaints.parquet,CFPB routing placeholder is not a firm; deliberately unresolved.,,
ccdb,"BANKUNITED, NATIONAL ASSOCIATION",E9C236160D8B5,,,accept,Codex (individual identity/evidence review; not independent human review),2026-09-26,https://api.fdic.gov/banks/institutions,Individually inspected raw name and selected FDIC charter/holding-company identity.,,
ccdb,"NOVAD Management Consulting, LLC",EB7E5DA6DF3D9,,,accept,Codex (individual identity/evidence review; not independent human review),2026-09-26,data/staging/stg_complaints.parquet,Individually inspected named institution; keep operating identity separate from unrelated similar brands.,,
ccdb,"BANK OF NEW YORK MELLON CORPORATION, THE",E36F4BD58BE4A,,,accept,Codex (individual identity/evidence review; not independent human review),2026-09-26,https://api.fdic.gov/banks/institutions,Individually inspected raw name and selected FDIC charter/holding-company identity.,,
ccdb,DHI Mortgage Company,EE034DEE8CD18,,,accept,Codex (individual identity/evidence review; not independent human review),2026-09-26,data/staging/stg_complaints.parquet,Individually inspected named institution; keep operating identity separate from unrelated similar brands.,,
ccdb,"Paramount GR Holdings, LLC",E9ABB3C040AA1,,,accept,Codex (individual identity/evidence review; not independent human review),2026-09-26,data/staging/stg_complaints.parquet,Individually inspected named institution; keep operating identity separate from unrelated similar brands.,,
ccdb,WSFS FINANCIAL CORPORATION,E395472B677AD,,,accept,Codex (individual identity/evidence review; not independent human review),2026-09-26,https://api.fdic.gov/banks/institutions,Individually inspected raw name and selected FDIC charter/holding-company identity.,,
ccdb,"American Financial Resources, Inc.",EA25032638622,,,accept,Codex (individual identity/evidence review; not independent human review),2026-09-26,data/staging/stg_complaints.parquet,Individually inspected named institution; keep operating identity separate from unrelated similar brands.,,
ccdb,Southwest Business Corporation,EDCBA28169857,,,accept,Codex (individual identity/evidence review; not independent human review),2026-09-26,data/staging/stg_complaints.parquet,Individually inspected named institution; keep operating identity separate from unrelated similar brands.,,
ccdb,Alabama Housing Finance Authority,E261DCB2586C6,,,accept,Codex (individual identity/evidence review; not independent human review),2026-09-26,data/staging/stg_complaints.parquet,Individually inspected named institution; keep operating identity separate from unrelated similar brands.,,
ccdb,Experian Information Solutions Inc.,EB4BC963AE572,,,accept,Codex (individual identity/evidence review; not independent human review),2026-09-26,data/staging/stg_complaints.parquet,Individually inspected named institution; keep operating identity separate from unrelated similar brands.,,
ccdb,Supreme Lending,EC2ADB5FF5E55,,,accept,Codex (individual identity/evidence review; not independent human review),2026-09-26,data/staging/stg_complaints.parquet,Individually inspected named institution; keep operating identity separate from unrelated similar brands.,,
ccdb,"AXOS FINANCIAL, INC.",EA662D8AAC5CF,,,accept,Codex (individual identity/evidence review; not independent human review),2026-09-26,https://api.fdic.gov/banks/institutions,Individually inspected raw name and selected FDIC charter/holding-company identity.,,
ccdb,"IMPAC MORTGAGE HOLDINGS, INC.",E9BB41D032619,,,accept,Codex (individual identity/evidence review; not independent human review),2026-09-26,data/staging/stg_complaints.parquet,Individually inspected named institution; keep operating identity separate from unrelated similar brands.,,
ccdb,"PulteGroup, Inc.",EE8D973B13F37,,,accept,Codex (individual identity/evidence review; not independent human review),2026-09-26,data/staging/stg_complaints.parquet,Individually inspected named institution; keep operating identity separate from unrelated similar brands.,,
ccdb,Mr. Cooper Group Inc.,E1FC3BC613A71,,,accept,Codex (individual identity/evidence review; not independent human review),2026-09-26,data/staging/stg_complaints.parquet,CCDB Mr. Cooper group brand mapped to Nationstar mortgage operating company per project scope; holding-company legal person is not the reporter.,,
ccdb,Selene Finance LP,EE2ED85757AB4,,,accept,Codex (individual identity/evidence review; not independent human review),2026-09-26,data/staging/stg_complaints.parquet,Selene Finance operating brand and Selene Holdings complaint brand grouped for servicing; no bank denominator.,,
ccdb,"Servis One, Inc., Titusville, PA Branch",ED9E334BCFE15,,,accept,Codex (individual identity/evidence review; not independent human review),2026-09-26,https://bsifinancial.com/terms.html,Servis One Titusville branch is BSI Financial Services; branch suffix is not another firm.,,
ccdb,"SANTANDER HOLDINGS USA, INC.",EED6B50CF122D,,,accept,Codex (individual identity/evidence review; not independent human review),2026-09-26,https://api.fdic.gov/banks/institutions,Santander charter and US holding company share the reviewed FDIC group.,,
ccdb,U.S. BANK NATIONAL ASSOCIATION - SAN FRANCISCO MAIN BRANCH,E9924BD19EECC,,,accept,Codex (individual identity/evidence review; not independent human review),2026-09-26,https://api.fdic.gov/banks/institutions,"San Francisco branch is US Bank, not a separate charter.",,
ccdb,"Flagstar Bank, N.A.",EBDAA9CD74FD1,2022-12-01,,accept,Codex (individual identity/evidence review; not independent human review),2026-09-26,https://ir.flagstar.com/news-and-events/news-releases/press-release-details/2022/NEW-YORK-COMMUNITY-BANCORP-INC.-COMPLETES-ACQUISITION-OF-FLAGSTAR-BANCORP-INC/default.aspx,Flagstar charter rolls to NYCB after completed 2022-12-01 merger; earlier complaints retain predecessor entity.,,
ccdb,"Flagstar Bank, National Association",EBDAA9CD74FD1,2022-12-01,,accept,Codex (individual identity/evidence review; not independent human review),2026-09-26,https://ir.flagstar.com/news-and-events/news-releases/press-release-details/2022/NEW-YORK-COMMUNITY-BANCORP-INC.-COMPLETES-ACQUISITION-OF-FLAGSTAR-BANCORP-INC/default.aspx,Flagstar charter rolls to NYCB after completed 2022-12-01 merger; earlier complaints retain predecessor entity.,,
ccdb,"Flagstar Bank, National Association",E4CED9D7E2719,,2022-11-30,accept,Codex (individual identity/evidence review; not independent human review),2026-09-26,https://files.ffiec.cfpb.gov/static-data/snapshot/2023/2023_public_panel_csv.zip,Same charter before 2022 merger; interval guards historical ownership.,,
enforcement,"1st Alliance Lending, LLC",E989CB800DD43,,,accept,Codex (individual identity/evidence review; not independent human review),2026-09-26,https://www.consumerfinance.gov/enforcement/actions/1st-alliance-lending-llc-et-al/; caption_sha256=c72d25e5e57356f453cfc6e3e0a68fc683ef9aa65619dee52d90f28228717b4a,Individually inspected reviewed caption and source summary. Named operating respondent retained separately; no unsupported similarity or affiliate rollup.,,
enforcement,"1st Alliance Lending, LLC (First Alliance)",E989CB800DD43,,,accept,Codex (individual identity/evidence review; not independent human review),2026-09-26,https://www.consumerfinance.gov/enforcement/actions/1st-alliance-lending/; caption_sha256=0f6507d7061aecac6d817ac51c6fec4bb0a3d4ac85959101f717d46388ee0931,Individually inspected reviewed caption and source summary. Named operating respondent retained separately; no unsupported similarity or affiliate rollup.,,
enforcement,ACI Payments Inc.,EB5DD4567F44C,,,accept,Codex (individual identity/evidence review; not independent human review),2026-09-26,https://www.consumerfinance.gov/enforcement/actions/aci-worldwide-corp-and-aci-payments-inc/; caption_sha256=36b836b2a5f178e9810dfd336ce58fa882fc1a9aae97fe86a528b6000c4b6264,Individually inspected reviewed caption and source summary. Named operating respondent retained separately; no unsupported similarity or affiliate rollup.,,
enforcement,ACI Worldwide Corp.,EB243BF1A69E6,,,accept,Codex (individual identity/evidence review; not independent human review),2026-09-26,https://www.consumerfinance.gov/enforcement/actions/aci-worldwide-corp-and-aci-payments-inc/; caption_sha256=36b836b2a5f178e9810dfd336ce58fa882fc1a9aae97fe86a528b6000c4b6264,Individually inspected reviewed caption and source summary. Named operating respondent retained separately; no unsupported similarity or affiliate rollup.,,
enforcement,"Accelerate Mortgage, LLC",E11CB44BD8B43,,,accept,Codex (individual identity/evidence review; not independent human review),2026-09-26,https://www.consumerfinance.gov/enforcement/actions/accelerate-mortgage-llc/; caption_sha256=42a64be27f20cf2931a45894d50c575bf32bb70e69a42074c0bb4591d676715d,Individually inspected reviewed caption and source summary. Named operating respondent retained separately; no unsupported similarity or affiliate rollup.,,
enforcement,"Aegean Financial d/b/a Aegean Financial, Inc., Reverse Mortgage Professionals, Jubilados Financial, Newport Lending Reverse Mortgage, Promise Land Lending, Reverse Financial Group, and Reverse Mortgage Information Center",E11893CED068F,,,accept,Codex (individual identity/evidence review; not independent human review),2026-09-26,https://www.consumerfinance.gov/enforcement/actions/aegean-financial/; caption_sha256=1745c3cc594c1b8e32fcbc333cb08feb15497f265d2d468557d095a5b2b3885a,Individually inspected reviewed caption and source summary. Named operating respondent retained separately; no unsupported similarity or affiliate rollup.,,
enforcement,"All County Settlements, LLC",E8EFC0642D12F,,,accept,Codex (individual identity/evidence review; not independent human review),2026-09-26,https://www.consumerfinance.gov/enforcement/actions/genuine-title-2/; caption_sha256=2d91c1dcf1a73a93c54a0d10924f7b0d55acd317f4f4858fc23f6ced55f99bd9,Individually inspected reviewed caption and source summary. Named operating respondent retained separately; no unsupported similarity or affiliate rollup.,,
enforcement,"All Financial Services, LLC",EC44AF8172606,,,accept,Codex (individual identity/evidence review; not independent human review),2026-09-26,https://www.consumerfinance.gov/enforcement/actions/all-financial-services/; caption_sha256=e6fcc21ff3021a3c6eead49acbe53ac457c8afc00310d8c71dfa891c164deeae,Individually inspected reviewed caption and source summary. Named operating respondent retained separately; no unsupported similarity or affiliate rollup.,,
enforcement,American Advisors Group,E2C85F0E46692,,,accept,Codex (individual identity/evidence review; not independent human review),2026-09-26,https://www.consumerfinance.gov/enforcement/actions/american-advisors-group-2/; caption_sha256=507cfb46d88a3b44b6c70324ad696a8eb93dd87e0f3ac0731aeba54bd4ef8bbc | https://www.consumerfinance.gov/enforcement/actions/american-advisors-group/; caption_sha256=507cfb46d88a3b44b6c70324ad696a8eb93dd87e0f3ac0731aeba54bd4ef8bbc,Reviewed same operating/charter brand as CCDB alias; legal suffix/DBA variant confirmed in source caption.,,
enforcement,"American Preferred Lending, Inc.",E4CFEA14BBF75,,,accept,Codex (individual identity/evidence review; not independent human review),2026-09-26,https://www.consumerfinance.gov/enforcement/actions/american-preferred/; caption_sha256=d094460381b8f550fa47ada56b40107e0de72f54b8aa97d3aeabcf82be92338d,Individually inspected reviewed caption and source summary. Named operating respondent retained separately; no unsupported similarity or affiliate rollup.,,
enforcement,Amerisave Mortgage Corp.,E72FB15867991,,,accept,Codex (individual identity/evidence review; not independent human review),2026-09-26,https://www.consumerfinance.gov/enforcement/actions/amerisave-mortgage-novo-appraisal-patrick-markert/; caption_sha256=a898f1b6006eb62a2b7194a5b594aa051f61258f9804fbd0f7c529fc29609caf,Reviewed same operating/charter brand as CCDB alias; legal suffix/DBA variant confirmed in source caption.,,
enforcement,Atrium Insurance Corporation,E7B1D4703AF6B,,,accept,Codex (individual identity/evidence review; not independent human review),2026-09-26,https://www.consumerfinance.gov/enforcement/actions/phh-corporation/; caption_sha256=13ddfc0671f37f0ff4d5e51cf1cc6408daf390060c1aadd304d141c5b99525d5,Individually inspected reviewed caption and source summary. Named operating respondent retained separately; no unsupported similarity or affiliate rollup.,,
enforcement,Atrium Reinsurance Corporation,E7CD2E5EDE948,,,accept,Codex (individual identity/evidence review; not independent human review),2026-09-26,https://www.consumerfinance.gov/enforcement/actions/phh-corporation/; caption_sha256=13ddfc0671f37f0ff4d5e51cf1cc6408daf390060c1aadd304d141c5b99525d5,Individually inspected reviewed caption and source summary. Named operating respondent retained separately; no unsupported similarity or affiliate rollup.,,
enforcement,"BTS Management and Consulting, LLC",E9A23CCD5E7B5,,,accept,Codex (individual identity/evidence review; not independent human review),2026-09-26,https://www.consumerfinance.gov/enforcement/actions/genuine-title-2/; caption_sha256=2d91c1dcf1a73a93c54a0d10924f7b0d55acd317f4f4858fc23f6ced55f99bd9,Individually inspected reviewed caption and source summary. Named operating respondent retained separately; no unsupported similarity or affiliate rollup.,,
enforcement,BancorpSouth Bank,EE13F7D214BE9,,,accept,Codex (individual identity/evidence review; not independent human review),2026-09-26,https://www.consumerfinance.gov/enforcement/actions/united-states-america-and-consumer-financial-protection-bureau-v-bancorpsouth-bank/; caption_sha256=51894bb20767bd5e1f3c9f525a7f15c218ffa3f21d858f73f939dd75f0534f7f,BancorpSouth legal bank retained through Cadence rename; later Huntington merger kept as relationship.,,
enforcement,"Bank of America, N.A.",EC2C27F26E8F0,,,accept,Codex (individual identity/evidence review; not independent human review),2026-09-26,https://www.consumerfinance.gov/enforcement/actions/bank-of-america-na-hmda-data-2023/; caption_sha256=129d8fc75ab61ee987dd078f79b906d7e8bb61b4521fc428db6cd5a41c0755fa,Reviewed same operating/charter brand as CCDB alias; legal suffix/DBA variant confirmed in source caption.,,
enforcement,"Borders & Borders, PLC",EC2B75EE2E056,,,accept,Codex (individual identity/evidence review; not independent human review),2026-09-26,https://www.consumerfinance.gov/enforcement/actions/borders-and-borders-plc-harry-borders-john-borders-jr-j-david-borders/; caption_sha256=5bac4174e531d53dbcac502c5e968d0dc465e6d22bbf611a9bd17194e7ba5c18,Individually inspected reviewed caption and source summary. Named operating respondent retained separately; no unsupported similarity or affiliate rollup.,,
enforcement,"Carrington Mortgage Services, LLC",E204727426645,,,accept,Codex (individual identity/evidence review; not independent human review),2026-09-26,https://www.consumerfinance.gov/enforcement/actions/carrington-mortgage-services-llc/; caption_sha256=cae8eb61a090791b63bd51dcb55308e373e66dd7832905fdf13a62c4a4809cd9,Reviewed same operating/charter brand as CCDB alias; legal suffix/DBA variant confirmed in source caption.,,
enforcement,"Carroll Abstracts, Inc.",E21AB724DBAB6,,,accept,Codex (individual identity/evidence review; not independent human review),2026-09-26,https://www.consumerfinance.gov/enforcement/actions/genuine-title-2/; caption_sha256=2d91c1dcf1a73a93c54a0d10924f7b0d55acd317f4f4858fc23f6ced55f99bd9,Individually inspected reviewed caption and source summary. Named operating respondent retained separately; no unsupported similarity or affiliate rollup.,,
enforcement,"Castle & Cooke Mortgage, LLC",E7AF0463B5C2F,,,accept,Codex (individual identity/evidence review; not independent human review),2026-09-26,https://www.consumerfinance.gov/enforcement/actions/castle-cooke-mortgage/; caption_sha256=fe5f3a87f38a8fd62a0ef118199576d348a8513c5f7a1201465d174ef127f957,Individually inspected reviewed caption and source summary. Named operating respondent retained separately; no unsupported similarity or affiliate rollup.,,
enforcement,"Certified Forensic Loan Auditors, LLC",E529442A32835,,,accept,Codex (individual identity/evidence review; not independent human review),2026-09-26,https://www.consumerfinance.gov/enforcement/actions/certified-forensic-loan-auditors-llc-andrew-lehman-michael-carrigan/; caption_sha256=3c10d3a014fc7998a558fb3ef989e25925b5402dcc0869ace204cf4c85c42a95,Individually inspected reviewed caption and source summary. Named operating respondent retained separately; no unsupported similarity or affiliate rollup.,,
enforcement,CitiFinancial Company (DE),EB6924A9F1A7E,,,accept,Codex (individual identity/evidence review; not independent human review),2026-09-26,https://www.consumerfinance.gov/enforcement/actions/citifinancial-servicing-llc-de-citifinancial-company-de-citifinancial-services-inc-mn-and-citifinancial-inc-wv/; caption_sha256=7bdf11b298d16dc1faf0dc6067cce2b01ef0f16ec5e6ba45250def6c05b330f1,Individually inspected reviewed caption and source summary. Named operating respondent retained separately; no unsupported similarity or affiliate rollup.,,
enforcement,"CitiFinancial Services, Inc. (MN)",ECB4B975EE881,,,accept,Codex (individual identity/evidence review; not independent human review),2026-09-26,https://www.consumerfinance.gov/enforcement/actions/citifinancial-servicing-llc-de-citifinancial-company-de-citifinancial-services-inc-mn-and-citifinancial-inc-wv/; caption_sha256=7bdf11b298d16dc1faf0dc6067cce2b01ef0f16ec5e6ba45250def6c05b330f1,Individually inspected reviewed caption and source summary. Named operating respondent retained separately; no unsupported similarity or affiliate rollup.,,
enforcement,"CitiFinancial Servicing, LLC (DE)",E03B3FAF4C560,,,accept,Codex (individual identity/evidence review; not independent human review),2026-09-26,https://www.consumerfinance.gov/enforcement/actions/citifinancial-servicing-llc-de-citifinancial-company-de-citifinancial-services-inc-mn-and-citifinancial-inc-wv/; caption_sha256=7bdf11b298d16dc1faf0dc6067cce2b01ef0f16ec5e6ba45250def6c05b330f1,Individually inspected reviewed caption and source summary. Named operating respondent retained separately; no unsupported similarity or affiliate rollup.,,
enforcement,"CitiFinancial, Inc. (WV)",E578A03BF2B1F,,,accept,Codex (individual identity/evidence review; not independent human review),2026-09-26,https://www.consumerfinance.gov/enforcement/actions/citifinancial-servicing-llc-de-citifinancial-company-de-citifinancial-services-inc-mn-and-citifinancial-inc-wv/; caption_sha256=7bdf11b298d16dc1faf0dc6067cce2b01ef0f16ec5e6ba45250def6c05b330f1,Individually inspected reviewed caption and source summary. Named operating respondent retained separately; no unsupported similarity or affiliate rollup.,,
enforcement,"CitiMortgage, Inc.",E86AD1A803A59,,,accept,Codex (individual identity/evidence review; not independent human review),2026-09-26,https://www.consumerfinance.gov/enforcement/actions/citimortgage-inc/; caption_sha256=a9610a9a7472cff6ee531492cf5fce3541e8e877fb50680ae6bc23541059c1b0,Individually inspected reviewed caption and source summary. Named operating respondent retained separately; no unsupported similarity or affiliate rollup.,,
enforcement,"Clausen & Cobb Management Company, Inc.",EFB923A08BD7C,,,accept,Codex (individual identity/evidence review; not independent human review),2026-09-26,https://www.consumerfinance.gov/enforcement/actions/stephen-siringoringo-alfred-clausen-joshua-cobb-and-corporation-clausen-and-cobb-man/; caption_sha256=271f596f051065ea523128585e149274547e8cb4d367b1a10c0d83a598fdea70,Individually inspected reviewed caption and source summary. Named operating respondent retained separately; no unsupported similarity or affiliate rollup.,,
enforcement,"ClearPath Lending, Inc.",E769B6BC21998,,,accept,Codex (individual identity/evidence review; not independent human review),2026-09-26,https://www.consumerfinance.gov/enforcement/actions/clearpath-lending-inc/; caption_sha256=fb9fbb027c0c94a7b2f444c783f5a047b6f13df13189f34a79765f4bc9c4e627,Individually inspected reviewed caption and source summary. Named operating respondent retained separately; no unsupported similarity or affiliate rollup.,,
enforcement,"Colony Ridge BV, LLC",E2ED7A1A465DD,,,accept,Codex (individual identity/evidence review; not independent human review),2026-09-26,https://www.consumerfinance.gov/enforcement/actions/colony-ridge/; caption_sha256=d19c9c97798a9733091f9fa2b88cf5d2e2a51cc9bb56e363ad38326631092ee6,Individually inspected reviewed caption and source summary. Named operating respondent retained separately; no unsupported similarity or affiliate rollup.,,
enforcement,"Colony Ridge Development, LLC",E0C9E597496E9,,,accept,Codex (individual identity/evidence review; not independent human review),2026-09-26,https://www.consumerfinance.gov/enforcement/actions/colony-ridge/; caption_sha256=d19c9c97798a9733091f9fa2b88cf5d2e2a51cc9bb56e363ad38326631092ee6,Individually inspected reviewed caption and source summary. Named operating respondent retained separately; no unsupported similarity or affiliate rollup.,,
enforcement,"Colony Ridge Land, LLC",E4DF2D477CD65,,,accept,Codex (individual identity/evidence review; not independent human review),2026-09-26,https://www.consumerfinance.gov/enforcement/actions/colony-ridge/; caption_sha256=d19c9c97798a9733091f9fa2b88cf5d2e2a51cc9bb56e363ad38326631092ee6,Individually inspected reviewed caption and source summary. Named operating respondent retained separately; no unsupported similarity or affiliate rollup.,,
enforcement,Consumer First Legal Group LLC,E211EA3958581,,,accept,Codex (individual identity/evidence review; not independent human review),2026-09-26,https://www.consumerfinance.gov/enforcement/actions/the-mortgage-law-group-llp-et-al/; caption_sha256=fd9a9469c7d798e6d9bfdb6be3afc5b5715735b64ddbcb208af324faa869d8fe,Individually inspected reviewed caption and source summary. Named operating respondent retained separately; no unsupported similarity or affiliate rollup.,,
enforcement,Draper & Kramer Mortgage Corporation,E1D949A90756B,,,accept,Codex (individual identity/evidence review; not independent human review),2026-09-26,https://www.consumerfinance.gov/enforcement/actions/draper-kramer-mortgage-corporation/; caption_sha256=5432f1e6b66448cda678de7d2a7a64f63d0a166e3702cd362cb0de86a7b1f012,Individually inspected reviewed caption and source summary. Named operating respondent retained separately; no unsupported similarity or affiliate rollup.,,
enforcement,Fairway Independent Mortgage Corporation,E3E99D69D853D,,,accept,Codex (individual identity/evidence review; not independent human review),2026-09-26,https://www.consumerfinance.gov/enforcement/actions/fairway-independent-mortgage-corporation/; caption_sha256=4995c80921d3628fac19b6b3e4851d2feb4dac902bdc8f069219d2051bd1d7d3,Reviewed same operating/charter brand as CCDB alias; legal suffix/DBA variant confirmed in source caption.,,
enforcement,"Fay Servicing, LLC",E6BA7BF6F6970,,,accept,Codex (individual identity/evidence review; not independent human review),2026-09-26,https://www.consumerfinance.gov/enforcement/actions/fay-servicing-llc/; caption_sha256=608131e18baf3167d397d3df0c618479ffb069befc54e3026a4b6952dfea9ad3 | https://www.consumerfinance.gov/enforcement/actions/fay-servicing-llc-2024/; caption_sha256=608131e18baf3167d397d3df0c618479ffb069befc54e3026a4b6952dfea9ad3,Reviewed same operating/charter brand as CCDB alias; legal suffix/DBA variant confirmed in source caption.,,
enforcement,Fidelity Mortgage Corporation,E344804237C27,,,accept,Codex (individual identity/evidence review; not independent human review),2026-09-26,https://www.consumerfinance.gov/enforcement/actions/fidelity-mortgage-corporation-mark-figert/; caption_sha256=34cc8c59aec5cd3e3a83eade762d93b467e50f4d9edfba65aa82c58b23a5e549,Individually inspected reviewed caption and source summary. Named operating respondent retained separately; no unsupported similarity or affiliate rollup.,,
enforcement,"Flagship Financial Group, LLC",EA0C104A7C0C9,,,accept,Codex (individual identity/evidence review; not independent human review),2026-09-26,https://www.consumerfinance.gov/enforcement/actions/flagship-financial/; caption_sha256=ca40f637548e61582a76747212be9e43c4175b673eed7d55e7b7c657cdea5928,Individually inspected reviewed caption and source summary. Named operating respondent retained separately; no unsupported similarity or affiliate rollup.,,
enforcement,"Flagstar Bank, F.S.B.",E4CED9D7E2719,,,accept,Codex (individual identity/evidence review; not independent human review),2026-09-26,https://www.consumerfinance.gov/enforcement/actions/flagstar/; caption_sha256=ce6b447ad1f02d62db36a1599a7ca4c7d6c8dc05f62677900e258ce06935676d,"2014 Flagstar action remains with pre-2022 entity, not NYCB successor.",,
enforcement,Franklin Loan Corporation,EA7437D0C1ADA,,,accept,Codex (individual identity/evidence review; not independent human review),2026-09-26,https://www.consumerfinance.gov/enforcement/actions/franklin-loan-corporation/; caption_sha256=94abed97474935fdb303ce9f7de25ddf1336ab972f3c99b9e5ce78f70d0dcbfe,Individually inspected reviewed caption and source summary. Named operating respondent retained separately; no unsupported similarity or affiliate rollup.,,
enforcement,Freedom Mortgage Corporation,ED481C2307342,,,accept,Codex (individual identity/evidence review; not independent human review),2026-09-26,https://www.consumerfinance.gov/enforcement/actions/freedom-mortgage-corporation-2023-respa/; caption_sha256=e16ba4a5fa07e8db435068a9dea0f14a89b09dd7993301f9b6f91c4da492006b | https://www.consumerfinance.gov/enforcement/actions/freedom-mortgage-corporation-hmda-2023/; caption_sha256=e16ba4a5fa07e8db435068a9dea0f14a89b09dd7993301f9b6f91c4da492006b | https://www.consumerfinance.gov/enforcement/actions/freedom-mortgage-corporation/; caption_sha256=e16ba4a5fa07e8db435068a9dea0f14a89b09dd7993301f9b6f91c4da492006b,Reviewed same operating/charter brand as CCDB alias; legal suffix/DBA variant confirmed in source caption.,,
enforcement,"Genuine Title, LLC",E3040837C8CE7,,,accept,Codex (individual identity/evidence review; not independent human review),2026-09-26,https://www.consumerfinance.gov/enforcement/actions/genuine-title-2/; caption_sha256=2d91c1dcf1a73a93c54a0d10924f7b0d55acd317f4f4858fc23f6ced55f99bd9,Individually inspected reviewed caption and source summary. Named operating respondent retained separately; no unsupported similarity or affiliate rollup.,,
enforcement,Genworth Mortgage Insurance Corporation,E676898A99116,,,accept,Codex (individual identity/evidence review; not independent human review),2026-09-26,https://www.consumerfinance.gov/enforcement/actions/genworth-mortgage-insurance-corporation/; caption_sha256=368fb17b2da8a5914cfea106d4aaa5873b48a3787d4559404be28c1b277652ed,Individually inspected reviewed caption and source summary. Named operating respondent retained separately; no unsupported similarity or affiliate rollup.,,
enforcement,"Go Direct Lenders, Inc.",E28FBC45D58AC,,,accept,Codex (individual identity/evidence review; not independent human review),2026-09-26,https://www.consumerfinance.gov/enforcement/actions/go-direct-lenders-inc/; caption_sha256=5d61484ff1424352c1d4aa80acb7a9993820eaeddb43d4534d4b34b35a574c40,Individually inspected reviewed caption and source summary. Named operating respondent retained separately; no unsupported similarity or affiliate rollup.,,
enforcement,"Green Tree Servicing, LLC",E30922865A8BB,,,accept,Codex (individual identity/evidence review; not independent human review),2026-09-26,https://www.consumerfinance.gov/enforcement/actions/green-tree-servicing-llc/; caption_sha256=d601b55bb2f6d3eab29bf9815fe76b5849ea0fff27a33a44a5587353627c64d7 | https://www.sec.gov/Archives/edgar/data/1040719/000104071916000052/a101311fy2015q4.htm,Green Tree surviving legal entity renamed Ditech Financial 2015-08-31; historical complaints stay with this entity.,,
enforcement,Guarantee Mortgage Corporation,E3CB16B430619,,,accept,Codex (individual identity/evidence review; not independent human review),2026-09-26,https://www.consumerfinance.gov/enforcement/actions/guarantee-mortgage/; caption_sha256=82c0c89c442c4323a24bf12bf3c46d5abda278ad74746c17d7007a8ecd78ae64,Individually inspected reviewed caption and source summary. Named operating respondent retained separately; no unsupported similarity or affiliate rollup.,,
enforcement,"Harbour Portfolio Advisors, LLC",E7AED1ED81120,,,accept,Codex (individual identity/evidence review; not independent human review),2026-09-26,https://www.consumerfinance.gov/enforcement/actions/harbour-portfolio-advisors-llc-et-al/; caption_sha256=9e0a02d5e520f0ced2f57507c974e31d3d62ee1e6f124db2f8017252279036cd,Individually inspected reviewed caption and source summary. Named operating respondent retained separately; no unsupported similarity or affiliate rollup.,,
enforcement,"Hudson City Savings Bank, F.S.B.",EA46E191FB851,,,accept,Codex (individual identity/evidence review; not independent human review),2026-09-26,https://www.consumerfinance.gov/enforcement/actions/hudson-city-savings-bank-fsb/; caption_sha256=fb791c873fb32fdd9f30cf69af029b0797380b82c7ef5ee4fd8285ac5215b536,Individually inspected reviewed caption and source summary. Named operating respondent retained separately; no unsupported similarity or affiliate rollup.,,
enforcement,"Hypotec, Inc.",E183659323CB2,,,accept,Codex (individual identity/evidence review; not independent human review),2026-09-26,https://www.consumerfinance.gov/enforcement/actions/hypotec-inc/; caption_sha256=546c670f7e6a32b7ed7fab4b70c0e6eddf05b994ddca8efae496694ea002cabe,Individually inspected reviewed caption and source summary. Named operating respondent retained separately; no unsupported similarity or affiliate rollup.,,
enforcement,"JMG Holding Partners LLC, dba The Jason Mitchell Group",E1A2F853BB227,,,accept,Codex (individual identity/evidence review; not independent human review),2026-09-26,https://www.consumerfinance.gov/enforcement/actions/rocket-homes-real-estate-llc-et-al/; caption_sha256=09f6e27c4bb9906b2625dbf154e5e986ea6a48cd3667be3e67fad492dd7b2fb2,Individually inspected reviewed caption and source summary. Named operating respondent retained separately; no unsupported similarity or affiliate rollup.,,
enforcement,"JPMorgan Chase Bank, N.A.",EB426F57A0F60,,,accept,Codex (individual identity/evidence review; not independent human review),2026-09-26,https://www.consumerfinance.gov/enforcement/actions/genuine-title/; caption_sha256=2d8afc4977c5f170e8ba1258e8e4a6601b725d4c9d26003f988de3dab389e9b9 | https://www.consumerfinance.gov/enforcement/actions/genuine-title-jp-morgan/; caption_sha256=d816f19dc16a89a740b4da28e7852b88d160ef1c331876e0807a24c335687333,Reviewed same operating/charter brand as CCDB alias; legal suffix/DBA variant confirmed in source caption.,,
enforcement,"JRHBW Realty, Inc., d/b/a RealtySouth",E61E145DD194B,,,accept,Codex (individual identity/evidence review; not independent human review),2026-09-26,https://www.consumerfinance.gov/enforcement/actions/jrhbw-realty-inc-dba-realtysouth-titlesouth-llc/; caption_sha256=acb77c6019b7cf1df9212632a251aead689b3ba284bdd04bd5207cd79fd51ed9,Individually inspected reviewed caption and source summary. Named operating respondent retained separately; no unsupported similarity or affiliate rollup.,,
enforcement,"Kyanite Services, Inc.",E112D19ECDABF,,,accept,Codex (individual identity/evidence review; not independent human review),2026-09-26,https://www.consumerfinance.gov/enforcement/actions/seterus-inc/; caption_sha256=3f484dd906b3d764994b577157be8c96181ddded9a12affc7efe054424964c1a,Individually inspected reviewed caption and source summary. Named operating respondent retained separately; no unsupported similarity or affiliate rollup.,,
enforcement,"Lighthouse Title, Inc.",E210AF3D23D8F,,,accept,Codex (individual identity/evidence review; not independent human review),2026-09-26,https://www.consumerfinance.gov/enforcement/actions/lighthouse-title/; caption_sha256=2b3253f2e749ee9ac480e9ab8a6124a754f7b49772029dbe1afce6f8cee29382,Individually inspected reviewed caption and source summary. Named operating respondent retained separately; no unsupported similarity or affiliate rollup.,,
enforcement,"Loan Originator Services, LLC",E81850A8A337B,,,accept,Codex (individual identity/evidence review; not independent human review),2026-09-26,https://www.consumerfinance.gov/enforcement/actions/colony-ridge/; caption_sha256=d19c9c97798a9733091f9fa2b88cf5d2e2a51cc9bb56e363ad38326631092ee6,Individually inspected reviewed caption and source summary. Named operating respondent retained separately; no unsupported similarity or affiliate rollup.,,
enforcement,Loan Payment Administration LLC,E77D04DF1558F,,,accept,Codex (individual identity/evidence review; not independent human review),2026-09-26,https://www.consumerfinance.gov/enforcement/actions/nationwide-biweekly-administration/; caption_sha256=11ddd5ec8f2220315b586bd1a65ae6766a32f8edff93dc40030a1ee7f92c9385,Individually inspected reviewed caption and source summary. Named operating respondent retained separately; no unsupported similarity or affiliate rollup.,,
enforcement,LoanCare Servicing,E25524C3723E3,,,accept,Codex (individual identity/evidence review; not independent human review),2026-09-26,https://www.consumerfinance.gov/enforcement/actions/loancare-servicing/; caption_sha256=5a0c0b1df159e86d2c1bee7d9413186c7347fc44dc6528ff9273d562853e097b,Reviewed same operating/charter brand as CCDB alias; legal suffix/DBA variant confirmed in source caption.,,
enforcement,"Low VA Rates, LLC",E836D1BF8A437,,,accept,Codex (individual identity/evidence review; not independent human review),2026-09-26,https://www.consumerfinance.gov/enforcement/actions/low-va-rates-llc/; caption_sha256=fb56edfb423a772b80fd169a583b9d20616dcefabc16b7b86b33f7df82a2fb2a,Individually inspected reviewed caption and source summary. Named operating respondent retained separately; no unsupported similarity or affiliate rollup.,,
enforcement,"MARC, LLC",E50D54E063BCE,,,accept,Codex (individual identity/evidence review; not independent human review),2026-09-26,https://www.consumerfinance.gov/enforcement/actions/genuine-title-2/; caption_sha256=2d91c1dcf1a73a93c54a0d10924f7b0d55acd317f4f4858fc23f6ced55f99bd9,Individually inspected reviewed caption and source summary. Named operating respondent retained separately; no unsupported similarity or affiliate rollup.,,
enforcement,Meridian Title Corporation,EE1776D0EF9F6,,,accept,Codex (individual identity/evidence review; not independent human review),2026-09-26,https://www.consumerfinance.gov/enforcement/actions/meridian-title-corporation/; caption_sha256=4bb479def03070f2276db57ebd5607e2fa6883a4d0e9d844171213a029d56b58,Individually inspected reviewed caption and source summary. Named operating respondent retained separately; no unsupported similarity or affiliate rollup.,,
enforcement,Mortgage Guaranty Insurance Corporation,EEBA7CC0BD8E7,,,accept,Codex (individual identity/evidence review; not independent human review),2026-09-26,https://www.consumerfinance.gov/enforcement/actions/mortgage-guaranty-insurance-corporation/; caption_sha256=97b898fcf317803ce1e1d82a63d98edc36d803a4a61662ab86f7e83a89573252,Individually inspected reviewed caption and source summary. Named operating respondent retained separately; no unsupported similarity or affiliate rollup.,,
enforcement,"Mortgage Master, Inc.",E8BDD4FBCD641,,,accept,Codex (individual identity/evidence review; not independent human review),2026-09-26,https://www.consumerfinance.gov/enforcement/actions/mortgage-master-inc/; caption_sha256=c3e37a951d76542d8e5e451233f6f55b009416f7cdd350acc9e635d1a94b50be,Individually inspected reviewed caption and source summary. Named operating respondent retained separately; no unsupported similarity or affiliate rollup.,,
enforcement,"Mortgage Services, LLC",ED0476B25A49E,,,accept,Codex (individual identity/evidence review; not independent human review),2026-09-26,https://www.consumerfinance.gov/enforcement/actions/genuine-title-2/; caption_sha256=2d91c1dcf1a73a93c54a0d10924f7b0d55acd317f4f4858fc23f6ced55f99bd9,Individually inspected reviewed caption and source summary. Named operating respondent retained separately; no unsupported similarity or affiliate rollup.,,
enforcement,"NOVAD Management Consulting, LLC",EB7E5DA6DF3D9,,,accept,Codex (individual identity/evidence review; not independent human review),2026-09-26,https://www.consumerfinance.gov/enforcement/actions/novad-management-consulting-llc/; caption_sha256=c9080fe85fbceb81933779590ac34cd266c7c2e9ffb56b6ef500a23e1d45539e,Reviewed same operating/charter brand as CCDB alias; legal suffix/DBA variant confirmed in source caption.,,
enforcement,"National Asset Advisors, LLC",E96B66BB450C9,,,accept,Codex (individual identity/evidence review; not independent human review),2026-09-26,https://www.consumerfinance.gov/enforcement/actions/harbour-portfolio-advisors-llc-et-al/; caption_sha256=9e0a02d5e520f0ced2f57507c974e31d3d62ee1e6f124db2f8017252279036cd,Individually inspected reviewed caption and source summary. Named operating respondent retained separately; no unsupported similarity or affiliate rollup.,,
enforcement,"National Asset Mortgage, LLC",EA8D22E3707EA,,,accept,Codex (individual identity/evidence review; not independent human review),2026-09-26,https://www.consumerfinance.gov/enforcement/actions/harbour-portfolio-advisors-llc-et-al/; caption_sha256=9e0a02d5e520f0ced2f57507c974e31d3d62ee1e6f124db2f8017252279036cd,Individually inspected reviewed caption and source summary. Named operating respondent retained separately; no unsupported similarity or affiliate rollup.,,
enforcement,National City Bank,EBE2BEFC38878,,,accept,Codex (individual identity/evidence review; not independent human review),2026-09-26,https://www.consumerfinance.gov/enforcement/actions/national-city-bank-natcity-through-successor-in-interest-pnc/; caption_sha256=2b66b11d9fdfc14af5fb4924da647dbf789b390af40b47d74097e3bbb40737ce,"Historical National City respondent retained despite PNC successor-in-interest named in source; merger is a relationship, not a rewrite.",,
enforcement,"National Legal Help Center, Inc.",ED86A82B0A17F,,,accept,Codex (individual identity/evidence review; not independent human review),2026-09-26,https://www.consumerfinance.gov/enforcement/actions/national-legal-help-center/; caption_sha256=e6f52ce4eaa72c2562e27a37f4ffeac76cdaa3f5c4ae62d2b79cec6f988454e0,Individually inspected reviewed caption and source summary. Named operating respondent retained separately; no unsupported similarity or affiliate rollup.,,
enforcement,Nationstar Mortgage LLC,E1FC3BC613A71,,,accept,Codex (individual identity/evidence review; not independent human review),2026-09-26,https://www.consumerfinance.gov/enforcement/actions/nationstar-mortgage-llc/; caption_sha256=526fe2442c1fbee234dcb2f16019adddf33b2196a134c50fb9723f8adf28cc4d,Reviewed same operating/charter brand as CCDB alias; legal suffix/DBA variant confirmed in source caption.,,
enforcement,"Nationstar Mortgage, LLC d/b/a Mr. Cooper",E1FC3BC613A71,,,accept,Codex (individual identity/evidence review; not independent human review),2026-09-26,https://www.consumerfinance.gov/enforcement/actions/nationstar-mortgage-llc-dba-mr-cooper/; caption_sha256=c238e98c5c66c7dcaa133970af9db155fb843d874447e2a5bb8560ab6e1ef249,Reviewed same operating/charter brand as CCDB alias; legal suffix/DBA variant confirmed in source caption.,,
enforcement,"Nationwide Biweekly Administration, Inc.",E1F672D2F7449,,,accept,Codex (individual identity/evidence review; not independent human review),2026-09-26,https://www.consumerfinance.gov/enforcement/actions/nationwide-biweekly-administration/; caption_sha256=11ddd5ec8f2220315b586bd1a65ae6766a32f8edff93dc40030a1ee7f92c9385,Individually inspected reviewed caption and source summary. Named operating respondent retained separately; no unsupported similarity or affiliate rollup.,,
enforcement,Nationwide Equities Corporation,E041A1E0189E2,,,accept,Codex (individual identity/evidence review; not independent human review),2026-09-26,https://www.consumerfinance.gov/enforcement/actions/nationwide-equities-corporation/; caption_sha256=cd4babf50eb90eb44755cb1e6b3bc5593ccda6c4826ed84572a6515438ee4270,Individually inspected reviewed caption and source summary. Named operating respondent retained separately; no unsupported similarity or affiliate rollup.,,
enforcement,"New Day Financial, LLC",EE96AFBA1C92C,,,accept,Codex (individual identity/evidence review; not independent human review),2026-09-26,https://www.consumerfinance.gov/enforcement/actions/new-day-financial/; caption_sha256=7f30e949b4fd442f76718a3d04141efa82205242ce7feb96d31820d9ad8d0eeb | https://www.consumerfinance.gov/enforcement/actions/new-day-financial-2024/; caption_sha256=7f30e949b4fd442f76718a3d04141efa82205242ce7feb96d31820d9ad8d0eeb,Individually inspected reviewed caption and source summary. Named operating respondent retained separately; no unsupported similarity or affiliate rollup.,,
enforcement,Novo Appraisal Management Co.,E8BB05040D341,,,accept,Codex (individual identity/evidence review; not independent human review),2026-09-26,https://www.consumerfinance.gov/enforcement/actions/amerisave-mortgage-novo-appraisal-patrick-markert/; caption_sha256=a898f1b6006eb62a2b7194a5b594aa051f61258f9804fbd0f7c529fc29609caf,Individually inspected reviewed caption and source summary. Named operating respondent retained separately; no unsupported similarity or affiliate rollup.,,
enforcement,Ocwen Financial Corp.,E58809E9BF1B6,,,accept,Codex (individual identity/evidence review; not independent human review),2026-09-26,https://www.consumerfinance.gov/enforcement/actions/ocwen-financial-corp-and-ocwen-loan-servicing-llc/; caption_sha256=b0b258a9530b7a9d0e75f7f9bf5d2831c230de07c30582b9d67b02f4fbe23a2f,Reviewed same operating/charter brand as CCDB alias; legal suffix/DBA variant confirmed in source caption.,,
enforcement,Ocwen Financial Corporation,E58809E9BF1B6,,,accept,Codex (individual identity/evidence review; not independent human review),2026-09-26,https://www.consumerfinance.gov/enforcement/actions/ocwen-financial-corporation-ocwen-mortgage-servicing-inc-and-ocwen-loan-servicing-llc/; caption_sha256=25f3fcd8e52f6d646030db142790b2e65d22ab6c1cb79ef7390057dac735ba0a,Reviewed same operating/charter brand as CCDB alias; legal suffix/DBA variant confirmed in source caption.,,
enforcement,"Ocwen Loan Servicing, LLC",E16D355DC8D9F,,,accept,Codex (individual identity/evidence review; not independent human review),2026-09-26,https://www.consumerfinance.gov/enforcement/actions/ocwen-financial-corporation-ocwen-mortgage-servicing-inc-and-ocwen-loan-servicing-llc/; caption_sha256=25f3fcd8e52f6d646030db142790b2e65d22ab6c1cb79ef7390057dac735ba0a | https://www.consumerfinance.gov/enforcement/actions/ocwen-financial-corp-and-ocwen-loan-servicing-llc/; caption_sha256=b0b258a9530b7a9d0e75f7f9bf5d2831c230de07c30582b9d67b02f4fbe23a2f,Individually inspected reviewed caption and source summary. Named operating respondent retained separately; no unsupported similarity or affiliate rollup.,,
enforcement,"Ocwen Mortgage Servicing, Inc.",E2A97C0A0269D,,,accept,Codex (individual identity/evidence review; not independent human review),2026-09-26,https://www.consumerfinance.gov/enforcement/actions/ocwen-financial-corporation-ocwen-mortgage-servicing-inc-and-ocwen-loan-servicing-llc/; caption_sha256=25f3fcd8e52f6d646030db142790b2e65d22ab6c1cb79ef7390057dac735ba0a,Individually inspected reviewed caption and source summary. Named operating respondent retained separately; no unsupported similarity or affiliate rollup.,,
enforcement,PHH Corporation,E017B72F4EB5B,,,accept,Codex (individual identity/evidence review; not independent human review),2026-09-26,https://www.consumerfinance.gov/enforcement/actions/phh-corporation/; caption_sha256=13ddfc0671f37f0ff4d5e51cf1cc6408daf390060c1aadd304d141c5b99525d5,Individually inspected reviewed caption and source summary. Named operating respondent retained separately; no unsupported similarity or affiliate rollup.,,
enforcement,"PHH Home Loans, LLC",E3040C6C50F76,,,accept,Codex (individual identity/evidence review; not independent human review),2026-09-26,https://www.consumerfinance.gov/enforcement/actions/phh-corporation/; caption_sha256=13ddfc0671f37f0ff4d5e51cf1cc6408daf390060c1aadd304d141c5b99525d5,Individually inspected reviewed caption and source summary. Named operating respondent retained separately; no unsupported similarity or affiliate rollup.,,
enforcement,PHH Mortgage Corporation,E51D05DB96886,,,accept,Codex (individual identity/evidence review; not independent human review),2026-09-26,https://www.consumerfinance.gov/enforcement/actions/phh-corporation/; caption_sha256=13ddfc0671f37f0ff4d5e51cf1cc6408daf390060c1aadd304d141c5b99525d5,Reviewed same operating/charter brand as CCDB alias; legal suffix/DBA variant confirmed in source caption.,,
enforcement,"PHLoans.com, Inc.",EC0F2BA889C79,,,accept,Codex (individual identity/evidence review; not independent human review),2026-09-26,https://www.consumerfinance.gov/enforcement/actions/phloans/; caption_sha256=bef6a5861abd24fb83793dad6573ff43044fc70e7bf6e1eb2d577c2e2ddc9405,Individually inspected reviewed caption and source summary. Named operating respondent retained separately; no unsupported similarity or affiliate rollup.,,
enforcement,Paul Taylor Corp,E989548045CAA,,,accept,Codex (individual identity/evidence review; not independent human review),2026-09-26,https://www.consumerfinance.gov/enforcement/actions/paul-taylor-paul-taylor-homes-limited-paul-taylor-corp/; caption_sha256=c7da502aff9bbe569bd35e4fa899c08940ed5f57cfc90321980a00a93ed8b30a,Individually inspected reviewed caption and source summary. Named operating respondent retained separately; no unsupported similarity or affiliate rollup.,,
enforcement,Paul Taylor Homes Limited,E666AA07004C5,,,accept,Codex (individual identity/evidence review; not independent human review),2026-09-26,https://www.consumerfinance.gov/enforcement/actions/paul-taylor-paul-taylor-homes-limited-paul-taylor-corp/; caption_sha256=c7da502aff9bbe569bd35e4fa899c08940ed5f57cfc90321980a00a93ed8b30a,Individually inspected reviewed caption and source summary. Named operating respondent retained separately; no unsupported similarity or affiliate rollup.,,
enforcement,"Paymap, Inc.",E336E00A9EBA6,,,accept,Codex (individual identity/evidence review; not independent human review),2026-09-26,https://www.consumerfinance.gov/enforcement/actions/paymap/; caption_sha256=bfa7e1cadb6fa7c9d550fe4d5632409e0e92a6fcfb41f9f20f87e847e98ae727,Individually inspected reviewed caption and source summary. Named operating respondent retained separately; no unsupported similarity or affiliate rollup.,,
enforcement,"Planet Home Lending, LLC",E2C144F51D5CE,,,accept,Codex (individual identity/evidence review; not independent human review),2026-09-26,https://www.consumerfinance.gov/enforcement/actions/planet-home-lending-llc/; caption_sha256=d34375565bf509da6989ca44d65ce8784e9ac53a9425739100bc86fd5038c7b3,Reviewed same operating/charter brand as CCDB alias; legal suffix/DBA variant confirmed in source caption.,,
enforcement,"Prime Choice Funding, Inc.",E93A6F30FE45C,,,accept,Codex (individual identity/evidence review; not independent human review),2026-09-26,https://www.consumerfinance.gov/enforcement/actions/prime-choice-funding-inc/; caption_sha256=418fdf83dc17471d0c1cb914e877e7c3e0deb2f4e4e6e87c1be75e7d97c28fa6,Individually inspected reviewed caption and source summary. Named operating respondent retained separately; no unsupported similarity or affiliate rollup.,,
enforcement,Prospect Mortgage LLC,ECF26FEA85CA8,,,accept,Codex (individual identity/evidence review; not independent human review),2026-09-26,https://www.consumerfinance.gov/enforcement/actions/prospect-mortgage-llc/; caption_sha256=f33f8ab2d13981b47e0086fecb81dae5bd52275929b3e5d7a5e66dbe4a948fa0,Individually inspected reviewed caption and source summary. Named operating respondent retained separately; no unsupported similarity or affiliate rollup.,,
enforcement,"Provident Funding Associates, L.P.",E922B5325334F,,,accept,Codex (individual identity/evidence review; not independent human review),2026-09-26,https://www.consumerfinance.gov/enforcement/actions/provident-funding-associates-lp/; caption_sha256=36191dd2b702a0617bf2c2fef66ca99625e384c056055867e721b9184f0d3b97,Reviewed same operating/charter brand as CCDB alias; legal suffix/DBA variant confirmed in source caption.,,
enforcement,R M K Financial Corporation d/b/a Majestic Home Loans,E5791ABCB999B,,,accept,Codex (individual identity/evidence review; not independent human review),2026-09-26,https://www.consumerfinance.gov/enforcement/actions/rmk-financial-corporation/; caption_sha256=e48b1eaee7df477d3dbbf19fab27e9b5a95ac7e694956f4ceb13197aa3ac080f,Individually inspected reviewed caption and source summary. Named operating respondent retained separately; no unsupported similarity or affiliate rollup.,,
enforcement,"R&R Marketing Group, LLC",E0DE729501C1C,,,accept,Codex (individual identity/evidence review; not independent human review),2026-09-26,https://www.consumerfinance.gov/enforcement/actions/genuine-title-2/; caption_sha256=2d91c1dcf1a73a93c54a0d10924f7b0d55acd317f4f4858fc23f6ced55f99bd9,Individually inspected reviewed caption and source summary. Named operating respondent retained separately; no unsupported similarity or affiliate rollup.,,
enforcement,"RGC Services, Inc. dba Re/Max Gold Coast Realtors",EBEAB71D561E9,,,accept,Codex (individual identity/evidence review; not independent human review),2026-09-26,https://www.consumerfinance.gov/enforcement/actions/rgc-services-inc-dba-remax-gold-coast-realtors/; caption_sha256=7a22b4a9abc58d0db0bddd17c88fa0dcba6239a3ad6694a3ab0a238412ccdc54,Individually inspected reviewed caption and source summary. Named operating respondent retained separately; no unsupported similarity or affiliate rollup.,,
enforcement,RMK Financial Corp. d/b/a Majestic Home Loan or MHL,E5791ABCB999B,,,accept,Codex (individual identity/evidence review; not independent human review),2026-09-26,https://www.consumerfinance.gov/enforcement/actions/rmk-financial-corp-majestic-home-loan-mhl/; caption_sha256=b17429c5b7bbeb832ae41670d1c36a8c63700dce0a472f240109fe3dce6349f9,Individually inspected reviewed caption and source summary. Named operating respondent retained separately; no unsupported similarity or affiliate rollup.,,
enforcement,"RPM Mortgage, Inc.",E3F8B4CE273A2,,,accept,Codex (individual identity/evidence review; not independent human review),2026-09-26,https://www.consumerfinance.gov/enforcement/actions/rpm-mortgage/; caption_sha256=54a5a16532b12ca329765f8e96e7207594f68ec9c6fb8c41f7e39c88f917ece6,Individually inspected reviewed caption and source summary. Named operating respondent retained separately; no unsupported similarity or affiliate rollup.,,
enforcement,"Radian Guaranty, Inc.",E26978EEB6DDB,,,accept,Codex (individual identity/evidence review; not independent human review),2026-09-26,https://www.consumerfinance.gov/enforcement/actions/radian-guaranty-inc/; caption_sha256=25f325b826f5160e44f257c3a325d34bdc0b3c0b14193571ec618f22d9e37456,Individually inspected reviewed caption and source summary. Named operating respondent retained separately; no unsupported similarity or affiliate rollup.,,
enforcement,"Realty Connect USA Long Island, Inc.",E47066C001AAA,,,accept,Codex (individual identity/evidence review; not independent human review),2026-09-26,https://www.consumerfinance.gov/enforcement/actions/realty-connect-usa-long-island-inc/; caption_sha256=2f4b335b6c61ef929f98149c90eee965b55a645fd3788777487c0a04eca8c385,Individually inspected reviewed caption and source summary. Named operating respondent retained separately; no unsupported similarity or affiliate rollup.,,
enforcement,Republic Mortgage Insurance Company,E07B08C0DD26C,,,accept,Codex (individual identity/evidence review; not independent human review),2026-09-26,https://www.consumerfinance.gov/enforcement/actions/republic-mortgage-insurance-company/; caption_sha256=a39d8a1ba8de1a8d2b2b79767831ca0bbd8890b2a1dd2fe9020e5327d7b10fe8,Individually inspected reviewed caption and source summary. Named operating respondent retained separately; no unsupported similarity or affiliate rollup.,,
enforcement,"Residential Credit Solutions, Inc.",EB78C56BDE867,,,accept,Codex (individual identity/evidence review; not independent human review),2026-09-26,https://www.consumerfinance.gov/enforcement/actions/residential-credit-solutions/; caption_sha256=003c10a2d8cfe1e8423df9a037214ee8a6dda62e6cc8bfb192996fe13f359746,Reviewed same operating/charter brand as CCDB alias; legal suffix/DBA variant confirmed in source caption.,,
enforcement,"Reverse Mortgage Solutions, Inc. d/b/a Security 1 Lending",E58B09E687642,,,accept,Codex (individual identity/evidence review; not independent human review),2026-09-26,https://www.consumerfinance.gov/enforcement/actions/reverse-mortgage-solutions-inc-db-security-1-lending/; caption_sha256=c5da06817d1e26164bd6c454c6274552b49ca8c00f40c829aac68adc4c6740b7,Reviewed same operating/charter brand as CCDB alias; legal suffix/DBA variant confirmed in source caption.,,
enforcement,"Rocket Homes Real Estate LLC, dba Rocket Homes",EB6260FD92B8C,,,accept,Codex (individual identity/evidence review; not independent human review),2026-09-26,https://www.consumerfinance.gov/enforcement/actions/rocket-homes-real-estate-llc-et-al/; caption_sha256=09f6e27c4bb9906b2625dbf154e5e986ea6a48cd3667be3e67fad492dd7b2fb2,Individually inspected reviewed caption and source summary. Named operating respondent retained separately; no unsupported similarity or affiliate rollup.,,
enforcement,"Service 1st Mortgage, Inc.",EE2F0598285D6,,,accept,Codex (individual identity/evidence review; not independent human review),2026-09-26,https://www.consumerfinance.gov/enforcement/actions/service-1st-mortgage-inc/; caption_sha256=a2f2ef287bc156b1e57f49c43450cb988dbf0e1cce40ee72fbba8d52f765db22,Individually inspected reviewed caption and source summary. Named operating respondent retained separately; no unsupported similarity or affiliate rollup.,,
enforcement,"Servis One, Inc., d/b/a BSI Financial Services",ED9E334BCFE15,,,accept,Codex (individual identity/evidence review; not independent human review),2026-09-26,https://www.consumerfinance.gov/enforcement/actions/servis-one-inc-db-bsi-financial-services/; caption_sha256=045a5189b546d1ecb3f8175fae6c5419ed7462081747bfce48e083c36fdd7349,Reviewed same operating/charter brand as CCDB alias; legal suffix/DBA variant confirmed in source caption.,,
enforcement,"Seterus, Inc.",E073BF657F5B1,,,accept,Codex (individual identity/evidence review; not independent human review),2026-09-26,https://www.consumerfinance.gov/enforcement/actions/seterus-inc/; caption_sha256=3f484dd906b3d764994b577157be8c96181ddded9a12affc7efe054424964c1a,Reviewed same operating/charter brand as CCDB alias; legal suffix/DBA variant confirmed in source caption.,,
enforcement,"Sovereign Lending Group, Inc.",E925FE6047BD0,,,accept,Codex (individual identity/evidence review; not independent human review),2026-09-26,https://www.consumerfinance.gov/enforcement/actions/sovereign-lending-group-inc/; caption_sha256=a99852df532e627558a0fa020c7a4e277c8b0a366f3e208790f674d7ecbbc0eb,Individually inspected reviewed caption and source summary. Named operating respondent retained separately; no unsupported similarity or affiliate rollup.,,
enforcement,"Specialized Loan Servicing, LLC",EFB32B9881EC7,,,accept,Codex (individual identity/evidence review; not independent human review),2026-09-26,https://www.consumerfinance.gov/enforcement/actions/specialized-loan-servicing-llc/; caption_sha256=b626e2c0fa17ff9b540827a3a8b690f92ed9f9095b7e074df40e40e4266002c9,Reviewed same operating/charter brand as CCDB alias; legal suffix/DBA variant confirmed in source caption.,,
enforcement,"Stonebridge Title Services, Inc.",EC82F30815169,,,accept,Codex (individual identity/evidence review; not independent human review),2026-09-26,https://www.consumerfinance.gov/enforcement/actions/stonebridge-title-services/; caption_sha256=7dee3773532e7c80d8e54c187384bf562ec1bfc416010ff3655ee695a16e3c01,Individually inspected reviewed caption and source summary. Named operating respondent retained separately; no unsupported similarity or affiliate rollup.,,
enforcement,"SunTrust Mortgage, Inc.",EC6053E325B69,,,accept,Codex (individual identity/evidence review; not independent human review),2026-09-26,https://www.consumerfinance.gov/enforcement/actions/suntrust-mortgage-inc/; caption_sha256=1707b660ff6110e5bdf725be2ecb624de7e4c6b0c7640a083d1078daf558efb1,Reviewed same operating/charter brand as CCDB alias; legal suffix/DBA variant confirmed in source caption.,,
enforcement,"Sutherland Global Services, Inc.",EB4C498D5A270,,,accept,Codex (individual identity/evidence review; not independent human review),2026-09-26,https://www.consumerfinance.gov/enforcement/actions/sutherland-global-services-inc/; caption_sha256=cdcdfb0fd507db01222fd5a6ad334ea5a29842550904435c9fbdfbd7d2573b2a,Individually inspected reviewed caption and source summary. Named operating respondent retained separately; no unsupported similarity or affiliate rollup.,,
enforcement,"Sutherland Government Solutions, Inc.",E3E54E1C25EA0,,,accept,Codex (individual identity/evidence review; not independent human review),2026-09-26,https://www.consumerfinance.gov/enforcement/actions/sutherland-global-services-inc/; caption_sha256=cdcdfb0fd507db01222fd5a6ad334ea5a29842550904435c9fbdfbd7d2573b2a,Individually inspected reviewed caption and source summary. Named operating respondent retained separately; no unsupported similarity or affiliate rollup.,,
enforcement,"Sutherland Mortgage Services, Inc.",E1A34103731B4,,,accept,Codex (individual identity/evidence review; not independent human review),2026-09-26,https://www.consumerfinance.gov/enforcement/actions/sutherland-global-services-inc/; caption_sha256=cdcdfb0fd507db01222fd5a6ad334ea5a29842550904435c9fbdfbd7d2573b2a,Individually inspected reviewed caption and source summary. Named operating respondent retained separately; no unsupported similarity or affiliate rollup.,,
enforcement,"The Mortgage Law Group, LLP d/b/a The Law Firm of Macey, Aleman & Searns",EABAE9AD55E75,,,accept,Codex (individual identity/evidence review; not independent human review),2026-09-26,https://www.consumerfinance.gov/enforcement/actions/the-mortgage-law-group-llp-et-al/; caption_sha256=fd9a9469c7d798e6d9bfdb6be3afc5b5715735b64ddbcb208af324faa869d8fe,Individually inspected reviewed caption and source summary. Named operating respondent retained separately; no unsupported similarity or affiliate rollup.,,
enforcement,"TitleSouth, LLC",E671E243B2434,,,accept,Codex (individual identity/evidence review; not independent human review),2026-09-26,https://www.consumerfinance.gov/enforcement/actions/jrhbw-realty-inc-dba-realtysouth-titlesouth-llc/; caption_sha256=acb77c6019b7cf1df9212632a251aead689b3ba284bdd04bd5207cd79fd51ed9,Individually inspected reviewed caption and source summary. Named operating respondent retained separately; no unsupported similarity or affiliate rollup.,,
enforcement,"Townstone Financial, Inc.",EE321BC6F8F25,,,accept,Codex (individual identity/evidence review; not independent human review),2026-09-26,https://www.consumerfinance.gov/enforcement/actions/townstone-financial-inc-and-barry-sturner/; caption_sha256=3f53b914f4bc91fe1f2d52047ee9cb9f4db6a69a5635b66c5a998e3bf3f0a43c,Individually inspected reviewed caption and source summary. Named operating respondent retained separately; no unsupported similarity or affiliate rollup.,,
enforcement,"Trident Mortgage Company, LP",E38C5DEF756B4,,,accept,Codex (individual identity/evidence review; not independent human review),2026-09-26,https://www.consumerfinance.gov/enforcement/actions/trident-mortgage-company-lp/; caption_sha256=4bd358d4b141bfa07411a32a3c1e10558e7d8aac4dc81eedf6059ce64bd46056,Individually inspected reviewed caption and source summary. Named operating respondent retained separately; no unsupported similarity or affiliate rollup.,,
enforcement,Trustmark National Bank,E1F64F22C9C13,,,accept,Codex (individual identity/evidence review; not independent human review),2026-09-26,https://www.consumerfinance.gov/enforcement/actions/trustmark-national-bank/; caption_sha256=e8f72668bf78a40fc6722351d05256ecebe0569f253e6746f2876f82d4ebd41d,Individually inspected reviewed caption and source summary. Named operating respondent retained separately; no unsupported similarity or affiliate rollup.,,
enforcement,United Guaranty Corporation,E50B1071F4B3F,,,accept,Codex (individual identity/evidence review; not independent human review),2026-09-26,https://www.consumerfinance.gov/enforcement/actions/united-guaranty-corporation/; caption_sha256=dcc9ce5ec2f95134f4e66479215d7d28619f8468bcded471db2756466d4f397e,Individually inspected reviewed caption and source summary. Named operating respondent retained separately; no unsupported similarity or affiliate rollup.,,
enforcement,"Vanderbilt Mortgage & Finance, Inc.",E91A0E7620550,,,accept,Codex (individual identity/evidence review; not independent human review),2026-09-26,https://www.consumerfinance.gov/enforcement/actions/vanderbilt-mortgage-finance-inc/; caption_sha256=385b672c6a2425cbae299c662d854b64ab8c8ef8a309b22b2d9b47aec0e20b9c,Reviewed same operating/charter brand as CCDB alias; legal suffix/DBA variant confirmed in source caption.,,
enforcement,"Village Capital and Investment, LLC",E299C7B39C453,,,accept,Codex (individual identity/evidence review; not independent human review),2026-09-26,https://www.consumerfinance.gov/enforcement/actions/village-capital-and-investment-llc/; caption_sha256=9c77ed16274d431eeb7426225381f962b321507d7b1bbbee0f79cb6868d25c3f,Reviewed same operating/charter brand as CCDB alias; legal suffix/DBA variant confirmed in source caption.,,
enforcement,Washington Federal,ED7D34A644FA7,,,accept,Codex (individual identity/evidence review; not independent human review),2026-09-26,https://www.consumerfinance.gov/enforcement/actions/washington-federal/; caption_sha256=7a50f3d59c2d7e9a77ddb77da8373e5801e0af02142ee4c4a995ae70c3eb4644,"Seattle Washington Federal is WaFd Bank; exact geographic/charter identity, not similarly named Washington banks.",,
enforcement,"Washington Federal Bank, N.A.",ED7D34A644FA7,,,accept,Codex (individual identity/evidence review; not independent human review),2026-09-26,https://www.consumerfinance.gov/enforcement/actions/washington-federal-na/; caption_sha256=c8e35028492c07cdcaa06daee52d4e9ff2553ac36b33cfb4d09c1dcd29545278,"Seattle Washington Federal is WaFd Bank; exact geographic/charter identity, not similarly named Washington banks.",,
enforcement,"Wells Fargo Bank, N.A.",EEEC3CB5858E0,,,accept,Codex (individual identity/evidence review; not independent human review),2026-09-26,https://www.consumerfinance.gov/enforcement/actions/wells-fargo-bank-na-2018/; caption_sha256=1c96269e2abed1366ba9ccd0c184c0612c0dd0c1b33fcab19172bf3318787115 | https://www.consumerfinance.gov/enforcement/actions/genuine-title-wells-fargo/; caption_sha256=1c96269e2abed1366ba9ccd0c184c0612c0dd0c1b33fcab19172bf3318787115 | https://www.consumerfinance.gov/enforcement/actions/genuine-title/; caption_sha256=2d8afc4977c5f170e8ba1258e8e4a6601b725d4c9d26003f988de3dab389e9b9 | https://www.consumerfinance.gov/enforcement/actions/wells-fargo-bank-na-2022/; caption_sha256=1c96269e2abed1366ba9ccd0c184c0612c0dd0c1b33fcab19172bf3318787115,Reviewed same operating/charter brand as CCDB alias; legal suffix/DBA variant confirmed in source caption.,,
enforcement,"Willamette Legacy, LLC dba Keller Williams Mid-Willamette",E89E54CFFF798,,,accept,Codex (individual identity/evidence review; not independent human review),2026-09-26,https://www.consumerfinance.gov/enforcement/actions/willamette-legacy-llc-dba-keller-williams-mid-willamette/; caption_sha256=d928504d2593e8b123493dcfb60c947a4b98e7c8e4dba260c36c052153f52993,Individually inspected reviewed caption and source summary. Named operating respondent retained separately; no unsupported similarity or affiliate rollup.,,
curated,Mr. Cooper,E1FC3BC613A71,,,accept,Codex (individual identity/evidence review; not independent human review),2026-09-26,https://www.freddiemac.com/seasonedloanofferings/docs/SCRT_2017-3_OC%20Final.pdf,Trade name is Nationstar operating company.,,
curated,Onity Group Inc.,E58809E9BF1B6,,,accept,Codex (individual identity/evidence review; not independent human review),2026-09-26,https://shareholders.onitygroup.com/news-releases/news-release-details/ocwen-financial-officially-rebrands-onitytm-group,Ocwen parent legal rename; not PHH.,,
curated,Onity Mortgage Corporation,E51D05DB96886,,,accept,Codex (individual identity/evidence review; not independent human review),2026-09-26,https://www.onitygroup.com/Privacy,PHH operating-company legal rename.,,
curated,Green Tree Servicing LLC,E30922865A8BB,,,accept,Codex (individual identity/evidence review; not independent human review),2026-09-26,https://www.sec.gov/Archives/edgar/data/1040719/000104071916000052/a101311fy2015q4.htm,Same surviving Ditech operating entity.,,
curated,"Bayview Loan Servicing, LLC",E7BC26E9E7EDD,,,accept,Codex (individual identity/evidence review; not independent human review),2026-09-26,https://files.ffiec.cfpb.gov/static-data/snapshot/2023/2023_public_panel_csv.zip,Former name explicitly stated in CCDB caption; panel reporter identity.,,
curated,"United Wholesale Mortgage, LLC",EE982339EE76B,,,accept,Codex (individual identity/evidence review; not independent human review),2026-09-26,https://files.ffiec.cfpb.gov/static-data/snapshot/2023/2023_public_panel_csv.zip,HMDA same LEI as former United Shore reporter.,,
curated,Selene Finance LP,EE2ED85757AB4,,,accept,Codex (individual identity/evidence review; not independent human review),2026-09-26,data/staging/stg_complaints.parquet,Selene servicing operating brand.,,
curated,"Servis One, Inc.",ED9E334BCFE15,,,accept,Codex (individual identity/evidence review; not independent human review),2026-09-26,https://bsifinancial.com/terms.html,BSI Financial Services operating legal name.,,
curated,Aegean Financial,E11893CED068F,,,accept,Codex (individual identity/evidence review; not independent human review),2026-09-26,https://www.consumerfinance.gov/enforcement/actions/aegean-financial/; caption_sha256=1745c3cc594c1b8e32fcbc333cb08feb15497f265d2d468557d095a5b2b3885a,"Explicit legal/trade alias inspected within the reviewed party caption; same named respondent, not another party.",,
curated,"Aegean Financial, Inc.",E11893CED068F,,,accept,Codex (individual identity/evidence review; not independent human review),2026-09-26,https://www.consumerfinance.gov/enforcement/actions/aegean-financial/; caption_sha256=1745c3cc594c1b8e32fcbc333cb08feb15497f265d2d468557d095a5b2b3885a,"Explicit legal/trade alias inspected within the reviewed party caption; same named respondent, not another party.",,
curated,Reverse Mortgage Professionals,E11893CED068F,,,accept,Codex (individual identity/evidence review; not independent human review),2026-09-26,https://www.consumerfinance.gov/enforcement/actions/aegean-financial/; caption_sha256=1745c3cc594c1b8e32fcbc333cb08feb15497f265d2d468557d095a5b2b3885a,"Explicit legal/trade alias inspected within the reviewed party caption; same named respondent, not another party.",,
curated,Jubilados Financial,E11893CED068F,,,accept,Codex (individual identity/evidence review; not independent human review),2026-09-26,https://www.consumerfinance.gov/enforcement/actions/aegean-financial/; caption_sha256=1745c3cc594c1b8e32fcbc333cb08feb15497f265d2d468557d095a5b2b3885a,"Explicit legal/trade alias inspected within the reviewed party caption; same named respondent, not another party.",,
curated,Newport Lending Reverse Mortgage,E11893CED068F,,,accept,Codex (individual identity/evidence review; not independent human review),2026-09-26,https://www.consumerfinance.gov/enforcement/actions/aegean-financial/; caption_sha256=1745c3cc594c1b8e32fcbc333cb08feb15497f265d2d468557d095a5b2b3885a,"Explicit legal/trade alias inspected within the reviewed party caption; same named respondent, not another party.",,
curated,Promise Land Lending,E11893CED068F,,,accept,Codex (individual identity/evidence review; not independent human review),2026-09-26,https://www.consumerfinance.gov/enforcement/actions/aegean-financial/; caption_sha256=1745c3cc594c1b8e32fcbc333cb08feb15497f265d2d468557d095a5b2b3885a,"Explicit legal/trade alias inspected within the reviewed party caption; same named respondent, not another party.",,
curated,Reverse Financial Group,E11893CED068F,,,accept,Codex (individual identity/evidence review; not independent human review),2026-09-26,https://www.consumerfinance.gov/enforcement/actions/aegean-financial/; caption_sha256=1745c3cc594c1b8e32fcbc333cb08feb15497f265d2d468557d095a5b2b3885a,"Explicit legal/trade alias inspected within the reviewed party caption; same named respondent, not another party.",,
curated,Reverse Mortgage Information Center,E11893CED068F,,,accept,Codex (individual identity/evidence review; not independent human review),2026-09-26,https://www.consumerfinance.gov/enforcement/actions/aegean-financial/; caption_sha256=1745c3cc594c1b8e32fcbc333cb08feb15497f265d2d468557d095a5b2b3885a,"Explicit legal/trade alias inspected within the reviewed party caption; same named respondent, not another party.",,
curated,JMG Holding Partners LLC,E1A2F853BB227,,,accept,Codex (individual identity/evidence review; not independent human review),2026-09-26,https://www.consumerfinance.gov/enforcement/actions/rocket-homes-real-estate-llc-et-al/; caption_sha256=09f6e27c4bb9906b2625dbf154e5e986ea6a48cd3667be3e67fad492dd7b2fb2,"Explicit legal/trade alias inspected within the reviewed party caption; same named respondent, not another party.",,
curated,The Jason Mitchell Group,E1A2F853BB227,,,accept,Codex (individual identity/evidence review; not independent human review),2026-09-26,https://www.consumerfinance.gov/enforcement/actions/rocket-homes-real-estate-llc-et-al/; caption_sha256=09f6e27c4bb9906b2625dbf154e5e986ea6a48cd3667be3e67fad492dd7b2fb2,"Explicit legal/trade alias inspected within the reviewed party caption; same named respondent, not another party.",,
curated,"JRHBW Realty, Inc.",E61E145DD194B,,,accept,Codex (individual identity/evidence review; not independent human review),2026-09-26,https://www.consumerfinance.gov/enforcement/actions/jrhbw-realty-inc-dba-realtysouth-titlesouth-llc/; caption_sha256=acb77c6019b7cf1df9212632a251aead689b3ba284bdd04bd5207cd79fd51ed9,"Explicit legal/trade alias inspected within the reviewed party caption; same named respondent, not another party.",,
curated,RealtySouth,E61E145DD194B,,,accept,Codex (individual identity/evidence review; not independent human review),2026-09-26,https://www.consumerfinance.gov/enforcement/actions/jrhbw-realty-inc-dba-realtysouth-titlesouth-llc/; caption_sha256=acb77c6019b7cf1df9212632a251aead689b3ba284bdd04bd5207cd79fd51ed9,"Explicit legal/trade alias inspected within the reviewed party caption; same named respondent, not another party.",,
curated,R M K Financial Corporation,E5791ABCB999B,,,accept,Codex (individual identity/evidence review; not independent human review),2026-09-26,https://www.consumerfinance.gov/enforcement/actions/rmk-financial-corporation/; caption_sha256=e48b1eaee7df477d3dbbf19fab27e9b5a95ac7e694956f4ceb13197aa3ac080f,"Explicit legal/trade alias inspected within the reviewed party caption; same named respondent, not another party.",,
curated,Majestic Home Loans,E5791ABCB999B,,,accept,Codex (individual identity/evidence review; not independent human review),2026-09-26,https://www.consumerfinance.gov/enforcement/actions/rmk-financial-corporation/; caption_sha256=e48b1eaee7df477d3dbbf19fab27e9b5a95ac7e694956f4ceb13197aa3ac080f,"Explicit legal/trade alias inspected within the reviewed party caption; same named respondent, not another party.",,
curated,RMK Financial Corp.,E5791ABCB999B,,,accept,Codex (individual identity/evidence review; not independent human review),2026-09-26,https://www.consumerfinance.gov/enforcement/actions/rmk-financial-corp-majestic-home-loan-mhl/; caption_sha256=b17429c5b7bbeb832ae41670d1c36a8c63700dce0a472f240109fe3dce6349f9,"Explicit legal/trade alias inspected within the reviewed party caption; same named respondent, not another party.",,
curated,Majestic Home Loan,E5791ABCB999B,,,accept,Codex (individual identity/evidence review; not independent human review),2026-09-26,https://www.consumerfinance.gov/enforcement/actions/rmk-financial-corp-majestic-home-loan-mhl/; caption_sha256=b17429c5b7bbeb832ae41670d1c36a8c63700dce0a472f240109fe3dce6349f9,"Explicit legal/trade alias inspected within the reviewed party caption; same named respondent, not another party.",,
curated,MHL,E5791ABCB999B,,,accept,Codex (individual identity/evidence review; not independent human review),2026-09-26,https://www.consumerfinance.gov/enforcement/actions/rmk-financial-corp-majestic-home-loan-mhl/; caption_sha256=b17429c5b7bbeb832ae41670d1c36a8c63700dce0a472f240109fe3dce6349f9,"Explicit legal/trade alias inspected within the reviewed party caption; same named respondent, not another party.",,
curated,"RGC Services, Inc.",EBEAB71D561E9,,,accept,Codex (individual identity/evidence review; not independent human review),2026-09-26,https://www.consumerfinance.gov/enforcement/actions/rgc-services-inc-dba-remax-gold-coast-realtors/; caption_sha256=7a22b4a9abc58d0db0bddd17c88fa0dcba6239a3ad6694a3ab0a238412ccdc54,"Explicit legal/trade alias inspected within the reviewed party caption; same named respondent, not another party.",,
curated,Re/Max Gold Coast Realtors,EBEAB71D561E9,,,accept,Codex (individual identity/evidence review; not independent human review),2026-09-26,https://www.consumerfinance.gov/enforcement/actions/rgc-services-inc-dba-remax-gold-coast-realtors/; caption_sha256=7a22b4a9abc58d0db0bddd17c88fa0dcba6239a3ad6694a3ab0a238412ccdc54,"Explicit legal/trade alias inspected within the reviewed party caption; same named respondent, not another party.",,
curated,Security 1 Lending,E58B09E687642,,,accept,Codex (individual identity/evidence review; not independent human review),2026-09-26,https://www.consumerfinance.gov/enforcement/actions/reverse-mortgage-solutions-inc-db-security-1-lending/; caption_sha256=c5da06817d1e26164bd6c454c6274552b49ca8c00f40c829aac68adc4c6740b7,"Explicit legal/trade alias inspected within the reviewed party caption; same named respondent, not another party.",,
curated,Rocket Homes Real Estate LLC,EB6260FD92B8C,,,accept,Codex (individual identity/evidence review; not independent human review),2026-09-26,https://www.consumerfinance.gov/enforcement/actions/rocket-homes-real-estate-llc-et-al/; caption_sha256=09f6e27c4bb9906b2625dbf154e5e986ea6a48cd3667be3e67fad492dd7b2fb2,"Explicit legal/trade alias inspected within the reviewed party caption; same named respondent, not another party.",,
curated,Rocket Homes,EB6260FD92B8C,,,accept,Codex (individual identity/evidence review; not independent human review),2026-09-26,https://www.consumerfinance.gov/enforcement/actions/rocket-homes-real-estate-llc-et-al/; caption_sha256=09f6e27c4bb9906b2625dbf154e5e986ea6a48cd3667be3e67fad492dd7b2fb2,"Explicit legal/trade alias inspected within the reviewed party caption; same named respondent, not another party.",,
curated,"The Mortgage Law Group, LLP",EABAE9AD55E75,,,accept,Codex (individual identity/evidence review; not independent human review),2026-09-26,https://www.consumerfinance.gov/enforcement/actions/the-mortgage-law-group-llp-et-al/; caption_sha256=fd9a9469c7d798e6d9bfdb6be3afc5b5715735b64ddbcb208af324faa869d8fe,"Explicit legal/trade alias inspected within the reviewed party caption; same named respondent, not another party.",,
curated,"The Law Firm of Macey, Aleman & Searns",EABAE9AD55E75,,,accept,Codex (individual identity/evidence review; not independent human review),2026-09-26,https://www.consumerfinance.gov/enforcement/actions/the-mortgage-law-group-llp-et-al/; caption_sha256=fd9a9469c7d798e6d9bfdb6be3afc5b5715735b64ddbcb208af324faa869d8fe,"Explicit legal/trade alias inspected within the reviewed party caption; same named respondent, not another party.",,
curated,"Willamette Legacy, LLC",E89E54CFFF798,,,accept,Codex (individual identity/evidence review; not independent human review),2026-09-26,https://www.consumerfinance.gov/enforcement/actions/willamette-legacy-llc-dba-keller-williams-mid-willamette/; caption_sha256=d928504d2593e8b123493dcfb60c947a4b98e7c8e4dba260c36c052153f52993,"Explicit legal/trade alias inspected within the reviewed party caption; same named respondent, not another party.",,
curated,Keller Williams Mid-Willamette,E89E54CFFF798,,,accept,Codex (individual identity/evidence review; not independent human review),2026-09-26,https://www.consumerfinance.gov/enforcement/actions/willamette-legacy-llc-dba-keller-williams-mid-willamette/; caption_sha256=d928504d2593e8b123493dcfb60c947a4b98e7c8e4dba260c36c052153f52993,"Explicit legal/trade alias inspected within the reviewed party caption; same named respondent, not another party.",,
