action_id,party_index,party_raw,party_type,party_source,caption_sha256,review_note,reviewed_by,reviewed_on
synapse-financial-technologies-inc,1,"Synapse Financial Technologies, Inc.",company,listing_caption,43622f242d50ee9daac723922a241d9e0f1685d231544641624783b3a2f4c33a,Named organization in caption; retained aliases denote one party.,Codex (manual caption/summary review),2026-09-26
wise-us-inc,1,Wise US Inc.,company,listing_caption,b65c7568f37fdf7e74dd24c09707fb2ac7bd730a637ddcd35a5a789a444ddea7,Named organization in caption; retained aliases denote one party.,Codex (manual caption/summary review),2026-09-26
american-honda-finance-corporation-2025,1,American Honda Finance Corporation,company,listing_caption,f688977bd711fc554d909adc299fc709851f0da3efc871898148d367660551d3,Named organization in caption; retained aliases denote one party.,Codex (manual caption/summary review),2026-09-26
equifax-inc-and-equifax-information-services-llc,1,"Equifax, Inc.",company,listing_caption,3a25d0dd56e8beb59291712ebabf507875b850ebbad90023539982228c65b05b,Named organization in caption; retained aliases denote one party.,Codex (manual caption/summary review),2026-09-26
equifax-inc-and-equifax-information-services-llc,2,Equifax Information Services LLC,company,listing_caption,3a25d0dd56e8beb59291712ebabf507875b850ebbad90023539982228c65b05b,Named organization in caption; retained aliases denote one party.,Codex (manual caption/summary review),2026-09-26
draper-kramer-mortgage-corporation,1,Draper & Kramer Mortgage Corporation,company,listing_caption,5432f1e6b66448cda678de7d2a7a64f63d0a166e3702cd362cb0de86a7b1f012,Named organization in caption; retained aliases denote one party.,Codex (manual caption/summary review),2026-09-26
block-inc,1,"Block, Inc.",company,listing_caption,ca4c39083bffdbcfc214155d0153bc30d18d4c0baecf53de4b306bebf2de24d9,Named organization in caption; retained aliases denote one party.,Codex (manual caption/summary review),2026-09-26
capital-one-national-association-and-capital-one-financial-corporation,1,"Capital One, National Association",company,listing_caption,2e95527405557a979df5ec03ed3023a674e834cd273eb98576f527a152a75beb,Named organization in caption; retained aliases denote one party.,Codex (manual caption/summary review),2026-09-26
capital-one-national-association-and-capital-one-financial-corporation,2,Capital One Financial Corporation,company,listing_caption,2e95527405557a979df5ec03ed3023a674e834cd273eb98576f527a152a75beb,Named organization in caption; retained aliases denote one party.,Codex (manual caption/summary review),2026-09-26
experian-information-solutions-inc,1,"Experian Information Solutions, Inc.",company,listing_caption,bea333f1cab12a7f95f81391eb1749c8f9f4e84c96f6ece6d0743b23dcb94682,Named organization in caption; retained aliases denote one party.,Codex (manual caption/summary review),2026-09-26
vanderbilt-mortgage-finance-inc,1,"Vanderbilt Mortgage & Finance, Inc.",company,listing_caption,385b672c6a2425cbae299c662d854b64ab8c8ef8a309b22b2d9b47aec0e20b9c,Named organization in caption; retained aliases denote one party.,Codex (manual caption/summary review),2026-09-26
walmart-inc-and-branch-messenger-inc,1,Walmart Inc.,company,listing_caption,11f4f003d7b40ea900ce76aa02cf3af8a240c392f88a374e6a79342e0c2d8bb6,Named organization in caption; retained aliases denote one party.,Codex (manual caption/summary review),2026-09-26
walmart-inc-and-branch-messenger-inc,2,"Branch Messenger, Inc.",company,listing_caption,11f4f003d7b40ea900ce76aa02cf3af8a240c392f88a374e6a79342e0c2d8bb6,Named organization in caption; retained aliases denote one party.,Codex (manual caption/summary review),2026-09-26
rocket-homes-real-estate-llc-et-al,1,"Rocket Homes Real Estate LLC, dba Rocket Homes",company,listing_caption,09f6e27c4bb9906b2625dbf154e5e986ea6a48cd3667be3e67fad492dd7b2fb2,Named organization in caption; retained aliases denote one party.,Codex (manual caption/summary review),2026-09-26
rocket-homes-real-estate-llc-et-al,2,"JMG Holding Partners LLC, dba The Jason Mitchell Group",company,listing_caption,09f6e27c4bb9906b2625dbf154e5e986ea6a48cd3667be3e67fad492dd7b2fb2,Named organization in caption; retained aliases denote one party.,Codex (manual caption/summary review),2026-09-26
rocket-homes-real-estate-llc-et-al,3,45 real estate brokerage affiliates,non_entity,listing_caption,09f6e27c4bb9906b2625dbf154e5e986ea6a48cd3667be3e67fad492dd7b2fb2,Collective/unspecified respondents or non-operating relief/plaintiff entity; excluded from company matching.,Codex (manual caption/summary review),2026-09-26
rocket-homes-real-estate-llc-et-al,4,Jason Mitchell,individual,listing_caption,09f6e27c4bb9906b2625dbf154e5e986ea6a48cd3667be3e67fad492dd7b2fb2,Natural-person respondent; excluded from company matching.,Codex (manual caption/summary review),2026-09-26
early-warning-services-llc-bank-of-america-na-jpmorgan-chase-bank-na-wells-fargo-bank-na,1,"Early Warning Services, LLC",company,listing_caption,1a3a1bde52a62a252784c0110444eabf3d103fb41d62448b32b69bc4b0dd81cc,Named organization in caption; retained aliases denote one party.,Codex (manual caption/summary review),2026-09-26
early-warning-services-llc-bank-of-america-na-jpmorgan-chase-bank-na-wells-fargo-bank-na,2,"Bank of America, N.A.",company,listing_caption,1a3a1bde52a62a252784c0110444eabf3d103fb41d62448b32b69bc4b0dd81cc,Named organization in caption; retained aliases denote one party.,Codex (manual caption/summary review),2026-09-26
early-warning-services-llc-bank-of-america-na-jpmorgan-chase-bank-na-wells-fargo-bank-na,3,"JPMorgan Chase Bank, N.A.",company,listing_caption,1a3a1bde52a62a252784c0110444eabf3d103fb41d62448b32b69bc4b0dd81cc,Named organization in caption; retained aliases denote one party.,Codex (manual caption/summary review),2026-09-26
early-warning-services-llc-bank-of-america-na-jpmorgan-chase-bank-na-wells-fargo-bank-na,4,"Wells Fargo Bank, N.A",company,listing_caption,1a3a1bde52a62a252784c0110444eabf3d103fb41d62448b32b69bc4b0dd81cc,Named organization in caption; retained aliases denote one party.,Codex (manual caption/summary review),2026-09-26
performant-recovery-inc,1,"Performant Recovery, Inc.",company,listing_caption,9913cbbcfa685fab7dbc75b84dd9cd52eb242344d1e4a37ec7f35a34fbd30fd7,Named organization in caption; retained aliases denote one party.,Codex (manual caption/summary review),2026-09-26
comerica-bank,1,Comerica Bank,company,listing_caption,8b657c1e0742bbdd863242e3212f5c7c11e302f52940c7f826f2565b7d441c35,Named organization in caption; retained aliases denote one party.,Codex (manual caption/summary review),2026-09-26
global-tel-link-corp-et-al,1,Global Tel Link Corporation d/b/a ViaPath Technologies,company,listing_caption,e0f9640aa51ac33e817842ae35a30bdcfc1927ff9178211fa72425c0bc3dd16a,Named organization in caption; retained aliases denote one party.,Codex (manual caption/summary review),2026-09-26
global-tel-link-corp-et-al,2,"Telmate, LLC d/b/a ViaPath Technologies",company,listing_caption,e0f9640aa51ac33e817842ae35a30bdcfc1927ff9178211fa72425c0bc3dd16a,Named organization in caption; retained aliases denote one party.,Codex (manual caption/summary review),2026-09-26
global-tel-link-corp-et-al,3,"TouchPay Holdings, LLC d/b/a GTL Financial Services",company,listing_caption,e0f9640aa51ac33e817842ae35a30bdcfc1927ff9178211fa72425c0bc3dd16a,Named organization in caption; retained aliases denote one party.,Codex (manual caption/summary review),2026-09-26
navy-federal-credit-union-overdraft-2024,1,Navy Federal Credit Union,company,listing_caption,4bf9dd96a0d43538df59ea2efce384bb1aa20a1dfb3c1920355e0538177d7050,Named organization in caption; retained aliases denote one party.,Codex (manual caption/summary review),2026-09-26
vystar-credit-union,1,VyStar Credit Union,company,listing_caption,db3fbcc1e94c2a4fdccb16222b5e745a4cc5cba3cecb2a4d12de91c37583fba0,Named organization in caption; retained aliases denote one party.,Codex (manual caption/summary review),2026-09-26
apple-inc,1,Apple Inc.,company,listing_caption,02649c8a0b659e64874ac0d003eadf35d92aef432535b4f24750d6e9fc002cc1,Named organization in caption; retained aliases denote one party.,Codex (manual caption/summary review),2026-09-26
goldman-sachs-bank-usa,1,Goldman Sachs Bank USA,company,listing_caption,ed4b9050a4f8fcb7f240a2b4b00d84ed15e5c022494deb3a5a3b53ad4bec255e,Named organization in caption; retained aliases denote one party.,Codex (manual caption/summary review),2026-09-26
climb-credit-inc-et-al,1,"Climb Credit, Inc.",company,listing_caption,13fea604fa4a0a6df6d8913e8e45dbe310d379fbb21a8f29c17d991c44a7b63c,Named organization in caption; retained aliases denote one party.,Codex (manual caption/summary review),2026-09-26
climb-credit-inc-et-al,2,"Climb Investco, LLC",company,listing_caption,13fea604fa4a0a6df6d8913e8e45dbe310d379fbb21a8f29c17d991c44a7b63c,Named organization in caption; retained aliases denote one party.,Codex (manual caption/summary review),2026-09-26
climb-credit-inc-et-al,3,"Climb GS Loan Fund 2018-1, LLC",company,listing_caption,13fea604fa4a0a6df6d8913e8e45dbe310d379fbb21a8f29c17d991c44a7b63c,Named organization in caption; retained aliases denote one party.,Codex (manual caption/summary review),2026-09-26
climb-credit-inc-et-al,4,1/0 Holdco LLC,company,listing_caption,13fea604fa4a0a6df6d8913e8e45dbe310d379fbb21a8f29c17d991c44a7b63c,Named organization in caption; retained aliases denote one party.,Codex (manual caption/summary review),2026-09-26
climb-credit-inc-et-al,5,1/0 Capital LLC,company,listing_caption,13fea604fa4a0a6df6d8913e8e45dbe310d379fbb21a8f29c17d991c44a7b63c,Named organization in caption; retained aliases denote one party.,Codex (manual caption/summary review),2026-09-26
fairway-independent-mortgage-corporation,1,Fairway Independent Mortgage Corporation,company,listing_caption,4995c80921d3628fac19b6b3e4851d2feb4dac902bdc8f069219d2051bd1d7d3,Named organization in caption; retained aliases denote one party.,Codex (manual caption/summary review),2026-09-26
ejudicate-inc-dba-brief,1,"Ejudicate, Inc., d/b/a Brief",company,listing_caption,ed07bb42b502fdb5af01bda767c9214796529fc03adaa9c6e9aacb17a19acf75,Named organization in caption; retained aliases denote one party.,Codex (manual caption/summary review),2026-09-26
reliant-holdings-inc-dba-horizon-card-services-and-robert-kane,1,"Reliant Holdings, Inc. d/b/a Horizon Card Services",company,listing_caption,da14931395d22c177a9d909085579221b4d40a9c751a986cee31e0109539a637,Named organization in caption; retained aliases denote one party.,Codex (manual caption/summary review),2026-09-26
reliant-holdings-inc-dba-horizon-card-services-and-robert-kane,2,Robert Kane,individual,listing_caption,da14931395d22c177a9d909085579221b4d40a9c751a986cee31e0109539a637,Natural-person respondent; excluded from company matching.,Codex (manual caption/summary review),2026-09-26
td-bank-na-furnishing-2024,1,"TD Bank, N.A.",company,listing_caption,e3d0d5acda8e1040820b77962b6fb20b358c02def024f280b15697635b7d1674,Named organization in caption; retained aliases denote one party.,Codex (manual caption/summary review),2026-09-26
new-day-financial-2024,1,"New Day Financial, LLC",company,listing_caption,7f30e949b4fd442f76718a3d04141efa82205242ce7feb96d31820d9ad8d0eeb,Named organization in caption; retained aliases denote one party.,Codex (manual caption/summary review),2026-09-26
fay-servicing-llc-2024,1,"Fay Servicing, LLC",company,listing_caption,608131e18baf3167d397d3df0c618479ffb069befc54e3026a4b6952dfea9ad3,Named organization in caption; retained aliases denote one party.,Codex (manual caption/summary review),2026-09-26
acima-allred,1,"Acima Holdings, LLC",company,listing_caption,0bab302f82b06b39ce44b513c595312a0fab071105993992b7bf41e5053779a2,Named organization in caption; retained aliases denote one party.,Codex (manual caption/summary review),2026-09-26
acima-allred,2,"Acima Digital, LLC",company,listing_caption,0bab302f82b06b39ce44b513c595312a0fab071105993992b7bf41e5053779a2,Named organization in caption; retained aliases denote one party.,Codex (manual caption/summary review),2026-09-26
acima-allred,3,Aaron Allred,individual,listing_caption,0bab302f82b06b39ce44b513c595312a0fab071105993992b7bf41e5053779a2,Natural-person respondent; excluded from company matching.,Codex (manual caption/summary review),2026-09-26
fifth-third-bank-na-fpi-2024,1,"Fifth Third Bank, N.A.",company,listing_caption,554fb4d3e27b3122e49e208395c588fad934bb56a0d072df7a0774a442f59b7b,Named organization in caption; retained aliases denote one party.,Codex (manual caption/summary review),2026-09-26
novad-management-consulting-llc,1,"NOVAD Management Consulting, LLC",company,listing_caption,c9080fe85fbceb81933779590ac34cd266c7c2e9ffb56b6ef500a23e1d45539e,Named organization in caption; retained aliases denote one party.,Codex (manual caption/summary review),2026-09-26
sutherland-global-services-inc,1,"Sutherland Global Services, Inc.",company,listing_caption,cdcdfb0fd507db01222fd5a6ad334ea5a29842550904435c9fbdfbd7d2573b2a,Named organization in caption; retained aliases denote one party.,Codex (manual caption/summary review),2026-09-26
sutherland-global-services-inc,2,"Sutherland Mortgage Services, Inc.",company,listing_caption,cdcdfb0fd507db01222fd5a6ad334ea5a29842550904435c9fbdfbd7d2573b2a,Named organization in caption; retained aliases denote one party.,Codex (manual caption/summary review),2026-09-26
sutherland-global-services-inc,3,"Sutherland Government Solutions, Inc.",company,listing_caption,cdcdfb0fd507db01222fd5a6ad334ea5a29842550904435c9fbdfbd7d2573b2a,Named organization in caption; retained aliases denote one party.,Codex (manual caption/summary review),2026-09-26
pennsylvania-higher-education-assistance-agency-pheaa-dba-american-education-services-or-aes,1,Pennsylvania Higher Education Assistance Agency (PHEAA) d/b/a American Education Services or AES,company,listing_caption,3e4d2992a10881905a3f68c9ab2b843106c46ee22c1abc479859eda095004465,Named organization in caption; retained aliases denote one party.,Codex (manual caption/summary review),2026-09-26
western-benefits-group-llc,1,"Western Benefits Group, LLC",company,listing_caption,9011e7fa94435ae03a522df13b4b85b3f0b022ccb532adc0302aef61d958090f,Named organization in caption; retained aliases denote one party.,Codex (manual caption/summary review),2026-09-26
solo-funds,1,"SoLo Funds, Inc.",company,listing_caption,070bd712edde9a87d5c4d30756b89812266ca77ecf6611aa4357181c97820784,Named organization in caption; retained aliases denote one party.,Codex (manual caption/summary review),2026-09-26
chime-financial-inc,1,"Chime Financial, Inc.",company,listing_caption,7b3514d11bdd4131dee6483f5e628c0f9dc69d491a67a0dbd447a2c101847a86,Named organization in caption; retained aliases denote one party.,Codex (manual caption/summary review),2026-09-26
pennsylvania-higher-education-assistance-agency-and-national-collegiate-student-loan-trusts,1,Pennsylvania Higher Education Assistance Agency,company,listing_caption,6dc0eb7591dc5d4f33884d6ad40d0759228fe73ad624c12f62718644c50a352d,Named organization in caption; retained aliases denote one party.,Codex (manual caption/summary review),2026-09-26
pennsylvania-higher-education-assistance-agency-and-national-collegiate-student-loan-trusts,2,National Collegiate Student Loan Trusts,company,listing_caption,6dc0eb7591dc5d4f33884d6ad40d0759228fe73ad624c12f62718644c50a352d,Named organization in caption; retained aliases denote one party.,Codex (manual caption/summary review),2026-09-26
bloomtech-inc-and-austen-allred,1,"BloomTech Inc., d/b/a Bloom Institute of Technology or BloomTech, f/k/a Lambda, Inc.",company,listing_caption,6edb7c216655df06502a00db438e2d4319a1cad9840b09c7c4afa980406fd89c,Named organization in caption; retained aliases denote one party.,Codex (manual caption/summary review),2026-09-26
bloomtech-inc-and-austen-allred,2,Austen Allred,individual,listing_caption,6edb7c216655df06502a00db438e2d4319a1cad9840b09c7c4afa980406fd89c,Natural-person respondent; excluded from company matching.,Codex (manual caption/summary review),2026-09-26
stratfs-llc-fka-strategic-financial-solutions-llc-et-al,1,"StratFS, LLC f/k/a Strategic Financial Solutions, LLC",company,listing_caption,f8840467fcf9e3032adfb936c456904e5c95a4116c839d3881e90f974c1b212e,Named organization in caption; retained aliases denote one party.,Codex (manual caption/summary review),2026-09-26
stratfs-llc-fka-strategic-financial-solutions-llc-et-al,2,et al.,non_entity,listing_caption,f8840467fcf9e3032adfb936c456904e5c95a4116c839d3881e90f974c1b212e,Collective/unspecified respondents or non-operating relief/plaintiff entity; excluded from company matching.,Codex (manual caption/summary review),2026-09-26
colony-ridge,1,"Colony Ridge Development, LLC",company,listing_caption,d19c9c97798a9733091f9fa2b88cf5d2e2a51cc9bb56e363ad38326631092ee6,Named organization in caption; retained aliases denote one party.,Codex (manual caption/summary review),2026-09-26
colony-ridge,2,"Colony Ridge BV, LLC",company,listing_caption,d19c9c97798a9733091f9fa2b88cf5d2e2a51cc9bb56e363ad38326631092ee6,Named organization in caption; retained aliases denote one party.,Codex (manual caption/summary review),2026-09-26
colony-ridge,3,"Colony Ridge Land, LLC",company,listing_caption,d19c9c97798a9733091f9fa2b88cf5d2e2a51cc9bb56e363ad38326631092ee6,Named organization in caption; retained aliases denote one party.,Codex (manual caption/summary review),2026-09-26
colony-ridge,4,"Loan Originator Services, LLC",company,listing_caption,d19c9c97798a9733091f9fa2b88cf5d2e2a51cc9bb56e363ad38326631092ee6,Named organization in caption; retained aliases denote one party.,Codex (manual caption/summary review),2026-09-26
us-bank-national-association-prepaid-cards-2023,1,U.S. Bank National Association,company,listing_caption,00c5948ac066c154af5f1177c918e3e61d0a8b043ff6ec8de329e865bb115d84,Named organization in caption; retained aliases denote one party.,Codex (manual caption/summary review),2026-09-26
commonwealth-financial-systems-inc,1,"Commonwealth Financial Systems, Inc.",company,listing_caption,5a9f7772237eb0aff257d52ff724ecc73b90864b0e4d881688c4618d58115307,Named organization in caption; retained aliases denote one party.,Codex (manual caption/summary review),2026-09-26
atlantic-union-bank,1,Atlantic Union Bank,company,listing_caption,2d66d54338b230425c293ac941e6c22ffb1fa87bc789d694a8b9357468b5b924,Named organization in caption; retained aliases denote one party.,Codex (manual caption/summary review),2026-09-26
bank-of-america-na-hmda-data-2023,1,"Bank of America, N.A.",company,listing_caption,129d8fc75ab61ee987dd078f79b906d7e8bb61b4521fc428db6cd5a41c0755fa,Named organization in caption; retained aliases denote one party.,Codex (manual caption/summary review),2026-09-26
toyota-motor-credit-corporation-2023,1,Toyota Motor Credit Corporation,company,listing_caption,0b70488a2dabcf4f1c832405d9f25b6f72effe8a666ff063f788fea3a9e817a5,Named organization in caption; retained aliases denote one party.,Codex (manual caption/summary review),2026-09-26
enova-international-inc-2023,1,"Enova International, Inc.",company,listing_caption,9c70a51f34bc77611defa03995490142fa4d3945820b68fc96794e0985533d45,Named organization in caption; retained aliases denote one party.,Codex (manual caption/summary review),2026-09-26
citibank-n-a,1,"Citibank, N.A.",company,listing_caption,0ed56904e2075559297ab826a5883c7350dccaf536fce4d80f6240f716ba59f0,Named organization in caption; retained aliases denote one party.,Codex (manual caption/summary review),2026-09-26
chime-inc-dba-sendwave,1,"Chime, Inc. d/b/a Sendwave",company,listing_caption,f457d15fc2d562de4dc9ba2c382c16a5a318758d76e173cd11d88ce5b8a6db77,Named organization in caption; retained aliases denote one party.,Codex (manual caption/summary review),2026-09-26
transunion-rental-screening-solutions-inc-and-trans-union-llc,1,"TransUnion Rental Screening Solutions, Inc.",company,listing_caption,30d71bf3d1c5d7c8db48b920e693da80f3272e81e762120fb89ed8bd4498fa3c,Named organization in caption; retained aliases denote one party.,Codex (manual caption/summary review),2026-09-26
transunion-rental-screening-solutions-inc-and-trans-union-llc,2,Trans Union LLC,company,listing_caption,30d71bf3d1c5d7c8db48b920e693da80f3272e81e762120fb89ed8bd4498fa3c,Named organization in caption; retained aliases denote one party.,Codex (manual caption/summary review),2026-09-26
transunion-trans-union-llc-and-transunion-interactive-inc,1,TransUnion,company,listing_caption,5836e652dde875941eb6e422a36c540b7a976e9916f280c49904ce97f772c30a,Named organization in caption; retained aliases denote one party.,Codex (manual caption/summary review),2026-09-26
transunion-trans-union-llc-and-transunion-interactive-inc,2,Trans Union LLC,company,listing_caption,5836e652dde875941eb6e422a36c540b7a976e9916f280c49904ce97f772c30a,Named organization in caption; retained aliases denote one party.,Codex (manual caption/summary review),2026-09-26
transunion-trans-union-llc-and-transunion-interactive-inc,3,"TransUnion Interactive, Inc.",company,listing_caption,5836e652dde875941eb6e422a36c540b7a976e9916f280c49904ce97f772c30a,Named organization in caption; retained aliases denote one party.,Codex (manual caption/summary review),2026-09-26
freedom-mortgage-corporation-hmda-2023,1,Freedom Mortgage Corporation,company,listing_caption,e16ba4a5fa07e8db435068a9dea0f14a89b09dd7993301f9b6f91c4da492006b,Named organization in caption; retained aliases denote one party.,Codex (manual caption/summary review),2026-09-26
tempoe-llc,1,"Tempoe, LLC",company,listing_caption,8de22c48d58578613bc9b33ef5fc2213990aa69af085ff972c944ccb7f68bc89,Named organization in caption; retained aliases denote one party.,Codex (manual caption/summary review),2026-09-26
heights-finance-holding-co-fka-southern-management-corporation-et-al,1,Heights Finance Holding Co. f/k/a Southern Management Corporation,company,detail_heading,312455323d6ed7580ed4769583bb3e70ceeb229af3e91b9a02bd839c36c2037a,Named organization in caption; retained aliases denote one party.,Codex (manual caption/summary review),2026-09-26
heights-finance-holding-co-fka-southern-management-corporation-et-al,2,"Covington Credit of Alabama, Inc.",company,detail_heading,312455323d6ed7580ed4769583bb3e70ceeb229af3e91b9a02bd839c36c2037a,Named organization in caption; retained aliases denote one party.,Codex (manual caption/summary review),2026-09-26
heights-finance-holding-co-fka-southern-management-corporation-et-al,3,"Southern Finance of Tennessee, Inc.",company,detail_heading,312455323d6ed7580ed4769583bb3e70ceeb229af3e91b9a02bd839c36c2037a,Named organization in caption; retained aliases denote one party.,Codex (manual caption/summary review),2026-09-26
heights-finance-holding-co-fka-southern-management-corporation-et-al,4,"Covington Credit of Georgia, Inc.",company,detail_heading,312455323d6ed7580ed4769583bb3e70ceeb229af3e91b9a02bd839c36c2037a,Named organization in caption; retained aliases denote one party.,Codex (manual caption/summary review),2026-09-26
heights-finance-holding-co-fka-southern-management-corporation-et-al,5,"Southern Finance of South Carolina, Inc.",company,detail_heading,312455323d6ed7580ed4769583bb3e70ceeb229af3e91b9a02bd839c36c2037a,Named organization in caption; retained aliases denote one party.,Codex (manual caption/summary review),2026-09-26
heights-finance-holding-co-fka-southern-management-corporation-et-al,6,"Covington Credit of Texas, Inc.",company,detail_heading,312455323d6ed7580ed4769583bb3e70ceeb229af3e91b9a02bd839c36c2037a,Named organization in caption; retained aliases denote one party.,Codex (manual caption/summary review),2026-09-26
heights-finance-holding-co-fka-southern-management-corporation-et-al,7,"Covington Credit, Inc.",company,detail_heading,312455323d6ed7580ed4769583bb3e70ceeb229af3e91b9a02bd839c36c2037a,Named organization in caption; retained aliases denote one party.,Codex (manual caption/summary review),2026-09-26
heights-finance-holding-co-fka-southern-management-corporation-et-al,8,Quick Credit Corporation,company,detail_heading,312455323d6ed7580ed4769583bb3e70ceeb229af3e91b9a02bd839c36c2037a,Named organization in caption; retained aliases denote one party.,Codex (manual caption/summary review),2026-09-26
freedom-mortgage-corporation-2023-respa,1,Freedom Mortgage Corporation,company,listing_caption,e16ba4a5fa07e8db435068a9dea0f14a89b09dd7993301f9b6f91c4da492006b,Named organization in caption; retained aliases denote one party.,Codex (manual caption/summary review),2026-09-26
realty-connect-usa-long-island-inc,1,"Realty Connect USA Long Island, Inc.",company,listing_caption,2f4b335b6c61ef929f98149c90eee965b55a645fd3788777487c0a04eca8c385,Named organization in caption; retained aliases denote one party.,Codex (manual caption/summary review),2026-09-26
usasf-servicing-llc,1,"USASF Servicing, LLC",company,listing_caption,84142fdaa6f8d058a3466efbfbe7f7d21eedfb5c8ae34660e1c3dceda1db9597,Named organization in caption; retained aliases denote one party.,Codex (manual caption/summary review),2026-09-26
snap-finance-llc-snap-rto-llc-snap-second-look-llc-snap-us-holdings-llc-snap-finance-holdings-llc,1,Snap Finance LLC,company,listing_caption,3968d7ef41d7b515c64cee2fd5ddf25f78e0afd97781f285e5109b4b4ed72285,Named organization in caption; retained aliases denote one party.,Codex (manual caption/summary review),2026-09-26
snap-finance-llc-snap-rto-llc-snap-second-look-llc-snap-us-holdings-llc-snap-finance-holdings-llc,2,Snap RTO LLC,company,listing_caption,3968d7ef41d7b515c64cee2fd5ddf25f78e0afd97781f285e5109b4b4ed72285,Named organization in caption; retained aliases denote one party.,Codex (manual caption/summary review),2026-09-26
snap-finance-llc-snap-rto-llc-snap-second-look-llc-snap-us-holdings-llc-snap-finance-holdings-llc,3,Snap Second Look LLC,company,listing_caption,3968d7ef41d7b515c64cee2fd5ddf25f78e0afd97781f285e5109b4b4ed72285,Named organization in caption; retained aliases denote one party.,Codex (manual caption/summary review),2026-09-26
snap-finance-llc-snap-rto-llc-snap-second-look-llc-snap-us-holdings-llc-snap-finance-holdings-llc,4,Snap U.S. Holdings LLC,company,listing_caption,3968d7ef41d7b515c64cee2fd5ddf25f78e0afd97781f285e5109b4b4ed72285,Named organization in caption; retained aliases denote one party.,Codex (manual caption/summary review),2026-09-26
snap-finance-llc-snap-rto-llc-snap-second-look-llc-snap-us-holdings-llc-snap-finance-holdings-llc,5,Snap Finance Holdings LLC,company,listing_caption,3968d7ef41d7b515c64cee2fd5ddf25f78e0afd97781f285e5109b4b4ed72285,Named organization in caption; retained aliases denote one party.,Codex (manual caption/summary review),2026-09-26
prehired-llc-et-al,1,"Prehired, LLC",company,listing_caption,5668c84494bd951f835cf127d5109c53cbf8b3ff37c11edbf0efbe0c033d46e9,Named organization in caption; retained aliases denote one party.,Codex (manual caption/summary review),2026-09-26
prehired-llc-et-al,2,"Prehired Recruiting, LLC",company,listing_caption,5668c84494bd951f835cf127d5109c53cbf8b3ff37c11edbf0efbe0c033d46e9,Named organization in caption; retained aliases denote one party.,Codex (manual caption/summary review),2026-09-26
prehired-llc-et-al,3,"Prehired Accelerator, LLC",company,listing_caption,5668c84494bd951f835cf127d5109c53cbf8b3ff37c11edbf0efbe0c033d46e9,Named organization in caption; retained aliases denote one party.,Codex (manual caption/summary review),2026-09-26
bank-of-america-n-a-fees,1,"Bank of America, N.A.",company,listing_caption,129d8fc75ab61ee987dd078f79b906d7e8bb61b4521fc428db6cd5a41c0755fa,Named organization in caption; retained aliases denote one party.,Codex (manual caption/summary review),2026-09-26
bank-of-america-n-a-sales-practices-credit-card-rewards,1,"Bank of America, N.A.",company,listing_caption,129d8fc75ab61ee987dd078f79b906d7e8bb61b4521fc428db6cd5a41c0755fa,Named organization in caption; retained aliases denote one party.,Codex (manual caption/summary review),2026-09-26
aci-worldwide-corp-and-aci-payments-inc,1,ACI Worldwide Corp.,company,listing_caption,36b836b2a5f178e9810dfd336ce58fa882fc1a9aae97fe86a528b6000c4b6264,Named organization in caption; retained aliases denote one party.,Codex (manual caption/summary review),2026-09-26
aci-worldwide-corp-and-aci-payments-inc,2,ACI Payments Inc.,company,listing_caption,36b836b2a5f178e9810dfd336ce58fa882fc1a9aae97fe86a528b6000c4b6264,Named organization in caption; retained aliases denote one party.,Codex (manual caption/summary review),2026-09-26
phoenix-financial-services-llc,1,"Phoenix Financial Services, LLC",company,listing_caption,af7bf6e780473fbde5cd737d1a2d4b3e55c274fa318f9b6933c609fea4ed1f54,Named organization in caption; retained aliases denote one party.,Codex (manual caption/summary review),2026-09-26
onemain-financial-holdings-llc-et-al,1,"OneMain Financial Holdings, LLC",company,listing_caption,5ffdd823cb26c462c452f713be62451571bf5085ee58160927b34b657a331c64,Named organization in caption; retained aliases denote one party.,Codex (manual caption/summary review),2026-09-26
onemain-financial-holdings-llc-et-al,2,"OneMain Financial Group, LLC",company,listing_caption,5ffdd823cb26c462c452f713be62451571bf5085ee58160927b34b657a331c64,Named organization in caption; retained aliases denote one party.,Codex (manual caption/summary review),2026-09-26
onemain-financial-holdings-llc-et-al,3,"OneMain Financial (HI), Inc.",company,listing_caption,5ffdd823cb26c462c452f713be62451571bf5085ee58160927b34b657a331c64,Named organization in caption; retained aliases denote one party.,Codex (manual caption/summary review),2026-09-26
onemain-financial-holdings-llc-et-al,4,"OneMain Financial, Inc.",company,listing_caption,5ffdd823cb26c462c452f713be62451571bf5085ee58160927b34b657a331c64,Named organization in caption; retained aliases denote one party.,Codex (manual caption/summary review),2026-09-26
onemain-financial-holdings-llc-et-al,5,"OneMain Financial of Minnesota, Inc.",company,listing_caption,5ffdd823cb26c462c452f713be62451571bf5085ee58160927b34b657a331c64,Named organization in caption; retained aliases denote one party.,Codex (manual caption/summary review),2026-09-26
james-r-carnes-melissa-c-carnes-james-r-carnes-revocable-trust-melissa-c-carnes-revocable-trust,1,James R. Carnes,individual,listing_caption,ff8de98b4a3c1c24f59da145199903c15e7c7f6780bd55122b0bb08872de8899,Natural-person respondent; excluded from company matching.,Codex (manual caption/summary review),2026-09-26
james-r-carnes-melissa-c-carnes-james-r-carnes-revocable-trust-melissa-c-carnes-revocable-trust,2,Melissa C. Carnes,individual,listing_caption,ff8de98b4a3c1c24f59da145199903c15e7c7f6780bd55122b0bb08872de8899,Natural-person respondent; excluded from company matching.,Codex (manual caption/summary review),2026-09-26
james-r-carnes-melissa-c-carnes-james-r-carnes-revocable-trust-melissa-c-carnes-revocable-trust,3,James R. Carnes Revocable Trust,non_entity,listing_caption,ff8de98b4a3c1c24f59da145199903c15e7c7f6780bd55122b0bb08872de8899,Collective/unspecified respondents or non-operating relief/plaintiff entity; excluded from company matching.,Codex (manual caption/summary review),2026-09-26
james-r-carnes-melissa-c-carnes-james-r-carnes-revocable-trust-melissa-c-carnes-revocable-trust,4,Melissa C. Carnes Revocable Trust,non_entity,listing_caption,ff8de98b4a3c1c24f59da145199903c15e7c7f6780bd55122b0bb08872de8899,Collective/unspecified respondents or non-operating relief/plaintiff entity; excluded from company matching.,Codex (manual caption/summary review),2026-09-26
portfolio-recovery-associates-llc,1,"Portfolio Recovery Associates, LLC",company,listing_caption,282e8515e3f4c598e0767ccfef674b628e0d82d02058171b7b594da67c53117a,Named organization in caption; retained aliases denote one party.,Codex (manual caption/summary review),2026-09-26
rmk-financial-corp-majestic-home-loan-mhl,1,RMK Financial Corp. d/b/a Majestic Home Loan or MHL,company,listing_caption,b17429c5b7bbeb832ae41670d1c36a8c63700dce0a472f240109fe3dce6349f9,Named organization in caption; retained aliases denote one party.,Codex (manual caption/summary review),2026-09-26
tmx-finance-llc-2023,1,TMX Finance LLC,company,listing_caption,66d9d8c235c2ee6cd5260b4dd7eeb454d72285d9a011ffcae31c02efa3f1b96d,Named organization in caption; retained aliases denote one party.,Codex (manual caption/summary review),2026-09-26
credit-acceptance-corporation,1,Credit Acceptance Corporation,company,listing_caption,84468b4c53b257ece16f6377fcad8200ad830d6596b8f92e7de79a9781180fc8,Named organization in caption; retained aliases denote one party.,Codex (manual caption/summary review),2026-09-26
servicio-uniteller-inc,1,"Servicio UniTeller, Inc.",company,listing_caption,e9705e6e52f03b6795e44b8acfc9e652549a36fefd376d4784df89649ca4c62e,Named organization in caption; retained aliases denote one party.,Codex (manual caption/summary review),2026-09-26
wells-fargo-bank-na-2022,1,"Wells Fargo Bank, N.A.",company,listing_caption,1c96269e2abed1366ba9ccd0c184c0612c0dd0c1b33fcab19172bf3318787115,Named organization in caption; retained aliases denote one party.,Codex (manual caption/summary review),2026-09-26
carrington-mortgage-services-llc,1,"Carrington Mortgage Services, LLC",company,listing_caption,cae8eb61a090791b63bd51dcb55308e373e66dd7832905fdf13a62c4a4809cd9,Named organization in caption; retained aliases denote one party.,Codex (manual caption/summary review),2026-09-26
active-network-llc,1,"ACTIVE Network, LLC",company,listing_caption,33a888a7084ac15072a04dab57079cd474a5c52cebe85eba54401d25b93db886,Named organization in caption; retained aliases denote one party.,Codex (manual caption/summary review),2026-09-26
choice-money-transfer,1,"Choice Money Transfer, Inc. d/b/a Small World Money Transfer",company,listing_caption,cf381424774f19d9fa151a0d6fd84bfae8f76db891535e3ad7d1e4f4394f8f98,Named organization in caption; retained aliases denote one party.,Codex (manual caption/summary review),2026-09-26
moneylion-technologies-inc-ml-plus-llc-and-other-subsidiaries,1,MoneyLion Technologies Inc.,company,listing_caption,a0f05089bb8b5253b205c221c32c7abd996ee03623b2fef9642b6774d0f690be,Named organization in caption; retained aliases denote one party.,Codex (manual caption/summary review),2026-09-26
moneylion-technologies-inc-ml-plus-llc-and-other-subsidiaries,2,"ML Plus, LLC",company,listing_caption,a0f05089bb8b5253b205c221c32c7abd996ee03623b2fef9642b6774d0f690be,Named organization in caption; retained aliases denote one party.,Codex (manual caption/summary review),2026-09-26
moneylion-technologies-inc-ml-plus-llc-and-other-subsidiaries,3,other subsidiaries,non_entity,listing_caption,a0f05089bb8b5253b205c221c32c7abd996ee03623b2fef9642b6774d0f690be,Collective/unspecified respondents or non-operating relief/plaintiff entity; excluded from company matching.,Codex (manual caption/summary review),2026-09-26
regions-bank_2022,1,Regions Bank,company,listing_caption,8feb41c6ade505427f54394e22def59b08644db108e38f22ced676755229c3f1,Named organization in caption; retained aliases denote one party.,Codex (manual caption/summary review),2026-09-26
hello-digit-llc,1,"Hello Digit, LLC",company,listing_caption,3345f42bfd8f670f8028511c88a07e21a2a2f70e46699620de49a60ef43274ea,Named organization in caption; retained aliases denote one party.,Codex (manual caption/summary review),2026-09-26
us-bank-national-association,1,U.S. Bank National Association,company,listing_caption,00c5948ac066c154af5f1177c918e3e61d0a8b043ff6ec8de329e865bb115d84,Named organization in caption; retained aliases denote one party.,Codex (manual caption/summary review),2026-09-26
trident-mortgage-company-lp,1,"Trident Mortgage Company, LP",company,listing_caption,4bd358d4b141bfa07411a32a3c1e10558e7d8aac4dc81eedf6059ce64bd46056,Named organization in caption; retained aliases denote one party.,Codex (manual caption/summary review),2026-09-26
hyundai-capital-america,1,Hyundai Capital America,company,listing_caption,0028671ddfabd673877c0ffb2e008884d72aea218364567ab99fa2353743d6af,Named organization in caption; retained aliases denote one party.,Codex (manual caption/summary review),2026-09-26
bank-of-america-na-2,1,"Bank of America, N.A.",company,listing_caption,129d8fc75ab61ee987dd078f79b906d7e8bb61b4521fc428db6cd5a41c0755fa,Named organization in caption; retained aliases denote one party.,Codex (manual caption/summary review),2026-09-26
populus-financial-group-inc-d-b-a-ace-cash-express-inc,1,"Populus Financial Group, Inc., d/b/a ACE Cash Express, Inc.",company,listing_caption,f42c47e2b20ee3916b1cc713dd145e4c12e597529b25dc281a13495f29c8da7c,Named organization in caption; retained aliases denote one party.,Codex (manual caption/summary review),2026-09-26
frank-ronald-gebase-jr,1,"Frank Ronald Gebase, Jr.",individual,listing_caption,059b1f10c317c6c4b8c76bfc68b46044c2251611c4f9bb55c1a6dff2cf56e1e2,Natural-person respondent; excluded from company matching.,Codex (manual caption/summary review),2026-09-26
ram-payment-llc-et-al,1,"RAM Payment, LLC, also dba Reliant",company,listing_caption,e0a7011d9e4b18f844d239ad2d2c6c7be2f4c253fa0455aaf0f30c331ed91b0f,Named organization in caption; retained aliases denote one party.,Codex (manual caption/summary review),2026-09-26
ram-payment-llc-et-al,2,"Account Management Systems, LLC, fka Reliant Account Management",company,listing_caption,e0a7011d9e4b18f844d239ad2d2c6c7be2f4c253fa0455aaf0f30c331ed91b0f,Named organization in caption; retained aliases denote one party.,Codex (manual caption/summary review),2026-09-26
ram-payment-llc-et-al,3,Gregory Winters,individual,listing_caption,e0a7011d9e4b18f844d239ad2d2c6c7be2f4c253fa0455aaf0f30c331ed91b0f,Natural-person respondent; excluded from company matching.,Codex (manual caption/summary review),2026-09-26
ram-payment-llc-et-al,4,Stephen Chaya,individual,listing_caption,e0a7011d9e4b18f844d239ad2d2c6c7be2f4c253fa0455aaf0f30c331ed91b0f,Natural-person respondent; excluded from company matching.,Codex (manual caption/summary review),2026-09-26
bank-of-america-na,1,"Bank of America, N.A.",company,listing_caption,129d8fc75ab61ee987dd078f79b906d7e8bb61b4521fc428db6cd5a41c0755fa,Named organization in caption; retained aliases denote one party.,Codex (manual caption/summary review),2026-09-26
moneygram-international-inc-and-moneygram-payment-systems-inc,1,"MoneyGram International, Inc.",company,listing_caption,2c9190f5dabac431d63b0cad351a504018deca08e24e801fbc60ebcb5a51b732,Named organization in caption; retained aliases denote one party.,Codex (manual caption/summary review),2026-09-26
moneygram-international-inc-and-moneygram-payment-systems-inc,2,"MoneyGram Payment Systems, Inc.",company,listing_caption,2c9190f5dabac431d63b0cad351a504018deca08e24e801fbc60ebcb5a51b732,Named organization in caption; retained aliases denote one party.,Codex (manual caption/summary review),2026-09-26
transunion-et-al,1,TransUnion,company,listing_caption,64d1bbf87c2feb0f38e48a2953aa635a91a19298ba753eeafe10518fd117eac5,Named organization in caption; retained aliases denote one party.,Codex (manual caption/summary review),2026-09-26
transunion-et-al,2,"Trans Union, LLC",company,listing_caption,64d1bbf87c2feb0f38e48a2953aa635a91a19298ba753eeafe10518fd117eac5,Named organization in caption; retained aliases denote one party.,Codex (manual caption/summary review),2026-09-26
transunion-et-al,3,"TransUnion Interactive, Inc.",company,listing_caption,64d1bbf87c2feb0f38e48a2953aa635a91a19298ba753eeafe10518fd117eac5,Named organization in caption; retained aliases denote one party.,Codex (manual caption/summary review),2026-09-26
transunion-et-al,4,John T. Danaher,individual,listing_caption,64d1bbf87c2feb0f38e48a2953aa635a91a19298ba753eeafe10518fd117eac5,Natural-person respondent; excluded from company matching.,Codex (manual caption/summary review),2026-09-26
edfinancial-services,1,Edfinancial Services,company,listing_caption,6dd1ec59efbb08f70679588a9b8b49752bf6475c10996e8c767fdf92a450a634,Named organization in caption; retained aliases denote one party.,Codex (manual caption/summary review),2026-09-26
craig-manseth-jacob-adamo-darren-turco-united-debt-holding-llc-jtm-capital-management-llc-and-united-holdings-group-llc,1,Craig Manseth,individual,listing_caption,6770997f895f1d27327b313f671a17c722eece293915d1302a3ba628dc2e2af0,Natural-person respondent; excluded from company matching.,Codex (manual caption/summary review),2026-09-26
craig-manseth-jacob-adamo-darren-turco-united-debt-holding-llc-jtm-capital-management-llc-and-united-holdings-group-llc,2,Jacob Adamo,individual,listing_caption,6770997f895f1d27327b313f671a17c722eece293915d1302a3ba628dc2e2af0,Natural-person respondent; excluded from company matching.,Codex (manual caption/summary review),2026-09-26
craig-manseth-jacob-adamo-darren-turco-united-debt-holding-llc-jtm-capital-management-llc-and-united-holdings-group-llc,3,Darren Turco,individual,listing_caption,6770997f895f1d27327b313f671a17c722eece293915d1302a3ba628dc2e2af0,Natural-person respondent; excluded from company matching.,Codex (manual caption/summary review),2026-09-26
craig-manseth-jacob-adamo-darren-turco-united-debt-holding-llc-jtm-capital-management-llc-and-united-holdings-group-llc,4,United Debt Holding LLC,company,listing_caption,6770997f895f1d27327b313f671a17c722eece293915d1302a3ba628dc2e2af0,Named organization in caption; retained aliases denote one party.,Codex (manual caption/summary review),2026-09-26
craig-manseth-jacob-adamo-darren-turco-united-debt-holding-llc-jtm-capital-management-llc-and-united-holdings-group-llc,5,"JTM Capital Management, LLC",company,listing_caption,6770997f895f1d27327b313f671a17c722eece293915d1302a3ba628dc2e2af0,Named organization in caption; retained aliases denote one party.,Codex (manual caption/summary review),2026-09-26
craig-manseth-jacob-adamo-darren-turco-united-debt-holding-llc-jtm-capital-management-llc-and-united-holdings-group-llc,6,"United Holdings Group, LLC",company,listing_caption,6770997f895f1d27327b313f671a17c722eece293915d1302a3ba628dc2e2af0,Named organization in caption; retained aliases denote one party.,Codex (manual caption/summary review),2026-09-26
firstcash-inc-and-cash-america-west-inc,1,"FirstCash, Inc.",company,listing_caption,32c21449fa422e2bd8e7825feb9a49932c70c30299b534a8090dee8da645150d,Named organization in caption; retained aliases denote one party.,Codex (manual caption/summary review),2026-09-26
firstcash-inc-and-cash-america-west-inc,2,"Cash America West, Inc.",company,listing_caption,32c21449fa422e2bd8e7825feb9a49932c70c30299b534a8090dee8da645150d,Named organization in caption; retained aliases denote one party.,Codex (manual caption/summary review),2026-09-26
firstcash-inc-and-cash-america-west-inc,3,First Cash Subsidiaries,non_entity,listing_caption,32c21449fa422e2bd8e7825feb9a49932c70c30299b534a8090dee8da645150d,Collective/unspecified respondents or non-operating relief/plaintiff entity; excluded from company matching.,Codex (manual caption/summary review),2026-09-26
trustmark-national-bank,1,Trustmark National Bank,company,listing_caption,e8f72668bf78a40fc6722351d05256ecebe0569f253e6746f2876f82d4ebd41d,Named organization in caption; retained aliases denote one party.,Codex (manual caption/summary review),2026-09-26
jpay-llc,1,"JPay, LLC",company,listing_caption,6f213f50df0de3ef97f1910f0c829559e671ebfaee2437525edaf5b2f4b1016a,Named organization in caption; retained aliases denote one party.,Codex (manual caption/summary review),2026-09-26
american-advisors-group-2,1,American Advisors Group,company,listing_caption,507cfb46d88a3b44b6c70324ad696a8eb93dd87e0f3ac0731aeba54bd4ef8bbc,Named organization in caption; retained aliases denote one party.,Codex (manual caption/summary review),2026-09-26
daniel-a-rosen-inc-dba-credit-repair-cloud-and-daniel-rosen,1,"Daniel A. Rosen, Inc., d/b/a Credit Repair Cloud",company,listing_caption,1358c7b0ff6cdf565d6350352b9a49a598bf29094664e36783dfae1406829bff,Named organization in caption; retained aliases denote one party.,Codex (manual caption/summary review),2026-09-26
daniel-a-rosen-inc-dba-credit-repair-cloud-and-daniel-rosen,2,Daniel Rosen,individual,listing_caption,1358c7b0ff6cdf565d6350352b9a49a598bf29094664e36783dfae1406829bff,Natural-person respondent; excluded from company matching.,Codex (manual caption/summary review),2026-09-26
lendup-loans-llc-2,1,"LendUp Loans, LLC",company,listing_caption,30fe08d608e07bd47853985b8792211b90b7f01c1480e09b9a9f7e2477aa4962,Named organization in caption; retained aliases denote one party.,Codex (manual caption/summary review),2026-09-26
better-future-forward-inc,1,"Better Future Forward, Inc.",company,detail_heading,05a40442e3293f292870ebc349ec841ae59f7865b08decbead04a583ecd8c15d,Named organization in caption; retained aliases denote one party.,Codex (manual caption/summary review),2026-09-26
better-future-forward-inc,2,"Better Future Forward Manager, LLC",company,detail_heading,05a40442e3293f292870ebc349ec841ae59f7865b08decbead04a583ecd8c15d,Named organization in caption; retained aliases denote one party.,Codex (manual caption/summary review),2026-09-26
better-future-forward-inc,3,"Better Future Forward Opportunity ISA Fund (CP1), LLC",company,detail_heading,05a40442e3293f292870ebc349ec841ae59f7865b08decbead04a583ecd8c15d,Named organization in caption; retained aliases denote one party.,Codex (manual caption/summary review),2026-09-26
better-future-forward-inc,4,"Better Future Forward Opportunity ISA Fund (CH1), LLC",company,detail_heading,05a40442e3293f292870ebc349ec841ae59f7865b08decbead04a583ecd8c15d,Named organization in caption; retained aliases denote one party.,Codex (manual caption/summary review),2026-09-26
greensky-llc,1,"GreenSky, LLC",company,listing_caption,724579b8f9c26a82bd77a04dec5ef5cad29307d7cd9b5b60b61136f2d26a4f9e,Named organization in caption; retained aliases denote one party.,Codex (manual caption/summary review),2026-09-26
burlington-financial-group-llc-richard-burnham-katherine-burnham-sang-yi,1,"Burlington Financial Group, LLC",company,listing_caption,4fb8210da1aaf9f8f48eb9daa2c8ee1625f7088ceb2f4baf98c2fc1c55ecc8b7,Named organization in caption; retained aliases denote one party.,Codex (manual caption/summary review),2026-09-26
burlington-financial-group-llc-richard-burnham-katherine-burnham-sang-yi,2,Richard Burnham,individual,listing_caption,4fb8210da1aaf9f8f48eb9daa2c8ee1625f7088ceb2f4baf98c2fc1c55ecc8b7,Natural-person respondent; excluded from company matching.,Codex (manual caption/summary review),2026-09-26
burlington-financial-group-llc-richard-burnham-katherine-burnham-sang-yi,3,Katherine Burnham,individual,listing_caption,4fb8210da1aaf9f8f48eb9daa2c8ee1625f7088ceb2f4baf98c2fc1c55ecc8b7,Natural-person respondent; excluded from company matching.,Codex (manual caption/summary review),2026-09-26
burlington-financial-group-llc-richard-burnham-katherine-burnham-sang-yi,4,Sang Yi,individual,listing_caption,4fb8210da1aaf9f8f48eb9daa2c8ee1625f7088ceb2f4baf98c2fc1c55ecc8b7,Natural-person respondent; excluded from company matching.,Codex (manual caption/summary review),2026-09-26
3rd-generation-inc-dba-california-auto-finance,1,"3rd Generation, Inc. d/b/a California Auto Finance",company,listing_caption,131929fd95911dfe5b2eddfe1baecc2d33f410cc5742dba453565d88ecd517fb,Named organization in caption; retained aliases denote one party.,Codex (manual caption/summary review),2026-09-26
nationwide-equities-corporation,1,Nationwide Equities Corporation,company,listing_caption,cd4babf50eb90eb44755cb1e6b3bc5593ccda6c4826ed84572a6515438ee4270,Named organization in caption; retained aliases denote one party.,Codex (manual caption/summary review),2026-09-26
douglas-mackinnon-amy-mackinnon-mary-kate-mackinnon-and-matthew-mackinnon,1,Douglas MacKinnon,individual,listing_caption,8f90b9638bbcfa09c2ae9ea70d8a4bc99904d87d3be84af736b15d72a28e3825,Natural-person respondent; excluded from company matching.,Codex (manual caption/summary review),2026-09-26
douglas-mackinnon-amy-mackinnon-mary-kate-mackinnon-and-matthew-mackinnon,2,Amy MacKinnon,individual,listing_caption,8f90b9638bbcfa09c2ae9ea70d8a4bc99904d87d3be84af736b15d72a28e3825,Natural-person respondent; excluded from company matching.,Codex (manual caption/summary review),2026-09-26
douglas-mackinnon-amy-mackinnon-mary-kate-mackinnon-and-matthew-mackinnon,3,Mary-Kate MacKinnon,individual,listing_caption,8f90b9638bbcfa09c2ae9ea70d8a4bc99904d87d3be84af736b15d72a28e3825,Natural-person respondent; excluded from company matching.,Codex (manual caption/summary review),2026-09-26
douglas-mackinnon-amy-mackinnon-mary-kate-mackinnon-and-matthew-mackinnon,4,Matthew MacKinnon,individual,listing_caption,8f90b9638bbcfa09c2ae9ea70d8a4bc99904d87d3be84af736b15d72a28e3825,Natural-person respondent; excluded from company matching.,Codex (manual caption/summary review),2026-09-26
settleit-inc,1,"SettleIt, Inc.",company,listing_caption,457f1173854958a39fd79e724553919e008d6cf86d483abb0ac65826d9382462,Named organization in caption; retained aliases denote one party.,Codex (manual caption/summary review),2026-09-26
yorba-capital-management-llc-and-daniel-portilla-jr,1,"Yorba Capital Management, LLC",company,listing_caption,a9fe1653ba1ad7056b2e57a0b19e2980d2db32bd3ad9d2dcde610ffecfdc6891,Named organization in caption; retained aliases denote one party.,Codex (manual caption/summary review),2026-09-26
yorba-capital-management-llc-and-daniel-portilla-jr,2,"Daniel Portilla, Jr.",individual,listing_caption,a9fe1653ba1ad7056b2e57a0b19e2980d2db32bd3ad9d2dcde610ffecfdc6891,Natural-person respondent; excluded from company matching.,Codex (manual caption/summary review),2026-09-26
student-loan-pro-judith-noh-syed-faisal-gilani-and-fnza-marketing-llc,1,Student Loan Pro,company,listing_caption,d5964d2f3f7e558fa5c7c3a82d2bdedfd6594da7f3c4d9c716c12d264d538506,Named organization in caption; retained aliases denote one party.,Codex (manual caption/summary review),2026-09-26
student-loan-pro-judith-noh-syed-faisal-gilani-and-fnza-marketing-llc,2,Judith Noh,individual,listing_caption,d5964d2f3f7e558fa5c7c3a82d2bdedfd6594da7f3c4d9c716c12d264d538506,Natural-person respondent; excluded from company matching.,Codex (manual caption/summary review),2026-09-26
student-loan-pro-judith-noh-syed-faisal-gilani-and-fnza-marketing-llc,3,Syed Faisal Gilani,individual,listing_caption,d5964d2f3f7e558fa5c7c3a82d2bdedfd6594da7f3c4d9c716c12d264d538506,Natural-person respondent; excluded from company matching.,Codex (manual caption/summary review),2026-09-26
student-loan-pro-judith-noh-syed-faisal-gilani-and-fnza-marketing-llc,4,"FNZA Marketing, LLC",company,listing_caption,d5964d2f3f7e558fa5c7c3a82d2bdedfd6594da7f3c4d9c716c12d264d538506,Named organization in caption; retained aliases denote one party.,Codex (manual caption/summary review),2026-09-26
brightspeed-solutions-inc-and-kevin-howard,1,"BrightSpeed Solutions, Inc.",company,listing_caption,1b5c394cb31c85335722d35168c85de6417713762b3b244b209e346884d3bdb4,Named organization in caption; retained aliases denote one party.,Codex (manual caption/summary review),2026-09-26
brightspeed-solutions-inc-and-kevin-howard,2,Kevin Howard,individual,listing_caption,1b5c394cb31c85335722d35168c85de6417713762b3b244b209e346884d3bdb4,Natural-person respondent; excluded from company matching.,Codex (manual caption/summary review),2026-09-26
nexus-services-inc-et-al,1,"Nexus Services, Inc.",company,listing_caption,632d265286c770d526bdbe7526acdc5475419fa69fefdd633b8bfd6d48c4361e,Named organization in caption; retained aliases denote one party.,Codex (manual caption/summary review),2026-09-26
nexus-services-inc-et-al,2,"Libre by Nexus, Inc.",company,listing_caption,632d265286c770d526bdbe7526acdc5475419fa69fefdd633b8bfd6d48c4361e,Named organization in caption; retained aliases denote one party.,Codex (manual caption/summary review),2026-09-26
nexus-services-inc-et-al,3,Micheal Donovan,individual,listing_caption,632d265286c770d526bdbe7526acdc5475419fa69fefdd633b8bfd6d48c4361e,Natural-person respondent; excluded from company matching.,Codex (manual caption/summary review),2026-09-26
nexus-services-inc-et-al,4,Richard Moore,individual,listing_caption,632d265286c770d526bdbe7526acdc5475419fa69fefdd633b8bfd6d48c4361e,Natural-person respondent; excluded from company matching.,Codex (manual caption/summary review),2026-09-26
nexus-services-inc-et-al,5,Evan Ajin,individual,listing_caption,632d265286c770d526bdbe7526acdc5475419fa69fefdd633b8bfd6d48c4361e,Natural-person respondent; excluded from company matching.,Codex (manual caption/summary review),2026-09-26
1st-alliance-lending-llc-et-al,1,"1st Alliance Lending, LLC",company,listing_caption,c72d25e5e57356f453cfc6e3e0a68fc683ef9aa65619dee52d90f28228717b4a,Named organization in caption; retained aliases denote one party.,Codex (manual caption/summary review),2026-09-26
1st-alliance-lending-llc-et-al,2,John Christopher DiIorio,individual,listing_caption,c72d25e5e57356f453cfc6e3e0a68fc683ef9aa65619dee52d90f28228717b4a,Natural-person respondent; excluded from company matching.,Codex (manual caption/summary review),2026-09-26
1st-alliance-lending-llc-et-al,3,Kevin Robert St. Lawrence,individual,listing_caption,c72d25e5e57356f453cfc6e3e0a68fc683ef9aa65619dee52d90f28228717b4a,Natural-person respondent; excluded from company matching.,Codex (manual caption/summary review),2026-09-26
1st-alliance-lending-llc-et-al,4,Socrates Aramburu,individual,listing_caption,c72d25e5e57356f453cfc6e3e0a68fc683ef9aa65619dee52d90f28228717b4a,Natural-person respondent; excluded from company matching.,Codex (manual caption/summary review),2026-09-26
omni-financial-of-nevada-inc,1,"Omni Financial of Nevada, Inc.",company,listing_caption,57556b9f39f2105fca7075fce28aa0cfe3f0482bc1779957518df7973bbe9aed,Named organization in caption; retained aliases denote one party.,Codex (manual caption/summary review),2026-09-26
santander-consumer-usa-inc-2020,1,Santander Consumer USA Inc.,company,listing_caption,b20504c79efa9508acd1db54cc99ddee72c8705950022cf1f6efd6d40fb999d7,Named organization in caption; retained aliases denote one party.,Codex (manual caption/summary review),2026-09-26
discover-bank-the-student-loan-corporation-and-discover-products-inc,1,Discover Bank,company,listing_caption,d0bde5f1281ed7a76a976dbefd27bc0cb4266e894a388a90434bf7a05f1897a5,Named organization in caption; retained aliases denote one party.,Codex (manual caption/summary review),2026-09-26
discover-bank-the-student-loan-corporation-and-discover-products-inc,2,The Student Loan Corporation,company,listing_caption,d0bde5f1281ed7a76a976dbefd27bc0cb4266e894a388a90434bf7a05f1897a5,Named organization in caption; retained aliases denote one party.,Codex (manual caption/summary review),2026-09-26
discover-bank-the-student-loan-corporation-and-discover-products-inc,3,"Discover Products, Inc.",company,listing_caption,d0bde5f1281ed7a76a976dbefd27bc0cb4266e894a388a90434bf7a05f1897a5,Named organization in caption; retained aliases denote one party.,Codex (manual caption/summary review),2026-09-26
envios-de-valores-la-nacional-corp,1,Envios de Valores La Nacional Corp.,company,listing_caption,5263c5b30274d206ef574d153d744de7fc36b13cc70107b3f032e6786dc6e1a9,Named organization in caption; retained aliases denote one party.,Codex (manual caption/summary review),2026-09-26
seterus-inc,1,"Seterus, Inc.",company,listing_caption,3f484dd906b3d764994b577157be8c96181ddded9a12affc7efe054424964c1a,Named organization in caption; retained aliases denote one party.,Codex (manual caption/summary review),2026-09-26
seterus-inc,2,"Kyanite Services, Inc.",company,listing_caption,3f484dd906b3d764994b577157be8c96181ddded9a12affc7efe054424964c1a,Named organization in caption; retained aliases denote one party.,Codex (manual caption/summary review),2026-09-26
alder-holdings-llc,1,"Alder Holdings, LLC",company,listing_caption,21dddff3d85f35b3e697ba27a9a74cf8a42609073b1efcc431b13deebec83242,Named organization in caption; retained aliases denote one party.,Codex (manual caption/summary review),2026-09-26
bounceback-inc,1,"BounceBack, Inc.",company,listing_caption,3ea5a41487d49bcf04417d5c14fdb64e9b0d3cf0a783c81b6a954e5b0dd74fce,Named organization in caption; retained aliases denote one party.,Codex (manual caption/summary review),2026-09-26
bounceback-inc,2,Gale Krieg,individual,listing_caption,3ea5a41487d49bcf04417d5c14fdb64e9b0d3cf0a783c81b6a954e5b0dd74fce,Natural-person respondent; excluded from company matching.,Codex (manual caption/summary review),2026-09-26
rab-performance-recoveries-llc,1,"RAB Performance Recoveries, LLC",company,listing_caption,024be132746ba01d8ac7ce9a8fd3121f85e8f7a9530262acedeff37d2a306600,Named organization in caption; retained aliases denote one party.,Codex (manual caption/summary review),2026-09-26
nationstar-mortgage-llc-dba-mr-cooper,1,"Nationstar Mortgage, LLC d/b/a Mr. Cooper",company,listing_caption,c238e98c5c66c7dcaa133970af9db155fb843d874447e2a5bb8560ab6e1ef249,Named organization in caption; retained aliases denote one party.,Codex (manual caption/summary review),2026-09-26
lendup-loans-llc,1,"LendUp Loans, LLC",company,listing_caption,30fe08d608e07bd47853985b8792211b90b7f01c1480e09b9a9f7e2477aa4962,Named organization in caption; retained aliases denote one party.,Codex (manual caption/summary review),2026-09-26
dmb-financial-llc,1,"DMB Financial, LLC",company,listing_caption,e02747edf0a0eb784182921db77b5be0381f39f2e7d623d2b26180ba03609076,Named organization in caption; retained aliases denote one party.,Codex (manual caption/summary review),2026-09-26
fdatr-inc-dean-tucci-and-kenneth-wayne-halverson,1,"FDATR, Inc.",company,listing_caption,1112d6271b44ccd236655f0eeabe411a3e1b01c9b143893d2f10003ee5ef9cfb,Named organization in caption; retained aliases denote one party.,Codex (manual caption/summary review),2026-09-26
fdatr-inc-dean-tucci-and-kenneth-wayne-halverson,2,Dean Tucci,individual,listing_caption,1112d6271b44ccd236655f0eeabe411a3e1b01c9b143893d2f10003ee5ef9cfb,Natural-person respondent; excluded from company matching.,Codex (manual caption/summary review),2026-09-26
fdatr-inc-dean-tucci-and-kenneth-wayne-halverson,3,Kenneth Wayne Halverson,individual,listing_caption,1112d6271b44ccd236655f0eeabe411a3e1b01c9b143893d2f10003ee5ef9cfb,Natural-person respondent; excluded from company matching.,Codex (manual caption/summary review),2026-09-26
us-equity-advantage-inc-and-robert-m-steenbergh,1,"U.S. Equity Advantage, Inc.",company,listing_caption,8acb118862dd89d73089e0fb76e9d07e91d50a01b7ca11903cdd85c1e0c355e0,Named organization in caption; retained aliases denote one party.,Codex (manual caption/summary review),2026-09-26
us-equity-advantage-inc-and-robert-m-steenbergh,2,Robert M. Steenbergh,individual,listing_caption,8acb118862dd89d73089e0fb76e9d07e91d50a01b7ca11903cdd85c1e0c355e0,Natural-person respondent; excluded from company matching.,Codex (manual caption/summary review),2026-09-26
afni-inc,1,"Afni, Inc.",company,listing_caption,5af1774e484b58f71b51d9a694353cff5b75bdd85ef8d2bbfc481cd085ca25a6,Named organization in caption; retained aliases denote one party.,Codex (manual caption/summary review),2026-09-26
performance-slc-llc-performance-settlement-llc-daniel-crenshaw,1,"Performance SLC, LLC",company,listing_caption,3392026d08afb3e209b12d4f0af5b4dc2b2df195e358c74e6ce2261f60720816,Named organization in caption; retained aliases denote one party.,Codex (manual caption/summary review),2026-09-26
performance-slc-llc-performance-settlement-llc-daniel-crenshaw,2,"Performance Settlement, LLC",company,listing_caption,3392026d08afb3e209b12d4f0af5b4dc2b2df195e358c74e6ce2261f60720816,Named organization in caption; retained aliases denote one party.,Codex (manual caption/summary review),2026-09-26
performance-slc-llc-performance-settlement-llc-daniel-crenshaw,3,Daniel Crenshaw,individual,listing_caption,3392026d08afb3e209b12d4f0af5b4dc2b2df195e358c74e6ce2261f60720816,Natural-person respondent; excluded from company matching.,Codex (manual caption/summary review),2026-09-26
driver-loan-llc-angelo-jose-sarjeant,1,"Driver Loan, LLC",company,listing_caption,5c04c208e6b485ec91471401404568d79efe1dd10104959b22a9fea6b3ac04f2,Named organization in caption; retained aliases denote one party.,Codex (manual caption/summary review),2026-09-26
driver-loan-llc-angelo-jose-sarjeant,2,Angelo Jose Sarjeant,individual,listing_caption,5c04c208e6b485ec91471401404568d79efe1dd10104959b22a9fea6b3ac04f2,Natural-person respondent; excluded from company matching.,Codex (manual caption/summary review),2026-09-26
smart-payment-plan-llc,1,"SMART Payment Plan, LLC",company,listing_caption,c90e0eb0a6a3371904c2d36489657eaa81264aa8bb8965d4419c503b864433b1,Named organization in caption; retained aliases denote one party.,Codex (manual caption/summary review),2026-09-26
washington-federal-na,1,"Washington Federal Bank, N.A.",company,listing_caption,c8e35028492c07cdcaa06daee52d4e9ff2553ac36b33cfb4d09c1dcd29545278,Named organization in caption; retained aliases denote one party.,Codex (manual caption/summary review),2026-09-26
low-va-rates-llc,1,"Low VA Rates, LLC",company,listing_caption,fb56edfb423a772b80fd169a583b9d20616dcefabc16b7b86b33f7df82a2fb2a,Named organization in caption; retained aliases denote one party.,Codex (manual caption/summary review),2026-09-26
nissan-motor-acceptance-corporation,1,Nissan Motor Acceptance Corporation,company,listing_caption,c38c1ef8a1d1cd90d8fd40e79d319b182a7f493e75057531f231cc9292f88a1f,Named organization in caption; retained aliases denote one party.,Codex (manual caption/summary review),2026-09-26
lobel-financial-corporation,1,Lobel Financial Corporation,company,listing_caption,374cf0f7826599f3fa2de5f06838be3399f21ab810559432e6a8f3b8bba00e4c,Named organization in caption; retained aliases denote one party.,Codex (manual caption/summary review),2026-09-26
peaks-trust,1,PEAKS Trust 2009-1,company,listing_caption,680f724d688fb151272f65196b1d62dfac569d9c59e4a47d57d037070fa771dd,Named organization in caption; retained aliases denote one party.,Codex (manual caption/summary review),2026-09-26
peaks-trust,2,et al.,non_entity,listing_caption,680f724d688fb151272f65196b1d62dfac569d9c59e4a47d57d037070fa771dd,Collective/unspecified respondents or non-operating relief/plaintiff entity; excluded from company matching.,Codex (manual caption/summary review),2026-09-26
clearpath-lending-inc,1,"ClearPath Lending, Inc.",company,listing_caption,fb9fbb027c0c94a7b2f444c783f5a047b6f13df13189f34a79765f4bc9c4e627,Named organization in caption; retained aliases denote one party.,Codex (manual caption/summary review),2026-09-26
encore-capital-group-et-al,1,Encore Capital Group,company,listing_caption,f8e861b93f67114483709ad45ebe1f9b880f13048ef4d9306063c6ce6ea04962,Named organization in caption; retained aliases denote one party.,Codex (manual caption/summary review),2026-09-26
encore-capital-group-et-al,2,Midland Funding,company,listing_caption,f8e861b93f67114483709ad45ebe1f9b880f13048ef4d9306063c6ce6ea04962,Named organization in caption; retained aliases denote one party.,Codex (manual caption/summary review),2026-09-26
encore-capital-group-et-al,3,Midland Credit Management,company,listing_caption,f8e861b93f67114483709ad45ebe1f9b880f13048ef4d9306063c6ce6ea04962,Named organization in caption; retained aliases denote one party.,Codex (manual caption/summary review),2026-09-26
encore-capital-group-et-al,4,Asset Acceptance Capital Corp.,company,listing_caption,f8e861b93f67114483709ad45ebe1f9b880f13048ef4d9306063c6ce6ea04962,Named organization in caption; retained aliases denote one party.,Codex (manual caption/summary review),2026-09-26
jpl-recovery-solutions-llc-et-al,1,"JPL Recovery Solutions, LLC",company,detail_heading,471a09f766aa0e5c3f59c53f5248d9843eed8ecfbde29abe680292922231cd1b,Named organization in caption; retained aliases denote one party.,Codex (manual caption/summary review),2026-09-26
jpl-recovery-solutions-llc-et-al,2,"Check Security Associates, LLC (dba Warner Location Services, Pinnacle Location Services, and Orchard Payment Processing Systems)",company,detail_heading,471a09f766aa0e5c3f59c53f5248d9843eed8ecfbde29abe680292922231cd1b,Named organization in caption; retained aliases denote one party.,Codex (manual caption/summary review),2026-09-26
jpl-recovery-solutions-llc-et-al,3,ROC Asset Solutions LLC (dba API Recovery Solutions and Northern Information Services),company,detail_heading,471a09f766aa0e5c3f59c53f5248d9843eed8ecfbde29abe680292922231cd1b,Named organization in caption; retained aliases denote one party.,Codex (manual caption/summary review),2026-09-26
jpl-recovery-solutions-llc-et-al,4,Regency One Capital LLC,company,detail_heading,471a09f766aa0e5c3f59c53f5248d9843eed8ecfbde29abe680292922231cd1b,Named organization in caption; retained aliases denote one party.,Codex (manual caption/summary review),2026-09-26
jpl-recovery-solutions-llc-et-al,5,"Keystone Recovery Group, LLC",company,detail_heading,471a09f766aa0e5c3f59c53f5248d9843eed8ecfbde29abe680292922231cd1b,Named organization in caption; retained aliases denote one party.,Codex (manual caption/summary review),2026-09-26
jpl-recovery-solutions-llc-et-al,6,"Bluestreet Asset Partners, Inc.",company,detail_heading,471a09f766aa0e5c3f59c53f5248d9843eed8ecfbde29abe680292922231cd1b,Named organization in caption; retained aliases denote one party.,Codex (manual caption/summary review),2026-09-26
jpl-recovery-solutions-llc-et-al,7,Christopher L. Di Re,individual,detail_heading,471a09f766aa0e5c3f59c53f5248d9843eed8ecfbde29abe680292922231cd1b,Natural-person respondent; excluded from company matching.,Codex (manual caption/summary review),2026-09-26
jpl-recovery-solutions-llc-et-al,8,Scott A. Croce,individual,detail_heading,471a09f766aa0e5c3f59c53f5248d9843eed8ecfbde29abe680292922231cd1b,Natural-person respondent; excluded from company matching.,Codex (manual caption/summary review),2026-09-26
jpl-recovery-solutions-llc-et-al,9,Brian J. Koziel,individual,detail_heading,471a09f766aa0e5c3f59c53f5248d9843eed8ecfbde29abe680292922231cd1b,Natural-person respondent; excluded from company matching.,Codex (manual caption/summary review),2026-09-26
jpl-recovery-solutions-llc-et-al,10,Marc D. Gracie,individual,detail_heading,471a09f766aa0e5c3f59c53f5248d9843eed8ecfbde29abe680292922231cd1b,Natural-person respondent; excluded from company matching.,Codex (manual caption/summary review),2026-09-26
jpl-recovery-solutions-llc-et-al,11,Susan A. Croce,individual,detail_heading,471a09f766aa0e5c3f59c53f5248d9843eed8ecfbde29abe680292922231cd1b,Natural-person respondent; excluded from company matching.,Codex (manual caption/summary review),2026-09-26
accelerate-mortgage-llc,1,"Accelerate Mortgage, LLC",company,listing_caption,42a64be27f20cf2931a45894d50c575bf32bb70e69a42074c0bb4591d676715d,Named organization in caption; retained aliases denote one party.,Codex (manual caption/summary review),2026-09-26
service-1st-mortgage-inc,1,"Service 1st Mortgage, Inc.",company,listing_caption,a2f2ef287bc156b1e57f49c43450cb988dbf0e1cce40ee72fbba8d52f765db22,Named organization in caption; retained aliases denote one party.,Codex (manual caption/summary review),2026-09-26
hypotec-inc,1,"Hypotec, Inc.",company,listing_caption,546c670f7e6a32b7ed7fab4b70c0e6eddf05b994ddca8efae496694ea002cabe,Named organization in caption; retained aliases denote one party.,Codex (manual caption/summary review),2026-09-26
sigue-corporation-sgs-corporation-groupex-corporation,1,Sigue Corporation,company,listing_caption,6be3b3a071ab4628f266c210b16397eac97786584d990f86d8b64171edd824d0,Named organization in caption; retained aliases denote one party.,Codex (manual caption/summary review),2026-09-26
sigue-corporation-sgs-corporation-groupex-corporation,2,SGS Corporation,company,listing_caption,6be3b3a071ab4628f266c210b16397eac97786584d990f86d8b64171edd824d0,Named organization in caption; retained aliases denote one party.,Codex (manual caption/summary review),2026-09-26
sigue-corporation-sgs-corporation-groupex-corporation,3,GroupEx Corporation,company,listing_caption,6be3b3a071ab4628f266c210b16397eac97786584d990f86d8b64171edd824d0,Named organization in caption; retained aliases denote one party.,Codex (manual caption/summary review),2026-09-26
trans-fast-remittance-llc,1,Trans-Fast Remittance LLC,company,listing_caption,111de82dd9042691d94f5fa5124b794063f8ed10eabf9ce589616a92836acdea,Named organization in caption; retained aliases denote one party.,Codex (manual caption/summary review),2026-09-26
phloans,1,"PHLoans.com, Inc.",company,listing_caption,bef6a5861abd24fb83793dad6573ff43044fc70e7bf6e1eb2d577c2e2ddc9405,Named organization in caption; retained aliases denote one party.,Codex (manual caption/summary review),2026-09-26
go-direct-lenders-inc,1,"Go Direct Lenders, Inc.",company,listing_caption,5d61484ff1424352c1d4aa80acb7a9993820eaeddb43d4534d4b34b35a574c40,Named organization in caption; retained aliases denote one party.,Codex (manual caption/summary review),2026-09-26
td-bank-na,1,"TD Bank, N.A.",company,listing_caption,e3d0d5acda8e1040820b77962b6fb20b358c02def024f280b15697635b7d1674,Named organization in caption; retained aliases denote one party.,Codex (manual caption/summary review),2026-09-26
prime-choice-funding-inc,1,"Prime Choice Funding, Inc.",company,listing_caption,418fdf83dc17471d0c1cb914e877e7c3e0deb2f4e4e6e87c1be75e7d97c28fa6,Named organization in caption; retained aliases denote one party.,Codex (manual caption/summary review),2026-09-26
sovereign-lending-group-inc,1,"Sovereign Lending Group, Inc.",company,listing_caption,a99852df532e627558a0fa020c7a4e277c8b0a366f3e208790f674d7ecbbc0eb,Named organization in caption; retained aliases denote one party.,Codex (manual caption/summary review),2026-09-26
townstone-financial-inc-and-barry-sturner,1,"Townstone Financial, Inc.",company,listing_caption,3f53b914f4bc91fe1f2d52047ee9cb9f4db6a69a5635b66c5a998e3bf3f0a43c,Named organization in caption; retained aliases denote one party.,Codex (manual caption/summary review),2026-09-26
townstone-financial-inc-and-barry-sturner,2,Barry Sturner,individual,listing_caption,3f53b914f4bc91fe1f2d52047ee9cb9f4db6a69a5635b66c5a998e3bf3f0a43c,Natural-person respondent; excluded from company matching.,Codex (manual caption/summary review),2026-09-26
gst-factoring-inc-et-al,1,"GST Factoring, Inc.",company,listing_caption,e19b417d6a608a7e2b1f07ea66f9d16424be8dd70ba2952eea51022726a86a67,Named organization in caption; retained aliases denote one party.,Codex (manual caption/summary review),2026-09-26
gst-factoring-inc-et-al,2,"Champion Marketing Solutions, LLC",company,listing_caption,e19b417d6a608a7e2b1f07ea66f9d16424be8dd70ba2952eea51022726a86a67,Named organization in caption; retained aliases denote one party.,Codex (manual caption/summary review),2026-09-26
gst-factoring-inc-et-al,3,Rick Graff,individual,listing_caption,e19b417d6a608a7e2b1f07ea66f9d16424be8dd70ba2952eea51022726a86a67,Natural-person respondent; excluded from company matching.,Codex (manual caption/summary review),2026-09-26
gst-factoring-inc-et-al,4,Gregory Trimarche,individual,listing_caption,e19b417d6a608a7e2b1f07ea66f9d16424be8dd70ba2952eea51022726a86a67,Natural-person respondent; excluded from company matching.,Codex (manual caption/summary review),2026-09-26
gst-factoring-inc-et-al,5,Scott Freda,individual,listing_caption,e19b417d6a608a7e2b1f07ea66f9d16424be8dd70ba2952eea51022726a86a67,Natural-person respondent; excluded from company matching.,Codex (manual caption/summary review),2026-09-26
gst-factoring-inc-et-al,6,Amanda Johanson,individual,listing_caption,e19b417d6a608a7e2b1f07ea66f9d16424be8dd70ba2952eea51022726a86a67,Natural-person respondent; excluded from company matching.,Codex (manual caption/summary review),2026-09-26
gst-factoring-inc-et-al,7,David Mize,individual,listing_caption,e19b417d6a608a7e2b1f07ea66f9d16424be8dd70ba2952eea51022726a86a67,Natural-person respondent; excluded from company matching.,Codex (manual caption/summary review),2026-09-26
gst-factoring-inc-et-al,8,Jacob Slaughter,individual,listing_caption,e19b417d6a608a7e2b1f07ea66f9d16424be8dd70ba2952eea51022726a86a67,Natural-person respondent; excluded from company matching.,Codex (manual caption/summary review),2026-09-26
gst-factoring-inc-et-al,9,Daniel Ruggiero,individual,listing_caption,e19b417d6a608a7e2b1f07ea66f9d16424be8dd70ba2952eea51022726a86a67,Natural-person respondent; excluded from company matching.,Codex (manual caption/summary review),2026-09-26
timemark-et-al,1,"Timemark, Inc.",company,listing_caption,022921170de2664d127ac0bd460b47c0de5837a3ef1333e29262eb466e045bb1,Named organization in caption; retained aliases denote one party.,Codex (manual caption/summary review),2026-09-26
timemark-et-al,2,"Timothy Lenihan, Sr.",individual,listing_caption,022921170de2664d127ac0bd460b47c0de5837a3ef1333e29262eb466e045bb1,Natural-person respondent; excluded from company matching.,Codex (manual caption/summary review),2026-09-26
timemark-et-al,3,Mark Nagler,individual,listing_caption,022921170de2664d127ac0bd460b47c0de5837a3ef1333e29262eb466e045bb1,Natural-person respondent; excluded from company matching.,Codex (manual caption/summary review),2026-09-26
timemark-et-al,4,Casey Gassaway,individual,listing_caption,022921170de2664d127ac0bd460b47c0de5837a3ef1333e29262eb466e045bb1,Natural-person respondent; excluded from company matching.,Codex (manual caption/summary review),2026-09-26
my-loan-doctor-llc-edgar-radjabli,1,My Loan Doctor LLC,company,listing_caption,17b434b66135e31d10ffebb1e9cf6ca7b5b8632d17de57aadf9273631ea7399c,Named organization in caption; retained aliases denote one party.,Codex (manual caption/summary review),2026-09-26
my-loan-doctor-llc-edgar-radjabli,2,Edgar Radjabli,individual,listing_caption,17b434b66135e31d10ffebb1e9cf6ca7b5b8632d17de57aadf9273631ea7399c,Natural-person respondent; excluded from company matching.,Codex (manual caption/summary review),2026-09-26
harbour-portfolio-advisors-llc-et-al,1,"Harbour Portfolio Advisors, LLC",company,listing_caption,9e0a02d5e520f0ced2f57507c974e31d3d62ee1e6f124db2f8017252279036cd,Named organization in caption; retained aliases denote one party.,Codex (manual caption/summary review),2026-09-26
harbour-portfolio-advisors-llc-et-al,2,"National Asset Advisors, LLC",company,listing_caption,9e0a02d5e520f0ced2f57507c974e31d3d62ee1e6f124db2f8017252279036cd,Named organization in caption; retained aliases denote one party.,Codex (manual caption/summary review),2026-09-26
harbour-portfolio-advisors-llc-et-al,3,"National Asset Mortgage, LLC",company,listing_caption,9e0a02d5e520f0ced2f57507c974e31d3d62ee1e6f124db2f8017252279036cd,Named organization in caption; retained aliases denote one party.,Codex (manual caption/summary review),2026-09-26
main-street-et-al,1,"Main Street Personal Finance, Inc.",company,listing_caption,107a6dabe98235dc878ea89c2081f771ead5451d4bee1177182585730b12a4ba,Named organization in caption; retained aliases denote one party.,Codex (manual caption/summary review),2026-09-26
main-street-et-al,2,"ACAC, Inc. d/b/a Approved Cash Advance",company,listing_caption,107a6dabe98235dc878ea89c2081f771ead5451d4bee1177182585730b12a4ba,Named organization in caption; retained aliases denote one party.,Codex (manual caption/summary review),2026-09-26
main-street-et-al,3,"Quik Lend, Inc.",company,listing_caption,107a6dabe98235dc878ea89c2081f771ead5451d4bee1177182585730b12a4ba,Named organization in caption; retained aliases denote one party.,Codex (manual caption/summary review),2026-09-26
commonwealth-equity-group-dba-key-credit-repair-nikitas-tsoukales,1,"Commonwealth Equity Group, LLC (d/b/a Key Credit Repair)",company,listing_caption,9a39d8a8e746bd41280cef432564402520a61cc18e0173842e3a8e6f0b226765,Named organization in caption; retained aliases denote one party.,Codex (manual caption/summary review),2026-09-26
commonwealth-equity-group-dba-key-credit-repair-nikitas-tsoukales,2,Nikitas Tsoukales (a/k/a Nikitas Tsoukalis),individual,listing_caption,9a39d8a8e746bd41280cef432564402520a61cc18e0173842e3a8e6f0b226765,Natural-person respondent; excluded from company matching.,Codex (manual caption/summary review),2026-09-26
specialized-loan-servicing-llc,1,"Specialized Loan Servicing, LLC",company,listing_caption,b626e2c0fa17ff9b540827a3a8b690f92ed9f9095b7e074df40e40e4266002c9,Named organization in caption; retained aliases denote one party.,Codex (manual caption/summary review),2026-09-26
cottonwood-financial-ltd,1,"Cottonwood Financial, Ltd., d/b/a Cash Store",company,listing_caption,25ee447a41f219f456123a2ecb567036864d42dde173e9adfc1e7c760cd15095,Named organization in caption; retained aliases denote one party.,Codex (manual caption/summary review),2026-09-26
fifth-third-bank-national-association,1,"Fifth Third Bank, National Association",company,listing_caption,2307be863424531553630a2fa71124c004e32ce45791ae2d8d777345250b1e8f,Named organization in caption; retained aliases denote one party.,Codex (manual caption/summary review),2026-09-26
candy-kern-fuller-howard-sutter-iii-and-upstate-law-group-llc,1,Candy Kern-Fuller,individual,listing_caption,99529cc19bd736d31ad18c38361309be82bfebf478a581e98e04720114642d06,Natural-person respondent; excluded from company matching.,Codex (manual caption/summary review),2026-09-26
candy-kern-fuller-howard-sutter-iii-and-upstate-law-group-llc,2,Howard Sutter III,individual,listing_caption,99529cc19bd736d31ad18c38361309be82bfebf478a581e98e04720114642d06,Natural-person respondent; excluded from company matching.,Codex (manual caption/summary review),2026-09-26
candy-kern-fuller-howard-sutter-iii-and-upstate-law-group-llc,3,Upstate Law Group LLC,company,listing_caption,99529cc19bd736d31ad18c38361309be82bfebf478a581e98e04720114642d06,Named organization in caption; retained aliases denote one party.,Codex (manual caption/summary review),2026-09-26
citizens-bank,1,"Citizens Bank, N.A.",company,listing_caption,ca9136d952dd297f6f2dd51e755608ce0c6d682a15aedfaa829dadc872194259,Named organization in caption; retained aliases denote one party.,Codex (manual caption/summary review),2026-09-26
monster-loans-lend-tech-loans-and-associated-student-loan-debt-relief-companies,1,Monster Loans,company,detail_heading,c89d28902665bf15aae04c3e5b079a3dc9ceef98e88bc9bca520e4f9d9473ae2,Named organization in caption; retained aliases denote one party.,Codex (manual caption/summary review),2026-09-26
monster-loans-lend-tech-loans-and-associated-student-loan-debt-relief-companies,2,Lend Tech Loans,company,detail_heading,c89d28902665bf15aae04c3e5b079a3dc9ceef98e88bc9bca520e4f9d9473ae2,Named organization in caption; retained aliases denote one party.,Codex (manual caption/summary review),2026-09-26
monster-loans-lend-tech-loans-and-associated-student-loan-debt-relief-companies,3,Associated Student Loan Debt-Relief Companies,non_entity,detail_heading,c89d28902665bf15aae04c3e5b079a3dc9ceef98e88bc9bca520e4f9d9473ae2,Collective/unspecified respondents or non-operating relief/plaintiff entity; excluded from company matching.,Codex (manual caption/summary review),2026-09-26
edmiston-et-al,1,"Edmiston Marketing, LLC d/b/a Easy Military Travel, Brandon Edmiston",company,listing_caption,34a5dba5905acd5653ad4c93e01c61f0ee4068d270a857142813f822c6d92db1,Named organization in caption; retained aliases denote one party.,Codex (manual caption/summary review),2026-09-26
usa-service-finance-llc,1,"USA Service Finance, LLC",company,listing_caption,5ef123dcf7b36ba3f116e0509ed026a08535372ff6df5eca8fe775f722dbe7f8,Named organization in caption; retained aliases denote one party.,Codex (manual caption/summary review),2026-09-26
sterling-infosystems-inc,1,"Sterling Infosystems, Inc.",company,listing_caption,c63dab97fbc42a2db5c028f2d860a385f825c23afa11c257a145590bbcc4de06,Named organization in caption; retained aliases denote one party.,Codex (manual caption/summary review),2026-09-26
premier-student-loan-center-et-al,1,"Consumer Advocacy Center Inc., d/b/a Premier Student Loan Center",company,listing_caption,56b9c2e7b8f6767fc964e7fdce4c73eab10e878d092f5f1814c182a0af8d732b,Named organization in caption; retained aliases denote one party.,Codex (manual caption/summary review),2026-09-26
premier-student-loan-center-et-al,2,"True Count Staffing Inc., d/b/a SL Account Management",company,listing_caption,56b9c2e7b8f6767fc964e7fdce4c73eab10e878d092f5f1814c182a0af8d732b,Named organization in caption; retained aliases denote one party.,Codex (manual caption/summary review),2026-09-26
premier-student-loan-center-et-al,3,"Prime Consulting LLC, d/b/a Financial Preparation Services",company,listing_caption,56b9c2e7b8f6767fc964e7fdce4c73eab10e878d092f5f1814c182a0af8d732b,Named organization in caption; retained aliases denote one party.,Codex (manual caption/summary review),2026-09-26
premier-student-loan-center-et-al,4,Albert Kim,individual,listing_caption,56b9c2e7b8f6767fc964e7fdce4c73eab10e878d092f5f1814c182a0af8d732b,Natural-person respondent; excluded from company matching.,Codex (manual caption/summary review),2026-09-26
premier-student-loan-center-et-al,5,Kaine Wen,individual,listing_caption,56b9c2e7b8f6767fc964e7fdce4c73eab10e878d092f5f1814c182a0af8d732b,Natural-person respondent; excluded from company matching.,Codex (manual caption/summary review),2026-09-26
premier-student-loan-center-et-al,6,Tuong Nguyen,individual,listing_caption,56b9c2e7b8f6767fc964e7fdce4c73eab10e878d092f5f1814c182a0af8d732b,Natural-person respondent; excluded from company matching.,Codex (manual caption/summary review),2026-09-26
snyder-et-al,1,Katharine Snyder,individual,listing_caption,e79e39cb7c68431367b3c204fd5a533f62e04938f81fe4db54bdc0b70eb13dc9,Natural-person respondent; excluded from company matching.,Codex (manual caption/summary review),2026-09-26
snyder-et-al,2,"Performance Arbitrage Company, Inc.",company,listing_caption,e79e39cb7c68431367b3c204fd5a533f62e04938f81fe4db54bdc0b70eb13dc9,Named organization in caption; retained aliases denote one party.,Codex (manual caption/summary review),2026-09-26
snyder-et-al,3,"Life Funding Options, Inc.",company,listing_caption,e79e39cb7c68431367b3c204fd5a533f62e04938f81fe4db54bdc0b70eb13dc9,Named organization in caption; retained aliases denote one party.,Codex (manual caption/summary review),2026-09-26
fco-and-sobota,1,"FCO Holding, Inc.",company,detail_heading,418ee0de597b0be79033a38a0ef2f806c991548b91344211d2d2ec2ca23dba7e,Named organization in caption; retained aliases denote one party.,Codex (manual caption/summary review),2026-09-26
fco-and-sobota,2,"Fair Collections & Outsourcing, Inc.",company,detail_heading,418ee0de597b0be79033a38a0ef2f806c991548b91344211d2d2ec2ca23dba7e,Named organization in caption; retained aliases denote one party.,Codex (manual caption/summary review),2026-09-26
fco-and-sobota,3,"Fair Collections & Outsourcing of New England, Inc.",company,detail_heading,418ee0de597b0be79033a38a0ef2f806c991548b91344211d2d2ec2ca23dba7e,Named organization in caption; retained aliases denote one party.,Codex (manual caption/summary review),2026-09-26
fco-and-sobota,4,"FCO Worldwide, Inc.",company,detail_heading,418ee0de597b0be79033a38a0ef2f806c991548b91344211d2d2ec2ca23dba7e,Named organization in caption; retained aliases denote one party.,Codex (manual caption/summary review),2026-09-26
fco-and-sobota,5,Michael E. Sobota,individual,detail_heading,418ee0de597b0be79033a38a0ef2f806c991548b91344211d2d2ec2ca23dba7e,Natural-person respondent; excluded from company matching.,Codex (manual caption/summary review),2026-09-26
certified-forensic-loan-auditors-llc-andrew-lehman-michael-carrigan,1,"Certified Forensic Loan Auditors, LLC",company,listing_caption,3c10d3a014fc7998a558fb3ef989e25925b5402dcc0869ace204cf4c85c42a95,Named organization in caption; retained aliases denote one party.,Codex (manual caption/summary review),2026-09-26
certified-forensic-loan-auditors-llc-andrew-lehman-michael-carrigan,2,Andrew Lehman,individual,listing_caption,3c10d3a014fc7998a558fb3ef989e25925b5402dcc0869ace204cf4c85c42a95,Natural-person respondent; excluded from company matching.,Codex (manual caption/summary review),2026-09-26
certified-forensic-loan-auditors-llc-andrew-lehman-michael-carrigan,3,Michael Carrigan,individual,listing_caption,3c10d3a014fc7998a558fb3ef989e25925b5402dcc0869ace204cf4c85c42a95,Natural-person respondent; excluded from company matching.,Codex (manual caption/summary review),2026-09-26
asset-recovery-associates-inc,1,"Asset Recovery Associates, Inc.",company,listing_caption,6bf655084eae8c4a81e4394ade9e252689cb10b6025790262fcab7845ea1b42b,Named organization in caption; retained aliases denote one party.,Codex (manual caption/summary review),2026-09-26
maxitransfers-corporation,1,Maxitransfers Corporation,company,listing_caption,005e0a73b14b81e69aa199e47fb8da4355245ed2f22b85af4e71138f583e7ef1,Named organization in caption; retained aliases denote one party.,Codex (manual caption/summary review),2026-09-26
andrew-gamber-voyager-financial-group-llc-baic-inc-sobell-corp,1,Andrew Gamber,individual,listing_caption,928aa46c6f3473e59f31e6af5173ff08563a66de0e03e66679143f4fea4c04ac,Natural-person respondent; excluded from company matching.,Codex (manual caption/summary review),2026-09-26
andrew-gamber-voyager-financial-group-llc-baic-inc-sobell-corp,2,"Voyager Financial Group, LLC",company,listing_caption,928aa46c6f3473e59f31e6af5173ff08563a66de0e03e66679143f4fea4c04ac,Named organization in caption; retained aliases denote one party.,Codex (manual caption/summary review),2026-09-26
andrew-gamber-voyager-financial-group-llc-baic-inc-sobell-corp,3,"BAIC, Inc.",company,listing_caption,928aa46c6f3473e59f31e6af5173ff08563a66de0e03e66679143f4fea4c04ac,Named organization in caption; retained aliases denote one party.,Codex (manual caption/summary review),2026-09-26
andrew-gamber-voyager-financial-group-llc-baic-inc-sobell-corp,4,SoBell Corp,company,listing_caption,928aa46c6f3473e59f31e6af5173ff08563a66de0e03e66679143f4fea4c04ac,Named organization in caption; retained aliases denote one party.,Codex (manual caption/summary review),2026-09-26
equifax-inc,1,"Equifax, Inc.",company,listing_caption,637660c13ede22bcc815ea2b049670bf16dc8f5fa3f7fff11bd224a1ab7bd3bb,Named organization in caption; retained aliases denote one party.,Codex (manual caption/summary review),2026-09-26
student-cu-connect-cuso-llc,1,"Student CU Connect CUSO, LLC",company,listing_caption,7a89829d4c0a4a92a0246173df679581a1c700950417a749541fb48ec9ccb524,Named organization in caption; retained aliases denote one party.,Codex (manual caption/summary review),2026-09-26
freedom-mortgage-corporation,1,Freedom Mortgage Corporation,company,listing_caption,e16ba4a5fa07e8db435068a9dea0f14a89b09dd7993301f9b6f91c4da492006b,Named organization in caption; retained aliases denote one party.,Codex (manual caption/summary review),2026-09-26
servis-one-inc-db-bsi-financial-services,1,"Servis One, Inc., d/b/a BSI Financial Services",company,listing_caption,045a5189b546d1ecb3f8175fae6c5419ed7462081747bfce48e083c36fdd7349,Named organization in caption; retained aliases denote one party.,Codex (manual caption/summary review),2026-09-26
forster-garbus-llp,1,"Forster & Garbus, LLP",company,listing_caption,7d2a2773b6ae3beee3b2cec1058106c9f8b182d1b6dffe87efcfc78edb8d765a,Named organization in caption; retained aliases denote one party.,Codex (manual caption/summary review),2026-09-26
pgx-holdings-inc,1,"Progrexion Marketing, Inc.",company,listing_caption,87cdb4c5e52d97efb7c4e6b8608bd2e15c62dd0c414fa3878c0121af82f2da5c,Named organization in caption; retained aliases denote one party.,Codex (manual caption/summary review),2026-09-26
pgx-holdings-inc,2,"PGX Holdings, Inc.",company,listing_caption,87cdb4c5e52d97efb7c4e6b8608bd2e15c62dd0c414fa3878c0121af82f2da5c,Named organization in caption; retained aliases denote one party.,Codex (manual caption/summary review),2026-09-26
pgx-holdings-inc,3,"Progrexion Teleservices, Inc.",company,listing_caption,87cdb4c5e52d97efb7c4e6b8608bd2e15c62dd0c414fa3878c0121af82f2da5c,Named organization in caption; retained aliases denote one party.,Codex (manual caption/summary review),2026-09-26
pgx-holdings-inc,4,"eFolks, LLC",company,listing_caption,87cdb4c5e52d97efb7c4e6b8608bd2e15c62dd0c414fa3878c0121af82f2da5c,Named organization in caption; retained aliases denote one party.,Codex (manual caption/summary review),2026-09-26
pgx-holdings-inc,5,"CreditRepair.com, Inc.",company,listing_caption,87cdb4c5e52d97efb7c4e6b8608bd2e15c62dd0c414fa3878c0121af82f2da5c,Named organization in caption; retained aliases denote one party.,Codex (manual caption/summary review),2026-09-26
pgx-holdings-inc,6,"John C. Heath, Attorney at Law, PLLC, d/b/a/ Lexington Law",company,listing_caption,87cdb4c5e52d97efb7c4e6b8608bd2e15c62dd0c414fa3878c0121af82f2da5c,Named organization in caption; retained aliases denote one party.,Codex (manual caption/summary review),2026-09-26
conduent-education-services-llc,1,"Conduent Education Services, LLC",company,listing_caption,99c82012bee04b35cd7e9d93a9aa0bce6b842694a347e033cf23c9d24afb8084,Named organization in caption; retained aliases denote one party.,Codex (manual caption/summary review),2026-09-26
cash-tyme,1,Cash Tyme,company,listing_caption,ec0dbe3bcf815726e87f98d27bfdb00bc48cd1ccbeb2c21137a24903633eef2b,Named organization in caption; retained aliases denote one party.,Codex (manual caption/summary review),2026-09-26
enova-international-inc,1,"Enova International, Inc.",company,listing_caption,9c70a51f34bc77611defa03995490142fa4d3945820b68fc96794e0985533d45,Named organization in caption; retained aliases denote one party.,Codex (manual caption/summary review),2026-09-26
mark-corbett,1,Mark Corbett,individual,listing_caption,a8dd9c0477f74903170953de71444fd3c0cfaf5ad37728e7b00000377f246fc7,Natural-person respondent; excluded from company matching.,Codex (manual caption/summary review),2026-09-26
sterling-jewelers-inc,1,"Sterling Jewelers, Inc.",company,listing_caption,652ce0de9c8331bed0baabb197bb488cf69728eecfb425385c9d8f7632452cea,Named organization in caption; retained aliases denote one party.,Codex (manual caption/summary review),2026-09-26
usaa-federal-savings-bank,1,USAA Federal Savings Bank,company,listing_caption,d84e6d91e32fd7eee5dc4daa99b188bc4e0d43d9ec9f9a9c72e16ecf38705cbd,Named organization in caption; retained aliases denote one party.,Codex (manual caption/summary review),2026-09-26
state-farm-bank-fsb,1,"State Farm Bank, FSB",company,listing_caption,9f2ab6ed2ed50e13d26cc0ed9a907422d0081702345a75994d80cf9f935a331b,Named organization in caption; retained aliases denote one party.,Codex (manual caption/summary review),2026-09-26
village-capital-and-investment-llc,1,"Village Capital and Investment, LLC",company,listing_caption,9c77ed16274d431eeb7426225381f962b321507d7b1bbbee0f79cb6868d25c3f,Named organization in caption; retained aliases denote one party.,Codex (manual caption/summary review),2026-09-26
santander-consumer-usa-inc,1,"Santander Consumer USA, Inc.",company,listing_caption,cbd8de0d9be8b97e0886ba351b997990c9e5f22f5659f1de2cafc162e7b3874d,Named organization in caption; retained aliases denote one party.,Codex (manual caption/summary review),2026-09-26
cash-express-llc,1,"Cash Express, LLC",company,listing_caption,d009d992f5d9fe1486f37ad821f10dd9bdd54b161d146893cd9a589cb4f014df,Named organization in caption; retained aliases denote one party.,Codex (manual caption/summary review),2026-09-26
bluestem-brands-inc,1,"Bluestem Brands, Inc.",company,listing_caption,9eb25a5ce576a21f905acc3e88b0df5a2560baee165ca407d568f070ca550ad8,Named organization in caption; retained aliases denote one party.,Codex (manual caption/summary review),2026-09-26
bluestem-brands-inc,2,"Bluestem Enterprises, Inc.",company,listing_caption,9eb25a5ce576a21f905acc3e88b0df5a2560baee165ca407d568f070ca550ad8,Named organization in caption; retained aliases denote one party.,Codex (manual caption/summary review),2026-09-26
bluestem-brands-inc,3,"Bluestem Sales, Inc., also doing business as Fingerhut and Gettington.com",company,listing_caption,9eb25a5ce576a21f905acc3e88b0df5a2560baee165ca407d568f070ca550ad8,Named organization in caption; retained aliases denote one party.,Codex (manual caption/summary review),2026-09-26
future-income-payments-llc,1,"Future Income Payments, LLC",company,listing_caption,63b3478aa838a6c8639563ddabf6f693bc54db887feca24d42f093f149695edc,Named organization in caption; retained aliases denote one party.,Codex (manual caption/summary review),2026-09-26
future-income-payments-llc,2,Scott Kohn,individual,listing_caption,63b3478aa838a6c8639563ddabf6f693bc54db887feca24d42f093f149695edc,Natural-person respondent; excluded from company matching.,Codex (manual caption/summary review),2026-09-26
future-income-payments-llc,3,related entities,non_entity,listing_caption,63b3478aa838a6c8639563ddabf6f693bc54db887feca24d42f093f149695edc,Collective/unspecified respondents or non-operating relief/plaintiff entity; excluded from company matching.,Codex (manual caption/summary review),2026-09-26
triton-management-group-inc,1,"Triton Management Group, Inc.",company,listing_caption,a1e306fc4a1a2eee1ffcd65dba80606af572c26821fd926d05bd15d127731ca3,Named organization in caption; retained aliases denote one party.,Codex (manual caption/summary review),2026-09-26
national-credit-adjusters-llc-and-bradley-hochstein,1,"National Credit Adjusters, LLC",company,listing_caption,3e10b31f7ef02088bd37a490d192e3e7fa035a748745455d049639a620f19321,Named organization in caption; retained aliases denote one party.,Codex (manual caption/summary review),2026-09-26
national-credit-adjusters-llc-and-bradley-hochstein,2,Bradley Hochstein,individual,listing_caption,3e10b31f7ef02088bd37a490d192e3e7fa035a748745455d049639a620f19321,Natural-person respondent; excluded from company matching.,Codex (manual caption/summary review),2026-09-26
citibank-na-2018,1,"Citibank, N.A.",company,listing_caption,0ed56904e2075559297ab826a5883c7350dccaf536fce4d80f6240f716ba59f0,Named organization in caption; retained aliases denote one party.,Codex (manual caption/summary review),2026-09-26
security-group-inc,1,"Security Group, Inc.",company,listing_caption,a1efa4781e7b24a52d3af7db8d63ee8af337edcc579541f20e7421d8b8ac09d8,Named organization in caption; retained aliases denote one party.,Codex (manual caption/summary review),2026-09-26
security-group-inc,2,Security Finance Corporation of Spartanburg,company,listing_caption,a1efa4781e7b24a52d3af7db8d63ee8af337edcc579541f20e7421d8b8ac09d8,Named organization in caption; retained aliases denote one party.,Codex (manual caption/summary review),2026-09-26
security-group-inc,3,Professional Financial Services Corp.,company,listing_caption,a1efa4781e7b24a52d3af7db8d63ee8af337edcc579541f20e7421d8b8ac09d8,Named organization in caption; retained aliases denote one party.,Codex (manual caption/summary review),2026-09-26
security-group-inc,4,et al.,non_entity,listing_caption,a1efa4781e7b24a52d3af7db8d63ee8af337edcc579541f20e7421d8b8ac09d8,Collective/unspecified respondents or non-operating relief/plaintiff entity; excluded from company matching.,Codex (manual caption/summary review),2026-09-26
wells-fargo-bank-na-2018,1,"Wells Fargo Bank, N.A.",company,listing_caption,1c96269e2abed1366ba9ccd0c184c0612c0dd0c1b33fcab19172bf3318787115,Named organization in caption; retained aliases denote one party.,Codex (manual caption/summary review),2026-09-26
citibank-na-student-loan-servicing,1,"Citibank, N.A.",company,listing_caption,0ed56904e2075559297ab826a5883c7350dccaf536fce4d80f6240f716ba59f0,Named organization in caption; retained aliases denote one party.,Codex (manual caption/summary review),2026-09-26
conduent-business-services-llc,1,"Conduent Business Services, LLC",company,listing_caption,da805872f58c1481890bb2baf33fed1e399df919cbba95b37a9a9a928e8805a5,Named organization in caption; retained aliases denote one party.,Codex (manual caption/summary review),2026-09-26
think-finance-llc-formerly-known-think-finance-inc,1,"Think Finance, LLC",company,listing_caption,4b259fa1a7f21e31698b297843c784db34106821d8c3c816d1bdee8c8c812634,Named organization in caption; retained aliases denote one party.,Codex (manual caption/summary review),2026-09-26
freedom-debt-relief-llc-and-andrew-housser,1,"Freedom Debt Relief, LLC",company,listing_caption,247589c275cdc9e1bc01a2468623f22091f565439f3d0026dcf02ee88e5ea9ca,Named organization in caption; retained aliases denote one party.,Codex (manual caption/summary review),2026-09-26
freedom-debt-relief-llc-and-andrew-housser,2,Andrew Housser,individual,listing_caption,247589c275cdc9e1bc01a2468623f22091f565439f3d0026dcf02ee88e5ea9ca,Natural-person respondent; excluded from company matching.,Codex (manual caption/summary review),2026-09-26
tempo-venture-inc-db-culpeper-pawnbroker,1,"Tempo Venture, Inc., d/b/a Culpeper Pawnbroker",company,listing_caption,ae3afaf5cd6398dcfd149f0332d7c6e0648b9bacdba1e3107c51e275b58bab88,Named organization in caption; retained aliases denote one party.,Codex (manual caption/summary review),2026-09-26
federal-debt-assistance-association-llc-financial-document-assistance-administration-inc-clear-solutions-inc-robert-pantoulis-david-piccione-and-vincent-piccione,1,"Federal Debt Assistance Association, LLC",company,listing_caption,b11082f34645c042c6d6640c1f53558a2e3ae129b282ee0513775b69aebc703a,Named organization in caption; retained aliases denote one party.,Codex (manual caption/summary review),2026-09-26
federal-debt-assistance-association-llc-financial-document-assistance-administration-inc-clear-solutions-inc-robert-pantoulis-david-piccione-and-vincent-piccione,2,"Financial Document Assistance Administration, Inc.",company,listing_caption,b11082f34645c042c6d6640c1f53558a2e3ae129b282ee0513775b69aebc703a,Named organization in caption; retained aliases denote one party.,Codex (manual caption/summary review),2026-09-26
federal-debt-assistance-association-llc-financial-document-assistance-administration-inc-clear-solutions-inc-robert-pantoulis-david-piccione-and-vincent-piccione,3,"Clear Solutions, Inc.",company,listing_caption,b11082f34645c042c6d6640c1f53558a2e3ae129b282ee0513775b69aebc703a,Named organization in caption; retained aliases denote one party.,Codex (manual caption/summary review),2026-09-26
federal-debt-assistance-association-llc-financial-document-assistance-administration-inc-clear-solutions-inc-robert-pantoulis-david-piccione-and-vincent-piccione,4,Robert Pantoulis,individual,listing_caption,b11082f34645c042c6d6640c1f53558a2e3ae129b282ee0513775b69aebc703a,Natural-person respondent; excluded from company matching.,Codex (manual caption/summary review),2026-09-26
federal-debt-assistance-association-llc-financial-document-assistance-administration-inc-clear-solutions-inc-robert-pantoulis-david-piccione-and-vincent-piccione,5,David Piccione,individual,listing_caption,b11082f34645c042c6d6640c1f53558a2e3ae129b282ee0513775b69aebc703a,Natural-person respondent; excluded from company matching.,Codex (manual caption/summary review),2026-09-26
federal-debt-assistance-association-llc-financial-document-assistance-administration-inc-clear-solutions-inc-robert-pantoulis-david-piccione-and-vincent-piccione,6,Vincent Piccione,individual,listing_caption,b11082f34645c042c6d6640c1f53558a2e3ae129b282ee0513775b69aebc703a,Natural-person respondent; excluded from company matching.,Codex (manual caption/summary review),2026-09-26
meridian-title-corporation,1,Meridian Title Corporation,company,listing_caption,4bb479def03070f2276db57ebd5607e2fa6883a4d0e9d844171213a029d56b58,Named organization in caption; retained aliases denote one party.,Codex (manual caption/summary review),2026-09-26
top-notch-funding-ii-llc-rory-donadio-and-john-gene-cavalli,1,"Top Notch Funding II, LLC",company,listing_caption,f1e88e510ceb605f090f35daa18afef43a0c0678f95a71251a7d9c04dcaaaf35,Named organization in caption; retained aliases denote one party.,Codex (manual caption/summary review),2026-09-26
top-notch-funding-ii-llc-rory-donadio-and-john-gene-cavalli,2,Rory Donadio,individual,listing_caption,f1e88e510ceb605f090f35daa18afef43a0c0678f95a71251a7d9c04dcaaaf35,Natural-person respondent; excluded from company matching.,Codex (manual caption/summary review),2026-09-26
top-notch-funding-ii-llc-rory-donadio-and-john-gene-cavalli,3,John “Gene” Cavalli,individual,listing_caption,f1e88e510ceb605f090f35daa18afef43a0c0678f95a71251a7d9c04dcaaaf35,Natural-person respondent; excluded from company matching.,Codex (manual caption/summary review),2026-09-26
national-collegiate-student-loan-trusts,1,National Collegiate Student Loan Trusts,company,listing_caption,a2f83dbf7629b389acf76396d2a5033e2c7a421bfd032e212e02ee93bf488786,Named organization in caption; retained aliases denote one party.,Codex (manual caption/summary review),2026-09-26
transworld-systems-inc,1,"Transworld Systems, Inc.",company,listing_caption,148b967401e2882c12fac9df8f7e24d6681eea73ae70edf578516abf01a2f2f4,Named organization in caption; retained aliases denote one party.,Codex (manual caption/summary review),2026-09-26
zero-parallel-llc,1,"Zero Parallel, LLC",company,listing_caption,8a00c41a0ad09f6588bd1835cb5ca20e3e1cd589e8aa39731afde4ecf004e986,Named organization in caption; retained aliases denote one party.,Codex (manual caption/summary review),2026-09-26
american-express-centurion-bank-and-american-express-bank-fsb,1,American Express Centurion Bank,company,listing_caption,a3ae9f0247a898c951ec9dba05f490f5783ea498a8bd42183ba72a7f0bd5e6c7,Named organization in caption; retained aliases denote one party.,Codex (manual caption/summary review),2026-09-26
american-express-centurion-bank-and-american-express-bank-fsb,2,"American Express Bank, FSB",company,listing_caption,a3ae9f0247a898c951ec9dba05f490f5783ea498a8bd42183ba72a7f0bd5e6c7,Named organization in caption; retained aliases denote one party.,Codex (manual caption/summary review),2026-09-26
aequitas-capital-management-inc-et-al,1,"Aequitas Capital Management, Inc.",company,listing_caption,aaea78c475c5b0061cea3649ef25400ce3970686b9a0e94b5fbbf94289763be4,Named organization in caption; retained aliases denote one party.,Codex (manual caption/summary review),2026-09-26
aequitas-capital-management-inc-et-al,2,et al.,non_entity,listing_caption,aaea78c475c5b0061cea3649ef25400ce3970686b9a0e94b5fbbf94289763be4,Collective/unspecified respondents or non-operating relief/plaintiff entity; excluded from company matching.,Codex (manual caption/summary review),2026-09-26
jpmorgan-chase-bank-na,1,"JPMorgan Chase Bank, N.A.",company,listing_caption,d816f19dc16a89a740b4da28e7852b88d160ef1c331876e0807a24c335687333,Named organization in caption; retained aliases denote one party.,Codex (manual caption/summary review),2026-09-26
prime-credit-llc-imc-capital-llc-commercial-credit-consultants-blake-johnson-eric-schlegel-park-view-law-and-arthur-barens,1,"Prime Credit, L.L.C.",company,listing_caption,9263801d03117f769c2182ffe3dfca9be0f801a6363fe572e39d5d274b0b8060,Named organization in caption; retained aliases denote one party.,Codex (manual caption/summary review),2026-09-26
prime-credit-llc-imc-capital-llc-commercial-credit-consultants-blake-johnson-eric-schlegel-park-view-law-and-arthur-barens,2,"IMC Capital, L.L.C.",company,listing_caption,9263801d03117f769c2182ffe3dfca9be0f801a6363fe572e39d5d274b0b8060,Named organization in caption; retained aliases denote one party.,Codex (manual caption/summary review),2026-09-26
prime-credit-llc-imc-capital-llc-commercial-credit-consultants-blake-johnson-eric-schlegel-park-view-law-and-arthur-barens,3,Commercial Credit Consultants,company,listing_caption,9263801d03117f769c2182ffe3dfca9be0f801a6363fe572e39d5d274b0b8060,Named organization in caption; retained aliases denote one party.,Codex (manual caption/summary review),2026-09-26
prime-credit-llc-imc-capital-llc-commercial-credit-consultants-blake-johnson-eric-schlegel-park-view-law-and-arthur-barens,4,Blake Johnson,individual,listing_caption,9263801d03117f769c2182ffe3dfca9be0f801a6363fe572e39d5d274b0b8060,Natural-person respondent; excluded from company matching.,Codex (manual caption/summary review),2026-09-26
prime-credit-llc-imc-capital-llc-commercial-credit-consultants-blake-johnson-eric-schlegel-park-view-law-and-arthur-barens,5,Eric Schlegel,individual,listing_caption,9263801d03117f769c2182ffe3dfca9be0f801a6363fe572e39d5d274b0b8060,Natural-person respondent; excluded from company matching.,Codex (manual caption/summary review),2026-09-26
prime-credit-llc-imc-capital-llc-commercial-credit-consultants-blake-johnson-eric-schlegel-park-view-law-and-arthur-barens,6,Park View Law,company,listing_caption,9263801d03117f769c2182ffe3dfca9be0f801a6363fe572e39d5d274b0b8060,Named organization in caption; retained aliases denote one party.,Codex (manual caption/summary review),2026-09-26
prime-credit-llc-imc-capital-llc-commercial-credit-consultants-blake-johnson-eric-schlegel-park-view-law-and-arthur-barens,7,Arthur Barens,individual,listing_caption,9263801d03117f769c2182ffe3dfca9be0f801a6363fe572e39d5d274b0b8060,Natural-person respondent; excluded from company matching.,Codex (manual caption/summary review),2026-09-26
fay-servicing-llc,1,"Fay Servicing, LLC",company,listing_caption,608131e18baf3167d397d3df0c618479ffb069befc54e3026a4b6952dfea9ad3,Named organization in caption; retained aliases denote one party.,Codex (manual caption/summary review),2026-09-26
golden-valley-lending-inc-silver-cloud-financial-inc-mountain-summit-financial-inc-and-majestic-lake-financial-inc,1,"Golden Valley Lending, Inc.",company,listing_caption,1f8ec0307af86ae860d94aad330de2ab644e4d9ca477670338ce14d17634b1cc,Named organization in caption; retained aliases denote one party.,Codex (manual caption/summary review),2026-09-26
golden-valley-lending-inc-silver-cloud-financial-inc-mountain-summit-financial-inc-and-majestic-lake-financial-inc,2,"Silver Cloud Financial, Inc.",company,listing_caption,1f8ec0307af86ae860d94aad330de2ab644e4d9ca477670338ce14d17634b1cc,Named organization in caption; retained aliases denote one party.,Codex (manual caption/summary review),2026-09-26
golden-valley-lending-inc-silver-cloud-financial-inc-mountain-summit-financial-inc-and-majestic-lake-financial-inc,3,"Mountain Summit Financial, Inc.",company,listing_caption,1f8ec0307af86ae860d94aad330de2ab644e4d9ca477670338ce14d17634b1cc,Named organization in caption; retained aliases denote one party.,Codex (manual caption/summary review),2026-09-26
golden-valley-lending-inc-silver-cloud-financial-inc-mountain-summit-financial-inc-and-majestic-lake-financial-inc,4,"Majestic Lake Financial, Inc.",company,listing_caption,1f8ec0307af86ae860d94aad330de2ab644e4d9ca477670338ce14d17634b1cc,Named organization in caption; retained aliases denote one party.,Codex (manual caption/summary review),2026-09-26
security-national-automotive-acceptance-company-llc,1,"Security National Automotive Acceptance Company, LLC",company,listing_caption,bc9a45bdd3157ff6f13fb8e3597b6f1b68ce81153fc869d658abee7cea7ae301,Named organization in caption; retained aliases denote one party.,Codex (manual caption/summary review),2026-09-26
ocwen-financial-corporation-ocwen-mortgage-servicing-inc-and-ocwen-loan-servicing-llc,1,Ocwen Financial Corporation,company,listing_caption,25f3fcd8e52f6d646030db142790b2e65d22ab6c1cb79ef7390057dac735ba0a,Named organization in caption; retained aliases denote one party.,Codex (manual caption/summary review),2026-09-26
ocwen-financial-corporation-ocwen-mortgage-servicing-inc-and-ocwen-loan-servicing-llc,2,"Ocwen Mortgage Servicing, Inc.",company,listing_caption,25f3fcd8e52f6d646030db142790b2e65d22ab6c1cb79ef7390057dac735ba0a,Named organization in caption; retained aliases denote one party.,Codex (manual caption/summary review),2026-09-26
ocwen-financial-corporation-ocwen-mortgage-servicing-inc-and-ocwen-loan-servicing-llc,3,"Ocwen Loan Servicing, LLC",company,listing_caption,25f3fcd8e52f6d646030db142790b2e65d22ab6c1cb79ef7390057dac735ba0a,Named organization in caption; retained aliases denote one party.,Codex (manual caption/summary review),2026-09-26
weltman-weinberg-reis-co-lpa,1,"Weltman, Weinberg & Reis Co., L.P.A.",company,listing_caption,db32b67709a99479a93f1ecf416c0c32de47d02d7dec64c0acba1498f243f863,Named organization in caption; retained aliases denote one party.,Codex (manual caption/summary review),2026-09-26
experian-holdings-inc-experian-information-solutions-inc-and-consumerinfocom-inc-dba-experian-consumer-services,1,"Experian Holdings, Inc.",company,listing_caption,75b8aafff06dba4b81b1aecdf3634a37e55a2adb2a59876693cb7a1245b9e283,Named organization in caption; retained aliases denote one party.,Codex (manual caption/summary review),2026-09-26
experian-holdings-inc-experian-information-solutions-inc-and-consumerinfocom-inc-dba-experian-consumer-services,2,"Experian Information Solutions, Inc.",company,listing_caption,75b8aafff06dba4b81b1aecdf3634a37e55a2adb2a59876693cb7a1245b9e283,Named organization in caption; retained aliases denote one party.,Codex (manual caption/summary review),2026-09-26
experian-holdings-inc-experian-information-solutions-inc-and-consumerinfocom-inc-dba-experian-consumer-services,3,"ConsumerInfo.com, Inc., dba Experian Consumer Services",company,listing_caption,75b8aafff06dba4b81b1aecdf3634a37e55a2adb2a59876693cb7a1245b9e283,Named organization in caption; retained aliases denote one party.,Codex (manual caption/summary review),2026-09-26
nationstar-mortgage-llc,1,Nationstar Mortgage LLC,company,listing_caption,526fe2442c1fbee234dcb2f16019adddf33b2196a134c50fb9723f8adf28cc4d,Named organization in caption; retained aliases denote one party.,Codex (manual caption/summary review),2026-09-26
rd-legal-funding-llc-rd-legal-finance-llc-rd-legal-funding-partners-lp-and-roni-dersovitz,1,"RD Legal Funding, LLC",company,listing_caption,c19da49d9015632a678dd2b7d70b524214f110ac4ccfbc0154f2da7d499ea43d,Named organization in caption; retained aliases denote one party.,Codex (manual caption/summary review),2026-09-26
rd-legal-funding-llc-rd-legal-finance-llc-rd-legal-funding-partners-lp-and-roni-dersovitz,2,"RD Legal Finance, LLC",company,listing_caption,c19da49d9015632a678dd2b7d70b524214f110ac4ccfbc0154f2da7d499ea43d,Named organization in caption; retained aliases denote one party.,Codex (manual caption/summary review),2026-09-26
rd-legal-funding-llc-rd-legal-finance-llc-rd-legal-funding-partners-lp-and-roni-dersovitz,3,"RD Legal Funding Partners, LP",company,listing_caption,c19da49d9015632a678dd2b7d70b524214f110ac4ccfbc0154f2da7d499ea43d,Named organization in caption; retained aliases denote one party.,Codex (manual caption/summary review),2026-09-26
rd-legal-funding-llc-rd-legal-finance-llc-rd-legal-funding-partners-lp-and-roni-dersovitz,4,Roni Dersovitz,individual,listing_caption,c19da49d9015632a678dd2b7d70b524214f110ac4ccfbc0154f2da7d499ea43d,Natural-person respondent; excluded from company matching.,Codex (manual caption/summary review),2026-09-26
woodbridge-coins-and-jewelry-exchange-inc-db-woodbridge-gold-pawn,1,"Woodbridge Coins and Jewelry Exchange, Inc. d/b/a Woodbridge Gold & Pawn",company,listing_caption,c082623e02507686f2221e37704e5587e287d9b63dc2d0aaafd3563e8d521a59,Named organization in caption; retained aliases denote one party.,Codex (manual caption/summary review),2026-09-26
unirush-llc-and-mastercard-international-incorporated,1,UniRush LLC,company,listing_caption,5dfff6116fe482c223c08d6d290665453ceb6f9b13428081218de2c065c91c49,Named organization in caption; retained aliases denote one party.,Codex (manual caption/summary review),2026-09-26
unirush-llc-and-mastercard-international-incorporated,2,Mastercard International Incorporated,company,listing_caption,5dfff6116fe482c223c08d6d290665453ceb6f9b13428081218de2c065c91c49,Named organization in caption; retained aliases denote one party.,Codex (manual caption/summary review),2026-09-26
rgc-services-inc-dba-remax-gold-coast-realtors,1,"RGC Services, Inc. dba Re/Max Gold Coast Realtors",company,listing_caption,7a22b4a9abc58d0db0bddd17c88fa0dcba6239a3ad6694a3ab0a238412ccdc54,Named organization in caption; retained aliases denote one party.,Codex (manual caption/summary review),2026-09-26
prospect-mortgage-llc,1,Prospect Mortgage LLC,company,listing_caption,f33f8ab2d13981b47e0086fecb81dae5bd52275929b3e5d7a5e66dbe4a948fa0,Named organization in caption; retained aliases denote one party.,Codex (manual caption/summary review),2026-09-26
willamette-legacy-llc-dba-keller-williams-mid-willamette,1,"Willamette Legacy, LLC dba Keller Williams Mid-Willamette",company,listing_caption,d928504d2593e8b123493dcfb60c947a4b98e7c8e4dba260c36c052153f52993,Named organization in caption; retained aliases denote one party.,Codex (manual caption/summary review),2026-09-26
planet-home-lending-llc,1,"Planet Home Lending, LLC",company,listing_caption,d34375565bf509da6989ca44d65ce8784e9ac53a9425739100bc86fd5038c7b3,Named organization in caption; retained aliases denote one party.,Codex (manual caption/summary review),2026-09-26
vincent-howard-lawrence-w-williamson-howard-law-pc-williamson-law-firm-llc-and-williamson-howard-llp,1,Vincent Howard,individual,listing_caption,5a6c84415577c1cc22ab5fe75a4d05c6afe57c65ece3e73901c41d5b6de9d092,Natural-person respondent; excluded from company matching.,Codex (manual caption/summary review),2026-09-26
vincent-howard-lawrence-w-williamson-howard-law-pc-williamson-law-firm-llc-and-williamson-howard-llp,2,Lawrence W. Williamson,individual,listing_caption,5a6c84415577c1cc22ab5fe75a4d05c6afe57c65ece3e73901c41d5b6de9d092,Natural-person respondent; excluded from company matching.,Codex (manual caption/summary review),2026-09-26
vincent-howard-lawrence-w-williamson-howard-law-pc-williamson-law-firm-llc-and-williamson-howard-llp,3,"Howard Law, P.C.",company,listing_caption,5a6c84415577c1cc22ab5fe75a4d05c6afe57c65ece3e73901c41d5b6de9d092,Named organization in caption; retained aliases denote one party.,Codex (manual caption/summary review),2026-09-26
vincent-howard-lawrence-w-williamson-howard-law-pc-williamson-law-firm-llc-and-williamson-howard-llp,4,"The Williamson Law Firm, LLC",company,listing_caption,5a6c84415577c1cc22ab5fe75a4d05c6afe57c65ece3e73901c41d5b6de9d092,Named organization in caption; retained aliases denote one party.,Codex (manual caption/summary review),2026-09-26
vincent-howard-lawrence-w-williamson-howard-law-pc-williamson-law-firm-llc-and-williamson-howard-llp,5,"Williamson & Howard, LLP",company,listing_caption,5a6c84415577c1cc22ab5fe75a4d05c6afe57c65ece3e73901c41d5b6de9d092,Named organization in caption; retained aliases denote one party.,Codex (manual caption/summary review),2026-09-26
citifinancial-servicing-llc-de-citifinancial-company-de-citifinancial-services-inc-mn-and-citifinancial-inc-wv,1,"CitiFinancial Servicing, LLC (DE)",company,listing_caption,7bdf11b298d16dc1faf0dc6067cce2b01ef0f16ec5e6ba45250def6c05b330f1,Named organization in caption; retained aliases denote one party.,Codex (manual caption/summary review),2026-09-26
citifinancial-servicing-llc-de-citifinancial-company-de-citifinancial-services-inc-mn-and-citifinancial-inc-wv,2,CitiFinancial Company (DE),company,listing_caption,7bdf11b298d16dc1faf0dc6067cce2b01ef0f16ec5e6ba45250def6c05b330f1,Named organization in caption; retained aliases denote one party.,Codex (manual caption/summary review),2026-09-26
citifinancial-servicing-llc-de-citifinancial-company-de-citifinancial-services-inc-mn-and-citifinancial-inc-wv,3,"CitiFinancial Services, Inc. (MN)",company,listing_caption,7bdf11b298d16dc1faf0dc6067cce2b01ef0f16ec5e6ba45250def6c05b330f1,Named organization in caption; retained aliases denote one party.,Codex (manual caption/summary review),2026-09-26
citifinancial-servicing-llc-de-citifinancial-company-de-citifinancial-services-inc-mn-and-citifinancial-inc-wv,4,"CitiFinancial, Inc. (WV)",company,listing_caption,7bdf11b298d16dc1faf0dc6067cce2b01ef0f16ec5e6ba45250def6c05b330f1,Named organization in caption; retained aliases denote one party.,Codex (manual caption/summary review),2026-09-26
citimortgage-inc,1,"CitiMortgage, Inc.",company,listing_caption,a9610a9a7472cff6ee531492cf5fce3541e8e877fb50680ae6bc23541059c1b0,Named organization in caption; retained aliases denote one party.,Codex (manual caption/summary review),2026-09-26
tcf-national-bank,1,TCF National Bank,company,listing_caption,487cd52c078ac49356828fb459be8b505798a38780f36734816e7afe91967591,Named organization in caption; retained aliases denote one party.,Codex (manual caption/summary review),2026-09-26
navient-corporation-navient-solutions-inc-and-pioneer-credit-recovery-inc,1,Navient Corporation,company,listing_caption,22b0b008d2dc401fe1a672b6d1e857978f85aaa0dd2e31b1b9e9620d5645342a,Named organization in caption; retained aliases denote one party.,Codex (manual caption/summary review),2026-09-26
navient-corporation-navient-solutions-inc-and-pioneer-credit-recovery-inc,2,"Navient Solutions, Inc.",company,listing_caption,22b0b008d2dc401fe1a672b6d1e857978f85aaa0dd2e31b1b9e9620d5645342a,Named organization in caption; retained aliases denote one party.,Codex (manual caption/summary review),2026-09-26
navient-corporation-navient-solutions-inc-and-pioneer-credit-recovery-inc,3,"Pioneer Credit Recovery, Inc.",company,listing_caption,22b0b008d2dc401fe1a672b6d1e857978f85aaa0dd2e31b1b9e9620d5645342a,Named organization in caption; retained aliases denote one party.,Codex (manual caption/summary review),2026-09-26
works-lentz-inc,1,"Works & Lentz, Inc.",company,listing_caption,2e3b83c0cf45cc5140041994c731e2d29b378ce622261817ab3d16bc4f91f062,Named organization in caption; retained aliases denote one party.,Codex (manual caption/summary review),2026-09-26
works-lentz-inc,2,"Works & Lentz of Tulsa, Inc.",company,listing_caption,2e3b83c0cf45cc5140041994c731e2d29b378ce622261817ab3d16bc4f91f062,Named organization in caption; retained aliases denote one party.,Codex (manual caption/summary review),2026-09-26
works-lentz-inc,3,"Harry A. Lentz, Jr.",individual,listing_caption,2e3b83c0cf45cc5140041994c731e2d29b378ce622261817ab3d16bc4f91f062,Natural-person respondent; excluded from company matching.,Codex (manual caption/summary review),2026-09-26
transunion-interactive-inc-transunion-llc-and-transunion,1,"TransUnion Interactive, Inc.",company,listing_caption,8e17e07f40dae89b3bb1e3e385877f92324a38e2ac688d62750dda224640af0d,Named organization in caption; retained aliases denote one party.,Codex (manual caption/summary review),2026-09-26
transunion-interactive-inc-transunion-llc-and-transunion,2,"TransUnion, LLC",company,listing_caption,8e17e07f40dae89b3bb1e3e385877f92324a38e2ac688d62750dda224640af0d,Named organization in caption; retained aliases denote one party.,Codex (manual caption/summary review),2026-09-26
transunion-interactive-inc-transunion-llc-and-transunion,3,TransUnion,company,listing_caption,8e17e07f40dae89b3bb1e3e385877f92324a38e2ac688d62750dda224640af0d,Named organization in caption; retained aliases denote one party.,Codex (manual caption/summary review),2026-09-26
equifax-inc-and-equifax-consumer-services-llc,1,Equifax Inc.,company,listing_caption,fa0e8b035be2145f6270f71373f4606eb7ca45dc330e380efa127e93ea5b1454,Named organization in caption; retained aliases denote one party.,Codex (manual caption/summary review),2026-09-26
equifax-inc-and-equifax-consumer-services-llc,2,Equifax Consumer Services LLC,company,listing_caption,fa0e8b035be2145f6270f71373f4606eb7ca45dc330e380efa127e93ea5b1454,Named organization in caption; retained aliases denote one party.,Codex (manual caption/summary review),2026-09-26
military-credit-services-llc,1,Military Credit Services LLC,company,listing_caption,194c5a5d0c81c39039f0e45c62752ac490265abb8b5b4089d3024555375e1ef3,Named organization in caption; retained aliases denote one party.,Codex (manual caption/summary review),2026-09-26
a-to-z-pawn-inc,1,"A To Z Pawn, Inc.",company,listing_caption,5c3e807996a63ad9e4f260d5a2cd30df46499cb0b7dc090751a5d54a99495ba0,Named organization in caption; retained aliases denote one party.,Codex (manual caption/summary review),2026-09-26
pawn-usa-inc,1,"Pawn U.S.A., Inc.",company,listing_caption,29d3fefd12850d9e00bb00ea6b237a2795a44ac82d041df80bda6c69fd2261e0,Named organization in caption; retained aliases denote one party.,Codex (manual caption/summary review),2026-09-26
spotsylvania-gold-pawn-inc,1,"Spotsylvania Gold & Pawn, Inc.",company,listing_caption,a90f5edbe290786c482ad8a54464e085e565019d57503cab7af8fd146811afdb,Named organization in caption; retained aliases denote one party.,Codex (manual caption/summary review),2026-09-26
fredericksburg-gold-pawn-inc,1,"Fredericksburg Gold & Pawn, Inc.",company,listing_caption,18e00910de842929e9c3b8ff95bfe6ee6a628d2d72393677ddd9270fc6c4516d,Named organization in caption; retained aliases denote one party.,Codex (manual caption/summary review),2026-09-26
moneytree-inc,1,"Moneytree, Inc.",company,listing_caption,10c5937136cc723e4ccc83a58463f0e96ca9d3324cbf057b166c4ac584b09a06,Named organization in caption; retained aliases denote one party.,Codex (manual caption/summary review),2026-09-26
reverse-mortgage-solutions-inc-db-security-1-lending,1,"Reverse Mortgage Solutions, Inc. d/b/a Security 1 Lending",company,listing_caption,c5da06817d1e26164bd6c454c6274552b49ca8c00f40c829aac68adc4c6740b7,Named organization in caption; retained aliases denote one party.,Codex (manual caption/summary review),2026-09-26
american-advisors-group,1,American Advisors Group,company,listing_caption,507cfb46d88a3b44b6c70324ad696a8eb93dd87e0f3ac0731aeba54bd4ef8bbc,Named organization in caption; retained aliases denote one party.,Codex (manual caption/summary review),2026-09-26
aegean-financial,1,"Aegean Financial d/b/a Aegean Financial, Inc., Reverse Mortgage Professionals, Jubilados Financial, Newport Lending Reverse Mortgage, Promise Land Lending, Reverse Financial Group, and Reverse Mortgage Information Center",company,listing_caption,1745c3cc594c1b8e32fcbc333cb08feb15497f265d2d468557d095a5b2b3885a,"Aegean trade names are inline d/b/a aliases, not seven independent respondents.",Codex (manual caption/summary review),2026-09-26
access-funding-llc-access-holding-llc-reliance-funding-llc-lee-jundanian-raffi-boghosian-michael-borkowski-charles-smith,1,"Access Funding, LLC",company,listing_caption,512e1c8bafdbf0be02c88466ebf3644da768c144e859c3f4a534edbf5b2879ef,Named organization in caption; retained aliases denote one party.,Codex (manual caption/summary review),2026-09-26
access-funding-llc-access-holding-llc-reliance-funding-llc-lee-jundanian-raffi-boghosian-michael-borkowski-charles-smith,2,"Access Holding, LLC",company,listing_caption,512e1c8bafdbf0be02c88466ebf3644da768c144e859c3f4a534edbf5b2879ef,Named organization in caption; retained aliases denote one party.,Codex (manual caption/summary review),2026-09-26
access-funding-llc-access-holding-llc-reliance-funding-llc-lee-jundanian-raffi-boghosian-michael-borkowski-charles-smith,3,"Reliance Funding, LLC",company,listing_caption,512e1c8bafdbf0be02c88466ebf3644da768c144e859c3f4a534edbf5b2879ef,Named organization in caption; retained aliases denote one party.,Codex (manual caption/summary review),2026-09-26
access-funding-llc-access-holding-llc-reliance-funding-llc-lee-jundanian-raffi-boghosian-michael-borkowski-charles-smith,4,Lee Jundanian,individual,listing_caption,512e1c8bafdbf0be02c88466ebf3644da768c144e859c3f4a534edbf5b2879ef,Natural-person respondent; excluded from company matching.,Codex (manual caption/summary review),2026-09-26
access-funding-llc-access-holding-llc-reliance-funding-llc-lee-jundanian-raffi-boghosian-michael-borkowski-charles-smith,5,Raffi Boghosian,individual,listing_caption,512e1c8bafdbf0be02c88466ebf3644da768c144e859c3f4a534edbf5b2879ef,Natural-person respondent; excluded from company matching.,Codex (manual caption/summary review),2026-09-26
access-funding-llc-access-holding-llc-reliance-funding-llc-lee-jundanian-raffi-boghosian-michael-borkowski-charles-smith,6,Michael Borkowski,individual,listing_caption,512e1c8bafdbf0be02c88466ebf3644da768c144e859c3f4a534edbf5b2879ef,Natural-person respondent; excluded from company matching.,Codex (manual caption/summary review),2026-09-26
access-funding-llc-access-holding-llc-reliance-funding-llc-lee-jundanian-raffi-boghosian-michael-borkowski-charles-smith,7,Charles Smith,individual,listing_caption,512e1c8bafdbf0be02c88466ebf3644da768c144e859c3f4a534edbf5b2879ef,Natural-person respondent; excluded from company matching.,Codex (manual caption/summary review),2026-09-26
bb-pawnbrokers-inc,1,"B&B Pawnbrokers, Inc.",company,listing_caption,6b1b2640353b6392c570f16b40c945726191597bb137cd08f24878962eb4ea04,Named organization in caption; retained aliases denote one party.,Codex (manual caption/summary review),2026-09-26
northern-resolution-group-llc-douglas-mackinnon-mark-gray-enhanced-acquisitions-llc-and-delray-capital-llc,1,"Northern Resolution Group, LLC",company,listing_caption,bfb96b16827464c910476983a06ecac500afaddddf8e1c71f7a8125b0149459b,Named organization in caption; retained aliases denote one party.,Codex (manual caption/summary review),2026-09-26
northern-resolution-group-llc-douglas-mackinnon-mark-gray-enhanced-acquisitions-llc-and-delray-capital-llc,2,Douglas MacKinnon,individual,listing_caption,bfb96b16827464c910476983a06ecac500afaddddf8e1c71f7a8125b0149459b,Natural-person respondent; excluded from company matching.,Codex (manual caption/summary review),2026-09-26
northern-resolution-group-llc-douglas-mackinnon-mark-gray-enhanced-acquisitions-llc-and-delray-capital-llc,3,Mark Gray,individual,listing_caption,bfb96b16827464c910476983a06ecac500afaddddf8e1c71f7a8125b0149459b,Natural-person respondent; excluded from company matching.,Codex (manual caption/summary review),2026-09-26
northern-resolution-group-llc-douglas-mackinnon-mark-gray-enhanced-acquisitions-llc-and-delray-capital-llc,4,"Enhanced Acquisitions, LLC",company,listing_caption,bfb96b16827464c910476983a06ecac500afaddddf8e1c71f7a8125b0149459b,Named organization in caption; retained aliases denote one party.,Codex (manual caption/summary review),2026-09-26
northern-resolution-group-llc-douglas-mackinnon-mark-gray-enhanced-acquisitions-llc-and-delray-capital-llc,5,"Delray Capital, LLC",company,listing_caption,bfb96b16827464c910476983a06ecac500afaddddf8e1c71f7a8125b0149459b,Named organization in caption; retained aliases denote one party.,Codex (manual caption/summary review),2026-09-26
navy-federal-credit-union,1,Navy Federal Credit Union,company,listing_caption,4bf9dd96a0d43538df59ea2efce384bb1aa20a1dfb3c1920355e0538177d7050,Named organization in caption; retained aliases denote one party.,Codex (manual caption/summary review),2026-09-26
flurish-inc-db-lendup,1,"Flurish, Inc., d/b/a LendUp",company,listing_caption,658ddb6a0d24e096e0672ad49203c1781d9b243d996f4d19e51840961c104938,Named organization in caption; retained aliases denote one party.,Codex (manual caption/summary review),2026-09-26
tmx-finance-llc,1,TMX Finance LLC,company,listing_caption,66d9d8c235c2ee6cd5260b4dd7eeb454d72285d9a011ffcae31c02efa3f1b96d,Named organization in caption; retained aliases denote one party.,Codex (manual caption/summary review),2026-09-26
prime-marketing-holdings-llc,1,"Prime Marketing Holdings, LLC",company,listing_caption,c05026aabd4f9c45dca55da8ad75740a6a23ceed5a04039e56817c066820af43,Named organization in caption; retained aliases denote one party.,Codex (manual caption/summary review),2026-09-26
interstate-lending-llc,1,"Interstate Lending, LLC",company,listing_caption,eda3a3b23cdcf2625d78613e4b6856440c2aafb6f7e93e053dc34102fee0ec3f,Named organization in caption; retained aliases denote one party.,Codex (manual caption/summary review),2026-09-26
presto-auto-loans-inc,1,"Presto Auto Loans, Inc.",company,listing_caption,42f35506b3dcd2e31cf6ae5d0ff3647ebe607b3c02317f36ae93fd524b50178a,Named organization in caption; retained aliases denote one party.,Codex (manual caption/summary review),2026-09-26
auto-cash-leasing-llc,1,"Auto Cash Leasing, LLC",company,listing_caption,782ae3ec289a9ad0390cf81b4025a1f819b4d2bc5cd0dbf6b9fbda44c24a8804,Named organization in caption; retained aliases denote one party.,Codex (manual caption/summary review),2026-09-26
oasis-title-loans-llc,1,"Oasis Title Loans, LLC",company,listing_caption,9399f2d15c29da49e565856bbdb622f0f730b6b04d6cdc8254fcbbea43433ebe,Named organization in caption; retained aliases denote one party.,Codex (manual caption/summary review),2026-09-26
phoenix-title-loans-llc,1,"Phoenix Title Loans, LLC",company,listing_caption,17fa3dd7c73d9eceb9810b6c4040421f4a5a378c577a3d93446c8bfce399b12b,Named organization in caption; retained aliases denote one party.,Codex (manual caption/summary review),2026-09-26
bridgepoint-education-inc,1,"Bridgepoint Education, Inc.",company,listing_caption,e1e37a020744edb9f12ff299927ba4845fee611419fc7ddf69b7d6cc24bbbb85,Named organization in caption; retained aliases denote one party.,Codex (manual caption/summary review),2026-09-26
wells-fargo-bank-2016,1,"Wells Fargo Bank, N.A.",company,listing_caption,1c96269e2abed1366ba9ccd0c184c0612c0dd0c1b33fcab19172bf3318787115,Named organization in caption; retained aliases denote one party.,Codex (manual caption/summary review),2026-09-26
first-national-bank-omaha,1,First National Bank of Omaha,company,listing_caption,d282f46ab9711b2f11fed64c7bcdd7b7f62993ab2d16b5123ed541ecdcbcab32,Named organization in caption; retained aliases denote one party.,Codex (manual caption/summary review),2026-09-26
wells-fargo-bank-na-2016,1,"Wells Fargo Bank, N.A.",company,listing_caption,1c96269e2abed1366ba9ccd0c184c0612c0dd0c1b33fcab19172bf3318787115,Named organization in caption; retained aliases denote one party.,Codex (manual caption/summary review),2026-09-26
santander-bank-n,1,"Santander Bank, N.A.",company,listing_caption,56ff518d2b922eba29d19c8ef189be5d53301b63b69a74028546e08a307446bc,Named organization in caption; retained aliases denote one party.,Codex (manual caption/summary review),2026-09-26
united-states-america-and-consumer-financial-protection-bureau-v-bancorpsouth-bank,1,United States of America,non_entity,listing_caption,51894bb20767bd5e1f3c9f525a7f15c218ffa3f21d858f73f939dd75f0534f7f,"Government plaintiff, not a respondent.",Codex (manual caption/summary review),2026-09-26
united-states-america-and-consumer-financial-protection-bureau-v-bancorpsouth-bank,2,Consumer Financial Protection Bureau,non_entity,listing_caption,51894bb20767bd5e1f3c9f525a7f15c218ffa3f21d858f73f939dd75f0534f7f,"Government plaintiff, not a respondent.",Codex (manual caption/summary review),2026-09-26
united-states-america-and-consumer-financial-protection-bureau-v-bancorpsouth-bank,3,BancorpSouth Bank,company,listing_caption,51894bb20767bd5e1f3c9f525a7f15c218ffa3f21d858f73f939dd75f0534f7f,Bank respondent following v.; government plaintiffs excluded.,Codex (manual caption/summary review),2026-09-26
intercept-corporation-db-intercepteft-bryan-smith-and-craig-dresser,1,"Intercept Corporation, d/b/a InterceptEFT",company,listing_caption,ff78d33957aba0865dc4fd6a53768a5d1fe9f1a067287e38b9638a17adbaf960,Named organization in caption; retained aliases denote one party.,Codex (manual caption/summary review),2026-09-26
intercept-corporation-db-intercepteft-bryan-smith-and-craig-dresser,2,Bryan Smith,individual,listing_caption,ff78d33957aba0865dc4fd6a53768a5d1fe9f1a067287e38b9638a17adbaf960,Natural-person respondent; excluded from company matching.,Codex (manual caption/summary review),2026-09-26
intercept-corporation-db-intercepteft-bryan-smith-and-craig-dresser,3,Craig Dresser,individual,listing_caption,ff78d33957aba0865dc4fd6a53768a5d1fe9f1a067287e38b9638a17adbaf960,Natural-person respondent; excluded from company matching.,Codex (manual caption/summary review),2026-09-26
david-eghbali,1,David Eghbali,individual,listing_caption,5df90df58c60e98f0ef40de9fbb1b6493f709fe519ebfac9729f2a5961609565,Natural-person respondent; excluded from company matching.,Codex (manual caption/summary review),2026-09-26
all-american-check-cashing-inc-mid-state-finance-inc-db-thrifty-check-advance-and-michael-gray,1,"All American Check Cashing, Inc.",company,listing_caption,df9081fd0976cce9ef3250a14d9b834571f54b4819e72cd2c0681b871a7d6996,Named organization in caption; retained aliases denote one party.,Codex (manual caption/summary review),2026-09-26
all-american-check-cashing-inc-mid-state-finance-inc-db-thrifty-check-advance-and-michael-gray,2,"Mid-State Finance, Inc. (d/b/a Thrifty Check Advance)",company,listing_caption,df9081fd0976cce9ef3250a14d9b834571f54b4819e72cd2c0681b871a7d6996,Named organization in caption; retained aliases denote one party.,Codex (manual caption/summary review),2026-09-26
all-american-check-cashing-inc-mid-state-finance-inc-db-thrifty-check-advance-and-michael-gray,3,Michael Gray,individual,listing_caption,df9081fd0976cce9ef3250a14d9b834571f54b4819e72cd2c0681b871a7d6996,Natural-person respondent; excluded from company matching.,Codex (manual caption/summary review),2026-09-26
pressler-pressler-llp-sheldon-h-pressler-and-gerard-j-felt,1,"Pressler & Pressler, LLP",company,listing_caption,db6ca6ae1d5f1ed64d69bb3046b86c1c56aa98329243f64d1a6ce1edc0495f60,Named organization in caption; retained aliases denote one party.,Codex (manual caption/summary review),2026-09-26
pressler-pressler-llp-sheldon-h-pressler-and-gerard-j-felt,2,Sheldon H. Pressler,individual,listing_caption,db6ca6ae1d5f1ed64d69bb3046b86c1c56aa98329243f64d1a6ce1edc0495f60,Natural-person respondent; excluded from company matching.,Codex (manual caption/summary review),2026-09-26
pressler-pressler-llp-sheldon-h-pressler-and-gerard-j-felt,3,Gerard J. Felt,individual,listing_caption,db6ca6ae1d5f1ed64d69bb3046b86c1c56aa98329243f64d1a6ce1edc0495f60,Natural-person respondent; excluded from company matching.,Codex (manual caption/summary review),2026-09-26
new-century-financial-services-inc,1,"New Century Financial Services, Inc.",company,listing_caption,bc31959886ac16502c22e35cb175c8f6a8159f4a2b1415f3a8f2254de2a96e78,Named organization in caption; retained aliases denote one party.,Codex (manual caption/summary review),2026-09-26
dmitry-fomichev,1,Dmitry Fomichev,individual,listing_caption,2be2d7f8d1f8b7e08f0efe18890b513250d6acdadd33482143202a223a29c078,Natural-person respondent; excluded from company matching.,Codex (manual caption/summary review),2026-09-26
davit-gasparyan-k-david-gasparyan,1,"Davit Gasparyan, a/k/a David Gasparyan",individual,listing_caption,bb7f5837fe2aa47399ef7a17b4777d4a6a4e0ae12ba01ba36f1f155f292b2b66,Natural-person respondent; excluded from company matching.,Codex (manual caption/summary review),2026-09-26
student-aid-institute-steven-lamont,1,Student Aid Institute,company,listing_caption,a8126feba649e5443b6a0dff92eaf1c6a25f4bea6cbf1e42849f8eb582f276ce,Named organization in caption; retained aliases denote one party.,Codex (manual caption/summary review),2026-09-26
student-aid-institute-steven-lamont,2,Steven Lamont,individual,listing_caption,a8126feba649e5443b6a0dff92eaf1c6a25f4bea6cbf1e42849f8eb582f276ce,Natural-person respondent; excluded from company matching.,Codex (manual caption/summary review),2026-09-26
dwolla,1,"Dwolla, Inc.",company,listing_caption,75cd79127c88f160d6212e20dfb1122209868f96369a4a221a3b1fd3595d2ebc,Named organization in caption; retained aliases denote one party.,Codex (manual caption/summary review),2026-09-26
solomon-and-solomon,1,"Solomon & Solomon, P.C.",company,listing_caption,3c9bdc2fad8784d51bc2fad6b3c40da371c105612f28aff14d12b11ce4505747,Named organization in caption; retained aliases denote one party.,Codex (manual caption/summary review),2026-09-26
citibank-department-stores-national-bank-citifinancial-servicing,1,"Citibank, N.A.",company,listing_caption,45021c2d572957aebace7ae4432d76c13b7bfd2bcd29c37f3bf4cf31ad773fa4,Named organization in caption; retained aliases denote one party.,Codex (manual caption/summary review),2026-09-26
citibank-department-stores-national-bank-citifinancial-servicing,2,Department Stores National Bank,company,listing_caption,45021c2d572957aebace7ae4432d76c13b7bfd2bcd29c37f3bf4cf31ad773fa4,Named organization in caption; retained aliases denote one party.,Codex (manual caption/summary review),2026-09-26
citibank-department-stores-national-bank-citifinancial-servicing,3,"CitiFinancial Servicing, LLC",company,listing_caption,45021c2d572957aebace7ae4432d76c13b7bfd2bcd29c37f3bf4cf31ad773fa4,Named organization in caption; retained aliases denote one party.,Codex (manual caption/summary review),2026-09-26
faloni-associates,1,"Faloni & Associates, LLC",company,listing_caption,9452434e7ed42b2d59862282640c380104a61cebb9da9f2d6205038b2e3b9b31,Named organization in caption; retained aliases denote one party.,Codex (manual caption/summary review),2026-09-26
citibank,1,"Citibank, N.A.",company,listing_caption,0ed56904e2075559297ab826a5883c7350dccaf536fce4d80f6240f716ba59f0,Named organization in caption; retained aliases denote one party.,Codex (manual caption/summary review),2026-09-26
toyota-motor-credit-corporation,1,Toyota Motor Credit Corporation,company,listing_caption,0b70488a2dabcf4f1c832405d9f25b6f72effe8a666ff063f788fea3a9e817a5,Named organization in caption; retained aliases denote one party.,Codex (manual caption/summary review),2026-09-26
y-king-s-corp-db-herbies-auto-sales,1,"Y King S Corp., d/b/a Herbies Auto Sales",company,listing_caption,d16ebe48113ccce85bf7c5e18f5bc0a68a0b3c3709eafba46e7598a82466b04c,Named organization in caption; retained aliases denote one party.,Codex (manual caption/summary review),2026-09-26
d-and-d-marketing-inc-dba-t3leads-grigor-demirchyan-and-marina-demirchyan,1,"D and D Marketing, Inc., d/b/a T3Leads",company,listing_caption,7c2ed0cad7d4a16b9a92a04231e763f34c593e339f26b6477a809e3238bd23ce,Named organization in caption; retained aliases denote one party.,Codex (manual caption/summary review),2026-09-26
d-and-d-marketing-inc-dba-t3leads-grigor-demirchyan-and-marina-demirchyan,2,Grigor Demirchyan,individual,listing_caption,7c2ed0cad7d4a16b9a92a04231e763f34c593e339f26b6477a809e3238bd23ce,Natural-person respondent; excluded from company matching.,Codex (manual caption/summary review),2026-09-26
d-and-d-marketing-inc-dba-t3leads-grigor-demirchyan-and-marina-demirchyan,3,Marina Demirchyan,individual,listing_caption,7c2ed0cad7d4a16b9a92a04231e763f34c593e339f26b6477a809e3238bd23ce,Natural-person respondent; excluded from company matching.,Codex (manual caption/summary review),2026-09-26
interstate-auto-group-carhop-universal-acceptance-corporation,1,"Interstate Auto Group, Inc. aka. CarHop",company,listing_caption,e40107c3e15cf421170b3d6dd6364faaa7c6ecdf1b08901e9dd304cdf5babc15,Named organization in caption; retained aliases denote one party.,Codex (manual caption/summary review),2026-09-26
interstate-auto-group-carhop-universal-acceptance-corporation,2,Universal Acceptance Corporation,company,listing_caption,e40107c3e15cf421170b3d6dd6364faaa7c6ecdf1b08901e9dd304cdf5babc15,Named organization in caption; retained aliases denote one party.,Codex (manual caption/summary review),2026-09-26
eric-sancho-lead-publisher,1,Eric V. Sancho d/b/a Lead Publisher,individual,listing_caption,d01fcd072a95e615b17e07567fbe31b3aa860ec8d7707d4d39e92da17c5467d4,Natural-person respondent; excluded from company matching.,Codex (manual caption/summary review),2026-09-26
ezcorp,1,"EZCORP, Inc.",company,listing_caption,c7f580a5139c0c03299ba7c7c0c24156143a1b697cf7241e1736f0e927bc4907,Named organization in caption; retained aliases denote one party.,Codex (manual caption/summary review),2026-09-26
ezcorp,2,"Texas EZPAWN, L.P.",company,listing_caption,c7f580a5139c0c03299ba7c7c0c24156143a1b697cf7241e1736f0e927bc4907,Named organization in caption; retained aliases denote one party.,Codex (manual caption/summary review),2026-09-26
ezcorp,3,"Texas  EZMONEY, L.P.",company,listing_caption,c7f580a5139c0c03299ba7c7c0c24156143a1b697cf7241e1736f0e927bc4907,Named organization in caption; retained aliases denote one party.,Codex (manual caption/summary review),2026-09-26
ezcorp,4,et al.,non_entity,listing_caption,c7f580a5139c0c03299ba7c7c0c24156143a1b697cf7241e1736f0e927bc4907,Collective/unspecified respondents or non-operating relief/plaintiff entity; excluded from company matching.,Codex (manual caption/summary review),2026-09-26
collecto,1,"Collecto, Inc. d/b/a EOS CCA",company,listing_caption,d9a8732187985f45241a81b930074dcdd2782a39e7ab52c5c9df4bb8553016b7,Named organization in caption; retained aliases denote one party.,Codex (manual caption/summary review),2026-09-26
clarity-services,1,"Clarity Services, Inc.",company,listing_caption,83c387035f88d184b348e5e2e0a23e34be0dcc5c56dd866d7f9c69e8f2334b83,Named organization in caption; retained aliases denote one party.,Codex (manual caption/summary review),2026-09-26
clarity-services,2,Timothy Ranney,individual,listing_caption,83c387035f88d184b348e5e2e0a23e34be0dcc5c56dd866d7f9c69e8f2334b83,Natural-person respondent; excluded from company matching.,Codex (manual caption/summary review),2026-09-26
integrity-advance,1,"Integrity Advance, LLC",company,listing_caption,238e5577b1a07c4002af8a2125661276bf327abc887af27fc553567462a5aadb,Named organization in caption; retained aliases denote one party.,Codex (manual caption/summary review),2026-09-26
integrity-advance,2,James R. Carnes,individual,listing_caption,238e5577b1a07c4002af8a2125661276bf327abc887af27fc553567462a5aadb,Natural-person respondent; excluded from company matching.,Codex (manual caption/summary review),2026-09-26
student-financial-resource-center-college-financial-advisory,1,"Global Financial Support, Inc. d/b/a Student Financial Resource Center, d/b/a College Financial Advisory",company,listing_caption,4d8c2f8b47e99ffd81d398528ca0fab2bde8e904b8753045c37f5c26dc0eb125,Named organization in caption; retained aliases denote one party.,Codex (manual caption/summary review),2026-09-26
student-financial-resource-center-college-financial-advisory,2,Armond Aria a/k/a Armond Amir Aria,individual,listing_caption,4d8c2f8b47e99ffd81d398528ca0fab2bde8e904b8753045c37f5c26dc0eb125,Natural-person respondent; excluded from company matching.,Codex (manual caption/summary review),2026-09-26
general-information-services,1,"General Information Services, Inc.",company,listing_caption,fdb0dfd7d8effc1649689877840980959199e793dc3b92b4dbc1efcc639f0015,Named organization in caption; retained aliases denote one party.,Codex (manual caption/summary review),2026-09-26
general-information-services,2,"e-Backgroundchecks.com, Inc.",company,listing_caption,fdb0dfd7d8effc1649689877840980959199e793dc3b92b4dbc1efcc639f0015,Named organization in caption; retained aliases denote one party.,Codex (manual caption/summary review),2026-09-26
security-national-automotive-acceptance-company,1,"Security National Automotive Acceptance Company, LLC.",company,listing_caption,ff71a5800a8aad2f8b68be117c3fe1a8a64b583ba639bbcdb88249207f2cd78a,Named organization in caption; retained aliases denote one party.,Codex (manual caption/summary review),2026-09-26
westlake-services-llc-dba-westlake-financial-services-llc,1,"Westlake Services, LLC, d/b/a Westlake Financial Services. LLC",company,listing_caption,72fc40954e00068891817e70b776c067d2a60cf5c884e7b5e647166ddefb5860,Named organization in caption; retained aliases denote one party.,Codex (manual caption/summary review),2026-09-26
westlake-services-llc-dba-westlake-financial-services-llc,2,"Wilshire Consumer Credit, LLC, d/b/a as Wilshire Commercial Capital, LLC",company,listing_caption,72fc40954e00068891817e70b776c067d2a60cf5c884e7b5e647166ddefb5860,Named organization in caption; retained aliases denote one party.,Codex (manual caption/summary review),2026-09-26
fifth-third,1,Fifth Third Bank,company,listing_caption,59b862b9b7b21d69f495dc6ab4c3a5ad0a602e316bb90bc2832538e0828a207b,Named organization in caption; retained aliases denote one party.,Codex (manual caption/summary review),2026-09-26
fifth-third-bank-2,1,Fifth Third Bank,company,listing_caption,59b862b9b7b21d69f495dc6ab4c3a5ad0a602e316bb90bc2832538e0828a207b,Named organization in caption; retained aliases denote one party.,Codex (manual caption/summary review),2026-09-26
hudson-city-savings-bank-fsb,1,"Hudson City Savings Bank, F.S.B.",company,listing_caption,fb791c873fb32fdd9f30cf69af029b0797380b82c7ef5ee4fd8285ac5215b536,Named organization in caption; retained aliases denote one party.,Codex (manual caption/summary review),2026-09-26
portfolio-recovery-associates,1,"Portfolio Recovery Associates, LLC",company,listing_caption,282e8515e3f4c598e0767ccfef674b628e0d82d02058171b7b594da67c53117a,Named organization in caption; retained aliases denote one party.,Codex (manual caption/summary review),2026-09-26
encore,1,"Encore Capital Group, Inc.",company,listing_caption,23260342566000b6a13c36c109f8d21b2bafa4eca5a8dd14ca7c45ed2126ced3,Named organization in caption; retained aliases denote one party.,Codex (manual caption/summary review),2026-09-26
encore,2,"Midland Funding, LLC",company,listing_caption,23260342566000b6a13c36c109f8d21b2bafa4eca5a8dd14ca7c45ed2126ced3,Named organization in caption; retained aliases denote one party.,Codex (manual caption/summary review),2026-09-26
encore,3,"Midland Credit Management, Inc.",company,listing_caption,23260342566000b6a13c36c109f8d21b2bafa4eca5a8dd14ca7c45ed2126ced3,Named organization in caption; retained aliases denote one party.,Codex (manual caption/summary review),2026-09-26
encore,4,Asset Acceptance Capital Corp.,company,listing_caption,23260342566000b6a13c36c109f8d21b2bafa4eca5a8dd14ca7c45ed2126ced3,Named organization in caption; retained aliases denote one party.,Codex (manual caption/summary review),2026-09-26
pension-advance-companies,1,"Pension Funding, LLC",company,listing_caption,664bc7e674e374cac3d4c61da4cc20b0a7820f1898cb73e93aa635b2c8db6e06,Named organization in caption; retained aliases denote one party.,Codex (manual caption/summary review),2026-09-26
pension-advance-companies,2,"Pension Income, LLC",company,listing_caption,664bc7e674e374cac3d4c61da4cc20b0a7820f1898cb73e93aa635b2c8db6e06,Named organization in caption; retained aliases denote one party.,Codex (manual caption/summary review),2026-09-26
pension-advance-companies,3,Steven Covey,individual,listing_caption,664bc7e674e374cac3d4c61da4cc20b0a7820f1898cb73e93aa635b2c8db6e06,Natural-person respondent; excluded from company matching.,Codex (manual caption/summary review),2026-09-26
pension-advance-companies,4,Edwin Lichtig,individual,listing_caption,664bc7e674e374cac3d4c61da4cc20b0a7820f1898cb73e93aa635b2c8db6e06,Natural-person respondent; excluded from company matching.,Codex (manual caption/summary review),2026-09-26
pension-advance-companies,5,Rex Hofelter,individual,listing_caption,664bc7e674e374cac3d4c61da4cc20b0a7820f1898cb73e93aa635b2c8db6e06,Natural-person respondent; excluded from company matching.,Codex (manual caption/summary review),2026-09-26
springstone-financial,1,"Springstone Financial, LLC",company,listing_caption,cd6d849ed90a7a2fe49a34747f407d6c5e0d21bffbaf9d31481eff452f615de3,Named organization in caption; retained aliases denote one party.,Codex (manual caption/summary review),2026-09-26
orion-processing-world-law,1,"Orion Processing, LLC d/b/a World Law Processing, World Credit Repair and World Law Debt",company,listing_caption,9629b5c683e1a20e40e20987b1286f53ad1f2e1087b8cefd527b490aa0b9c1aa,Named organization in caption; retained aliases denote one party.,Codex (manual caption/summary review),2026-09-26
orion-processing-world-law,2,et al.,non_entity,listing_caption,9629b5c683e1a20e40e20987b1286f53ad1f2e1087b8cefd527b490aa0b9c1aa,Collective/unspecified respondents or non-operating relief/plaintiff entity; excluded from company matching.,Codex (manual caption/summary review),2026-09-26
citizens-financial-group,1,"RBS Citizens Financial Group, Inc. ( N/K/A) Citizens Financial Group, Inc.)",company,listing_caption,d190be2a11b3177c57ef3e7be89e083941ee410ed4a3e3840c5824d0d2e33202,Named organization in caption; retained aliases denote one party.,Codex (manual caption/summary review),2026-09-26
citizens-financial-group,2,"RBS Citizens, N.A. ( N/K/A Citizens Bank, N.A.)",company,listing_caption,d190be2a11b3177c57ef3e7be89e083941ee410ed4a3e3840c5824d0d2e33202,Named organization in caption; retained aliases denote one party.,Codex (manual caption/summary review),2026-09-26
citizens-financial-group,3,Citizens Bank of Pennsylvania,company,listing_caption,d190be2a11b3177c57ef3e7be89e083941ee410ed4a3e3840c5824d0d2e33202,Named organization in caption; retained aliases denote one party.,Codex (manual caption/summary review),2026-09-26
northway-financial-corporation-aka-ndg-enterprise,1,NDG Financial Corp.,company,detail_heading,dde4ef35aebb14e473a294175b7c961ff9928b5f087c9f429a9716c13dd5f8b5,Named organization in caption; retained aliases denote one party.,Codex (manual caption/summary review),2026-09-26
northway-financial-corporation-aka-ndg-enterprise,2,"Northway Financial  Corp., Ltd.",company,detail_heading,dde4ef35aebb14e473a294175b7c961ff9928b5f087c9f429a9716c13dd5f8b5,Named organization in caption; retained aliases denote one party.,Codex (manual caption/summary review),2026-09-26
northway-financial-corporation-aka-ndg-enterprise,3,"Northway Broker, Ltd.",company,detail_heading,dde4ef35aebb14e473a294175b7c961ff9928b5f087c9f429a9716c13dd5f8b5,Named organization in caption; retained aliases denote one party.,Codex (manual caption/summary review),2026-09-26
northway-financial-corporation-aka-ndg-enterprise,4,Et al.,non_entity,detail_heading,dde4ef35aebb14e473a294175b7c961ff9928b5f087c9f429a9716c13dd5f8b5,Collective/unspecified respondents or non-operating relief/plaintiff entity; excluded from company matching.,Codex (manual caption/summary review),2026-09-26
residential-credit-solutions,1,"Residential Credit Solutions, Inc.",company,listing_caption,003c10a2d8cfe1e8423df9a037214ee8a6dda62e6cc8bfb192996fe13f359746,Named organization in caption; retained aliases denote one party.,Codex (manual caption/summary review),2026-09-26
paymap,1,"Paymap, Inc.",company,listing_caption,bfa7e1cadb6fa7c9d550fe4d5632409e0e92a6fcfb41f9f20f87e847e98ae727,Named organization in caption; retained aliases denote one party.,Codex (manual caption/summary review),2026-09-26
loancare-servicing,1,LoanCare Servicing,company,detail_heading,5a0c0b1df159e86d2c1bee7d9413186c7347fc44dc6528ff9273d562853e097b,Named organization in caption; retained aliases denote one party.,Codex (manual caption/summary review),2026-09-26
student-financial-aid-services-fafsa-com,1,"Student Financial Aid Services, Inc.",company,listing_caption,5ddb1aaef7f78a2446f8f44d52bebb05257327866fd0d97942cc648455f57637,Named organization in caption; retained aliases denote one party.,Codex (manual caption/summary review),2026-09-26
discover-bank-student-loan-corporation-discover-products,1,Discover Bank,company,listing_caption,1af55a406e0df1acb60c8b3b731aafc9cee53f89c54331701285093baa4f91d4,Named organization in caption; retained aliases denote one party.,Codex (manual caption/summary review),2026-09-26
discover-bank-student-loan-corporation-discover-products,2,the Student Loan Corporation,company,listing_caption,1af55a406e0df1acb60c8b3b731aafc9cee53f89c54331701285093baa4f91d4,Named organization in caption; retained aliases denote one party.,Codex (manual caption/summary review),2026-09-26
discover-bank-student-loan-corporation-discover-products,3,"Discover Products, Inc.",company,listing_caption,1af55a406e0df1acb60c8b3b731aafc9cee53f89c54331701285093baa4f91d4,Named organization in caption; retained aliases denote one party.,Codex (manual caption/summary review),2026-09-26
citi-credit-card-add-ons,1,"Citibank, N.A.",company,listing_caption,6d93776adce2f70e3a735602a12b4d203bc4dc87b180354b467e9352fdb5f528,Named organization in caption; retained aliases denote one party.,Codex (manual caption/summary review),2026-09-26
citi-credit-card-add-ons,2,Department Stores National Bank,company,listing_caption,6d93776adce2f70e3a735602a12b4d203bc4dc87b180354b467e9352fdb5f528,Named organization in caption; retained aliases denote one party.,Codex (manual caption/summary review),2026-09-26
citi-credit-card-add-ons,3,"Citicorp Credit Services, Inc. (USA)",company,listing_caption,6d93776adce2f70e3a735602a12b4d203bc4dc87b180354b467e9352fdb5f528,Named organization in caption; retained aliases denote one party.,Codex (manual caption/summary review),2026-09-26
american-honda-finance-corporation,1,American Honda Finance Corporation,company,listing_caption,f688977bd711fc554d909adc299fc709851f0da3efc871898148d367660551d3,Named organization in caption; retained aliases denote one party.,Codex (manual caption/summary review),2026-09-26
jp-morgan-chase-debt-collection,1,"Chase Bank, USA N.A.",company,listing_caption,9e58b586f2a7a912635f97b1c5524ff2ea6eee3f08d747d634b31f8a449fbae8,Named organization in caption; retained aliases denote one party.,Codex (manual caption/summary review),2026-09-26
jp-morgan-chase-debt-collection,2,"Chase BankCard Services, Inc.",company,listing_caption,9e58b586f2a7a912635f97b1c5524ff2ea6eee3f08d747d634b31f8a449fbae8,Named organization in caption; retained aliases denote one party.,Codex (manual caption/summary review),2026-09-26
intersections,1,"Intersections, Inc.",company,listing_caption,561649ccc878d258159f844c6e021a27cfd09b0d11e81161415312e823f422d3,Named organization in caption; retained aliases denote one party.,Codex (manual caption/summary review),2026-09-26
affinion,1,"Affinion Group Holdings, Inc.",company,listing_caption,fa9d2d204df00d2b73fb779307d186d3509db313f705fb156c66e69cfdc41e33,Named organization in caption; retained aliases denote one party.,Codex (manual caption/summary review),2026-09-26
affinion,2,Affinion Group Inc.,company,listing_caption,fa9d2d204df00d2b73fb779307d186d3509db313f705fb156c66e69cfdc41e33,Named organization in caption; retained aliases denote one party.,Codex (manual caption/summary review),2026-09-26
affinion,3,"Affinion Group, LLC",company,listing_caption,fa9d2d204df00d2b73fb779307d186d3509db313f705fb156c66e69cfdc41e33,Named organization in caption; retained aliases denote one party.,Codex (manual caption/summary review),2026-09-26
affinion,4,et al.,non_entity,listing_caption,fa9d2d204df00d2b73fb779307d186d3509db313f705fb156c66e69cfdc41e33,Collective/unspecified respondents or non-operating relief/plaintiff entity; excluded from company matching.,Codex (manual caption/summary review),2026-09-26
syndicated-office-systems,1,"Syndicated Office Systems, LLC, d/b/a Central Financial Control",company,listing_caption,b25ff899a964cfe4584e32aa1b06cf7163c444cf7356bb8e27f5b94506bbc807,Named organization in caption; retained aliases denote one party.,Codex (manual caption/summary review),2026-09-26
guarantee-mortgage,1,Guarantee Mortgage Corporation,company,listing_caption,82c0c89c442c4323a24bf12bf3c46d5abda278ad74746c17d7007a8ecd78ae64,Named organization in caption; retained aliases denote one party.,Codex (manual caption/summary review),2026-09-26
rpm-mortgage,1,"RPM Mortgage, Inc.",company,listing_caption,54a5a16532b12ca329765f8e96e7207594f68ec9c6fb8c41f7e39c88f917ece6,Named organization in caption; retained aliases denote one party.,Codex (manual caption/summary review),2026-09-26
rpm-mortgage,2,Erwin Robert Hirt,individual,listing_caption,54a5a16532b12ca329765f8e96e7207594f68ec9c6fb8c41f7e39c88f917ece6,Natural-person respondent; excluded from company matching.,Codex (manual caption/summary review),2026-09-26
provident-funding-associates-lp,1,"Provident Funding Associates, L.P.",company,listing_caption,36191dd2b702a0617bf2c2fef66ca99625e384c056055867e721b9184f0d3b97,Named organization in caption; retained aliases denote one party.,Codex (manual caption/summary review),2026-09-26
bill-me-later-paypal,1,"PayPal, Inc.",company,listing_caption,981c13701d7d2bd0b41f343b343e6d984bd1038edaa816fe8e3eb9a42b896588,Named organization in caption; retained aliases denote one party.,Codex (manual caption/summary review),2026-09-26
bill-me-later-paypal,2,"Bill Me Later, Inc.",company,listing_caption,981c13701d7d2bd0b41f343b343e6d984bd1038edaa816fe8e3eb9a42b896588,Named organization in caption; retained aliases denote one party.,Codex (manual caption/summary review),2026-09-26
verizon-wireless,1,Cellco Partnership d/ba/ Verizon Wireless,company,listing_caption,388700caf09d377a6806e7a6a532c95b2952598013ba537ce5178a65f5ba93dd,Named organization in caption; retained aliases denote one party.,Codex (manual caption/summary review),2026-09-26
nationwide-biweekly-administration,1,"Nationwide Biweekly Administration, Inc.",company,listing_caption,11ddd5ec8f2220315b586bd1a65ae6766a32f8edff93dc40030a1ee7f92c9385,Named organization in caption; retained aliases denote one party.,Codex (manual caption/summary review),2026-09-26
nationwide-biweekly-administration,2,Loan Payment Administration LLC,company,listing_caption,11ddd5ec8f2220315b586bd1a65ae6766a32f8edff93dc40030a1ee7f92c9385,Named organization in caption; retained aliases denote one party.,Codex (manual caption/summary review),2026-09-26
nationwide-biweekly-administration,3,Daniel S. Lipsky,individual,listing_caption,11ddd5ec8f2220315b586bd1a65ae6766a32f8edff93dc40030a1ee7f92c9385,Natural-person respondent; excluded from company matching.,Codex (manual caption/summary review),2026-09-26
international-land-consultants,1,"International Land Consultants, Inc.",company,listing_caption,0f37a0e2ef78ae04cf69cd03af1edb83d557bb2955f857e81163b5ad7be2d309,Named organization in caption; retained aliases denote one party.,Codex (manual caption/summary review),2026-09-26
international-land-consultants,2,Rocco Toscano,individual,listing_caption,0f37a0e2ef78ae04cf69cd03af1edb83d557bb2955f857e81163b5ad7be2d309,Natural-person respondent; excluded from company matching.,Codex (manual caption/summary review),2026-09-26
international-land-consultants,3,Joseph Mazzucco,individual,listing_caption,0f37a0e2ef78ae04cf69cd03af1edb83d557bb2955f857e81163b5ad7be2d309,Natural-person respondent; excluded from company matching.,Codex (manual caption/summary review),2026-09-26
international-land-consultants,4,James Vincent,individual,listing_caption,0f37a0e2ef78ae04cf69cd03af1edb83d557bb2955f857e81163b5ad7be2d309,Natural-person respondent; excluded from company matching.,Codex (manual caption/summary review),2026-09-26
international-land-consultants,5,James Tague,individual,listing_caption,0f37a0e2ef78ae04cf69cd03af1edb83d557bb2955f857e81163b5ad7be2d309,Natural-person respondent; excluded from company matching.,Codex (manual caption/summary review),2026-09-26
genuine-title-2,1,"Genuine Title, LLC",company,detail_heading,2d91c1dcf1a73a93c54a0d10924f7b0d55acd317f4f4858fc23f6ced55f99bd9,Named organization in caption; retained aliases denote one party.,Codex (manual caption/summary review),2026-09-26
genuine-title-2,2,Brandon Glickstein,individual,detail_heading,2d91c1dcf1a73a93c54a0d10924f7b0d55acd317f4f4858fc23f6ced55f99bd9,Natural-person respondent; excluded from company matching.,Codex (manual caption/summary review),2026-09-26
genuine-title-2,3,Gary Klopp,individual,detail_heading,2d91c1dcf1a73a93c54a0d10924f7b0d55acd317f4f4858fc23f6ced55f99bd9,Natural-person respondent; excluded from company matching.,Codex (manual caption/summary review),2026-09-26
genuine-title-2,4,Adam Mandelberg,individual,detail_heading,2d91c1dcf1a73a93c54a0d10924f7b0d55acd317f4f4858fc23f6ced55f99bd9,Natural-person respondent; excluded from company matching.,Codex (manual caption/summary review),2026-09-26
genuine-title-2,5,"William J. Peterson, III",individual,detail_heading,2d91c1dcf1a73a93c54a0d10924f7b0d55acd317f4f4858fc23f6ced55f99bd9,Natural-person respondent; excluded from company matching.,Codex (manual caption/summary review),2026-09-26
genuine-title-2,6,Angela Pobletts,individual,detail_heading,2d91c1dcf1a73a93c54a0d10924f7b0d55acd317f4f4858fc23f6ced55f99bd9,Natural-person respondent; excluded from company matching.,Codex (manual caption/summary review),2026-09-26
genuine-title-2,7,Jay Zukerberg,individual,detail_heading,2d91c1dcf1a73a93c54a0d10924f7b0d55acd317f4f4858fc23f6ced55f99bd9,Natural-person respondent; excluded from company matching.,Codex (manual caption/summary review),2026-09-26
genuine-title-2,8,"All County Settlements, LLC",company,detail_heading,2d91c1dcf1a73a93c54a0d10924f7b0d55acd317f4f4858fc23f6ced55f99bd9,Named organization in caption; retained aliases denote one party.,Codex (manual caption/summary review),2026-09-26
genuine-title-2,9,"BTS Management and Consulting, LLC",company,detail_heading,2d91c1dcf1a73a93c54a0d10924f7b0d55acd317f4f4858fc23f6ced55f99bd9,Named organization in caption; retained aliases denote one party.,Codex (manual caption/summary review),2026-09-26
genuine-title-2,10,"Carroll Abstracts, Inc.",company,detail_heading,2d91c1dcf1a73a93c54a0d10924f7b0d55acd317f4f4858fc23f6ced55f99bd9,Named organization in caption; retained aliases denote one party.,Codex (manual caption/summary review),2026-09-26
genuine-title-2,11,"MARC, LLC",company,detail_heading,2d91c1dcf1a73a93c54a0d10924f7b0d55acd317f4f4858fc23f6ced55f99bd9,Named organization in caption; retained aliases denote one party.,Codex (manual caption/summary review),2026-09-26
genuine-title-2,12,"Mortgage Services, LLC",company,detail_heading,2d91c1dcf1a73a93c54a0d10924f7b0d55acd317f4f4858fc23f6ced55f99bd9,Named organization in caption; retained aliases denote one party.,Codex (manual caption/summary review),2026-09-26
genuine-title-2,13,"R&R Marketing Group, LLC",company,detail_heading,2d91c1dcf1a73a93c54a0d10924f7b0d55acd317f4f4858fc23f6ced55f99bd9,Named organization in caption; retained aliases denote one party.,Codex (manual caption/summary review),2026-09-26
regions-bank,1,Regions Bank,company,listing_caption,8feb41c6ade505427f54394e22def59b08644db108e38f22ced676755229c3f1,Named organization in caption; retained aliases denote one party.,Codex (manual caption/summary review),2026-09-26
green-tree-servicing-llc,1,"Green Tree Servicing, LLC",company,listing_caption,d601b55bb2f6d3eab29bf9815fe76b5849ea0fff27a33a44a5587353627c64d7,Named organization in caption; retained aliases denote one party.,Codex (manual caption/summary review),2026-09-26
military-assistance-company,1,Fort Knox National Company,company,listing_caption,f842574af616d6c073b8453190ec4e109a772b3db13494ae54128b810d1568f3,Named organization in caption; retained aliases denote one party.,Codex (manual caption/summary review),2026-09-26
military-assistance-company,2,"Military Assistance Company, LLC.",company,listing_caption,f842574af616d6c073b8453190ec4e109a772b3db13494ae54128b810d1568f3,Named organization in caption; retained aliases denote one party.,Codex (manual caption/summary review),2026-09-26
sw-tax-loans-navajo-nation,1,"S/W Tax Loans, Inc. formerly d/b/a Fast Refund Loans, Inc.",company,listing_caption,a3d0dce07fe52a258ec65994dd09eb1a73be95d5acc8221aa571667b44fff448,Named organization in caption; retained aliases denote one party.,Codex (manual caption/summary review),2026-09-26
sw-tax-loans-navajo-nation,2,"J Thomas Development of NM, Inc. formerly d/b/a H&R Block",company,listing_caption,a3d0dce07fe52a258ec65994dd09eb1a73be95d5acc8221aa571667b44fff448,Named organization in caption; retained aliases denote one party.,Codex (manual caption/summary review),2026-09-26
sw-tax-loans-navajo-nation,3,Dennis R. Gonzales,individual,listing_caption,a3d0dce07fe52a258ec65994dd09eb1a73be95d5acc8221aa571667b44fff448,Natural-person respondent; excluded from company matching.,Codex (manual caption/summary review),2026-09-26
sw-tax-loans-navajo-nation,4,Jeffrey Scott Thomas,individual,listing_caption,a3d0dce07fe52a258ec65994dd09eb1a73be95d5acc8221aa571667b44fff448,Natural-person respondent; excluded from company matching.,Codex (manual caption/summary review),2026-09-26
rmk-financial-corporation,1,R M K Financial Corporation d/b/a Majestic Home Loans,company,listing_caption,e48b1eaee7df477d3dbbf19fab27e9b5a95ac7e694956f4ceb13197aa3ac080f,Named organization in caption; retained aliases denote one party.,Codex (manual caption/summary review),2026-09-26
national-corrective-group,1,"National Corrective Group, Inc. (NCG)",company,listing_caption,1b3799a3f57fb14b0238ace93b63237ff2d4a2b7c3a6fa9a472552272619f53e,Named organization in caption; retained aliases denote one party.,Codex (manual caption/summary review),2026-09-26
national-corrective-group,2,"American Justice Solutions, Inc. d/b/a Corrective Solutions",company,listing_caption,1b3799a3f57fb14b0238ace93b63237ff2d4a2b7c3a6fa9a472552272619f53e,Named organization in caption; retained aliases denote one party.,Codex (manual caption/summary review),2026-09-26
national-corrective-group,3,et al.,non_entity,listing_caption,1b3799a3f57fb14b0238ace93b63237ff2d4a2b7c3a6fa9a472552272619f53e,Collective/unspecified respondents or non-operating relief/plaintiff entity; excluded from company matching.,Codex (manual caption/summary review),2026-09-26
universal-debt-payment-solutions-llc-et-al,1,"Universal Debt & Payment Solutions, LLC",company,listing_caption,207f75847594c41b8c073e9653ad26322dc4adeca57d1f4c716caa163524d9c7,Named organization in caption; retained aliases denote one party.,Codex (manual caption/summary review),2026-09-26
universal-debt-payment-solutions-llc-et-al,2,"Universal Debt Solutions, LLC",company,listing_caption,207f75847594c41b8c073e9653ad26322dc4adeca57d1f4c716caa163524d9c7,Named organization in caption; retained aliases denote one party.,Codex (manual caption/summary review),2026-09-26
universal-debt-payment-solutions-llc-et-al,3,"WNY Account Solutions, LLC",company,listing_caption,207f75847594c41b8c073e9653ad26322dc4adeca57d1f4c716caa163524d9c7,Named organization in caption; retained aliases denote one party.,Codex (manual caption/summary review),2026-09-26
universal-debt-payment-solutions-llc-et-al,4,Associated Companies and Individuals,non_entity,listing_caption,207f75847594c41b8c073e9653ad26322dc4adeca57d1f4c716caa163524d9c7,Collective/unspecified respondents or non-operating relief/plaintiff entity; excluded from company matching.,Codex (manual caption/summary review),2026-09-26
flagship-financial,1,"Flagship Financial Group, LLC",company,listing_caption,ca40f637548e61582a76747212be9e43c4175b673eed7d55e7b7c657cdea5928,Named organization in caption; retained aliases denote one party.,Codex (manual caption/summary review),2026-09-26
american-preferred,1,"American Preferred Lending, Inc.",company,listing_caption,d094460381b8f550fa47ada56b40107e0de72f54b8aa97d3aeabcf82be92338d,Named organization in caption; retained aliases denote one party.,Codex (manual caption/summary review),2026-09-26
all-financial-services,1,"All Financial Services, LLC",company,listing_caption,e6fcc21ff3021a3c6eead49acbe53ac457c8afc00310d8c71dfa891c164deeae,Named organization in caption; retained aliases denote one party.,Codex (manual caption/summary review),2026-09-26
new-day-financial,1,"New Day Financial, LLC",company,listing_caption,7f30e949b4fd442f76718a3d04141efa82205242ce7feb96d31820d9ad8d0eeb,Named organization in caption; retained aliases denote one party.,Codex (manual caption/summary review),2026-09-26
continental-finance-company,1,"Continental Finance Company, LLC",company,listing_caption,2f8d3ea4ed9b6555f428dd2e7da0731b28c7c4ee758233371372bc31d5c298b0,Named organization in caption; retained aliases denote one party.,Codex (manual caption/summary review),2026-09-26
genuine-title-jp-morgan,1,"JPMorgan Chase Bank, N.A.",company,listing_caption,d816f19dc16a89a740b4da28e7852b88d160ef1c331876e0807a24c335687333,Named organization in caption; retained aliases denote one party.,Codex (manual caption/summary review),2026-09-26
genuine-title,1,"Wells Fargo Bank, N.A.",company,listing_caption,2d8afc4977c5f170e8ba1258e8e4a6601b725d4c9d26003f988de3dab389e9b9,Named organization in caption; retained aliases denote one party.,Codex (manual caption/summary review),2026-09-26
genuine-title,2,"JPMorgan Chase Bank, N.A.",company,listing_caption,2d8afc4977c5f170e8ba1258e8e4a6601b725d4c9d26003f988de3dab389e9b9,Named organization in caption; retained aliases denote one party.,Codex (manual caption/summary review),2026-09-26
genuine-title,3,Elaine Oliphant Cohen,individual,listing_caption,2d8afc4977c5f170e8ba1258e8e4a6601b725d4c9d26003f988de3dab389e9b9,Natural-person respondent; excluded from company matching.,Codex (manual caption/summary review),2026-09-26
genuine-title,4,Todd Cohen,individual,listing_caption,2d8afc4977c5f170e8ba1258e8e4a6601b725d4c9d26003f988de3dab389e9b9,Natural-person respondent; excluded from company matching.,Codex (manual caption/summary review),2026-09-26
genuine-title-wells-fargo,1,"Wells Fargo Bank, N.A.",company,listing_caption,1c96269e2abed1366ba9ccd0c184c0612c0dd0c1b33fcab19172bf3318787115,Named organization in caption; retained aliases denote one party.,Codex (manual caption/summary review),2026-09-26
freedom-furniture,1,"Freedom Stores, Inc.",company,listing_caption,0879a271196dbb90a7b7b1d6a19b40f5d08fa4d9857cc54342be8df728cd5d5c,Named organization in caption; retained aliases denote one party.,Codex (manual caption/summary review),2026-09-26
freedom-furniture,2,Freedom Acceptance Corporation,company,listing_caption,0879a271196dbb90a7b7b1d6a19b40f5d08fa4d9857cc54342be8df728cd5d5c,Named organization in caption; retained aliases denote one party.,Codex (manual caption/summary review),2026-09-26
freedom-furniture,3,Military Credit Services LLC,company,listing_caption,0879a271196dbb90a7b7b1d6a19b40f5d08fa4d9857cc54342be8df728cd5d5c,Named organization in caption; retained aliases denote one party.,Codex (manual caption/summary review),2026-09-26
freedom-furniture,4,John F.  Melley,individual,listing_caption,0879a271196dbb90a7b7b1d6a19b40f5d08fa4d9857cc54342be8df728cd5d5c,Natural-person respondent; excluded from company matching.,Codex (manual caption/summary review),2026-09-26
freedom-furniture,5,"Leonard B. Melley, Jr.",individual,listing_caption,0879a271196dbb90a7b7b1d6a19b40f5d08fa4d9857cc54342be8df728cd5d5c,Natural-person respondent; excluded from company matching.,Codex (manual caption/summary review),2026-09-26
union-workers-credit-services,1,"Union Workers Credit Services, Inc.",company,listing_caption,a6284e80bed419be16d4ba478bca64f1d0e6e32d0b3b2dbf9a6cc06b35d7c1be,Named organization in caption; retained aliases denote one party.,Codex (manual caption/summary review),2026-09-26
sprint-2,1,Sprint Corporation,company,listing_caption,aaa9d3e09464c07de07af23304da2cc6db5451246c2df75e07539af45b766fb9,Named organization in caption; retained aliases denote one party.,Codex (manual caption/summary review),2026-09-26
college-education-services-marcia-elena-vargas-and-frank-liz,1,College Education Services,company,listing_caption,74eb1dfb107400170d5b3b307a00d80bfd7598a9003bf73d650de3c28b16444b,Named organization in caption; retained aliases denote one party.,Codex (manual caption/summary review),2026-09-26
college-education-services-marcia-elena-vargas-and-frank-liz,2,Marcia Elena Vargas,individual,listing_caption,74eb1dfb107400170d5b3b307a00d80bfd7598a9003bf73d650de3c28b16444b,Natural-person respondent; excluded from company matching.,Codex (manual caption/summary review),2026-09-26
college-education-services-marcia-elena-vargas-and-frank-liz,3,Frank Liz,individual,listing_caption,74eb1dfb107400170d5b3b307a00d80bfd7598a9003bf73d650de3c28b16444b,Natural-person respondent; excluded from company matching.,Codex (manual caption/summary review),2026-09-26
irvinewebworks-student-loan-processing,1,"IrvineWebWorks, Inc. d/b/a Student Loan Processing. US",company,listing_caption,014275dda56329c00ff08bad0ced414ed71dcecc37e14ada9f0345e4ddce2b51,Named organization in caption; retained aliases denote one party.,Codex (manual caption/summary review),2026-09-26
irvinewebworks-student-loan-processing,2,et al.,non_entity,listing_caption,014275dda56329c00ff08bad0ced414ed71dcecc37e14ada9f0345e4ddce2b51,Collective/unspecified respondents or non-operating relief/plaintiff entity; excluded from company matching.,Codex (manual caption/summary review),2026-09-26
drivetime,1,"DriveTime Automotive Group, Inc.",company,listing_caption,6cba01fbf18debd03d36125a962b8c5efdd28c964712a17d75fc43f495da3bcb,Named organization in caption; retained aliases denote one party.,Codex (manual caption/summary review),2026-09-26
drivetime,2,DT Acceptance Corp,company,listing_caption,6cba01fbf18debd03d36125a962b8c5efdd28c964712a17d75fc43f495da3bcb,Named organization in caption; retained aliases denote one party.,Codex (manual caption/summary review),2026-09-26
franklin-loan-corporation,1,Franklin Loan Corporation,company,listing_caption,94abed97474935fdb303ce9f7de25ddf1336ab972f3c99b9e5ce78f70d0dcbfe,Named organization in caption; retained aliases denote one party.,Codex (manual caption/summary review),2026-09-26
mt-bank,1,Manufacturers and Traders Trust Company,company,listing_caption,ca36c0ea1bc18154eac0a385d1bdd1e56707f0c89b284bf19c1ca2b806cab750,Named organization in caption; retained aliases denote one party.,Codex (manual caption/summary review),2026-09-26
lighthouse-title,1,"Lighthouse Title, Inc.",company,listing_caption,2b3253f2e749ee9ac480e9ab8a6124a754f7b49772029dbe1afce6f8cee29382,Named organization in caption; retained aliases denote one party.,Codex (manual caption/summary review),2026-09-26
flagstar,1,"Flagstar Bank, F.S.B.",company,listing_caption,ce6b447ad1f02d62db36a1599a7ca4c7d6c8dc05f62677900e258ce06935676d,Named organization in caption; retained aliases denote one party.,Codex (manual caption/summary review),2026-09-26
us-bank,1,U.S. Bank National Association,company,listing_caption,00c5948ac066c154af5f1177c918e3e61d0a8b043ff6ec8de329e865bb115d84,Named organization in caption; retained aliases denote one party.,Codex (manual caption/summary review),2026-09-26
corinthian-colleges,1,"Corinthian Colleges, Inc. d/b/a Everest College, WyoTech, and Heald College",company,listing_caption,b7e9c294e41d5d7b4b990d084f7a336f0dfe0119f893c34646f12188b26d2b37,Named organization in caption; retained aliases denote one party.,Codex (manual caption/summary review),2026-09-26
ssmhydra-group,1,SSM Group,company,listing_caption,c025ffcf0931604adb5a5b18048eac905be5d5f9fc8110fc1a9cd159e4a30caf,Named organization in caption; retained aliases denote one party.,Codex (manual caption/summary review),2026-09-26
ssmhydra-group,2,Hydra Financial Limited Fund,company,listing_caption,c025ffcf0931604adb5a5b18048eac905be5d5f9fc8110fc1a9cd159e4a30caf,Named organization in caption; retained aliases denote one party.,Codex (manual caption/summary review),2026-09-26
ssmhydra-group,3,"CMG Group, LLC",company,listing_caption,c025ffcf0931604adb5a5b18048eac905be5d5f9fc8110fc1a9cd159e4a30caf,Named organization in caption; retained aliases denote one party.,Codex (manual caption/summary review),2026-09-26
ssmhydra-group,4,"DJR Group, LLC",company,listing_caption,c025ffcf0931604adb5a5b18048eac905be5d5f9fc8110fc1a9cd159e4a30caf,Named organization in caption; retained aliases denote one party.,Codex (manual caption/summary review),2026-09-26
ssmhydra-group,5,"BCD Group, LLC",company,listing_caption,c025ffcf0931604adb5a5b18048eac905be5d5f9fc8110fc1a9cd159e4a30caf,Named organization in caption; retained aliases denote one party.,Codex (manual caption/summary review),2026-09-26
ssmhydra-group,6,et al.,non_entity,listing_caption,c025ffcf0931604adb5a5b18048eac905be5d5f9fc8110fc1a9cd159e4a30caf,Collective/unspecified respondents or non-operating relief/plaintiff entity; excluded from company matching.,Codex (manual caption/summary review),2026-09-26
global-client-solutions,1,"Global Client Solutions, LLC",company,listing_caption,815eb19996f278713239fe090ba0afad0807d4660716526f8861418f1f4933d6,Named organization in caption; retained aliases denote one party.,Codex (manual caption/summary review),2026-09-26
global-client-solutions,2,Global Holdings LLC,company,listing_caption,815eb19996f278713239fe090ba0afad0807d4660716526f8861418f1f4933d6,Named organization in caption; retained aliases denote one party.,Codex (manual caption/summary review),2026-09-26
global-client-solutions,3,Robert Merrick,individual,listing_caption,815eb19996f278713239fe090ba0afad0807d4660716526f8861418f1f4933d6,Natural-person respondent; excluded from company matching.,Codex (manual caption/summary review),2026-09-26
global-client-solutions,4,Michael Hendrix,individual,listing_caption,815eb19996f278713239fe090ba0afad0807d4660716526f8861418f1f4933d6,Natural-person respondent; excluded from company matching.,Codex (manual caption/summary review),2026-09-26
first-investors-financial-services,1,First Investors Financial Services Group Inc.,company,listing_caption,aa398f053f20bd9533f50674876e34776497c3279084da73fa79913c90b3806a,Named organization in caption; retained aliases denote one party.,Codex (manual caption/summary review),2026-09-26
usa-discounters-ltd,1,"USA Discounters, Ltd.",company,listing_caption,8c6dcf611b14aff554c00d4904d99bd0b3c263b83522f5d26dfcb6a82f66840b,Named organization in caption; retained aliases denote one party.,Codex (manual caption/summary review),2026-09-26
amerisave-mortgage-novo-appraisal-patrick-markert,1,Amerisave Mortgage Corp.,company,listing_caption,a898f1b6006eb62a2b7194a5b594aa051f61258f9804fbd0f7c529fc29609caf,Named organization in caption; retained aliases denote one party.,Codex (manual caption/summary review),2026-09-26
amerisave-mortgage-novo-appraisal-patrick-markert,2,Novo Appraisal Management Co.,company,listing_caption,a898f1b6006eb62a2b7194a5b594aa051f61258f9804fbd0f7c529fc29609caf,Named organization in caption; retained aliases denote one party.,Codex (manual caption/summary review),2026-09-26
amerisave-mortgage-novo-appraisal-patrick-markert,3,Patrick Markert,individual,listing_caption,a898f1b6006eb62a2b7194a5b594aa051f61258f9804fbd0f7c529fc29609caf,Natural-person respondent; excluded from company matching.,Codex (manual caption/summary review),2026-09-26
colfax-capital-corporation-culver-capital-llc-ronald-wilson-william-collins,1,Colfax Capital Corporation,company,listing_caption,51e237a41e23c6b106f7aa9eb0b00a274262bac415195458dbc1795721aa63c1,Named organization in caption; retained aliases denote one party.,Codex (manual caption/summary review),2026-09-26
colfax-capital-corporation-culver-capital-llc-ronald-wilson-william-collins,2,"Culver Capital, LLC",company,listing_caption,51e237a41e23c6b106f7aa9eb0b00a274262bac415195458dbc1795721aa63c1,Named organization in caption; retained aliases denote one party.,Codex (manual caption/summary review),2026-09-26
colfax-capital-corporation-culver-capital-llc-ronald-wilson-william-collins,3,Ronald Wilson,individual,listing_caption,51e237a41e23c6b106f7aa9eb0b00a274262bac415195458dbc1795721aa63c1,Natural-person respondent; excluded from company matching.,Codex (manual caption/summary review),2026-09-26
colfax-capital-corporation-culver-capital-llc-ronald-wilson-william-collins,4,William Collins,individual,listing_caption,51e237a41e23c6b106f7aa9eb0b00a274262bac415195458dbc1795721aa63c1,Natural-person respondent; excluded from company matching.,Codex (manual caption/summary review),2026-09-26
the-mortgage-law-group-llp-et-al,1,"The Mortgage Law Group, LLP d/b/a The Law Firm of Macey, Aleman & Searns",company,listing_caption,fd9a9469c7d798e6d9bfdb6be3afc5b5715735b64ddbcb208af324faa869d8fe,Named organization in caption; retained aliases denote one party.,Codex (manual caption/summary review),2026-09-26
the-mortgage-law-group-llp-et-al,2,Consumer First Legal Group LLC,company,listing_caption,fd9a9469c7d798e6d9bfdb6be3afc5b5715735b64ddbcb208af324faa869d8fe,Named organization in caption; retained aliases denote one party.,Codex (manual caption/summary review),2026-09-26
the-mortgage-law-group-llp-et-al,3,Thomas G. Macey,individual,listing_caption,fd9a9469c7d798e6d9bfdb6be3afc5b5715735b64ddbcb208af324faa869d8fe,Natural-person respondent; excluded from company matching.,Codex (manual caption/summary review),2026-09-26
the-mortgage-law-group-llp-et-al,4,Jeffrey J. Aleman,individual,listing_caption,fd9a9469c7d798e6d9bfdb6be3afc5b5715735b64ddbcb208af324faa869d8fe,Natural-person respondent; excluded from company matching.,Codex (manual caption/summary review),2026-09-26
the-mortgage-law-group-llp-et-al,5,Jason Searns,individual,listing_caption,fd9a9469c7d798e6d9bfdb6be3afc5b5715735b64ddbcb208af324faa869d8fe,Natural-person respondent; excluded from company matching.,Codex (manual caption/summary review),2026-09-26
the-mortgage-law-group-llp-et-al,6,Harold E. Stafford,individual,listing_caption,fd9a9469c7d798e6d9bfdb6be3afc5b5715735b64ddbcb208af324faa869d8fe,Natural-person respondent; excluded from company matching.,Codex (manual caption/summary review),2026-09-26
stephen-siringoringo-alfred-clausen-joshua-cobb-and-corporation-clausen-and-cobb-man,1,Stephen Lyster Siringoringo also d/b/a Siringoringo Law Firm,individual,listing_caption,271f596f051065ea523128585e149274547e8cb4d367b1a10c0d83a598fdea70,Natural-person respondent; excluded from company matching.,Codex (manual caption/summary review),2026-09-26
stephen-siringoringo-alfred-clausen-joshua-cobb-and-corporation-clausen-and-cobb-man,2,"Clausen & Cobb Management Company, Inc.",company,listing_caption,271f596f051065ea523128585e149274547e8cb4d367b1a10c0d83a598fdea70,Named organization in caption; retained aliases denote one party.,Codex (manual caption/summary review),2026-09-26
stephen-siringoringo-alfred-clausen-joshua-cobb-and-corporation-clausen-and-cobb-man,3,Alfred Clausen,individual,summary,271f596f051065ea523128585e149274547e8cb4d367b1a10c0d83a598fdea70,Individual defendant named in summary but omitted from caption.,Codex (manual caption/summary review),2026-09-26
stephen-siringoringo-alfred-clausen-joshua-cobb-and-corporation-clausen-and-cobb-man,4,Joshua Cobb,individual,listing_caption,271f596f051065ea523128585e149274547e8cb4d367b1a10c0d83a598fdea70,Natural-person respondent; excluded from company matching.,Codex (manual caption/summary review),2026-09-26
frederick-hanna-associates,1,"Frederick J. Hanna & Associates, P.C.",company,listing_caption,922053e15ab46d3462c3626dd1236861c6a85bd5be4a99f4c918f8d39e86b0ae,Named organization in caption; retained aliases denote one party.,Codex (manual caption/summary review),2026-09-26
frederick-hanna-associates,2,Frederick J. Hanna,individual,listing_caption,922053e15ab46d3462c3626dd1236861c6a85bd5be4a99f4c918f8d39e86b0ae,Natural-person respondent; excluded from company matching.,Codex (manual caption/summary review),2026-09-26
frederick-hanna-associates,3,Joseph C. Cooling,individual,listing_caption,922053e15ab46d3462c3626dd1236861c6a85bd5be4a99f4c918f8d39e86b0ae,Natural-person respondent; excluded from company matching.,Codex (manual caption/summary review),2026-09-26
frederick-hanna-associates,4,Robert A. Winter,individual,listing_caption,922053e15ab46d3462c3626dd1236861c6a85bd5be4a99f4c918f8d39e86b0ae,Natural-person respondent; excluded from company matching.,Codex (manual caption/summary review),2026-09-26
residential-litigation-group-aka-hoffman-law,1,Michael Harper,individual,listing_caption,d381f790c3885c8b3a29ead5ccc753083fae04ac546162b6f9927001ffd9bd55,Natural-person respondent; excluded from company matching.,Codex (manual caption/summary review),2026-09-26
residential-litigation-group-aka-hoffman-law,2,Ben Wilcox,individual,listing_caption,d381f790c3885c8b3a29ead5ccc753083fae04ac546162b6f9927001ffd9bd55,Natural-person respondent; excluded from company matching.,Codex (manual caption/summary review),2026-09-26
residential-litigation-group-aka-hoffman-law,3,Marc Hoffman,individual,listing_caption,d381f790c3885c8b3a29ead5ccc753083fae04ac546162b6f9927001ffd9bd55,Natural-person respondent; excluded from company matching.,Codex (manual caption/summary review),2026-09-26
residential-litigation-group-aka-hoffman-law,4,et al.,non_entity,listing_caption,d381f790c3885c8b3a29ead5ccc753083fae04ac546162b6f9927001ffd9bd55,Collective/unspecified respondents or non-operating relief/plaintiff entity; excluded from company matching.,Codex (manual caption/summary review),2026-09-26
ace-cash-express,1,"ACE Cash Express, Inc.",company,listing_caption,38e79ebb11c8ef02750875e716e834cf18c7958dc1a4959a196ba3382690c90a,Named organization in caption; retained aliases denote one party.,Codex (manual caption/summary review),2026-09-26
synchrony-bank-fka-ge-capital-retail-bank,1,"Synchrony Bank, f/k/a GE Capital Retail Bank",company,listing_caption,6377e464d11a68f2a17cb3b92200e1f1170e4663cfe4a3a8fb39fbbec8fefa3f,Named organization in caption; retained aliases denote one party.,Codex (manual caption/summary review),2026-09-26
suntrust-mortgage-inc,1,"SunTrust Mortgage, Inc.",company,listing_caption,1707b660ff6110e5bdf725be2ecb624de7e4c6b0c7640a083d1078daf558efb1,Named organization in caption; retained aliases denote one party.,Codex (manual caption/summary review),2026-09-26
stonebridge-title-services,1,"Stonebridge Title Services, Inc.",company,listing_caption,7dee3773532e7c80d8e54c187384bf562ec1bfc416010ff3655ee695a16e3c01,Named organization in caption; retained aliases denote one party.,Codex (manual caption/summary review),2026-09-26
jrhbw-realty-inc-dba-realtysouth-titlesouth-llc,1,"JRHBW Realty, Inc., d/b/a RealtySouth",company,listing_caption,acb77c6019b7cf1df9212632a251aead689b3ba284bdd04bd5207cd79fd51ed9,Named organization in caption; retained aliases denote one party.,Codex (manual caption/summary review),2026-09-26
jrhbw-realty-inc-dba-realtysouth-titlesouth-llc,2,"TitleSouth, LLC",company,listing_caption,acb77c6019b7cf1df9212632a251aead689b3ba284bdd04bd5207cd79fd51ed9,Named organization in caption; retained aliases denote one party.,Codex (manual caption/summary review),2026-09-26
bank-america-fia-card-services,1,"Bank of America, N.A.",company,listing_caption,dfb9a114379e6ae20d1cb1a8e89d5a894ca816f88c54edba700f12064d4629ab,Named organization in caption; retained aliases denote one party.,Codex (manual caption/summary review),2026-09-26
bank-america-fia-card-services,2,"FIA Card Services, N.A.",company,listing_caption,dfb9a114379e6ae20d1cb1a8e89d5a894ca816f88c54edba700f12064d4629ab,Named organization in caption; retained aliases denote one party.,Codex (manual caption/summary review),2026-09-26
itt-educational-services,1,"ITT Educational Services, Inc.",company,listing_caption,e9c105a6a417c64de4031b9a050fbfc5f8152eb36043dc832e12a898abba5c24,Named organization in caption; retained aliases denote one party.,Codex (manual caption/summary review),2026-09-26
1st-alliance-lending,1,"1st Alliance Lending, LLC (First Alliance)",company,listing_caption,0f6507d7061aecac6d817ac51c6fec4bb0a3d4ac85959101f717d46388ee0931,Named organization in caption; retained aliases denote one party.,Codex (manual caption/summary review),2026-09-26
phh-corporation,1,PHH Corporation,company,listing_caption,13ddfc0671f37f0ff4d5e51cf1cc6408daf390060c1aadd304d141c5b99525d5,Named organization in caption; retained aliases denote one party.,Codex (manual caption/summary review),2026-09-26
phh-corporation,2,PHH Mortgage Corporation,company,listing_caption,13ddfc0671f37f0ff4d5e51cf1cc6408daf390060c1aadd304d141c5b99525d5,Named organization in caption; retained aliases denote one party.,Codex (manual caption/summary review),2026-09-26
phh-corporation,3,"PHH Home Loans, LLC",company,listing_caption,13ddfc0671f37f0ff4d5e51cf1cc6408daf390060c1aadd304d141c5b99525d5,Named organization in caption; retained aliases denote one party.,Codex (manual caption/summary review),2026-09-26
phh-corporation,4,Atrium Insurance Corporation,company,listing_caption,13ddfc0671f37f0ff4d5e51cf1cc6408daf390060c1aadd304d141c5b99525d5,Named organization in caption; retained aliases denote one party.,Codex (manual caption/summary review),2026-09-26
phh-corporation,5,Atrium Reinsurance Corporation,company,listing_caption,13ddfc0671f37f0ff4d5e51cf1cc6408daf390060c1aadd304d141c5b99525d5,Named organization in caption; retained aliases denote one party.,Codex (manual caption/summary review),2026-09-26
fidelity-mortgage-corporation-mark-figert,1,Fidelity Mortgage Corporation,company,listing_caption,34cc8c59aec5cd3e3a83eade762d93b467e50f4d9edfba65aa82c58b23a5e549,Named organization in caption; retained aliases denote one party.,Codex (manual caption/summary review),2026-09-26
fidelity-mortgage-corporation-mark-figert,2,Mark Figert,individual,listing_caption,34cc8c59aec5cd3e3a83eade762d93b467e50f4d9edfba65aa82c58b23a5e549,Natural-person respondent; excluded from company matching.,Codex (manual caption/summary review),2026-09-26
american-express-travel-related-services-company,1,"American Express Travel Related Services Company, Inc.",company,listing_caption,85a5b25b6005a4c6c87af173454a3ba7638f3a1e6f28f533ebbd057196ae56c2,Named organization in caption; retained aliases denote one party.,Codex (manual caption/summary review),2026-09-26
american-express-centurion-bank-2,1,American Express Centurion Bank,company,listing_caption,cf88fa3cb482e1da702b8531f3182d9fc7ab2b8c31a341bb15f969bb11b99de0,Named organization in caption; retained aliases denote one party.,Codex (manual caption/summary review),2026-09-26
american-express-bank-fsb-2,1,"American Express Bank, FSB",company,listing_caption,1d0658feaf20a97bad225b75478dc9947f04defb01177aa39fa5ac29a67963df,Named organization in caption; retained aliases denote one party.,Codex (manual caption/summary review),2026-09-26
national-city-bank-natcity-through-successor-in-interest-pnc,1,National City Bank,company,listing_caption,2b66b11d9fdfc14af5fb4924da647dbf789b390af40b47d74097e3bbb40737ce,Named organization in caption; retained aliases denote one party.,Codex (manual caption/summary review),2026-09-26
ally-financial-ally-bank,1,Ally Financial Inc.,company,listing_caption,66071a7dc23c80c7e1f640a4072957afea9b0d1724d2d154ca479c266adde6d4,Named organization in caption; retained aliases denote one party.,Codex (manual caption/summary review),2026-09-26
ally-financial-ally-bank,2,Ally Bank,company,listing_caption,66071a7dc23c80c7e1f640a4072957afea9b0d1724d2d154ca479c266adde6d4,Named organization in caption; retained aliases denote one party.,Codex (manual caption/summary review),2026-09-26
ocwen-financial-corp-and-ocwen-loan-servicing-llc,1,Ocwen Financial Corp.,company,listing_caption,b0b258a9530b7a9d0e75f7f9bf5d2831c230de07c30582b9d67b02f4fbe23a2f,Named organization in caption; retained aliases denote one party.,Codex (manual caption/summary review),2026-09-26
ocwen-financial-corp-and-ocwen-loan-servicing-llc,2,"Ocwen Loan Servicing, LLC",company,listing_caption,b0b258a9530b7a9d0e75f7f9bf5d2831c230de07c30582b9d67b02f4fbe23a2f,Named organization in caption; retained aliases denote one party.,Codex (manual caption/summary review),2026-09-26
cashcall-inc-ws-funding-and-delbert-services,1,"CashCall, Inc.",company,listing_caption,b87a34b846493a1a3663dec63a05471459e2c1f84484d17e221627b60891b182,Named organization in caption; retained aliases denote one party.,Codex (manual caption/summary review),2026-09-26
cashcall-inc-ws-funding-and-delbert-services,2,"WS Funding, LLC",company,listing_caption,b87a34b846493a1a3663dec63a05471459e2c1f84484d17e221627b60891b182,Named organization in caption; retained aliases denote one party.,Codex (manual caption/summary review),2026-09-26
cashcall-inc-ws-funding-and-delbert-services,3,Delbert Services Corporation,company,listing_caption,b87a34b846493a1a3663dec63a05471459e2c1f84484d17e221627b60891b182,Named organization in caption; retained aliases denote one party.,Codex (manual caption/summary review),2026-09-26
cashcall-inc-ws-funding-and-delbert-services,4,J. Paul Reddam,individual,listing_caption,b87a34b846493a1a3663dec63a05471459e2c1f84484d17e221627b60891b182,Natural-person respondent; excluded from company matching.,Codex (manual caption/summary review),2026-09-26
ge-capital-retail-bank-carecredit,1,GE Capital Retail Bank,company,listing_caption,58b2992b480e9d575e3078bc29ad49eb3e819ff7232bfcde2acf53a84864d4ed,Named organization in caption; retained aliases denote one party.,Codex (manual caption/summary review),2026-09-26
ge-capital-retail-bank-carecredit,2,CareCredit LLC,company,listing_caption,58b2992b480e9d575e3078bc29ad49eb3e819ff7232bfcde2acf53a84864d4ed,Named organization in caption; retained aliases denote one party.,Codex (manual caption/summary review),2026-09-26
cash-america-international,1,"Cash America International, Inc.",company,listing_caption,153e9426700ebd727dba11e57ce008f6a2156172f925f33c9cda1fbac4de96f7,Named organization in caption; retained aliases denote one party.,Codex (manual caption/summary review),2026-09-26
republic-mortgage-insurance-company,1,Republic Mortgage Insurance Company,company,listing_caption,a39d8a1ba8de1a8d2b2b79767831ca0bbd8890b2a1dd2fe9020e5327d7b10fe8,Named organization in caption; retained aliases denote one party.,Codex (manual caption/summary review),2026-09-26
borders-and-borders-plc-harry-borders-john-borders-jr-j-david-borders,1,"Borders & Borders, PLC",company,listing_caption,5bac4174e531d53dbcac502c5e968d0dc465e6d22bbf611a9bd17194e7ba5c18,Named organization in caption; retained aliases denote one party.,Codex (manual caption/summary review),2026-09-26
borders-and-borders-plc-harry-borders-john-borders-jr-j-david-borders,2,Harry Borders,individual,listing_caption,5bac4174e531d53dbcac502c5e968d0dc465e6d22bbf611a9bd17194e7ba5c18,Natural-person respondent; excluded from company matching.,Codex (manual caption/summary review),2026-09-26
borders-and-borders-plc-harry-borders-john-borders-jr-j-david-borders,3,"John Borders, Jr.",individual,listing_caption,5bac4174e531d53dbcac502c5e968d0dc465e6d22bbf611a9bd17194e7ba5c18,Natural-person respondent; excluded from company matching.,Codex (manual caption/summary review),2026-09-26
borders-and-borders-plc-harry-borders-john-borders-jr-j-david-borders,4,J. David Borders,individual,listing_caption,5bac4174e531d53dbcac502c5e968d0dc465e6d22bbf611a9bd17194e7ba5c18,Natural-person respondent; excluded from company matching.,Codex (manual caption/summary review),2026-09-26
mortgage-master-inc,1,"Mortgage Master, Inc.",company,listing_caption,c3e37a951d76542d8e5e451233f6f55b009416f7cdd350acc9e635d1a94b50be,Named organization in caption; retained aliases denote one party.,Codex (manual caption/summary review),2026-09-26
washington-federal,1,Washington Federal,company,listing_caption,7a50f3d59c2d7e9a77ddb77da8373e5801e0af02142ee4c4a995ae70c3eb4644,Named organization in caption; retained aliases denote one party.,Codex (manual caption/summary review),2026-09-26
meracord-llc-linda-remsberg,1,Meracord LLC,company,listing_caption,c6cd53042542d99cd8a9f30dbf106b59f87dd7db2bae786671d19bb63eab4419,Named organization in caption; retained aliases denote one party.,Codex (manual caption/summary review),2026-09-26
meracord-llc-linda-remsberg,2,Linda Remsberg,individual,listing_caption,c6cd53042542d99cd8a9f30dbf106b59f87dd7db2bae786671d19bb63eab4419,Natural-person respondent; excluded from company matching.,Codex (manual caption/summary review),2026-09-26
jpmorgan-chase-bank-usa,1,"JPMorgan Chase Bank, N.A.",company,listing_caption,676b3a128c9eb3200ee7d559e6bb45e7828d549028adcfc002c166eeb39389f1,Named organization in caption; retained aliases denote one party.,Codex (manual caption/summary review),2026-09-26
jpmorgan-chase-bank-usa,2,"Chase Bank USA, N.A.",company,listing_caption,676b3a128c9eb3200ee7d559e6bb45e7828d549028adcfc002c166eeb39389f1,Named organization in caption; retained aliases denote one party.,Codex (manual caption/summary review),2026-09-26
morgan-drexen-inc-walter-ledda,1,"Morgan Drexen, Inc.",company,listing_caption,cd2e2ec0537febd85f03ca7b2f796219e0b4564e04ab22334fde574a00d23770,Named organization in caption; retained aliases denote one party.,Codex (manual caption/summary review),2026-09-26
morgan-drexen-inc-walter-ledda,2,Walter Ledda,individual,listing_caption,cd2e2ec0537febd85f03ca7b2f796219e0b4564e04ab22334fde574a00d23770,Natural-person respondent; excluded from company matching.,Codex (manual caption/summary review),2026-09-26
castle-cooke-mortgage,1,"Castle & Cooke Mortgage, LLC",company,listing_caption,fe5f3a87f38a8fd62a0ef118199576d348a8513c5f7a1201465d174ef127f957,Named organization in caption; retained aliases denote one party.,Codex (manual caption/summary review),2026-09-26
castle-cooke-mortgage,2,"Matthew A. Pineda, individually",individual,listing_caption,fe5f3a87f38a8fd62a0ef118199576d348a8513c5f7a1201465d174ef127f957,Natural-person respondent; excluded from company matching.,Codex (manual caption/summary review),2026-09-26
castle-cooke-mortgage,3,Buck L. Hawkins,individual,listing_caption,fe5f3a87f38a8fd62a0ef118199576d348a8513c5f7a1201465d174ef127f957,Natural-person respondent; excluded from company matching.,Codex (manual caption/summary review),2026-09-26
dealers-financial-services-llc,1,"Dealers’ Financial Services, LLC",company,listing_caption,7fbfd4364bcd2d1336b6826a541174025a6ee2f17fa60bb8482d2866b46b006e,Named organization in caption; retained aliases denote one party.,Codex (manual caption/summary review),2026-09-26
dealers-financial-services,1,U.S. Bank National Association,company,listing_caption,00c5948ac066c154af5f1177c918e3e61d0a8b043ff6ec8de329e865bb115d84,Named organization in caption; retained aliases denote one party.,Codex (manual caption/summary review),2026-09-26
3d-resorts-bluegrass,1,"3D Resorts-Bluegrass, LLC (Green Farm)",company,listing_caption,f878143632fa790de8e37ae29be10ba6e1d5f534ba5b31ddef71c27abc11adb8,Named organization in caption; retained aliases denote one party.,Codex (manual caption/summary review),2026-09-26
american-debt-settlement-solutions-inc-michael-depanni,1,"American Debt Settlement Solutions, Inc.",company,listing_caption,2c33aa836ff81198ab3ec7b145e146cddde32685fa2c5304739c72bba40b2b75,Named organization in caption; retained aliases denote one party.,Codex (manual caption/summary review),2026-09-26
american-debt-settlement-solutions-inc-michael-depanni,2,Michael DiPanni,individual,listing_caption,2c33aa836ff81198ab3ec7b145e146cddde32685fa2c5304739c72bba40b2b75,Natural-person respondent; excluded from company matching.,Codex (manual caption/summary review),2026-09-26
paul-taylor-paul-taylor-homes-limited-paul-taylor-corp,1,Paul Taylor,individual,listing_caption,c7da502aff9bbe569bd35e4fa899c08940ed5f57cfc90321980a00a93ed8b30a,Natural-person respondent; excluded from company matching.,Codex (manual caption/summary review),2026-09-26
paul-taylor-paul-taylor-homes-limited-paul-taylor-corp,2,Paul Taylor Homes Limited,company,listing_caption,c7da502aff9bbe569bd35e4fa899c08940ed5f57cfc90321980a00a93ed8b30a,Named organization in caption; retained aliases denote one party.,Codex (manual caption/summary review),2026-09-26
paul-taylor-paul-taylor-homes-limited-paul-taylor-corp,3,Paul Taylor Corp,company,listing_caption,c7da502aff9bbe569bd35e4fa899c08940ed5f57cfc90321980a00a93ed8b30a,Named organization in caption; retained aliases denote one party.,Codex (manual caption/summary review),2026-09-26
premier-consulting-group-llc-and-law-office-michael-lupolover,1,Premier Consulting Group LLC,company,listing_caption,8e0c9d35bae7383d68c368d94b74f05613f8a6bc8ae722b419b2884d183d9461,Named organization in caption; retained aliases denote one party.,Codex (manual caption/summary review),2026-09-26
premier-consulting-group-llc-and-law-office-michael-lupolover,2,Law Office of Michael Lupolover,company,listing_caption,8e0c9d35bae7383d68c368d94b74f05613f8a6bc8ae722b419b2884d183d9461,Named organization in caption; retained aliases denote one party.,Codex (manual caption/summary review),2026-09-26
united-guaranty-corporation,1,United Guaranty Corporation,company,listing_caption,dcc9ce5ec2f95134f4e66479215d7d28619f8468bcded471db2756466d4f397e,Named organization in caption; retained aliases denote one party.,Codex (manual caption/summary review),2026-09-26
mortgage-guaranty-insurance-corporation,1,Mortgage Guaranty Insurance Corporation,company,listing_caption,97b898fcf317803ce1e1d82a63d98edc36d803a4a61662ab86f7e83a89573252,Named organization in caption; retained aliases denote one party.,Codex (manual caption/summary review),2026-09-26
genworth-mortgage-insurance-corporation,1,Genworth Mortgage Insurance Corporation,company,listing_caption,368fb17b2da8a5914cfea106d4aaa5873b48a3787d4559404be28c1b277652ed,Named organization in caption; retained aliases denote one party.,Codex (manual caption/summary review),2026-09-26
radian-guaranty-inc,1,"Radian Guaranty, Inc.",company,listing_caption,25f325b826f5160e44f257c3a325d34bdc0b3c0b14193571ec618f22d9e37456,Named organization in caption; retained aliases denote one party.,Codex (manual caption/summary review),2026-09-26
payday-loan-debt-solution,1,"Payday Loan Debt Solution, Inc.",company,listing_caption,ca3fe0c4fff07c4fa40525da5359ddf9caae04b2896a46e1e58af133a7e51738,Named organization in caption; retained aliases denote one party.,Codex (manual caption/summary review),2026-09-26
payday-loan-debt-solution,2,Sanjeet Parvani,individual,listing_caption,ca3fe0c4fff07c4fa40525da5359ddf9caae04b2896a46e1e58af133a7e51738,Natural-person respondent; excluded from company matching.,Codex (manual caption/summary review),2026-09-26
national-legal-help-center,1,Najia Jalan,individual,listing_caption,e6f52ce4eaa72c2562e27a37f4ffeac76cdaa3f5c4ae62d2b79cec6f988454e0,Natural-person respondent; excluded from company matching.,Codex (manual caption/summary review),2026-09-26
national-legal-help-center,2,"National Legal Help Center, Inc.",company,listing_caption,e6f52ce4eaa72c2562e27a37f4ffeac76cdaa3f5c4ae62d2b79cec6f988454e0,Named organization in caption; retained aliases denote one party.,Codex (manual caption/summary review),2026-09-26
national-legal-help-center,3,Richard K. Nelson,individual,listing_caption,e6f52ce4eaa72c2562e27a37f4ffeac76cdaa3f5c4ae62d2b79cec6f988454e0,Natural-person respondent; excluded from company matching.,Codex (manual caption/summary review),2026-09-26
american-express-centurion-bank,1,American Express Centurion Bank,company,listing_caption,cf88fa3cb482e1da702b8531f3182d9fc7ab2b8c31a341bb15f969bb11b99de0,Named organization in caption; retained aliases denote one party.,Codex (manual caption/summary review),2026-09-26
american-express-bank-fsb,1,"American Express Bank, FSB",company,listing_caption,1d0658feaf20a97bad225b75478dc9947f04defb01177aa39fa5ac29a67963df,Named organization in caption; retained aliases denote one party.,Codex (manual caption/summary review),2026-09-26
american-express-travel-related-services,1,"American Express Travel Related Services Company, Inc.",company,listing_caption,85a5b25b6005a4c6c87af173454a3ba7638f3a1e6f28f533ebbd057196ae56c2,Named organization in caption; retained aliases denote one party.,Codex (manual caption/summary review),2026-09-26
discover-bank,1,Discover Bank,company,listing_caption,ece2c8d597ddbd4c34d74d80030895628ef47075c01c22c5a77fb8a98df863d7,Named organization in caption; retained aliases denote one party.,Codex (manual caption/summary review),2026-09-26
capital-one-bank,1,Capital One Bank,company,listing_caption,7f8f4bd5d9fdeccfd260f446bd0a506789f7e4e3331130a049c7d1ba2f7e176b,Named organization in caption; retained aliases denote one party.,Codex (manual caption/summary review),2026-09-26
chance-edward-gordon-dba-gordon-associates,1,Chance Edward Gordon d/b/a Gordon & Associates,individual,listing_caption,c6f10fcf2cb15e91c7415022f66b39ee878073b4bbaa8a043ed6cb303762793b,Natural-person respondent; excluded from company matching.,Codex (manual caption/summary review),2026-09-26
chance-edward-gordon-dba-gordon-associates,2,Abraham Michael Pessar,individual,listing_caption,c6f10fcf2cb15e91c7415022f66b39ee878073b4bbaa8a043ed6cb303762793b,Natural-person respondent; excluded from company matching.,Codex (manual caption/summary review),2026-09-26
chance-edward-gordon-dba-gordon-associates,3,et al.,non_entity,listing_caption,c6f10fcf2cb15e91c7415022f66b39ee878073b4bbaa8a043ed6cb303762793b,Collective/unspecified respondents or non-operating relief/plaintiff entity; excluded from company matching.,Codex (manual caption/summary review),2026-09-26
