action_id,date_filed,name,url,products_json,mortgage_related,rationale,summary_sha256,reviewed_by,reviewed_on
synapse-financial-technologies-inc,2025-08-21,"Synapse Financial Technologies, Inc.",https://www.consumerfinance.gov/enforcement/actions/synapse-financial-technologies-inc/,"[""Payments""]",false,Fintech payment-platform records and inaccessible consumer funds.,182c97e22ac7b7515542a57cba07f1af8cdfbc49d915cbf5e40385834365de79,Codex (manual summary/tag review),2026-09-26
wise-us-inc,2025-01-30,Wise US Inc.,https://www.consumerfinance.gov/enforcement/actions/wise-us-inc/,"[""Remittances""]",false,International remittance transfers and prepaid disclosures.,4cc24d845c81d448ac5539ac0cc760220c56db079edb855e9f0e12c013a6d3c3,Codex (manual summary/tag review),2026-09-26
american-honda-finance-corporation-2025,2025-01-17,American Honda Finance Corporation,https://www.consumerfinance.gov/enforcement/actions/american-honda-finance-corporation-2025/,"[""Auto Finance Servicing"", ""Furnishing""]",false,Auto-loan credit furnishing and deferred-payment reporting.,bf93752cba9e5efb4334648ee5a4cb2c891938c8db7a9844cb0475ba3bfa6457,Codex (manual summary/tag review),2026-09-26
equifax-inc-and-equifax-information-services-llc,2025-01-17,"Equifax, Inc. and Equifax Information Services LLC",https://www.consumerfinance.gov/enforcement/actions/equifax-inc-and-equifax-information-services-llc/,"[""Consumer Reporting Agencies""]",false,General credit-report accuracy and dispute handling; no mortgage-specific conduct identified.,d44ece7f3f18c681a80b777efa9aa0233ea1af6a40f80eec725b8246e89f1275,Codex (manual summary/tag review),2026-09-26
draper-kramer-mortgage-corporation,2025-01-17,Draper & Kramer Mortgage Corporation,https://www.consumerfinance.gov/enforcement/actions/draper-kramer-mortgage-corporation/,"[""Fair Lending"", ""Mortgage Origination""]",true,Mortgage lender ECOA discrimination/redlining action confirmed by summary and mortgage-origination tag.,dd3e24e991eb616b63f24055601c5bfc87f4e25c3a2ca1bc847f36f82973f2b1,Codex (manual summary/tag review),2026-09-26
block-inc,2025-01-16,"Block, Inc.",https://www.consumerfinance.gov/enforcement/actions/block-inc/,"[""Payments"", ""Prepaid""]",false,"Cash App payments, fraud controls, customer service and EFTA disputes.",3c0f6f422448622806e14b2ef2b78f79d5d73287bcc76cb8b0e9ef5b5be5c73c,Codex (manual summary/tag review),2026-09-26
capital-one-national-association-and-capital-one-financial-corporation,2025-01-14,"Capital One, National Association, and Capital One Financial Corporation",https://www.consumerfinance.gov/enforcement/actions/capital-one-national-association-and-capital-one-financial-corporation/,"[""Deposits""]",false,Savings-account interest and Truth in Savings; no mortgage-specific conduct.,b5be5a0d429e385d78a64210cc56b602648902be1f78b82b342a5c69520abd6c,Codex (manual summary/tag review),2026-09-26
experian-information-solutions-inc,2025-01-07,"Experian Information Solutions, Inc.",https://www.consumerfinance.gov/enforcement/actions/experian-information-solutions-inc/,"[""Consumer Reporting Agencies""]",false,General consumer-report accuracy and dispute handling; housing access is incidental.,597013c762de48c5d731912441154939a3a567d66771221db18e909595153d88,Codex (manual summary/tag review),2026-09-26
vanderbilt-mortgage-finance-inc,2025-01-06,"Vanderbilt Mortgage & Finance, Inc.",https://www.consumerfinance.gov/enforcement/actions/vanderbilt-mortgage-finance-inc/,"[""Mortgage Origination""]",true,"Manufactured-home mortgage lender; TILA underwriting allegations, later voluntarily dismissed.",3823f34088922a7d28a807f5a837a6db56fac18de2159349834a5c51e949ef30,Codex (manual summary/tag review),2026-09-26
walmart-inc-and-branch-messenger-inc,2024-12-23,"Walmart Inc., and Branch Messenger, Inc.",https://www.consumerfinance.gov/enforcement/actions/walmart-inc-and-branch-messenger-inc/,"[""Payments""]",false,Delivery-driver deposit/payment accounts; no mortgage conduct.,26d4510ec149df6517452928b793b4f24e9db653bb87d3bb48a32313d6b599e8,Codex (manual summary/tag review),2026-09-26
rocket-homes-real-estate-llc-et-al,2024-12-23,"Rocket Homes Real Estate LLC, dba Rocket Homes; JMG Holding Partners LLC, dba The Jason Mitchell Group; 45 real estate brokerage affiliates; and Jason Mitchell",https://www.consumerfinance.gov/enforcement/actions/rocket-homes-real-estate-llc-et-al/,"[""Mortgage Origination""]",true,Real-estate and mortgage referrals under RESPA; includes brokerage affiliates and an individual.,1e2b1327e05a0a1b92623cb5727bef2c8d1c7ef90313984218647b2aaee138ff,Codex (manual summary/tag review),2026-09-26
early-warning-services-llc-bank-of-america-na-jpmorgan-chase-bank-na-wells-fargo-bank-na,2024-12-20,"Early Warning Services, LLC; Bank of America, N.A.; JPMorgan Chase Bank, N.A.; Wells Fargo Bank, N.A",https://www.consumerfinance.gov/enforcement/actions/early-warning-services-llc-bank-of-america-na-jpmorgan-chase-bank-na-wells-fargo-bank-na/,"[""Deposits"", ""Payments""]",false,Zelle network/payment fraud; mortgage-bank respondents do not make the conduct mortgage-related.,63d2c854402ce5c04f6c17221f62b40c86191b3899df13089bc1e3def52f649d,Codex (manual summary/tag review),2026-09-26
performant-recovery-inc,2024-12-09,"Performant Recovery, Inc.",https://www.consumerfinance.gov/enforcement/actions/performant-recovery-inc/,"[""Debt Collection"", ""Student Loan Servicing""]",false,Federal student-loan rehabilitation and collection.,049ca9f51695d709b56103906f6d373f6634a69236a1244eb72eec6ac391b7b6,Codex (manual summary/tag review),2026-09-26
comerica-bank,2024-12-06,Comerica Bank,https://www.consumerfinance.gov/enforcement/actions/comerica-bank/,"[""Prepaid""]",false,Prepaid benefits accounts and EFTA; no mortgage-specific conduct.,aacd7e79bc0a42d9bd108cd5ca8094407f68d1848fbe97a73d0c524e748cbc4e,Codex (manual summary/tag review),2026-09-26
global-tel-link-corp-et-al,2024-11-14,"Global Tel Link Corporation d/b/a ViaPath Technologies; Telmate, LLC d/b/a ViaPath Technologies; and TouchPay Holdings, LLC d/b/a GTL Financial Services",https://www.consumerfinance.gov/enforcement/actions/global-tel-link-corp-et-al/,"[""Other Consumer Product (not lending)"", ""Payments""]",false,Money transfers to incarcerated consumers and associated payment services.,3e7a1b029bdcbbb0e4c2b984b759c9d1de2a5b8bdf9591c431aa1d126689f750,Codex (manual summary/tag review),2026-09-26
navy-federal-credit-union-overdraft-2024,2024-11-07,Navy Federal Credit Union,https://www.consumerfinance.gov/enforcement/actions/navy-federal-credit-union-overdraft-2024/,"[""Deposits""]",false,Deposit overdraft action; summary is shortened after termination and does not identify mortgage conduct.,401e3691b92fc0becf3654b038379f4765e607b04365edaba792aa750cb8e0ab,Codex (manual summary/tag review),2026-09-26
vystar-credit-union,2024-10-31,VyStar Credit Union,https://www.consumerfinance.gov/enforcement/actions/vystar-credit-union/,"[""Deposits""]",false,Online/mobile banking conversion stranded deposit-account customers.,4ffb647f309c7f5ed23dff9c1778e2c8f82e2239de932c57a7506552799e2bd4,Codex (manual summary/tag review),2026-09-26
apple-inc,2024-10-23,Apple Inc.,https://www.consumerfinance.gov/enforcement/actions/apple-inc/,"[""Credit Cards""]",false,Apple Card credit-card disputes and installment marketing.,d49ea0169ddbde41ef5ed89261cf3fde9ad1de27e432ed357b0dda9ab2f83793,Codex (manual summary/tag review),2026-09-26
goldman-sachs-bank-usa,2024-10-23,Goldman Sachs Bank USA,https://www.consumerfinance.gov/enforcement/actions/goldman-sachs-bank-usa/,"[""Credit Cards"", ""Furnishing""]",false,Apple Card credit-card disputes and marketing.,2f9dccb83a9b3b6b9eea35808cb498e351b148bb267f6e6409618d9f19a17aa3,Codex (manual summary/tag review),2026-09-26
climb-credit-inc-et-al,2024-10-17,"Climb Credit, Inc.; Climb Investco, LLC; Climb GS Loan Fund 2018-1, LLC; 1/0 Holdco LLC; and 1/0 Capital LLC",https://www.consumerfinance.gov/enforcement/actions/climb-credit-inc-et-al/,"[""Student Loan Origination""]",false,Vocational-school student/income-share lending and disclosures.,a301d15dd1f8bf9e93129ad42a7b70198bb39f0ed458dc266de4d16fd4ce5b79,Codex (manual summary/tag review),2026-09-26
fairway-independent-mortgage-corporation,2024-10-15,Fairway Independent Mortgage Corporation,https://www.consumerfinance.gov/enforcement/actions/fairway-independent-mortgage-corporation/,"[""Fair Lending"", ""Mortgage Origination""]",true,Mortgage lending discrimination/redlining in Birmingham; confirmed mortgage lender and ECOA complaint.,779bd29218dd2faaef55f85e8ff91afa5f049b138370870ce8c33cd30451e01b,Codex (manual summary/tag review),2026-09-26
ejudicate-inc-dba-brief,2024-10-10,"Ejudicate, Inc., d/b/a Brief",https://www.consumerfinance.gov/enforcement/actions/ejudicate-inc-dba-brief/,"[""Debt Collection""]",false,Arbitration of Prehired income-share student loans.,74554267c04114a97fa198013e99f565620c0a7f907ec9caa3592b4ed726bc52,Codex (manual summary/tag review),2026-09-26
reliant-holdings-inc-dba-horizon-card-services-and-robert-kane,2024-09-13,"Reliant Holdings, Inc. d/b/a Horizon Card Services; and Robert Kane",https://www.consumerfinance.gov/enforcement/actions/reliant-holdings-inc-dba-horizon-card-services-and-robert-kane/,"[""Credit Cards""]",false,Horizon card marketing and credit-card disclosures.,46d6a9ea1ffb06cd656c404a236bd39f4965f74ae441b198dd54290da1e9056c,Codex (manual summary/tag review),2026-09-26
td-bank-na-furnishing-2024,2024-09-11,"TD Bank, N.A.",https://www.consumerfinance.gov/enforcement/actions/td-bank-na-furnishing-2024/,"[""Credit Cards"", ""Deposits"", ""Furnishing""]",false,"Credit-card and deposit-account furnishing, not mortgage reporting.",e50eee897e4b7b9f0b2183360a1a02dfc903e5aa2f314c16cc8267b51af9f455,Codex (manual summary/tag review),2026-09-26
new-day-financial-2024,2024-08-29,"New Day Financial, LLC",https://www.consumerfinance.gov/enforcement/actions/new-day-financial-2024/,"[""Mortgage Origination""]",true,Veteran mortgage cash-out refinance comparisons and misleading cost representations.,bc2795d7e7963ec412d54c75ef1501b873afc284c9665e1237cec74675109a86,Codex (manual summary/tag review),2026-09-26
fay-servicing-llc-2024,2024-08-21,"Fay Servicing, LLC",https://www.consumerfinance.gov/enforcement/actions/fay-servicing-llc-2024/,"[""Mortgage Servicing""]",true,Residential mortgage servicing and breach of prior mortgage-servicing order.,758bc3735c87e374a8371fbec81457e937e50ac15e3b9b744a1d7488b2c1ff48,Codex (manual summary/tag review),2026-09-26
acima-allred,2024-07-26,"Acima Holdings, LLC; Acima Digital, LLC; and Aaron Allred",https://www.consumerfinance.gov/enforcement/actions/acima-allred/,"[""Furnishing"", ""Other Consumer Lending"", ""Other Consumer Product (not lending)"", ""Short Term, Small Dollar""]",false,"Retail lease-to-own consumer goods, credit disclosures and furnishing.",a6c55f837bb40ab4b57418ecbd81367356572b711c581392b4c66c83326ef445,Codex (manual summary/tag review),2026-09-26
fifth-third-bank-na-fpi-2024,2024-07-09,"Fifth Third Bank, N.A.",https://www.consumerfinance.gov/enforcement/actions/fifth-third-bank-na-fpi-2024/,"[""Auto Finance Servicing""]",false,"Force-placed insurance on vehicle loans, not mortgage insurance.",ba69f2f31f11c69fcd624a4642ffb0a37ef53e2764da6ad67c0eeef2aee8b45b,Codex (manual summary/tag review),2026-09-26
novad-management-consulting-llc,2024-06-18,"NOVAD Management Consulting, LLC",https://www.consumerfinance.gov/enforcement/actions/novad-management-consulting-llc/,"[""Mortgage Servicing""]",true,"HUD reverse-mortgage servicing; borrower communications, errors and foreclosure risks.",903f109dac20e19c7cf61378f7714e55a9be56c42fae6c1aa5ea8439a95f45ea,Codex (manual summary/tag review),2026-09-26
sutherland-global-services-inc,2024-06-18,"Sutherland Global Services, Inc., Sutherland Mortgage Services, Inc., and Sutherland Government Solutions, Inc.",https://www.consumerfinance.gov/enforcement/actions/sutherland-global-services-inc/,"[""Mortgage Servicing""]",true,HUD reverse-mortgage servicing; repayment notices and failure to resolve servicing errors.,846d6e702b2b6c066c8a68bcecebaa42e25e6c125f337281bc973ca7062ee0e5,Codex (manual summary/tag review),2026-09-26
pennsylvania-higher-education-assistance-agency-pheaa-dba-american-education-services-or-aes,2024-05-31,Pennsylvania Higher Education Assistance Agency (PHEAA) d/b/a American Education Services or AES,https://www.consumerfinance.gov/enforcement/actions/pennsylvania-higher-education-assistance-agency-pheaa-dba-american-education-services-or-aes/,"[""Furnishing"", ""Student Loan Servicing""]",false,Student-loan servicing and furnishing.,6c1aa1bbe62032ca3343c0367c1ff89a09a012873449b1a69c170bbca25b95af,Codex (manual summary/tag review),2026-09-26
western-benefits-group-llc,2024-05-20,"Western Benefits Group, LLC",https://www.consumerfinance.gov/enforcement/actions/western-benefits-group-llc/,"[""Debt Relief""]",false,Student-loan debt-relief advance fees and misrepresentations.,536afb0442b2f0ffe0bbc5b75a5aba890090d911e546caede95964b7ffdab93e,Codex (manual summary/tag review),2026-09-26
solo-funds,2024-05-17,"SoLo Funds, Inc.",https://www.consumerfinance.gov/enforcement/actions/solo-funds/,"[""Short Term, Small Dollar""]",false,Small-dollar short-term peer-to-peer loans.,e74d846d8582c9b010da269e5b6ebfd7b02beaa2e34026dd5ad0a8e39664b361,Codex (manual summary/tag review),2026-09-26
chime-financial-inc,2024-05-07,"Chime Financial, Inc.",https://www.consumerfinance.gov/enforcement/actions/chime-financial-inc/,"[""Deposits""]",false,Deposit-account closure refunds; housing expenses mentioned only as consequence.,10353d22c8f31791ca38fdc09097d254fe070a3b5218591fc01b3d1d0a489784,Codex (manual summary/tag review),2026-09-26
pennsylvania-higher-education-assistance-agency-and-national-collegiate-student-loan-trusts,2024-05-06,"Pennsylvania Higher Education Assistance Agency, and National Collegiate Student Loan Trusts",https://www.consumerfinance.gov/enforcement/actions/pennsylvania-higher-education-assistance-agency-and-national-collegiate-student-loan-trusts/,"[""Student Loan Servicing""]",false,National Collegiate student-loan servicing and collection.,341953b62755aafcb919368eafc4563d6611f0c441f8854d231b7747fb6ff951,Codex (manual summary/tag review),2026-09-26
bloomtech-inc-and-austen-allred,2024-04-17,"BloomTech Inc., d/b/a Bloom Institute of Technology or BloomTech, f/k/a Lambda, Inc.; and Austen Allred",https://www.consumerfinance.gov/enforcement/actions/bloomtech-inc-and-austen-allred/,"[""Student Loan Origination""]",false,Vocational training income-share/student loans.,4f682f69aaab2d9143fe188fc04ed114250925c3e979951c04295299311bc8dc,Codex (manual summary/tag review),2026-09-26
stratfs-llc-fka-strategic-financial-solutions-llc-et-al,2024-01-10,"StratFS, LLC f/k/a Strategic Financial Solutions, LLC, et al.",https://www.consumerfinance.gov/enforcement/actions/stratfs-llc-fka-strategic-financial-solutions-llc-et-al/,"[""Debt Relief""]",false,"Unsecured debt-relief bait-and-switch and advance fees, not mortgage modification.",f16af18c7559cb4d8db8359f13d47b7f84dd1ebad5f8d73a490d0693c92072c0,Codex (manual summary/tag review),2026-09-26
colony-ridge,2023-12-20,"Colony Ridge Development, LLC; Colony Ridge BV, LLC; Colony Ridge Land, LLC; and Loan Originator Services, LLC",https://www.consumerfinance.gov/enforcement/actions/colony-ridge/,"[""Fair Lending"", ""Mortgage Origination""]",true,Predatory seller-financed residential land/home mortgage lending and discrimination.,c2b974fed6c5317d37dbacdbc6a83bf3dea7027789b32201231e9f8dc77105d4,Codex (manual summary/tag review),2026-09-26
us-bank-national-association-prepaid-cards-2023,2023-12-19,U.S. Bank National Association,https://www.consumerfinance.gov/enforcement/actions/us-bank-national-association-prepaid-cards-2023/,"[""Prepaid""]",false,Prepaid unemployment-benefit debit cards.,638540ddd6889ec5ad3ef3604b0121cf18aa64a2877399be675e00f192c91d60,Codex (manual summary/tag review),2026-09-26
commonwealth-financial-systems-inc,2023-12-15,"Commonwealth Financial Systems, Inc.",https://www.consumerfinance.gov/enforcement/actions/commonwealth-financial-systems-inc/,"[""Debt Collection"", ""Furnishing""]",false,Medical-debt collection and credit furnishing.,02bcfd52f0fa7485be042ed7b96989802e0d7cb08d48a4b3e65d8575252783d9,Codex (manual summary/tag review),2026-09-26
atlantic-union-bank,2023-12-07,Atlantic Union Bank,https://www.consumerfinance.gov/enforcement/actions/atlantic-union-bank/,"[""Deposits""]",false,Deposit overdraft opt-in disclosures.,e5a6c9ccd0ef01632fde1292c1791deb7ac7e0029cf161c9c4169a10d667f19e,Codex (manual summary/tag review),2026-09-26
bank-of-america-na-hmda-data-2023,2023-11-28,"Bank of America, N.A.",https://www.consumerfinance.gov/enforcement/actions/bank-of-america-na-hmda-data-2023/,"[""Fair Lending"", ""Mortgage Origination""]",true,HMDA mortgage reporting and Regulation C compliance.,33ff2a3d908bb2aa02e67cd9419f662826423650fe0b101787db8ac69b6515fe,Codex (manual summary/tag review),2026-09-26
toyota-motor-credit-corporation-2023,2023-11-20,Toyota Motor Credit Corporation,https://www.consumerfinance.gov/enforcement/actions/toyota-motor-credit-corporation-2023/,"[""Auto Finance Servicing"", ""Furnishing""]",false,Auto-finance add-on refunds and furnishing.,d2cf3afe3f337f99814d4cd55e51ab8a4e203e9c4e66ebbcdb075e7870905d87,Codex (manual summary/tag review),2026-09-26
enova-international-inc-2023,2023-11-15,"Enova International, Inc.",https://www.consumerfinance.gov/enforcement/actions/enova-international-inc-2023/,"[""Short Term, Small Dollar""]",false,Small-dollar online loans and unauthorized account debits.,538dc04c946a03db1b5c53bd50c22377b26fd0b51613a45768610966fd2345b9,Codex (manual summary/tag review),2026-09-26
citibank-n-a,2023-11-08,"Citibank, N.A.",https://www.consumerfinance.gov/enforcement/actions/citibank-n-a/,"[""Credit Cards"", ""Fair Lending""]",false,Discrimination against credit-card applicants; fair-lending tag is not mortgage-specific.,888ff310e6f5602e447319281cbfb7064b520b62158f4858b4db5f5aba741f95,Codex (manual summary/tag review),2026-09-26
chime-inc-dba-sendwave,2023-10-17,"Chime, Inc. d/b/a Sendwave",https://www.consumerfinance.gov/enforcement/actions/chime-inc-dba-sendwave/,"[""Remittances""]",false,International remittance transfers.,b8c217c6c384ef11dfb27056ae02607919e42327f1414830436793a92735a43c,Codex (manual summary/tag review),2026-09-26
transunion-rental-screening-solutions-inc-and-trans-union-llc,2023-10-12,"TransUnion Rental Screening Solutions, Inc. and Trans Union LLC",https://www.consumerfinance.gov/enforcement/actions/transunion-rental-screening-solutions-inc-and-trans-union-llc/,"[""Consumer Reporting Agencies""]",false,Tenant/employment background-screening reports; renting is not mortgage lending.,61e410baa7b6f8267883a77cc2fe5d1cf7ccaa0f8ba5007a3a621e0ab6120e29,Codex (manual summary/tag review),2026-09-26
transunion-trans-union-llc-and-transunion-interactive-inc,2023-10-12,"TransUnion, Trans Union LLC, and TransUnion Interactive, Inc.",https://www.consumerfinance.gov/enforcement/actions/transunion-trans-union-llc-and-transunion-interactive-inc/,"[""Consumer Reporting Agencies""]",false,General consumer-report security freezes and locks.,4152fea6275e2f31fd30e89b515246e9178c4669b59c5069dea10962e1b0374e,Codex (manual summary/tag review),2026-09-26
freedom-mortgage-corporation-hmda-2023,2023-10-10,Freedom Mortgage Corporation,https://www.consumerfinance.gov/enforcement/actions/freedom-mortgage-corporation-hmda-2023/,"[""Fair Lending"", ""Mortgage Origination"", ""Mortgage Servicing""]",true,Mortgage originator/servicer HMDA reporting and repeat mortgage-data violations.,ab17a6b6ed530e80cffff2d32c6b97406740f6d82a5263dd5fcbf443de209804,Codex (manual summary/tag review),2026-09-26
tempoe-llc,2023-09-11,"Tempoe, LLC",https://www.consumerfinance.gov/enforcement/actions/tempoe-llc/,"[""Short Term, Small Dollar""]",false,Retail personal-property leasing and consumer financing.,5a039bb62d4af6ae65d1fc1d48ed90436a3127dcaf291a79354d4d3b9bfd0aac,Codex (manual summary/tag review),2026-09-26
heights-finance-holding-co-fka-southern-management-corporation-et-al,2023-08-22,"Heights Finance Holding Co. f/k/a Southern Management Corporation, et al.",https://www.consumerfinance.gov/enforcement/actions/heights-finance-holding-co-fka-southern-management-corporation-et-al/,"[""Short Term, Small Dollar""]",false,Small-dollar installment-loan churning; no mortgage-specific conduct.,a5cf17c3f25f7e14c106dbc564576aa886199f1666b04766c673c233275e5521,Codex (manual summary/tag review),2026-09-26
freedom-mortgage-corporation-2023-respa,2023-08-17,Freedom Mortgage Corporation,https://www.consumerfinance.gov/enforcement/actions/freedom-mortgage-corporation-2023-respa/,"[""Mortgage Origination""]",true,Mortgage-loan referral kickbacks under RESPA.,caf0e685bc201047dc348ea37efa6330bfb68bbd183681ef64fe249bfdc20e0d,Codex (manual summary/tag review),2026-09-26
realty-connect-usa-long-island-inc,2023-08-17,"Realty Connect USA Long Island, Inc.",https://www.consumerfinance.gov/enforcement/actions/realty-connect-usa-long-island-inc/,"[""Mortgage Origination""]",true,Real-estate broker accepted things of value for mortgage referrals under RESPA.,20c1f18d98d140b8bff91c1e18554f5d1c9ddc0eeaaa3c5be12e1db4a0fb5b25,Codex (manual summary/tag review),2026-09-26
usasf-servicing-llc,2023-08-02,"USASF Servicing, LLC",https://www.consumerfinance.gov/enforcement/actions/usasf-servicing-llc/,"[""Auto Finance Servicing""]",false,Auto-loan servicing and vehicle add-ons.,7defa89162ec7ea1eedd35475bca1646f8fdde4367033d4f5a87b647a09cbf74,Codex (manual summary/tag review),2026-09-26
snap-finance-llc-snap-rto-llc-snap-second-look-llc-snap-us-holdings-llc-snap-finance-holdings-llc,2023-07-19,"Snap Finance LLC, Snap RTO LLC, Snap Second Look LLC, Snap U.S. Holdings LLC, Snap Finance Holdings LLC",https://www.consumerfinance.gov/enforcement/actions/snap-finance-llc-snap-rto-llc-snap-second-look-llc-snap-us-holdings-llc-snap-finance-holdings-llc/,"[""Short Term, Small Dollar""]",false,Retail point-of-sale financing and loan/lease disclosures.,2e23a328741d4a85c6fd0750ee24e25ad412e162e7dc92c0d6e18413b11421d2,Codex (manual summary/tag review),2026-09-26
prehired-llc-et-al,2023-07-13,"Prehired, LLC, Prehired Recruiting, LLC, and Prehired Accelerator, LLC",https://www.consumerfinance.gov/enforcement/actions/prehired-llc-et-al/,"[""Debt Collection"", ""Other Consumer Lending"", ""Student Loan Origination"", ""Student Loan Servicing""]",false,Vocational-training income-share student loans and collection.,2dfb4c10dbad47c5a39f42455c40e387d7bbcadcf9a7c398d48590cc87cf0d79,Codex (manual summary/tag review),2026-09-26
bank-of-america-n-a-fees,2023-07-11,"Bank of America, N.A.",https://www.consumerfinance.gov/enforcement/actions/bank-of-america-n-a-fees/,"[""Deposits""]",false,Deposit-account non-sufficient-funds fees.,a757061b312df77a8e85c334761add9f03fdd3ce6b412d68e061d7527a2b8f2c,Codex (manual summary/tag review),2026-09-26
bank-of-america-n-a-sales-practices-credit-card-rewards,2023-07-11,"Bank of America, N.A.",https://www.consumerfinance.gov/enforcement/actions/bank-of-america-n-a-sales-practices-credit-card-rewards/,"[""Consumer Reporting - User"", ""Credit Cards""]",false,"Unauthorized credit-card accounts, consumer reports and card rewards.",d29f9d7335f001a841819807d0131c1b42970a5f1012ed252af1604e1fd3246f,Codex (manual summary/tag review),2026-09-26
aci-worldwide-corp-and-aci-payments-inc,2023-06-27,ACI Worldwide Corp. and ACI Payments Inc.,https://www.consumerfinance.gov/enforcement/actions/aci-worldwide-corp-and-aci-payments-inc/,"[""Payments""]",true,Payment processor caused unauthorized mortgage-borrower withdrawals; mortgage nexus in summary despite Payments-only tag.,bc3a2ecd3902afc4063d9b5b7986e2f17f26f684d8ca1b2745565446f0138fa7,Codex (manual summary/tag review),2026-09-26
phoenix-financial-services-llc,2023-06-08,"Phoenix Financial Services, LLC",https://www.consumerfinance.gov/enforcement/actions/phoenix-financial-services-llc/,"[""Debt Collection"", ""Furnishing""]",false,Medical-debt collection and furnishing.,df3495f361821e01bb7897303fbbabd17a9d5c1663cc5bfce14377880da29695,Codex (manual summary/tag review),2026-09-26
onemain-financial-holdings-llc-et-al,2023-05-31,"OneMain Financial Holdings, LLC; OneMain Financial Group, LLC; OneMain Financial (HI), Inc.; OneMain Financial, Inc.; OneMain Financial of Minnesota, Inc.",https://www.consumerfinance.gov/enforcement/actions/onemain-financial-holdings-llc-et-al/,"[""Short Term, Small Dollar""]",false,Personal installment loans and add-on products.,4c9cd8279362cb0b28cca7939b4a2bb9635d920b17dbf3d5c4876bec7ae20b4e,Codex (manual summary/tag review),2026-09-26
james-r-carnes-melissa-c-carnes-james-r-carnes-revocable-trust-melissa-c-carnes-revocable-trust,2023-04-05,James R. Carnes; Melissa C. Carnes; James R. Carnes Revocable Trust; Melissa C. Carnes Revocable Trust,https://www.consumerfinance.gov/enforcement/actions/james-r-carnes-melissa-c-carnes-james-r-carnes-revocable-trust-melissa-c-carnes-revocable-trust/,"[""Short Term, Small Dollar""]",false,Individuals and revocable trusts allegedly concealed assets from a payday-lending judgment.,5872b9922e79a039d0284f0ecc5338dacd7581334c99da725d2a81d2af1a386a,Codex (manual summary/tag review),2026-09-26
portfolio-recovery-associates-llc,2023-03-23,"Portfolio Recovery Associates, LLC",https://www.consumerfinance.gov/enforcement/actions/portfolio-recovery-associates-llc/,"[""Debt Collection"", ""Furnishing""]",false,General debt collection and furnishing; no mortgage-specific conduct identified.,9fcffee9eff2ba6dacc73ea72fdb91be47413baeed145c5cdb64955f85e71b57,Codex (manual summary/tag review),2026-09-26
rmk-financial-corp-majestic-home-loan-mhl,2023-02-27,RMK Financial Corp. d/b/a Majestic Home Loan or MHL,https://www.consumerfinance.gov/enforcement/actions/rmk-financial-corp-majestic-home-loan-mhl/,"[""Mortgage Origination""]",true,Mortgage lender deceptive VA/FHA marketing and repeat mortgage-advertising violations.,4a517d076852d01a7e255fe71d6205b5e7c3a82e6e3edef5ce0fdecf70a78bb5,Codex (manual summary/tag review),2026-09-26
tmx-finance-llc-2023,2023-02-23,TMX Finance LLC,https://www.consumerfinance.gov/enforcement/actions/tmx-finance-llc-2023/,"[""Short Term, Small Dollar""]",false,Car-title lending and military borrower protections.,9810a8059b458f0b6207ff5571199dff55147067d694617fb334127a5be4e35f,Codex (manual summary/tag review),2026-09-26
credit-acceptance-corporation,2023-01-04,Credit Acceptance Corporation,https://www.consumerfinance.gov/enforcement/actions/credit-acceptance-corporation/,"[""Auto Finance Origination"", ""Auto Finance Servicing""]",false,Subprime auto-loan origination and servicing.,9d935395f43001d0f7eced68a513405cafeb1f675ca6a3bf391d412248c7825b,Codex (manual summary/tag review),2026-09-26
servicio-uniteller-inc,2022-12-22,"Servicio UniTeller, Inc.",https://www.consumerfinance.gov/enforcement/actions/servicio-uniteller-inc/,"[""Remittances""]",false,International remittance transfers.,9d9c78b8b39de2f783f453271ac367a80f902ecb1ff6c6d9badfa00b68f7aac7,Codex (manual summary/tag review),2026-09-26
wells-fargo-bank-na-2022,2022-12-20,"Wells Fargo Bank, N.A.",https://www.consumerfinance.gov/enforcement/actions/wells-fargo-bank-na-2022/,"[""Auto Finance Servicing"", ""Deposits"", ""Mortgage Servicing""]",true,Multi-product bank action expressly includes improper mortgage-modification denials and mortgage fees.,5e28c91b3cf2a5d1f6003a8e3083ec0c658c4b614878ed9e785d90dbbb6beda7,Codex (manual summary/tag review),2026-09-26
carrington-mortgage-services-llc,2022-11-17,"Carrington Mortgage Services, LLC",https://www.consumerfinance.gov/enforcement/actions/carrington-mortgage-services-llc/,"[""Mortgage Servicing""]",true,"Mortgage servicing, pandemic forbearance and credit-reporting protections.",7e95cdcecd6a24182e2d7716291e43c025eaa3751fb293c2f65e42d8fbf7e900,Codex (manual summary/tag review),2026-09-26
active-network-llc,2022-10-18,"ACTIVE Network, LLC",https://www.consumerfinance.gov/enforcement/actions/active-network-llc/,"[""Other Consumer Product (not lending)"", ""Payments""]",false,Event-registration payment processor; no mortgage-specific conduct.,796b7585faaa1184cb2ce85474f81edd8e575ede4f23a86bce18410178e69fb5,Codex (manual summary/tag review),2026-09-26
choice-money-transfer,2022-10-04,"Choice Money Transfer, Inc. d/b/a Small World Money Transfer",https://www.consumerfinance.gov/enforcement/actions/choice-money-transfer/,"[""Remittances""]",false,International remittance transfers.,2dd74cc39efcb390c04fab7aa8c3562865d4feb5139260c2661ef100cb49b52e,Codex (manual summary/tag review),2026-09-26
moneylion-technologies-inc-ml-plus-llc-and-other-subsidiaries,2022-09-29,"MoneyLion Technologies Inc., ML Plus, LLC, and other subsidiaries",https://www.consumerfinance.gov/enforcement/actions/moneylion-technologies-inc-ml-plus-llc-and-other-subsidiaries/,"[""Other Consumer Lending"", ""Short Term, Small Dollar""]",false,Online personal installment loans and membership products.,a0abf67546834b1809c36973bddbed4eabb1f62cf4b6edfe38ab58872e668560,Codex (manual summary/tag review),2026-09-26
regions-bank_2022,2022-09-28,Regions Bank,https://www.consumerfinance.gov/enforcement/actions/regions-bank_2022/,"[""Deposits""]",false,Deposit-account fees; shortened termination summary and Deposits tag do not identify mortgage conduct.,08ca9a7144969309a269ef1af3b139fc19f1b0dd716783c96a8b550924309ad6,Codex (manual summary/tag review),2026-09-26
hello-digit-llc,2022-08-10,"Hello Digit, LLC",https://www.consumerfinance.gov/enforcement/actions/hello-digit-llc/,"[""Payments""]",false,Automated deposit-savings transfers and overdraft fees.,4a5dd01935e0bb5ddd936f8ad8979a9a5ef8511711da30ec9a963bf2c5f04907,Codex (manual summary/tag review),2026-09-26
us-bank-national-association,2022-07-28,U.S. Bank National Association,https://www.consumerfinance.gov/enforcement/actions/us-bank-national-association/,"[""Credit Cards"", ""Deposits""]",false,"Unauthorized credit cards, credit lines and deposit accounts.",e02f5f15dad6dcf851320791e96ac9799babd1aa5164809abd58582816323be6,Codex (manual summary/tag review),2026-09-26
trident-mortgage-company-lp,2022-07-27,"Trident Mortgage Company, LP",https://www.consumerfinance.gov/enforcement/actions/trident-mortgage-company-lp/,"[""Fair Lending"", ""Mortgage Origination""]",true,Mortgage lender ECOA/redlining action; mortgage-origination tag and summary identify lender and allegations.,c6ee65d266d5a4c921456445ca9b4d59f7f15b3656b74a905754d8c453f5da19,Codex (manual summary/tag review),2026-09-26
hyundai-capital-america,2022-07-26,Hyundai Capital America,https://www.consumerfinance.gov/enforcement/actions/hyundai-capital-america/,"[""Furnishing""]",false,Auto-loan credit furnishing.,f0a0c278cbbfeecdc9d18a52ccc2a8f71ffc68f22ed00c9edccd13030b8ba62e,Codex (manual summary/tag review),2026-09-26
bank-of-america-na-2,2022-07-14,"Bank of America, N.A.",https://www.consumerfinance.gov/enforcement/actions/bank-of-america-na-2/,"[""Prepaid""]",false,Prepaid government/unemployment benefits cards.,eab6ff4c8e00957708c6429602d6f89c87cdebd81470f51178118857b51e868b,Codex (manual summary/tag review),2026-09-26
populus-financial-group-inc-d-b-a-ace-cash-express-inc,2022-07-12,"Populus Financial Group, Inc., d/b/a ACE Cash Express, Inc.",https://www.consumerfinance.gov/enforcement/actions/populus-financial-group-inc-d-b-a-ace-cash-express-inc/,"[""Short Term, Small Dollar""]",false,Payday lending and repeat borrowing.,b2487f011ffe4bfd7f04e5785d542f30c8ec58d8312bf1aa76926200ce551d8e,Codex (manual summary/tag review),2026-09-26
frank-ronald-gebase-jr,2022-06-09,"Frank Ronald Gebase, Jr.",https://www.consumerfinance.gov/enforcement/actions/frank-ronald-gebase-jr/,"[""Debt Relief"", ""Student Loan Servicing""]",false,Student-loan debt-relief operation and prior order enforcement against an individual.,48543f5ed7f015bd627f7953cf05d6c02734d4af6e539b2532c5a5f4663bab02,Codex (manual summary/tag review),2026-09-26
ram-payment-llc-et-al,2022-05-11,"RAM Payment, LLC, also dba Reliant; Account Management Systems, LLC, fka Reliant Account Management; Gregory Winters; and Stephen Chaya",https://www.consumerfinance.gov/enforcement/actions/ram-payment-llc-et-al/,"[""Debt Relief""]",false,"Debt-relief account/payment processing, not mortgage relief.",040a766f1920da14c49139a0161b3bcd2185cf1b5703f48e75e48ae228c168c7,Codex (manual summary/tag review),2026-09-26
bank-of-america-na,2022-05-04,"Bank of America, N.A.",https://www.consumerfinance.gov/enforcement/actions/bank-of-america-na/,"[""Deposits""]",false,Deposit-account garnishment processing.,ca97175a0557ec43ab9a3058fef9bb37891ee1081afd0aebdd18922109b32a70,Codex (manual summary/tag review),2026-09-26
moneygram-international-inc-and-moneygram-payment-systems-inc,2022-04-21,"MoneyGram International, Inc. and MoneyGram Payment Systems, Inc.",https://www.consumerfinance.gov/enforcement/actions/moneygram-international-inc-and-moneygram-payment-systems-inc/,"[""Remittances""]",false,International remittance transfers.,c80aefa4673ba67beeb1ddf885dd94aa9d7c0891d8deb2babbcbece3658587a5,Codex (manual summary/tag review),2026-09-26
transunion-et-al,2022-04-12,"TransUnion; Trans Union, LLC; TransUnion Interactive, Inc.; and John T. Danaher",https://www.consumerfinance.gov/enforcement/actions/transunion-et-al/,"[""Consumer Reporting Agencies""]",false,General consumer-report/credit-monitoring marketing and prior order violations.,d5dcb641514d88664fde474488289ad38b9efd9c7b7d2d3ccdfa55519631efb1,Codex (manual summary/tag review),2026-09-26
edfinancial-services,2022-03-30,Edfinancial Services,https://www.consumerfinance.gov/enforcement/actions/edfinancial-services/,"[""Student Loan Servicing""]",false,Student-loan servicing and Public Service Loan Forgiveness information.,b6bd03b95390c4a04f4700a38f6868d0b6047134c039d0347509ef4d80fe4c2d,Codex (manual summary/tag review),2026-09-26
craig-manseth-jacob-adamo-darren-turco-united-debt-holding-llc-jtm-capital-management-llc-and-united-holdings-group-llc,2022-01-10,"Craig Manseth, Jacob Adamo, Darren Turco, United Debt Holding LLC, JTM Capital Management, LLC, and United Holdings Group, LLC",https://www.consumerfinance.gov/enforcement/actions/craig-manseth-jacob-adamo-darren-turco-united-debt-holding-llc-jtm-capital-management-llc-and-united-holdings-group-llc/,"[""Debt Collection""]",false,Debt-buying/collection enterprise; no mortgage-specific conduct.,fdc54e827b939413787839c98b696225af693fbedd39a07588df3e74681f46a9,Codex (manual summary/tag review),2026-09-26
firstcash-inc-and-cash-america-west-inc,2021-11-12,"FirstCash, Inc., Cash America West, Inc., and First Cash Subsidiaries",https://www.consumerfinance.gov/enforcement/actions/firstcash-inc-and-cash-america-west-inc/,"[""Short Term, Small Dollar""]",false,Pawn loans and military lending protections.,0cae7e0c8607f535252c3d6333cc1a563d37a97619422374c45570a25a1ab1cf,Codex (manual summary/tag review),2026-09-26
trustmark-national-bank,2021-10-22,Trustmark National Bank,https://www.consumerfinance.gov/enforcement/actions/trustmark-national-bank/,"[""Fair Lending"", ""Mortgage Origination""]",true,Mortgage lending discrimination/redlining; mortgage-origination and fair-lending tags support ECOA case.,f6cf7d07c3ed50d6d5c1cd6e3bce66646e4046f3eaaa67ae40e627e369a5f103,Codex (manual summary/tag review),2026-09-26
jpay-llc,2021-10-19,"JPay, LLC",https://www.consumerfinance.gov/enforcement/actions/jpay-llc/,"[""Prepaid""]",false,Prepaid cards for people released from incarceration.,0633a93ab738e4d40a3691231a335db8172468ef873e1af3d5e32fbe8ceee5d8,Codex (manual summary/tag review),2026-09-26
american-advisors-group-2,2021-10-08,American Advisors Group,https://www.consumerfinance.gov/enforcement/actions/american-advisors-group-2/,"[""Mortgage Origination""]",true,Reverse-mortgage advertising with inflated property-value estimates.,e72452f3ef8a7357acbaf0b05c6e8effc78b950800cbe7e7ab2788b062def299,Codex (manual summary/tag review),2026-09-26
daniel-a-rosen-inc-dba-credit-repair-cloud-and-daniel-rosen,2021-09-20,"Daniel A. Rosen, Inc., d/b/a Credit Repair Cloud, and Daniel Rosen",https://www.consumerfinance.gov/enforcement/actions/daniel-a-rosen-inc-dba-credit-repair-cloud-and-daniel-rosen/,"[""Credit Repair""]",false,Credit-repair business software and advance-fee assistance.,8e415116944ebf934acfaa6f57fe01d9d6b983a2811c886fa58fac7ef1f45112,Codex (manual summary/tag review),2026-09-26
lendup-loans-llc-2,2021-09-08,"LendUp Loans, LLC",https://www.consumerfinance.gov/enforcement/actions/lendup-loans-llc-2/,"[""Fair Lending"", ""Short Term, Small Dollar""]",false,Small-dollar loans; fair-lending tag does not make this mortgage-related.,ce0c151cc84d6bf18afd86ef63bfd89453419fa42d0f7cbdb6b3ff166b557b0a,Codex (manual summary/tag review),2026-09-26
better-future-forward-inc,2021-09-07,"Better Future Forward, Inc.",https://www.consumerfinance.gov/enforcement/actions/better-future-forward-inc/,"[""Student Loan Origination"", ""Student Loan Servicing""]",false,Postsecondary student income-share financing.,84dcdbf29a78ae9e7ec3419fb549219b4800ff658b640560cfa01b31eecb3c6d,Codex (manual summary/tag review),2026-09-26
greensky-llc,2021-07-12,"GreenSky, LLC",https://www.consumerfinance.gov/enforcement/actions/greensky-llc/,"[""Other Consumer Lending"", ""Short Term, Small Dollar""]",false,Unauthorized consumer/home-improvement financing; not identified as mortgage origination or servicing.,c52d7f42e802bfffa2fb70099fe1efab669a4fe78cbb39e1f535cc4597fa0413,Codex (manual summary/tag review),2026-09-26
burlington-financial-group-llc-richard-burnham-katherine-burnham-sang-yi,2021-06-28,"Burlington Financial Group, LLC, Richard Burnham, Katherine Burnham, and Sang Yi",https://www.consumerfinance.gov/enforcement/actions/burlington-financial-group-llc-richard-burnham-katherine-burnham-sang-yi/,"[""Credit Repair"", ""Debt Relief""]",false,Credit-repair/debt-relief telemarketing and advance fees.,9d7e08b1cc302145fcab30eea7d6af62f37ceb0172422ce767672b98f6d1e33f,Codex (manual summary/tag review),2026-09-26
3rd-generation-inc-dba-california-auto-finance,2021-05-21,"3rd Generation, Inc. d/b/a California Auto Finance",https://www.consumerfinance.gov/enforcement/actions/3rd-generation-inc-dba-california-auto-finance/,"[""Auto Finance Servicing""]",false,Auto-loan servicing and charges.,0cb85f9bbad2d2f2f2ff6b6ef21e50201c290888e70c5172b78e686ad2605088,Codex (manual summary/tag review),2026-09-26
nationwide-equities-corporation,2021-04-27,Nationwide Equities Corporation,https://www.consumerfinance.gov/enforcement/actions/nationwide-equities-corporation/,"[""Mortgage Origination""]",true,Reverse-mortgage advertisements and misleading cost/loan representations.,6cfc2aea0675b462bd5ef737242c73010ad98c210473919c7278550e3d5953e3,Codex (manual summary/tag review),2026-09-26
douglas-mackinnon-amy-mackinnon-mary-kate-mackinnon-and-matthew-mackinnon,2021-04-22,"Douglas MacKinnon, Amy MacKinnon, Mary-Kate MacKinnon, and Matthew MacKinnon",https://www.consumerfinance.gov/enforcement/actions/douglas-mackinnon-amy-mackinnon-mary-kate-mackinnon-and-matthew-mackinnon/,"[""Debt Collection""]",false,House transferred to evade debt-collection judgment; real property is incidental to the underlying collection case.,43a21603cfacfedd9a1d43e05f69b4299ecf86a7f99652a02bdf7751ed21871e,Codex (manual summary/tag review),2026-09-26
settleit-inc,2021-04-13,"SettleIt, Inc.",https://www.consumerfinance.gov/enforcement/actions/settleit-inc/,"[""Debt Relief"", ""Other Consumer Lending""]",false,Debt settlement and affiliated unsecured consumer lending.,1015c3f90fd83cac5ac4447dba33853628fb65bcdf1a999a7cb8e13ff038ea56,Codex (manual summary/tag review),2026-09-26
yorba-capital-management-llc-and-daniel-portilla-jr,2021-04-06,"Yorba Capital Management, LLC and Daniel Portilla, Jr.",https://www.consumerfinance.gov/enforcement/actions/yorba-capital-management-llc-and-daniel-portilla-jr/,"[""Debt Collection""]",false,Third-party debt collection and deceptive collection communications.,71e3e8b662f9599fa6a77a50c3168f49c50301e39d73a3e705f34bf6fb55fc27,Codex (manual summary/tag review),2026-09-26
student-loan-pro-judith-noh-syed-faisal-gilani-and-fnza-marketing-llc,2021-03-16,"Student Loan Pro, Judith Noh, Syed Faisal Gilani, and FNZA Marketing, LLC",https://www.consumerfinance.gov/enforcement/actions/student-loan-pro-judith-noh-syed-faisal-gilani-and-fnza-marketing-llc/,"[""Debt Relief""]",false,Federal student-loan debt relief and individual operators.,0fe63b10fcfca74c37edb809539347ce64c79ead03d512f4ba6b8d89edf045ce,Codex (manual summary/tag review),2026-09-26
brightspeed-solutions-inc-and-kevin-howard,2021-03-03,"BrightSpeed Solutions, Inc. and Kevin Howard",https://www.consumerfinance.gov/enforcement/actions/brightspeed-solutions-inc-and-kevin-howard/,"[""Payments""]",false,Payment processor assisted deceptive consumer services; no mortgage-specific conduct.,69cddc607d48b34d7f31df1744603b1c624f8a985842ff31f6097c975d872bc7,Codex (manual summary/tag review),2026-09-26
nexus-services-inc-et-al,2021-02-22,"Nexus Services, Inc., Libre by Nexus, Inc., Micheal Donovan, Richard Moore, and Evan Ajin",https://www.consumerfinance.gov/enforcement/actions/nexus-services-inc-et-al/,"[""Debt Collection"", ""Other Consumer Lending"", ""Short Term, Small Dollar""]",false,Immigration-bond financing and collection; no mortgage-specific conduct.,7b0cb225aa12bfde09abc79b4b6c545a3f0961f0afe74088a070e529ecfac6fb,Codex (manual summary/tag review),2026-09-26
1st-alliance-lending-llc-et-al,2021-01-15,"1st Alliance Lending, LLC, John Christopher DiIorio, Kevin Robert St. Lawrence, and Socrates Aramburu",https://www.consumerfinance.gov/enforcement/actions/1st-alliance-lending-llc-et-al/,"[""Fair Lending"", ""Mortgage Origination""]",true,"Residential mortgage origination and TILA/FCRA/ECOA/advertising allegations, plus individual principals.",f7eeaba7ea4a002f7c80b48d7a905d63442f4113afea17b4dbecaac42b52c6e2,Codex (manual summary/tag review),2026-09-26
omni-financial-of-nevada-inc,2020-12-30,"Omni Financial of Nevada, Inc.",https://www.consumerfinance.gov/enforcement/actions/omni-financial-of-nevada-inc/,"[""Other Consumer Lending"", ""Short Term, Small Dollar""]",false,Military personal installment loans.,666bb5ed27ff014ea8d2fe8cc58322663fca850b3e8d99d55829bbe07be94c5f,Codex (manual summary/tag review),2026-09-26
santander-consumer-usa-inc-2020,2020-12-22,Santander Consumer USA Inc.,https://www.consumerfinance.gov/enforcement/actions/santander-consumer-usa-inc-2020/,"[""Auto Finance Servicing"", ""Furnishing""]",false,Auto-loan servicing and furnishing.,f99353c82687be2d4894bfb1e6be0727ac7393cedd32e82fe0d437a579e350bd,Codex (manual summary/tag review),2026-09-26
discover-bank-the-student-loan-corporation-and-discover-products-inc,2020-12-22,"Discover Bank, The Student Loan Corporation, and Discover Products, Inc.",https://www.consumerfinance.gov/enforcement/actions/discover-bank-the-student-loan-corporation-and-discover-products-inc/,"[""Student Loan Servicing""]",false,Private student-loan servicing by Discover entities.,dd628bb1d1865e1ce8cece09c7c62f5cc23b28eeb9fb268f39d6e3e62f55af3f,Codex (manual summary/tag review),2026-09-26
envios-de-valores-la-nacional-corp,2020-12-21,Envios de Valores La Nacional Corp.,https://www.consumerfinance.gov/enforcement/actions/envios-de-valores-la-nacional-corp/,"[""Remittances""]",false,Remittance transfers and international bill payments.,4ee7d45a1ffe74ad948b0ff99a4c1879e1adcbec7ef4d219b55c27895448623b,Codex (manual summary/tag review),2026-09-26
seterus-inc,2020-12-18,"Seterus, Inc. and Kyanite Services, Inc.",https://www.consumerfinance.gov/enforcement/actions/seterus-inc/,"[""Mortgage Servicing""]",true,Mortgage loss-mitigation application handling and foreclosure avoidance.,e7da299c216f3338ccc717241009dfbc5d559f37ee9e7d082137a08fa38def89,Codex (manual summary/tag review),2026-09-26
alder-holdings-llc,2020-12-11,"Alder Holdings, LLC",https://www.consumerfinance.gov/enforcement/actions/alder-holdings-llc/,"[""Furnishing"", ""Other Consumer Product (not lending)""]",false,Home-security/alarm-system sales and credit furnishing; not mortgages.,c6b58ab2f586d983386cee0dfe531156300cb465911a96c906f143ddb47c6b04,Codex (manual summary/tag review),2026-09-26
bounceback-inc,2020-12-09,"BounceBack, Inc. and Gale Krieg",https://www.consumerfinance.gov/enforcement/actions/bounceback-inc/,"[""Debt Collection""]",false,"Bad-check diversion/debt collection, not mortgages.",9b504faa88090dd9ef59222349bdfb9b8b3cb89c198eb017b3e62f5f31bceee9,Codex (manual summary/tag review),2026-09-26
rab-performance-recoveries-llc,2020-12-08,"RAB Performance Recoveries, LLC",https://www.consumerfinance.gov/enforcement/actions/rab-performance-recoveries-llc/,"[""Debt Collection""]",false,Debt buying and collection lawsuits; no mortgage-specific conduct.,8ffa6cea9099cd469ae8ccd1be2c79cecadbd237175aa1f1ec4bbe014d5e0e1e,Codex (manual summary/tag review),2026-09-26
nationstar-mortgage-llc-dba-mr-cooper,2020-12-07,"Nationstar Mortgage, LLC d/b/a Mr. Cooper",https://www.consumerfinance.gov/enforcement/actions/nationstar-mortgage-llc-dba-mr-cooper/,"[""Mortgage Servicing""]",true,Nationstar/Mr. Cooper mortgage servicing caused harm to distressed homeowners.,cb19806928508675d561ad335634450f2e38a77bb462f81ed676c3c0b2765e23,Codex (manual summary/tag review),2026-09-26
lendup-loans-llc,2020-12-04,"LendUp Loans, LLC",https://www.consumerfinance.gov/enforcement/actions/lendup-loans-llc/,"[""Short Term, Small Dollar""]",false,Small-dollar online lending and military borrower protections.,168e89fcc58881179cab6b6f8a031feec54b75e3c94a895a86bdbabc29a4ff3a,Codex (manual summary/tag review),2026-09-26
dmb-financial-llc,2020-12-01,"DMB Financial, LLC",https://www.consumerfinance.gov/enforcement/actions/dmb-financial-llc/,"[""Debt Relief""]",false,Unsecured debt-settlement advance fees.,383ddcb1b51c66ac33fdd77996581e29f4b6acdbecce8fd32df501af01e6aa07,Codex (manual summary/tag review),2026-09-26
fdatr-inc-dean-tucci-and-kenneth-wayne-halverson,2020-11-20,"FDATR, Inc.; Dean Tucci; and Kenneth Wayne Halverson",https://www.consumerfinance.gov/enforcement/actions/fdatr-inc-dean-tucci-and-kenneth-wayne-halverson/,"[""Debt Relief""]",false,Student-loan debt relief and credit-repair services.,26955f520e348a425b2fcfc6bbe221f22559487b2e5977891fd225cdbfc734ff,Codex (manual summary/tag review),2026-09-26
us-equity-advantage-inc-and-robert-m-steenbergh,2020-11-20,"U.S. Equity Advantage, Inc. and Robert M. Steenbergh",https://www.consumerfinance.gov/enforcement/actions/us-equity-advantage-inc-and-robert-m-steenbergh/,"[""Payments""]",false,"Auto-loan payment program, not mortgage payments.",d55028dc6a7b52f016340107026f1f92dcc2dbc16e5827f0f082979143dfc8fa,Codex (manual summary/tag review),2026-09-26
afni-inc,2020-11-12,"Afni, Inc.",https://www.consumerfinance.gov/enforcement/actions/afni-inc/,"[""Debt Collection"", ""Furnishing""]",false,Telecommunications-debt collection and furnishing.,f8d34661bac34d97b55030ac2cefdf2cd9f591b50f16536d502d1db58906c750,Codex (manual summary/tag review),2026-09-26
performance-slc-llc-performance-settlement-llc-daniel-crenshaw,2020-11-05,"Performance SLC, LLC, Performance Settlement, LLC and Daniel Crenshaw",https://www.consumerfinance.gov/enforcement/actions/performance-slc-llc-performance-settlement-llc-daniel-crenshaw/,"[""Debt Relief""]",false,Federal student-loan debt relief and debt settlement.,ffc40a7f7a04f42b4d7309c542d31884bb47fade51922359b5625ffb589a2d19,Codex (manual summary/tag review),2026-09-26
driver-loan-llc-angelo-jose-sarjeant,2020-11-05,"Driver Loan, LLC, and Angelo Jose Sarjeant",https://www.consumerfinance.gov/enforcement/actions/driver-loan-llc-angelo-jose-sarjeant/,"[""Deposits"", ""Short Term, Small Dollar""]",false,Short-term personal loans and misleading deposit-investment representations.,0d5da9542339e06d31642c1817767658dae213495e12a3adc9cd905e5c412fa3,Codex (manual summary/tag review),2026-09-26
smart-payment-plan-llc,2020-11-02,"SMART Payment Plan, LLC",https://www.consumerfinance.gov/enforcement/actions/smart-payment-plan-llc/,"[""Payments""]",false,"Biweekly auto-loan payment program, not mortgage servicing.",632be2a3e95d93321add813bd0adb851cf21ca090c98b239d4474c8251fed31c,Codex (manual summary/tag review),2026-09-26
washington-federal-na,2020-10-27,"Washington Federal Bank, N.A.",https://www.consumerfinance.gov/enforcement/actions/washington-federal-na/,"[""Fair Lending"", ""Mortgage Origination""]",true,Inaccurate HMDA mortgage-transaction reporting for 2016 and 2017.,1ced8b2648d172cca0a6a8a3a53a784695803235948ab1c864fb7c077b2cd082,Codex (manual summary/tag review),2026-09-26
low-va-rates-llc,2020-10-26,"Low VA Rates, LLC",https://www.consumerfinance.gov/enforcement/actions/low-va-rates-llc/,"[""Mortgage Origination""]",true,Misleading VA-guaranteed mortgage advertisements.,90ea48ddb8f235093f53f9eabccaab3c21bc08193bf5694be8939292abb2ae7e,Codex (manual summary/tag review),2026-09-26
nissan-motor-acceptance-corporation,2020-10-13,Nissan Motor Acceptance Corporation,https://www.consumerfinance.gov/enforcement/actions/nissan-motor-acceptance-corporation/,"[""Auto Finance Servicing""]",false,Auto-loan/lease servicing.,0a93a941f292e1d29f5bc0b0ae0c73022f423a4ed2833c1bcfdfbde07b82ffd9,Codex (manual summary/tag review),2026-09-26
lobel-financial-corporation,2020-09-21,Lobel Financial Corporation,https://www.consumerfinance.gov/enforcement/actions/lobel-financial-corporation/,"[""Auto Finance Servicing""]",false,Auto-loan loss-damage-waiver product.,0dfc81d4aaa10bdb9338da3ba9d1a59f08dcbeb64fca519219111510e8252841,Codex (manual summary/tag review),2026-09-26
peaks-trust,2020-09-15,PEAKS Trust 2009-1 et al.,https://www.consumerfinance.gov/enforcement/actions/peaks-trust/,"[""Student Loan Origination""]",false,PEAKS student loans and trustees; no mortgage conduct.,8fc2f37d4f3f0300031930722a9b40eafdeac242cb4b6ca746a5547892e7cbf5,Codex (manual summary/tag review),2026-09-26
clearpath-lending-inc,2020-09-14,"ClearPath Lending, Inc.",https://www.consumerfinance.gov/enforcement/actions/clearpath-lending-inc/,"[""Mortgage Origination""]",true,Misleading VA-guaranteed mortgage mailers and missing disclosures.,254fb0c0c8036e4360f0c0f10e9835bb3bcb109dd1c01fbb91007a8eae0675ba,Codex (manual summary/tag review),2026-09-26
encore-capital-group-et-al,2020-09-08,"Encore Capital Group, Midland Funding, Midland Credit Management, and Asset Acceptance Capital Corp.",https://www.consumerfinance.gov/enforcement/actions/encore-capital-group-et-al/,"[""Debt Collection""]",false,Debt buying/collection and repeat collection-order violations.,c42c1cd93ab87143571138ecd8cc449c9e0bbc0e0ba9d7f9f1d1784be65dec13,Codex (manual summary/tag review),2026-09-26
jpl-recovery-solutions-llc-et-al,2020-09-08,"JPL Recovery Solutions, LLC; Check Security Associates, LLC (dba Warner Location Services, Pinnacle Location Services, and Orchard Payment Processing Systems); ROC Asset Solutions LLC (dba API Recovery Solutions and Northern Information Services); Regency",https://www.consumerfinance.gov/enforcement/actions/jpl-recovery-solutions-llc-et-al/,"[""Debt Collection""]",false,Debt-collection network and deceptive collection practices.,4de5a75cb6beb546ca779e20102e7ec28d01da2ef06ac4c6ebe3f23d0bd0389b,Codex (manual summary/tag review),2026-09-26
accelerate-mortgage-llc,2020-09-02,"Accelerate Mortgage, LLC",https://www.consumerfinance.gov/enforcement/actions/accelerate-mortgage-llc/,"[""Mortgage Origination""]",true,Misleading VA-guaranteed mortgage mailers and missing disclosures.,add032a6888f45e63f71248457bc37d8796563cb41963119895a2b33d4578317,Codex (manual summary/tag review),2026-09-26
service-1st-mortgage-inc,2020-09-01,"Service 1st Mortgage, Inc.",https://www.consumerfinance.gov/enforcement/actions/service-1st-mortgage-inc/,"[""Mortgage Origination""]",true,Misleading VA-guaranteed mortgage advertising.,9c764e8fbcf1a2cd61b5acdbb6f0c7f1dc949abb6fe36f4a481b04c4d89596ad,Codex (manual summary/tag review),2026-09-26
hypotec-inc,2020-09-01,"Hypotec, Inc.",https://www.consumerfinance.gov/enforcement/actions/hypotec-inc/,"[""Mortgage Origination""]",true,Misleading VA-guaranteed mortgage advertising.,ac779fc94b0a5ec217ee00dd34b72409f648389446c5b12194ec91248106ee39,Codex (manual summary/tag review),2026-09-26
sigue-corporation-sgs-corporation-groupex-corporation,2020-08-31,"Sigue Corporation, SGS Corporation, and GroupEx Corporation",https://www.consumerfinance.gov/enforcement/actions/sigue-corporation-sgs-corporation-groupex-corporation/,"[""Remittances""]",false,International remittance transfers.,d1ef9e9eeb82fb9257dbcb34f82da7fab6368630c0235a68deb881d1c495eba8,Codex (manual summary/tag review),2026-09-26
trans-fast-remittance-llc,2020-08-31,Trans-Fast Remittance LLC,https://www.consumerfinance.gov/enforcement/actions/trans-fast-remittance-llc/,"[""Remittances""]",false,International remittance transfers.,2ac4fac7abad04c81f89b1f54ff56f602ae02cf9e53bc0962ff1910163ed3131,Codex (manual summary/tag review),2026-09-26
phloans,2020-08-26,"PHLoans.com, Inc.",https://www.consumerfinance.gov/enforcement/actions/phloans/,"[""Mortgage Origination""]",true,Misleading VA-guaranteed mortgage mailers and missing disclosures.,b850f590b4085fc261496ae1046142ce76733dce6bff059e593bf0dc701f3005,Codex (manual summary/tag review),2026-09-26
go-direct-lenders-inc,2020-08-21,"Go Direct Lenders, Inc.",https://www.consumerfinance.gov/enforcement/actions/go-direct-lenders-inc/,"[""Mortgage Origination""]",true,"Misleading VA mortgage terms, rates and government affiliation.",f644493dfb211bd26e75cf0e27351425fce5c937d81c17ffad97651bda9e87bc,Codex (manual summary/tag review),2026-09-26
td-bank-na,2020-08-20,"TD Bank, N.A.",https://www.consumerfinance.gov/enforcement/actions/td-bank-na/,"[""Deposits""]",false,Deposit overdraft marketing and enrollment.,d25aae2217fdd697fcb57e81794f7cc8069d3945b07cd315578c4e82b49e0c9e,Codex (manual summary/tag review),2026-09-26
prime-choice-funding-inc,2020-07-24,"Prime Choice Funding, Inc.",https://www.consumerfinance.gov/enforcement/actions/prime-choice-funding-inc/,"[""Mortgage Origination""]",true,"Misleading VA mortgage terms, rates and government affiliation.",5eeca981f700607bf17bc23369046aaa2352fbf9311ef1d2ced507db10dcaca3,Codex (manual summary/tag review),2026-09-26
sovereign-lending-group-inc,2020-07-24,"Sovereign Lending Group, Inc.",https://www.consumerfinance.gov/enforcement/actions/sovereign-lending-group-inc/,"[""Mortgage Origination""]",true,Misleading VA mortgage terms and purported prequalification.,fe6db2f59e53df24405a8c802a45e2e676762c174c9791fd712231d8796e6dfa,Codex (manual summary/tag review),2026-09-26
townstone-financial-inc-and-barry-sturner,2020-07-15,"Townstone Financial, Inc. and Barry Sturner",https://www.consumerfinance.gov/enforcement/actions/townstone-financial-inc-and-barry-sturner/,"[""Fair Lending"", ""Mortgage Origination""]",true,Retail mortgage creditor/broker ECOA discrimination allegations.,0546b1eaa735869021cca58997b1a9ad1b0310ffb24763b1e30a2558d36d89f3,Codex (manual summary/tag review),2026-09-26
gst-factoring-inc-et-al,2020-07-13,"GST Factoring, Inc., Champion Marketing Solutions, LLC, Rick Graff, Gregory Trimarche, Scott Freda, Amanda Johanson, David Mize, Jacob Slaughter, and Daniel Ruggiero",https://www.consumerfinance.gov/enforcement/actions/gst-factoring-inc-et-al/,"[""Debt Relief""]",false,Student-loan debt-relief enterprise and advance fees.,5321e10173af7972820530eac4e0a21899fd351ae968954733996154f40834b9,Codex (manual summary/tag review),2026-09-26
timemark-et-al,2020-07-07,"Timemark, Inc., Timothy Lenihan, Sr., Mark Nagler, and Casey Gassaway",https://www.consumerfinance.gov/enforcement/actions/timemark-et-al/,"[""Debt Relief""]",false,Federal student-loan debt-relief telemarketing.,08757009c98f9707cf25da1557d5dc67f95d742bb80b92b12f564ec0ffc6ea52,Codex (manual summary/tag review),2026-09-26
my-loan-doctor-llc-edgar-radjabli,2020-07-06,My Loan Doctor LLC and Edgar Radjabli,https://www.consumerfinance.gov/enforcement/actions/my-loan-doctor-llc-edgar-radjabli/,"[""Deposits""]",false,Misleading representations about a purported high-yield deposit product.,2dd5375c4b1380509a4d72b0fc2b33062d252e7021cbfdf12da3dc1cec7c9c87,Codex (manual summary/tag review),2026-09-26
harbour-portfolio-advisors-llc-et-al,2020-06-23,"Harbour Portfolio Advisors, LLC; National Asset Advisors, LLC; and National Asset Mortgage, LLC",https://www.consumerfinance.gov/enforcement/actions/harbour-portfolio-advisors-llc-et-al/,"[""Furnishing""]",true,Residential contracts-for-deed financing and related inaccurate credit furnishing; mortgage nexus despite Furnishing-only tag.,7bb921eeea1e65600313b8d93bdf12fd7bb981233bf50572fee8c88e60794ed1,Codex (manual summary/tag review),2026-09-26
main-street-et-al,2020-06-02,"Main Street Personal Finance, Inc., ACAC, Inc. d/b/a Approved Cash Advance, and Quik Lend, Inc.",https://www.consumerfinance.gov/enforcement/actions/main-street-et-al/,"[""Debt Collection"", ""Short Term, Small Dollar""]",false,Small-dollar lending and debt-collection practices.,29402ee5753a7e43781e778f116d59e8a7193e6baafdce4461d089e7ddfa77c1,Codex (manual summary/tag review),2026-09-26
commonwealth-equity-group-dba-key-credit-repair-nikitas-tsoukales,2020-05-22,"Commonwealth Equity Group, LLC (d/b/a Key Credit Repair); Nikitas Tsoukales (a/k/a Nikitas Tsoukalis)",https://www.consumerfinance.gov/enforcement/actions/commonwealth-equity-group-dba-key-credit-repair-nikitas-tsoukales/,"[""Credit Repair""]",false,Credit-repair telemarketing and advance fees.,019bcea1bff53402974cf0fae1e72a527ffcef5932614a5dce81fdddfdfab16c,Codex (manual summary/tag review),2026-09-26
specialized-loan-servicing-llc,2020-05-11,"Specialized Loan Servicing, LLC",https://www.consumerfinance.gov/enforcement/actions/specialized-loan-servicing-llc/,"[""Mortgage Servicing""]",true,Mortgage foreclosure protections and loss-mitigation evaluation notices under RESPA.,3858b4ebdcf1cdb5d4fb559650f85d317ccbbd72928244d9a308391844c61f8c,Codex (manual summary/tag review),2026-09-26
cottonwood-financial-ltd,2020-04-01,"Cottonwood Financial, Ltd., d/b/a Cash Store",https://www.consumerfinance.gov/enforcement/actions/cottonwood-financial-ltd/,"[""Debt Collection"", ""Furnishing"", ""Short Term, Small Dollar""]",false,"Small-dollar lending, collection and furnishing.",ab93699f2ce071f154b71c48d8d69bff4a90ec8192aa2b7589e87375d79ce503,Codex (manual summary/tag review),2026-09-26
fifth-third-bank-national-association,2020-03-09,"Fifth Third Bank, National Association",https://www.consumerfinance.gov/enforcement/actions/fifth-third-bank-national-association/,"[""Credit Cards"", ""Deposits""]",false,Unauthorized deposit and credit-card accounts; no mortgage-specific conduct.,c8686805bbace8ddc220d3e7863eb3c35de4125947c6654092f0290092069f9f,Codex (manual summary/tag review),2026-09-26
candy-kern-fuller-howard-sutter-iii-and-upstate-law-group-llc,2020-02-20,"Candy Kern-Fuller, Howard Sutter III, and Upstate Law Group LLC",https://www.consumerfinance.gov/enforcement/actions/candy-kern-fuller-howard-sutter-iii-and-upstate-law-group-llc/,"[""Other Consumer Lending""]",false,Pension-payment advances to consumers; not mortgages.,6354adcfe7fdd0ee7236de0ac111b0bda460d2548580a66388dcc37a79df65c8,Codex (manual summary/tag review),2026-09-26
citizens-bank,2020-01-30,"Citizens Bank, N.A.",https://www.consumerfinance.gov/enforcement/actions/citizens-bank/,"[""Credit Cards""]",false,Credit-card dispute handling and disclosures.,2141ed2f3dcb705bc566715af77e638c64afd27bd3e2eb3ed81a7d5a5b4a983c,Codex (manual summary/tag review),2026-09-26
monster-loans-lend-tech-loans-and-associated-student-loan-debt-relief-companies,2020-01-09,"Monster Loans, Lend Tech Loans, and Student Loan Debt Relief Companies",https://www.consumerfinance.gov/enforcement/actions/monster-loans-lend-tech-loans-and-associated-student-loan-debt-relief-companies/,"[""Consumer Reporting - User"", ""Debt Relief""]",false,Student-loan debt relief and misuse of consumer reports; later mortgage-industry ban does not change the alleged conduct.,a050b6ea6557358da2149838b2162a18b16d0de0ebe57be98f1642e2f5bca8d2,Codex (manual summary/tag review),2026-09-26
edmiston-et-al,2019-11-25,"Edmiston Marketing, LLC d/b/a Easy Military Travel, Brandon Edmiston",https://www.consumerfinance.gov/enforcement/actions/edmiston-et-al/,"[""Other Consumer Lending""]",false,"Military travel financing, not mortgages.",2dbc3471421cdd63cea76565137130346eb0adb3f8cec9d3f41337dc69cab2d4,Codex (manual summary/tag review),2026-09-26
usa-service-finance-llc,2019-11-25,"USA Service Finance, LLC",https://www.consumerfinance.gov/enforcement/actions/usa-service-finance-llc/,"[""Other Consumer Lending""]",false,"Military travel-finance servicing, not mortgages.",2fa5d08a1354184ae3de123c97823a142107cf7d237d1915100b1e6d52f7ca1e,Codex (manual summary/tag review),2026-09-26
sterling-infosystems-inc,2019-11-22,"Sterling Infosystems, Inc.",https://www.consumerfinance.gov/enforcement/actions/sterling-infosystems-inc/,"[""Consumer Reporting Agencies""]",false,"Employment/background consumer reports, not mortgages.",cb6f87f556cfbe4cc3a884a2c0e9bcdc53ac6c97f9b847513e182b1bd39b0289,Codex (manual summary/tag review),2026-09-26
premier-student-loan-center-et-al,2019-10-21,"Consumer Advocacy Center Inc., d/b/a Premier Student Loan Center; True Count Staffing Inc., d/b/a SL Account Management; Prime Consulting LLC, d/b/a Financial Preparation Services; Albert Kim; Kaine Wen; and Tuong Nguyen",https://www.consumerfinance.gov/enforcement/actions/premier-student-loan-center-et-al/,"[""Debt Relief""]",false,Student-loan debt-relief telemarketing and advance fees.,1761f77f77688ead9599c743442bf8dd81082610676f16794b4a3af105e7ed32,Codex (manual summary/tag review),2026-09-26
snyder-et-al,2019-10-01,"Katharine Snyder, Performance Arbitrage Company, Inc., and Life Funding Options, Inc.",https://www.consumerfinance.gov/enforcement/actions/snyder-et-al/,"[""Other Consumer Lending""]",false,Pension-payment advances; no mortgage-specific conduct.,e9557732ee742777cd650ca1353dda6753c88d6d4ab9fa4ad3f1fc4f026e52cc,Codex (manual summary/tag review),2026-09-26
fco-and-sobota,2019-09-25,"FCO Holding, Inc., Fair Collections & Outsourcing, Inc., Fair Collections & Outsourcing of New England, Inc., FCO Worldwide, Inc. and Michael E. Sobota",https://www.consumerfinance.gov/enforcement/actions/fco-and-sobota/,"[""Debt Collection"", ""Furnishing""]",false,Debt collection and furnishing; no mortgage-specific conduct identified.,4596ea0c4a11b3267aabbe048e5c338d26c633042303ee65a7846cc0c12d25c6,Codex (manual summary/tag review),2026-09-26
certified-forensic-loan-auditors-llc-andrew-lehman-michael-carrigan,2019-09-06,"Certified Forensic Loan Auditors, LLC, Andrew Lehman, and Michael Carrigan",https://www.consumerfinance.gov/enforcement/actions/certified-forensic-loan-auditors-llc-andrew-lehman-michael-carrigan/,"[""Debt Relief""]",true,Foreclosure-relief audits and mortgage-assistance advance fees under Regulation O.,69536f61a11eb6978e12143a6c685911f92f3739e4ec4b442f89dea13980f751,Codex (manual summary/tag review),2026-09-26
asset-recovery-associates-inc,2019-08-28,"Asset Recovery Associates, Inc.",https://www.consumerfinance.gov/enforcement/actions/asset-recovery-associates-inc/,"[""Debt Collection""]",false,General third-party debt collection and threats.,6de9864dbeee3e0c6692393680ffe11e464618c6a7de4c0ea160364281012c9e,Codex (manual summary/tag review),2026-09-26
maxitransfers-corporation,2019-08-27,Maxitransfers Corporation,https://www.consumerfinance.gov/enforcement/actions/maxitransfers-corporation/,"[""Remittances""]",false,International remittance transfers.,4d926f0b9f9ce13f1870982243d6d3b53596aeeca2c2f1f631c219f71f24cb7d,Codex (manual summary/tag review),2026-09-26
andrew-gamber-voyager-financial-group-llc-baic-inc-sobell-corp,2019-08-14,"Andrew Gamber, Voyager Financial Group, LLC, BAIC, Inc., SoBell Corp",https://www.consumerfinance.gov/enforcement/actions/andrew-gamber-voyager-financial-group-llc-baic-inc-sobell-corp/,"[""Other Consumer Lending""]",false,"Pension-benefit advance contracts, not mortgages.",82bb017ae2b80cad5f623bc19531919d2935af125a915310171527d081d98f3f,Codex (manual summary/tag review),2026-09-26
equifax-inc,2019-07-22,"Equifax, Inc.",https://www.consumerfinance.gov/enforcement/actions/equifax-inc/,"[""Consumer Reporting Agencies""]",false,General consumer-report data breach; no mortgage-specific conduct.,5953ef21aaf7cd8b108d1943fc3aa214e26c827fe9ad9cf83ee1c98ff36554de,Codex (manual summary/tag review),2026-09-26
student-cu-connect-cuso-llc,2019-06-14,"Student CU Connect CUSO, LLC",https://www.consumerfinance.gov/enforcement/actions/student-cu-connect-cuso-llc/,"[""Student Loan Origination""]",false,ITT private student-loan financing.,066cc8fdfb96c30fa873c6dd8fc6f73ce096cf566a550ea608a12059af324c68,Codex (manual summary/tag review),2026-09-26
freedom-mortgage-corporation,2019-06-05,Freedom Mortgage Corporation,https://www.consumerfinance.gov/enforcement/actions/freedom-mortgage-corporation/,"[""Fair Lending"", ""Mortgage Origination""]",true,Mortgage lender HMDA data errors for 2014-2017.,42cdc9be2a24b0752dfa9e2c31e58fa4bd89b2870a6e7a21b93f4d4685b93e57,Codex (manual summary/tag review),2026-09-26
servis-one-inc-db-bsi-financial-services,2019-05-29,"Servis One, Inc., d/b/a BSI Financial Services",https://www.consumerfinance.gov/enforcement/actions/servis-one-inc-db-bsi-financial-services/,"[""Mortgage Servicing""]",true,"Mortgage servicing transfers, escrow disbursements, loss mitigation and adjustable-rate data.",4ed5161184e78787eec52d9f2bd8c85ba5972a601da55da2e646fb5bbb15491e,Codex (manual summary/tag review),2026-09-26
forster-garbus-llp,2019-05-17,"Forster & Garbus, LLP",https://www.consumerfinance.gov/enforcement/actions/forster-garbus-llp/,"[""Debt Collection""]",false,Debt-collection litigation and insufficient attorney review.,47d284131044eaf074d430d3f5e173aa7b2458fbd6bd6efd94810aac5ea41cdf,Codex (manual summary/tag review),2026-09-26
pgx-holdings-inc,2019-05-02,"Progrexion Marketing, Inc.; PGX Holdings, Inc.; Progrexion Teleservices, Inc.; eFolks, LLC; CreditRepair.com, Inc.; John C. Heath, Attorney at Law, PLLC, d/b/a/ Lexington Law",https://www.consumerfinance.gov/enforcement/actions/pgx-holdings-inc/,"[""Credit Repair""]",false,Credit-repair advertising and advance fees.,c5c05fdda614420b30155f10e583bad900b3f519a85ed18e93bb92e5918181af,Codex (manual summary/tag review),2026-09-26
conduent-education-services-llc,2019-05-01,"Conduent Education Services, LLC",https://www.consumerfinance.gov/enforcement/actions/conduent-education-services-llc/,"[""Student Loan Servicing""]",false,Student-loan servicing.,65f8374b8a23bc71d43f1645ef58d2cefcf99e930dd3fee90ce282d54064d083,Codex (manual summary/tag review),2026-09-26
cash-tyme,2019-02-05,Cash Tyme,https://www.consumerfinance.gov/enforcement/actions/cash-tyme/,"[""Debt Collection"", ""Short Term, Small Dollar""]",false,Payday lending and collection.,13e23e3ac53d0ed8f4cfc6868b44539552471526d5c830dd7772fe05b66fc4c0,Codex (manual summary/tag review),2026-09-26
enova-international-inc,2019-01-25,"Enova International, Inc.",https://www.consumerfinance.gov/enforcement/actions/enova-international-inc/,"[""Short Term, Small Dollar""]",false,Small-dollar online-loan unauthorized debits.,690b5afa7e8047eb0d2c90789dcc7cc4a2df74bbe91db2276037f2cf833c0495,Codex (manual summary/tag review),2026-09-26
mark-corbett,2019-01-23,Mark Corbett,https://www.consumerfinance.gov/enforcement/actions/mark-corbett/,"[""Other Consumer Lending""]",false,Veterans pension-payment advance contracts.,ef1709ec3e26dc0bcfdcddf31da87328dc6d4f12838fe1b28fa00edbc0029c6a,Codex (manual summary/tag review),2026-09-26
sterling-jewelers-inc,2019-01-16,"Sterling Jewelers, Inc.",https://www.consumerfinance.gov/enforcement/actions/sterling-jewelers-inc/,"[""Credit Cards""]",false,Store credit-card account opening and consent.,5a169bc7697a134753ca4a3a3715a1879fdeac317ea9bcd2773b1dd962d7567f,Codex (manual summary/tag review),2026-09-26
usaa-federal-savings-bank,2019-01-03,USAA Federal Savings Bank,https://www.consumerfinance.gov/enforcement/actions/usaa-federal-savings-bank/,"[""Deposits""]",false,Deposit EFT/stop-payment practices.,b8f5e36b51ab718df542ea7dd1f2c38aa9a676153d946448a3d7582ab3557f22,Codex (manual summary/tag review),2026-09-26
state-farm-bank-fsb,2018-12-06,"State Farm Bank, FSB",https://www.consumerfinance.gov/enforcement/actions/state-farm-bank-fsb/,"[""Furnishing""]",false,General credit-furnishing policies; no mortgage-specific conduct in summary.,dc0457dfdb557f8cc77dad61e982c5e1ce6308a868fa30d0ee3efb61cf38cabb,Codex (manual summary/tag review),2026-09-26
village-capital-and-investment-llc,2018-12-04,"Village Capital and Investment, LLC",https://www.consumerfinance.gov/enforcement/actions/village-capital-and-investment-llc/,"[""Mortgage Origination""]",true,Misleading veteran mortgage-refinance cost and savings comparisons.,421387806db126bf9b7f1e299abf34acdacc951de8c5835b818f1382c427aa27,Codex (manual summary/tag review),2026-09-26
santander-consumer-usa-inc,2018-11-20,"Santander Consumer USA, Inc.",https://www.consumerfinance.gov/enforcement/actions/santander-consumer-usa-inc/,"[""Auto Finance Servicing""]",false,Auto-loan financing and add-on products.,ef32d2dcb3beacf857a24803e8b36f5b8c1b80be4813bec672c0e5e35336083e,Codex (manual summary/tag review),2026-09-26
cash-express-llc,2018-10-24,"Cash Express, LLC",https://www.consumerfinance.gov/enforcement/actions/cash-express-llc/,"[""Debt Collection"", ""Other Consumer Product (not lending)"", ""Short Term, Small Dollar""]",false,"Payday/car-title lending, check cashing and collection.",1e3629703beecd411c1f7460b9c661268b4c25458aca793b8a3b4be6657e5736,Codex (manual summary/tag review),2026-09-26
bluestem-brands-inc,2018-10-04,"Bluestem Brands, Inc.; Bluestem Enterprises, Inc.; and Bluestem Sales, Inc., also doing business as Fingerhut and Gettington.com",https://www.consumerfinance.gov/enforcement/actions/bluestem-brands-inc/,"[""Debt Collection""]",false,"Retail-brand debt collection, not mortgage servicing.",bfdeb7f8696ec9361984bef5fefb3d2f80ee6267dd42a0f47b79a9ad34ed554a,Codex (manual summary/tag review),2026-09-26
future-income-payments-llc,2018-09-13,"Future Income Payments, LLC, Scott Kohn, and related entities",https://www.consumerfinance.gov/enforcement/actions/future-income-payments-llc/,"[""Other Consumer Lending""]",false,Pension advances and installment credit disclosures.,faf03fe8e2aa85aa676bd92050b47452694235bade39988900728c174b552d0a,Codex (manual summary/tag review),2026-09-26
triton-management-group-inc,2018-07-19,"Triton Management Group, Inc.",https://www.consumerfinance.gov/enforcement/actions/triton-management-group-inc/,"[""Short Term, Small Dollar""]",false,Auto-title loan APR disclosures.,dbbec7b35dfc374855e2ddf49d5fcf976c70436d47d6f9513f7b56b165395521,Codex (manual summary/tag review),2026-09-26
national-credit-adjusters-llc-and-bradley-hochstein,2018-07-13,"National Credit Adjusters, LLC  and Bradley Hochstein",https://www.consumerfinance.gov/enforcement/actions/national-credit-adjusters-llc-and-bradley-hochstein/,"[""Debt Collection"", ""Short Term, Small Dollar""]",false,Consumer debt collection and small-dollar loan debt.,2e8e7c5a1324bfdd1d8d3cd0de28e2de981fd9b656ed3d8756cda45e8310844e,Codex (manual summary/tag review),2026-09-26
citibank-na-2018,2018-06-29,"Citibank, N.A.",https://www.consumerfinance.gov/enforcement/actions/citibank-na-2018/,"[""Credit Cards""]",false,Credit-card APR reevaluation.,7f3b2a05b3b727305f44326d0fe1a8713ee4a5681d3dc1c162d8ad1a36cc7756,Codex (manual summary/tag review),2026-09-26
security-group-inc,2018-06-13,"Security Group, Inc., Security Finance Corporation of Spartanburg, Professional Financial Services Corp., et al.",https://www.consumerfinance.gov/enforcement/actions/security-group-inc/,"[""Debt Collection"", ""Furnishing"", ""Short Term, Small Dollar""]",false,Small-dollar loan collection and furnishing.,0b53c61f731c49167d51704e636030c0fe138c7269b944cd8a2f1d227c03ffbc,Codex (manual summary/tag review),2026-09-26
wells-fargo-bank-na-2018,2018-04-20,"Wells Fargo Bank, N.A.",https://www.consumerfinance.gov/enforcement/actions/wells-fargo-bank-na-2018/,"[""Auto Finance Servicing"", ""Mortgage Origination""]",true,Multi-product bank action includes mortgage rate-lock extension charges.,841fbb6e79c90ab0e945c8a9d9cf1f157e84806edbfe928c9466f2f68cd301a5,Codex (manual summary/tag review),2026-09-26
citibank-na-student-loan-servicing,2017-11-21,"Citibank, N.A.",https://www.consumerfinance.gov/enforcement/actions/citibank-na-student-loan-servicing/,"[""Consumer Reporting - User"", ""Student Loan Servicing""]",false,Student-loan servicing and tax-deduction information.,7f1424d0ec4d143dcd645df22225b434a55bb7f3789c5377f795e7bcd94aeddf,Codex (manual summary/tag review),2026-09-26
conduent-business-services-llc,2017-11-20,"Conduent Business Services, LLC",https://www.consumerfinance.gov/enforcement/actions/conduent-business-services-llc/,"[""Auto Finance Origination"", ""Furnishing""]",false,Auto-loan servicing software and incorrect credit furnishing.,2a0c1d1814e61cd2d2b88fe59462ff1082398324c6101f57ac2f255554644836,Codex (manual summary/tag review),2026-09-26
think-finance-llc-formerly-known-think-finance-inc,2017-11-15,"Think Finance, LLC",https://www.consumerfinance.gov/enforcement/actions/think-finance-llc-formerly-known-think-finance-inc/,"[""Debt Collection"", ""Short Term, Small Dollar""]",false,Online payday/tribal lending and debt collection.,b464c5325cb113e4b49b6cb5ee2835fcece6a084722945e9b746af79f7b8f627,Codex (manual summary/tag review),2026-09-26
freedom-debt-relief-llc-and-andrew-housser,2017-11-08,"Freedom Debt Relief, LLC and Andrew Housser",https://www.consumerfinance.gov/enforcement/actions/freedom-debt-relief-llc-and-andrew-housser/,"[""Debt Relief""]",false,Unsecured debt relief and advance fees.,d1e6b83620cf8000a3cd8af610562c4588f65de63da8c4734117f10249ee34b2,Codex (manual summary/tag review),2026-09-26
tempo-venture-inc-db-culpeper-pawnbroker,2017-10-17,"Tempo Venture, Inc., d/b/a Culpeper Pawnbroker",https://www.consumerfinance.gov/enforcement/actions/tempo-venture-inc-db-culpeper-pawnbroker/,"[""Short Term, Small Dollar""]",false,Pawn-loan APR disclosures.,6cc56d35e9af4391ae662c188d7abdf30596093644ddd28a148506545d104f37,Codex (manual summary/tag review),2026-09-26
federal-debt-assistance-association-llc-financial-document-assistance-administration-inc-clear-solutions-inc-robert-pantoulis-david-piccione-and-vincent-piccione,2017-10-12,"Federal Debt Assistance Association, LLC, Financial Document Assistance Administration, Inc., Clear Solutions, Inc., Robert Pantoulis, David Piccione, and Vincent Piccione",https://www.consumerfinance.gov/enforcement/actions/federal-debt-assistance-association-llc-financial-document-assistance-administration-inc-clear-solutions-inc-robert-pantoulis-david-piccione-and-vincent-piccione/,"[""Debt Relief""]",false,Unsecured debt-validation/relief services and government-affiliation claims.,ba3e7e872ef15516b2d7a226f8a7b1f9f355c756ae8e1203dc46901a61613e86,Codex (manual summary/tag review),2026-09-26
meridian-title-corporation,2017-09-27,Meridian Title Corporation,https://www.consumerfinance.gov/enforcement/actions/meridian-title-corporation/,"[""Mortgage Origination""]",true,Mortgage settlement/title-insurance referrals and undisclosed affiliated-business interests.,167fb6fb187d5312b76bddfd888baae9601f707816613f3f92e88517fe6def36,Codex (manual summary/tag review),2026-09-26
top-notch-funding-ii-llc-rory-donadio-and-john-gene-cavalli,2017-09-19,"Top Notch Funding II, LLC, Rory Donadio, and John “Gene” Cavalli",https://www.consumerfinance.gov/enforcement/actions/top-notch-funding-ii-llc-rory-donadio-and-john-gene-cavalli/,"[""Other Consumer Lending""]",false,"Litigation/victim-compensation settlement advances, not mortgages.",1d5c1fd90830fa2767f805a39668d738b654795dcd4bc22036f6aa39c1b966f5,Codex (manual summary/tag review),2026-09-26
national-collegiate-student-loan-trusts,2017-09-18,National Collegiate Student Loan Trusts,https://www.consumerfinance.gov/enforcement/actions/national-collegiate-student-loan-trusts/,"[""Debt Collection"", ""Student Loan Servicing""]",false,Student-loan debt collection and litigation.,01856911711abd216d359700651373a4942952a0f87ec40b615274de0d84981a,Codex (manual summary/tag review),2026-09-26
transworld-systems-inc,2017-09-18,"Transworld Systems, Inc.",https://www.consumerfinance.gov/enforcement/actions/transworld-systems-inc/,"[""Debt Collection"", ""Student Loan Servicing""]",false,Student-loan collection affidavits and lawsuits.,9029e909ba3e3254d22d637865c71a8e5419e3563c5feb53f6f7bbe47e300443,Codex (manual summary/tag review),2026-09-26
zero-parallel-llc,2017-09-06,"Zero Parallel, LLC",https://www.consumerfinance.gov/enforcement/actions/zero-parallel-llc/,"[""Short Term, Small Dollar""]",false,Payday/installment-loan lead aggregation.,edd7d5f9d52131203313598a1b43a20a87558c21f2edc77f95345049f4a05d6e,Codex (manual summary/tag review),2026-09-26
american-express-centurion-bank-and-american-express-bank-fsb,2017-08-23,"American Express Centurion Bank and American Express Bank, FSB",https://www.consumerfinance.gov/enforcement/actions/american-express-centurion-bank-and-american-express-bank-fsb/,"[""Credit Cards"", ""Fair Lending""]",false,"Credit-card discrimination in US territories, not mortgage lending.",3da3ae7f5413962b675f490ae16e549d4c0c360056c7b63ec680f9624f428ae2,Codex (manual summary/tag review),2026-09-26
aequitas-capital-management-inc-et-al,2017-08-17,"Aequitas Capital Management, Inc., et al.",https://www.consumerfinance.gov/enforcement/actions/aequitas-capital-management-inc-et-al/,"[""Student Loan Origination""]",false,Corinthian private student-loan financing.,caa32e5736cae7d5cb09ff00f85c75a25d007e4ca700e4fc9a7525c67d1d2bb8,Codex (manual summary/tag review),2026-09-26
jpmorgan-chase-bank-na,2017-08-02,"JPMorgan Chase Bank, N.A.",https://www.consumerfinance.gov/enforcement/actions/jpmorgan-chase-bank-na/,"[""Deposits"", ""Furnishing""]",false,Checking-account screening reports and furnishing.,29f9f8092e5f786c44b36c660e80aca08e4f11f67e2714192dfaae7596970e8d,Codex (manual summary/tag review),2026-09-26
prime-credit-llc-imc-capital-llc-commercial-credit-consultants-blake-johnson-eric-schlegel-park-view-law-and-arthur-barens,2017-06-27,"Prime Credit, L.L.C., IMC Capital, L.L.C., Commercial Credit Consultants, Blake Johnson, Eric Schlegel, Park View Law, and Arthur Barens",https://www.consumerfinance.gov/enforcement/actions/prime-credit-llc-imc-capital-llc-commercial-credit-consultants-blake-johnson-eric-schlegel-park-view-law-and-arthur-barens/,"[""Credit Repair""]",false,Credit-repair advance fees and marketing.,43f70c99b59ae855fce52efa80fb74a114a1e0043f27773901019092fcc940d2,Codex (manual summary/tag review),2026-09-26
fay-servicing-llc,2017-06-07,"Fay Servicing, LLC",https://www.consumerfinance.gov/enforcement/actions/fay-servicing-llc/,"[""Mortgage Servicing""]",true,Mortgage foreclosure protections and loss-mitigation communications.,582037b4e1082f286e97fcc15c103e564744336614a53283215766308fed8ed2,Codex (manual summary/tag review),2026-09-26
golden-valley-lending-inc-silver-cloud-financial-inc-mountain-summit-financial-inc-and-majestic-lake-financial-inc,2017-04-27,"Golden Valley Lending, Inc., Silver Cloud Financial, Inc., Mountain Summit Financial, Inc., and Majestic Lake Financial, Inc.",https://www.consumerfinance.gov/enforcement/actions/golden-valley-lending-inc-silver-cloud-financial-inc-mountain-summit-financial-inc-and-majestic-lake-financial-inc/,"[""Debt Collection"", ""Short Term, Small Dollar""]",false,Online small-dollar loans and collection of legally unowed debt.,50459f5b13e6d032d9bac7b4c3376ce2050b13da998a01f8be1ef90d99abc8b9,Codex (manual summary/tag review),2026-09-26
security-national-automotive-acceptance-company-llc,2017-04-26,"Security National Automotive Acceptance Company, LLC",https://www.consumerfinance.gov/enforcement/actions/security-national-automotive-acceptance-company-llc/,"[""Auto Finance Origination"", ""Debt Collection""]",false,Auto loans to servicemembers and breach of prior auto-finance order.,ede8f809841b45d97ba59195220c2ad7cabdc9b707e28cc4580121e1ce2d2c71,Codex (manual summary/tag review),2026-09-26
ocwen-financial-corporation-ocwen-mortgage-servicing-inc-and-ocwen-loan-servicing-llc,2017-04-20,"Ocwen Financial Corporation; Ocwen Mortgage Servicing, Inc.; and Ocwen Loan Servicing, LLC",https://www.consumerfinance.gov/enforcement/actions/ocwen-financial-corporation-ocwen-mortgage-servicing-inc-and-ocwen-loan-servicing-llc/,"[""Debt Collection"", ""Mortgage Servicing""]",true,"Mortgage servicing errors, unlawful foreclosure and borrower complaint handling.",94a03a17fd9900ac38fcc8cd7557cd43cd7752b26f35ed8c3fb0d41c590b922c,Codex (manual summary/tag review),2026-09-26
weltman-weinberg-reis-co-lpa,2017-04-17,"Weltman, Weinberg & Reis Co., L.P.A.",https://www.consumerfinance.gov/enforcement/actions/weltman-weinberg-reis-co-lpa/,"[""Debt Collection""]",false,"Debt-collection law-firm letters, not mortgage-specific conduct.",a6473670b5104cb579c1deb0c03a29d88bc519793975a5c829b4ca330bb75b76,Codex (manual summary/tag review),2026-09-26
experian-holdings-inc-experian-information-solutions-inc-and-consumerinfocom-inc-dba-experian-consumer-services,2017-03-23,"Experian Holdings, Inc., Experian Information Solutions, Inc., and ConsumerInfo.com, Inc., dba Experian Consumer Services",https://www.consumerfinance.gov/enforcement/actions/experian-holdings-inc-experian-information-solutions-inc-and-consumerinfocom-inc-dba-experian-consumer-services/,"[""Consumer Reporting Agencies""]",false,"Consumer credit-score marketing, not mortgage-specific conduct.",333535b6c3a9fd48814264443a4435864d7ef3028d31601607fb9fdb6b3ad740,Codex (manual summary/tag review),2026-09-26
nationstar-mortgage-llc,2017-03-15,Nationstar Mortgage LLC,https://www.consumerfinance.gov/enforcement/actions/nationstar-mortgage-llc/,"[""Fair Lending"", ""Mortgage Origination""]",true,Mortgage HMDA transaction reporting for 2012-2014.,548f29eb80aa0bc40008ee64cfe0dfd76e745b9e07593de653bf61267f6d1600,Codex (manual summary/tag review),2026-09-26
rd-legal-funding-llc-rd-legal-finance-llc-rd-legal-funding-partners-lp-and-roni-dersovitz,2017-02-07,"RD Legal Funding, LLC, RD Legal Finance, LLC, RD Legal Funding Partners, LP, and Roni Dersovitz",https://www.consumerfinance.gov/enforcement/actions/rd-legal-funding-llc-rd-legal-finance-llc-rd-legal-funding-partners-lp-and-roni-dersovitz/,"[""Other Consumer Lending""]",false,"Litigation/victim-compensation advances, not mortgages.",914d87dfe80b9bfc4028a7ed3beb3274d3aefe4e0805d54e09d9a7c1567363dd,Codex (manual summary/tag review),2026-09-26
woodbridge-coins-and-jewelry-exchange-inc-db-woodbridge-gold-pawn,2017-02-02,"Woodbridge Coins and Jewelry Exchange, Inc. d/b/a Woodbridge Gold & Pawn",https://www.consumerfinance.gov/enforcement/actions/woodbridge-coins-and-jewelry-exchange-inc-db-woodbridge-gold-pawn/,"[""Short Term, Small Dollar""]",false,Pawn-loan annual cost disclosures.,8d86eddab401bab35f7fcb5e76d647935747cf1720939c0d93975237d6568801,Codex (manual summary/tag review),2026-09-26
unirush-llc-and-mastercard-international-incorporated,2017-02-01,UniRush LLC and Mastercard International Incorporated,https://www.consumerfinance.gov/enforcement/actions/unirush-llc-and-mastercard-international-incorporated/,"[""Payments"", ""Prepaid""]",false,RushCard prepaid/payment processing outages.,3976b4f54afb3de916c6b1c295e5af02df4c04cb987e1864479f03eea08a1fa8,Codex (manual summary/tag review),2026-09-26
rgc-services-inc-dba-remax-gold-coast-realtors,2017-01-31,"RGC Services, Inc. dba Re/Max Gold Coast Realtors",https://www.consumerfinance.gov/enforcement/actions/rgc-services-inc-dba-remax-gold-coast-realtors/,"[""Mortgage Origination""]",true,Real-estate broker accepted mortgage-referral kickbacks from Prospect.,4428a7aa1c7f2847e4600e374a65ce480befd11e1beac6ba592bcbf5d41b9e22,Codex (manual summary/tag review),2026-09-26
prospect-mortgage-llc,2017-01-31,Prospect Mortgage LLC,https://www.consumerfinance.gov/enforcement/actions/prospect-mortgage-llc/,"[""Mortgage Origination""]",true,Mortgage lender paid mortgage-referral kickbacks under RESPA.,61d2f6d2c7ca75dfadc0bbe9fd2d9c9a0d3af23cf46b52a022fc5b73146e9b86,Codex (manual summary/tag review),2026-09-26
willamette-legacy-llc-dba-keller-williams-mid-willamette,2017-01-31,"Willamette Legacy, LLC dba Keller Williams Mid-Willamette",https://www.consumerfinance.gov/enforcement/actions/willamette-legacy-llc-dba-keller-williams-mid-willamette/,"[""Mortgage Origination""]",true,Real-estate broker accepted mortgage-referral kickbacks from Prospect.,ede56fcb39e3f7fbc18ecbe013d87c391f952eb7c4bf632755df037096cbefaf,Codex (manual summary/tag review),2026-09-26
planet-home-lending-llc,2017-01-31,"Planet Home Lending, LLC",https://www.consumerfinance.gov/enforcement/actions/planet-home-lending-llc/,"[""Mortgage Origination""]",true,Mortgage servicer accepted referral payments and misused mortgage consumer reports.,33d2f1728c1148d0cf02f2e1c3ac30c80b565649b88cb237413e1e3255d243bd,Codex (manual summary/tag review),2026-09-26
vincent-howard-lawrence-w-williamson-howard-law-pc-williamson-law-firm-llc-and-williamson-howard-llp,2017-01-30,"Vincent Howard, Lawrence W. Williamson, Howard Law, P.C., The Williamson Law Firm, LLC, and Williamson & Howard, LLP",https://www.consumerfinance.gov/enforcement/actions/vincent-howard-lawrence-w-williamson-howard-law-pc-williamson-law-firm-llc-and-williamson-howard-llp/,"[""Debt Relief""]",false,Unsecured debt-relief enterprise; no mortgage-specific conduct in summary.,104c8a422eec7be0a8dd49d07d4d7d9ead3c2ff8381881239701c13b8529b7f0,Codex (manual summary/tag review),2026-09-26
citifinancial-servicing-llc-de-citifinancial-company-de-citifinancial-services-inc-mn-and-citifinancial-inc-wv,2017-01-23,"CitiFinancial Servicing, LLC (DE), CitiFinancial Company (DE), CitiFinancial Services, Inc. (MN), and CitiFinancial, Inc. (WV)",https://www.consumerfinance.gov/enforcement/actions/citifinancial-servicing-llc-de-citifinancial-company-de-citifinancial-services-inc-mn-and-citifinancial-inc-wv/,"[""Furnishing"", ""Mortgage Servicing""]",true,Mortgage loss-mitigation information and foreclosure-relief paperwork.,582313e48826217899d7807978b88733d07ca0e0b83095f5259b7617b9b5b982,Codex (manual summary/tag review),2026-09-26
citimortgage-inc,2017-01-23,"CitiMortgage, Inc.",https://www.consumerfinance.gov/enforcement/actions/citimortgage-inc/,"[""Mortgage Servicing""]",true,Mortgage loss-mitigation information and foreclosure-relief paperwork.,582313e48826217899d7807978b88733d07ca0e0b83095f5259b7617b9b5b982,Codex (manual summary/tag review),2026-09-26
tcf-national-bank,2017-01-19,TCF National Bank,https://www.consumerfinance.gov/enforcement/actions/tcf-national-bank/,"[""Deposits""]",false,Deposit overdraft-service marketing and enrollment.,d24ccc7860dc01ace2ca01996870119ff25a6e867b5ef463f31b40f8643de79e,Codex (manual summary/tag review),2026-09-26
navient-corporation-navient-solutions-inc-and-pioneer-credit-recovery-inc,2017-01-18,"Navient Corporation, Navient Solutions, Inc. and Pioneer Credit Recovery, Inc.",https://www.consumerfinance.gov/enforcement/actions/navient-corporation-navient-solutions-inc-and-pioneer-credit-recovery-inc/,"[""Debt Collection"", ""Furnishing"", ""Student Loan Origination"", ""Student Loan Servicing""]",false,Student-loan servicing and collection.,2e944f319b3b776b5ab2a9d529a19f43f38696ceb7e155ba503d5c1c8586bc90,Codex (manual summary/tag review),2026-09-26
works-lentz-inc,2017-01-09,"Works & Lentz, Inc.; Works & Lentz of Tulsa, Inc., and Harry A. Lentz, Jr.",https://www.consumerfinance.gov/enforcement/actions/works-lentz-inc/,"[""Debt Collection"", ""Furnishing""]",false,Medical-debt collection law firms and attorney representations.,0297f3dc8837e1de2dbbeb020f9344efcbf07ac0838dfa8140f08aa6a1e11c14,Codex (manual summary/tag review),2026-09-26
transunion-interactive-inc-transunion-llc-and-transunion,2017-01-03,"TransUnion Interactive, Inc., TransUnion, LLC, and TransUnion",https://www.consumerfinance.gov/enforcement/actions/transunion-interactive-inc-transunion-llc-and-transunion/,"[""Consumer Reporting Agencies""]",false,General credit-score/credit-monitoring sales.,bf1159a5fc3c2b654ff524f039fec576d5e7389f38490bcd7e249bb22c9f35b0,Codex (manual summary/tag review),2026-09-26
equifax-inc-and-equifax-consumer-services-llc,2017-01-03,Equifax Inc. and Equifax Consumer Services LLC,https://www.consumerfinance.gov/enforcement/actions/equifax-inc-and-equifax-consumer-services-llc/,"[""Consumer Reporting Agencies""]",false,General credit-score/credit-monitoring sales.,20781ebe31c1854e44a50f09c00cf4982bf9373ea0c1c7cee2188bd331ae472c,Codex (manual summary/tag review),2026-09-26
military-credit-services-llc,2016-12-20,Military Credit Services LLC,https://www.consumerfinance.gov/enforcement/actions/military-credit-services-llc/,"[""Other Consumer Lending""]",false,Military retail consumer loans and disclosures.,f54ef978b3e3dde473066569b3414f759c25ba9d60e021b72cfef27c03cb0286,Codex (manual summary/tag review),2026-09-26
a-to-z-pawn-inc,2016-12-19,"A To Z Pawn, Inc.",https://www.consumerfinance.gov/enforcement/actions/a-to-z-pawn-inc/,"[""Short Term, Small Dollar""]",false,Pawn-loan APR disclosures.,2e4ff89ea1d2b8112b663752f33043021f9105026de847a02da0f6eda4a78f24,Codex (manual summary/tag review),2026-09-26
pawn-usa-inc,2016-12-19,"Pawn U.S.A., Inc.",https://www.consumerfinance.gov/enforcement/actions/pawn-usa-inc/,"[""Short Term, Small Dollar""]",false,Pawn-loan APR disclosures; narrative year typo does not alter listing/detail filing date.,9642c6294445570391e18390db7a5c1ee26b36501f7efda7b47b4f65266eec55,Codex (manual summary/tag review),2026-09-26
spotsylvania-gold-pawn-inc,2016-12-19,"Spotsylvania Gold & Pawn, Inc.",https://www.consumerfinance.gov/enforcement/actions/spotsylvania-gold-pawn-inc/,"[""Short Term, Small Dollar""]",false,Pawn-loan APR disclosures.,74630232be15022a6473a525478255ce452178ad8c40ab24c5530be0d6b16c01,Codex (manual summary/tag review),2026-09-26
fredericksburg-gold-pawn-inc,2016-12-19,"Fredericksburg Gold & Pawn, Inc.",https://www.consumerfinance.gov/enforcement/actions/fredericksburg-gold-pawn-inc/,"[""Short Term, Small Dollar""]",false,Pawn-loan APR disclosures.,6ee206dfebc21861723f162918df11b7b77c6e60c04e8b376cdd072edfca112b,Codex (manual summary/tag review),2026-09-26
moneytree-inc,2016-12-16,"Moneytree, Inc.",https://www.consumerfinance.gov/enforcement/actions/moneytree-inc/,"[""Debt Collection"", ""Short Term, Small Dollar""]",false,"Payday loans, check cashing and debt collection.",2386f6ca274fa4b0d9016e81bf456622ed923211122c998b3e8aae69bb6951c5,Codex (manual summary/tag review),2026-09-26
reverse-mortgage-solutions-inc-db-security-1-lending,2016-12-07,"Reverse Mortgage Solutions, Inc. d/b/a Security 1 Lending",https://www.consumerfinance.gov/enforcement/actions/reverse-mortgage-solutions-inc-db-security-1-lending/,"[""Mortgage Origination""]",true,Reverse-mortgage deceptive advertisements about costs and losing homes.,50d69a7f3a2bffaec99cd966eca4488712433bc8b169b87b1d88adb265ea1b73,Codex (manual summary/tag review),2026-09-26
american-advisors-group,2016-12-07,American Advisors Group,https://www.consumerfinance.gov/enforcement/actions/american-advisors-group/,"[""Mortgage Origination""]",true,Reverse-mortgage deceptive advertisements about costs and losing homes.,81b7913be9886b518c7cd181053c24eb929aabdbb2d1dadbdd9be40b477dca5f,Codex (manual summary/tag review),2026-09-26
aegean-financial,2016-12-07,"Aegean Financial d/b/a Aegean Financial, Inc., Reverse Mortgage Professionals, Jubilados Financial, Newport Lending Reverse Mortgage, Promise Land Lending, Reverse Financial Group, and Reverse Mortgage Information Center",https://www.consumerfinance.gov/enforcement/actions/aegean-financial/,"[""Mortgage Origination""]",true,Reverse-mortgage deceptive advertisements about costs and losing homes.,50d69a7f3a2bffaec99cd966eca4488712433bc8b169b87b1d88adb265ea1b73,Codex (manual summary/tag review),2026-09-26
access-funding-llc-access-holding-llc-reliance-funding-llc-lee-jundanian-raffi-boghosian-michael-borkowski-charles-smith,2016-11-21,"Access Funding, LLC; Access Holding, LLC; Reliance Funding, LLC; Lee Jundanian; Raffi Boghosian; Michael Borkowski; and Charles Smith",https://www.consumerfinance.gov/enforcement/actions/access-funding-llc-access-holding-llc-reliance-funding-llc-lee-jundanian-raffi-boghosian-michael-borkowski-charles-smith/,"[""Other Consumer Lending""]",false,"Structured-settlement payment factoring/advances, not mortgages.",68e416053ddd4a373d09e9f8180788e5cf231fdecfc8c5e0d3488cc1cff77f15,Codex (manual summary/tag review),2026-09-26
bb-pawnbrokers-inc,2016-11-03,"B&B Pawnbrokers, Inc.",https://www.consumerfinance.gov/enforcement/actions/bb-pawnbrokers-inc/,"[""Short Term, Small Dollar""]",false,Pawn-loan annual cost disclosures.,02ca506c671138214d3d2e6fd5d726873b61977d75b25830808113393637fcb8,Codex (manual summary/tag review),2026-09-26
northern-resolution-group-llc-douglas-mackinnon-mark-gray-enhanced-acquisitions-llc-and-delray-capital-llc,2016-11-02,"Northern Resolution Group, LLC, Douglas MacKinnon, Mark Gray, Enhanced Acquisitions, LLC, and Delray Capital, LLC,",https://www.consumerfinance.gov/enforcement/actions/northern-resolution-group-llc-douglas-mackinnon-mark-gray-enhanced-acquisitions-llc-and-delray-capital-llc/,"[""Debt Collection""]",false,Debt collectors and debt-buying entities; no mortgage-specific conduct.,c3e066182d07a75016a359226e52c8411c63e1c63923d87eda28772aa6829937,Codex (manual summary/tag review),2026-09-26
navy-federal-credit-union,2016-10-11,Navy Federal Credit Union,https://www.consumerfinance.gov/enforcement/actions/navy-federal-credit-union/,"[""Debt Collection""]",false,General credit-union debt-collection threats and account restrictions; no mortgage-specific conduct.,0747f2222fad0faa092be692cea953cab6e9908d734375a38b46549c049435b5,Codex (manual summary/tag review),2026-09-26
flurish-inc-db-lendup,2016-09-27,"Flurish, Inc., d/b/a LendUp",https://www.consumerfinance.gov/enforcement/actions/flurish-inc-db-lendup/,"[""Furnishing"", ""Short Term, Small Dollar""]",false,Small-dollar lending and furnishing.,f9c7ae2c27da9dc9d7ee866c9d624c4634feb2f9b63d1a979551ee999e788cdb,Codex (manual summary/tag review),2026-09-26
tmx-finance-llc,2016-09-26,TMX Finance LLC,https://www.consumerfinance.gov/enforcement/actions/tmx-finance-llc/,"[""Debt Collection"", ""Short Term, Small Dollar""]",false,Auto-title lending and debt collection.,933759d33b814c1450376d2153033f14b56fb7010066c54ac5ad9ef1f275698e,Codex (manual summary/tag review),2026-09-26
prime-marketing-holdings-llc,2016-09-22,"Prime Marketing Holdings, LLC",https://www.consumerfinance.gov/enforcement/actions/prime-marketing-holdings-llc/,"[""Credit Repair""]",false,Credit-repair marketing and advance fees.,d5473e97b34ff22841e78659858e3501a1d7e86d67b6cb955e58f99f71a1a7a0,Codex (manual summary/tag review),2026-09-26
interstate-lending-llc,2016-09-20,"Interstate Lending, LLC",https://www.consumerfinance.gov/enforcement/actions/interstate-lending-llc/,"[""Short Term, Small Dollar""]",false,Auto-title loan advertisements.,bf0c9e5a4149189eaa869305e1759a0de5de82d2509f8999421fdfa626caec10,Codex (manual summary/tag review),2026-09-26
presto-auto-loans-inc,2016-09-20,"Presto Auto Loans, Inc.",https://www.consumerfinance.gov/enforcement/actions/presto-auto-loans-inc/,"[""Short Term, Small Dollar""]",false,Auto-title loan advertisements.,927d4445ae1be8f2e390f3971768e47b97cb9c8abc6f30b1419d814dac8f4321,Codex (manual summary/tag review),2026-09-26
auto-cash-leasing-llc,2016-09-20,"Auto Cash Leasing, LLC",https://www.consumerfinance.gov/enforcement/actions/auto-cash-leasing-llc/,"[""Short Term, Small Dollar""]",false,Auto-title loan advertisements.,927d4445ae1be8f2e390f3971768e47b97cb9c8abc6f30b1419d814dac8f4321,Codex (manual summary/tag review),2026-09-26
oasis-title-loans-llc,2016-09-20,"Oasis Title Loans, LLC",https://www.consumerfinance.gov/enforcement/actions/oasis-title-loans-llc/,"[""Short Term, Small Dollar""]",false,Auto-title loan advertisements.,892975d407956239764a69bd358735a07e144d10cccd2a09d43e5a9b9d25459e,Codex (manual summary/tag review),2026-09-26
phoenix-title-loans-llc,2016-09-20,"Phoenix Title Loans, LLC",https://www.consumerfinance.gov/enforcement/actions/phoenix-title-loans-llc/,"[""Short Term, Small Dollar""]",false,Auto-title loan advertisements.,927d4445ae1be8f2e390f3971768e47b97cb9c8abc6f30b1419d814dac8f4321,Codex (manual summary/tag review),2026-09-26
bridgepoint-education-inc,2016-09-12,"Bridgepoint Education, Inc.",https://www.consumerfinance.gov/enforcement/actions/bridgepoint-education-inc/,"[""Student Loan Origination""]",false,For-profit-college private student loans.,5d67777c6c1560d56b17e3991d82c6e633773b1814ecf2534a0fd91230eb5dcf,Codex (manual summary/tag review),2026-09-26
wells-fargo-bank-2016,2016-09-08,"Wells Fargo Bank, N.A.",https://www.consumerfinance.gov/enforcement/actions/wells-fargo-bank-2016/,"[""Credit Cards"", ""Deposits""]",false,"Unauthorized deposit and credit-card accounts, not mortgage lending.",2f2847884ea57b451fdd84e57815c3291180f6b4adadd1c4cb6cd9d5415a6ccc,Codex (manual summary/tag review),2026-09-26
first-national-bank-omaha,2016-08-25,First National Bank of Omaha,https://www.consumerfinance.gov/enforcement/actions/first-national-bank-omaha/,"[""Credit Cards""]",false,Credit-card add-on products and marketing.,28521a2ae15565e5b75a5030a3ee90ffbb036f1360d8f55f57e55dc5071e1507,Codex (manual summary/tag review),2026-09-26
wells-fargo-bank-na-2016,2016-08-22,"Wells Fargo Bank, N.A.",https://www.consumerfinance.gov/enforcement/actions/wells-fargo-bank-na-2016/,"[""Furnishing"", ""Student Loan Servicing""]",false,Private student-loan servicing and furnishing.,704611ad6985ab98cbedb62b1b3af45a64372ce42861bac5bf9bd080f7bbf2c2,Codex (manual summary/tag review),2026-09-26
santander-bank-n,2016-07-14,"Santander Bank, N.A.",https://www.consumerfinance.gov/enforcement/actions/santander-bank-n/,"[""Deposits""]",false,Deposit overdraft enrollment and marketing.,63cce173854b44cf97d40d080e4caef08daea436dee422ba9574406429ade8b4,Codex (manual summary/tag review),2026-09-26
united-states-america-and-consumer-financial-protection-bureau-v-bancorpsouth-bank,2016-06-29,United States of America and Consumer Financial Protection Bureau v. BancorpSouth Bank,https://www.consumerfinance.gov/enforcement/actions/united-states-america-and-consumer-financial-protection-bureau-v-bancorpsouth-bank/,"[""Fair Lending"", ""Mortgage Origination""]",true,"Discriminatory mortgage lending, redlining, denials and pricing.",609f2bd6b9b227bd36d405b8935a869c059b72229682c196e56b1f2f146acce6,Codex (manual summary/tag review),2026-09-26
intercept-corporation-db-intercepteft-bryan-smith-and-craig-dresser,2016-06-06,"Intercept Corporation, d/b/a InterceptEFT, Bryan Smith, and Craig Dresser",https://www.consumerfinance.gov/enforcement/actions/intercept-corporation-db-intercepteft-bryan-smith-and-craig-dresser/,"[""Payments""]",false,Payment processing for clients including small-dollar lenders; no mortgage-specific conduct identified.,e194d81c4976aafe412bd07889d6fed354e77319f20d4f21e1561730db992d76,Codex (manual summary/tag review),2026-09-26
david-eghbali,2016-05-25,David Eghbali,https://www.consumerfinance.gov/enforcement/actions/david-eghbali/,"[""Mortgage Origination""]",true,Individual Wells Fargo employee mortgage-closing escrow fee-shifting scheme.,b879adf024e2cd80e4319283daf75daaa8ee3a0c1a3b92c6db913e36571bb3d9,Codex (manual summary/tag review),2026-09-26
all-american-check-cashing-inc-mid-state-finance-inc-db-thrifty-check-advance-and-michael-gray,2016-05-11,"All American Check Cashing, Inc., Mid-State Finance, Inc. (d/b/a Thrifty Check Advance), and Michael Gray",https://www.consumerfinance.gov/enforcement/actions/all-american-check-cashing-inc-mid-state-finance-inc-db-thrifty-check-advance-and-michael-gray/,"[""Short Term, Small Dollar""]",false,Payday loans and check-cashing services.,daef3a8976c9f30e3022a38a0264bc642bfdb56b19a5a6db02fe6a4651914511,Codex (manual summary/tag review),2026-09-26
pressler-pressler-llp-sheldon-h-pressler-and-gerard-j-felt,2016-04-25,"Pressler & Pressler, LLP, Sheldon H. Pressler, and Gerard J. Felt",https://www.consumerfinance.gov/enforcement/actions/pressler-pressler-llp-sheldon-h-pressler-and-gerard-j-felt/,"[""Debt Collection""]",false,Debt-collection lawsuits and attorney review.,704dfaf5fffad9d788bc1fd2d04cbf63a9cc445851eed966026aff8efb33519a,Codex (manual summary/tag review),2026-09-26
new-century-financial-services-inc,2016-04-25,"New Century Financial Services, Inc.",https://www.consumerfinance.gov/enforcement/actions/new-century-financial-services-inc/,"[""Debt Collection""]",false,Debt buying and collection lawsuits.,704dfaf5fffad9d788bc1fd2d04cbf63a9cc445851eed966026aff8efb33519a,Codex (manual summary/tag review),2026-09-26
dmitry-fomichev,2016-04-21,Dmitry Fomichev,https://www.consumerfinance.gov/enforcement/actions/dmitry-fomichev/,"[""Short Term, Small Dollar""]",false,Small-dollar loan-application leads and sensitive data sales.,e53ded0f3c5ecbee5f23f4151ec0036a645e4c571a41268050ac6ab11b58a281,Codex (manual summary/tag review),2026-09-26
davit-gasparyan-k-david-gasparyan,2016-04-21,"Davit Gasparyan, a/k/a David Gasparyan",https://www.consumerfinance.gov/enforcement/actions/davit-gasparyan-k-david-gasparyan/,"[""Short Term, Small Dollar""]",false,Small-dollar loan-application leads and sensitive data sales.,8d70c0d1501ae04bac9fb59ff8bb062492d45469b54357427ec365a089c13393,Codex (manual summary/tag review),2026-09-26
student-aid-institute-steven-lamont,2016-03-30,"Student Aid Institute, Steven Lamont",https://www.consumerfinance.gov/enforcement/actions/student-aid-institute-steven-lamont/,"[""Debt Relief""]",false,Federal student-loan debt-relief scam.,b327b7ba4759cb1d6c2bd5c39562a89b6d251b38a07a89a3c9480d9394ce9aed,Codex (manual summary/tag review),2026-09-26
dwolla,2016-03-02,"Dwolla, Inc.",https://www.consumerfinance.gov/enforcement/actions/dwolla/,"[""Payments""]",false,Online payment-platform data-security claims.,8e2d82fa5d1225bb9ec4a9eb20b64ec000c2fe12e521cfe1fc630bcd66e17e7c,Codex (manual summary/tag review),2026-09-26
solomon-and-solomon,2016-02-23,"Solomon & Solomon, P.C.",https://www.consumerfinance.gov/enforcement/actions/solomon-and-solomon/,"[""Debt Collection""]",false,Credit-card debt sale/collection and affidavits; no mortgage-specific conduct identified.,41b603ef5ecdad37a6759f65692a42e2290ace86c94b4ce1c207c752b24eecee,Codex (manual summary/tag review),2026-09-26
citibank-department-stores-national-bank-citifinancial-servicing,2016-02-23,"Citibank, N.A., Department Stores National Bank, and CitiFinancial Servicing, LLC",https://www.consumerfinance.gov/enforcement/actions/citibank-department-stores-national-bank-citifinancial-servicing/,"[""Debt Collection""]",false,Credit-card debt sale/collection and affidavits; mortgage-servicer name alone does not establish mortgage conduct.,41b603ef5ecdad37a6759f65692a42e2290ace86c94b4ce1c207c752b24eecee,Codex (manual summary/tag review),2026-09-26
faloni-associates,2016-02-23,"Faloni & Associates, LLC",https://www.consumerfinance.gov/enforcement/actions/faloni-associates/,"[""Debt Collection""]",false,Credit-card debt collection and affidavits.,41b603ef5ecdad37a6759f65692a42e2290ace86c94b4ce1c207c752b24eecee,Codex (manual summary/tag review),2026-09-26
citibank,2016-02-23,"Citibank, N.A.",https://www.consumerfinance.gov/enforcement/actions/citibank/,"[""Debt Collection""]",false,Credit-card debt sale and collection.,669c0745b83648bbb321a0bff7ba6f0e3d04429c326f2c185ce90b2b29f8aeb6,Codex (manual summary/tag review),2026-09-26
toyota-motor-credit-corporation,2016-02-02,Toyota Motor Credit Corporation,https://www.consumerfinance.gov/enforcement/actions/toyota-motor-credit-corporation/,"[""Auto Finance Origination"", ""Fair Lending""]",false,"Discriminatory auto-loan pricing, not mortgage fair lending.",d38bb938bff7386a7ead05c9f58278afde8289978fe68ff978cc8090a094fe71,Codex (manual summary/tag review),2026-09-26
y-king-s-corp-db-herbies-auto-sales,2016-01-21,"Y King S Corp., d/b/a Herbies Auto Sales",https://www.consumerfinance.gov/enforcement/actions/y-king-s-corp-db-herbies-auto-sales/,"[""Auto Finance Origination""]",false,Used-car financing and auto disclosures.,54eb87fe43d118cfb48f80d8cbe9c84c2c0b71bd5630a8f4fd27b4dad2d4d375,Codex (manual summary/tag review),2026-09-26
d-and-d-marketing-inc-dba-t3leads-grigor-demirchyan-and-marina-demirchyan,2015-12-17,"D and D Marketing, Inc., d/b/a T3Leads, Grigor Demirchyan, and Marina Demirchyan",https://www.consumerfinance.gov/enforcement/actions/d-and-d-marketing-inc-dba-t3leads-grigor-demirchyan-and-marina-demirchyan/,"[""Debt Collection"", ""Short Term, Small Dollar""]",false,Small-dollar loan leads and sensitive consumer data sales.,2f092e940b5066afb3918bf394b82596a15269b3b70f37afe5bfd3314058ee1b,Codex (manual summary/tag review),2026-09-26
interstate-auto-group-carhop-universal-acceptance-corporation,2015-12-17,"Interstate Auto Group, Inc. aka. CarHop, and Universal Acceptance Corporation",https://www.consumerfinance.gov/enforcement/actions/interstate-auto-group-carhop-universal-acceptance-corporation/,"[""Auto Finance Origination"", ""Auto Finance Servicing"", ""Furnishing""]",false,Auto-dealer/auto-finance furnishing.,7c53e4f21b43009429262c0fd91272e0d1e2bf3a02aa28554d874ecf1f756ef7,Codex (manual summary/tag review),2026-09-26
eric-sancho-lead-publisher,2015-12-17,Eric V. Sancho d/b/a Lead Publisher,https://www.consumerfinance.gov/enforcement/actions/eric-sancho-lead-publisher/,"[""Debt Collection""]",false,Leads sold to fraudulent debt collectors.,cbad20021fbd808d502704b44a1be142c8ba3c3f37c2e7cc5954625bb17e74bf,Codex (manual summary/tag review),2026-09-26
ezcorp,2015-12-16,"EZCORP, Inc.,Texas EZPAWN, L.P.,Texas  EZMONEY, L.P. et al.",https://www.consumerfinance.gov/enforcement/actions/ezcorp/,"[""Debt Collection"", ""Short Term, Small Dollar""]",false,Payday/installment loans and illegal collection practices.,b2eff9d8ad6a194b974245a353e0c78183cf0856ae3402598e51f45856f3d9d6,Codex (manual summary/tag review),2026-09-26
collecto,2015-12-07,"Collecto, Inc. d/b/a EOS CCA",https://www.consumerfinance.gov/enforcement/actions/collecto/,"[""Debt Collection"", ""Furnishing""]",false,Old cellphone-debt collection and furnishing.,2a3dc91c471c94868ece5b59c95f7cfcfe314c6a3c9538676bd753698c681ee2,Codex (manual summary/tag review),2026-09-26
clarity-services,2015-12-03,"Clarity Services, Inc., and Timothy Ranney",https://www.consumerfinance.gov/enforcement/actions/clarity-services/,"[""Consumer Reporting Agencies""]",false,General consumer reports obtained without permissible purpose.,fd5086f29b2cbd5266befb8a96368d43e285d8659317e40ed3aa98e7e378354f,Codex (manual summary/tag review),2026-09-26
integrity-advance,2015-11-18,"Integrity Advance, LLC and James R. Carnes",https://www.consumerfinance.gov/enforcement/actions/integrity-advance/,"[""Short Term, Small Dollar""]",false,Short-term online-loan costs and disclosures.,d1e6985b46255cad65906f12c8b9296d7677e11afbaffbe21557b8da51f2b0f0,Codex (manual summary/tag review),2026-09-26
student-financial-resource-center-college-financial-advisory,2015-10-29,"Global Financial Support, Inc. d/b/a Student Financial Resource Center, d/b/a College Financial Advisory; and Armond Aria a/k/a Armond Amir Aria",https://www.consumerfinance.gov/enforcement/actions/student-financial-resource-center-college-financial-advisory/,"[""Other Consumer Product (not lending)""]",false,"Student financial-aid advisory solicitations, not mortgage relief.",69db35fd416af6da7a45a4e6cda75b7a83eb2032ae0524be7de3e31388a7e097,Codex (manual summary/tag review),2026-09-26
general-information-services,2015-10-29,"General Information Services, Inc., and e-Backgroundchecks.com, Inc.",https://www.consumerfinance.gov/enforcement/actions/general-information-services/,"[""Consumer Reporting Agencies""]",false,Employment background-screening reports.,9cb24da138ef300dc67d2faa3a8c752e188bb9a1c1fbcd3589803787d87a0cd2,Codex (manual summary/tag review),2026-09-26
security-national-automotive-acceptance-company,2015-10-28,"Security National Automotive Acceptance Company, LLC.",https://www.consumerfinance.gov/enforcement/actions/security-national-automotive-acceptance-company/,"[""Debt Collection""]",false,Auto-loan debt collection involving servicemembers.,9e475012ce6f974d76a367f104e0d35aaff9e6299c80dfe06d7280137a3da020,Codex (manual summary/tag review),2026-09-26
westlake-services-llc-dba-westlake-financial-services-llc,2015-09-30,"Westlake Services, LLC, d/b/a Westlake Financial Services. LLC, and Wilshire Consumer Credit, LLC, d/b/a as Wilshire Commercial Capital, LLC",https://www.consumerfinance.gov/enforcement/actions/westlake-services-llc-dba-westlake-financial-services-llc/,"[""Auto Finance Origination"", ""Auto Finance Servicing"", ""Debt Collection"", ""Short Term, Small Dollar""]",false,Auto finance and auto-title debt collection.,de4e952c83d15774052d0e74b0ce1bcc23ec750e15b42e0949b6bf8116f89c91,Codex (manual summary/tag review),2026-09-26
fifth-third,2015-09-28,Fifth Third Bank,https://www.consumerfinance.gov/enforcement/actions/fifth-third/,"[""Auto Finance Origination"", ""Fair Lending""]",false,"Discriminatory auto-loan pricing, not mortgage lending.",cc2c9aa9a60e372eb29bf06fc531fb057652e51f3c8ca51728b233ff45436c82,Codex (manual summary/tag review),2026-09-26
fifth-third-bank-2,2015-09-28,Fifth Third Bank,https://www.consumerfinance.gov/enforcement/actions/fifth-third-bank-2/,"[""Credit Cards""]",false,Credit-card add-on product marketing.,eb8824b79ebc3d4cda256e2b48cab1db4a7b97d8d5e7fe28ae7c8221851a4c9b,Codex (manual summary/tag review),2026-09-26
hudson-city-savings-bank-fsb,2015-09-24,"Hudson City Savings Bank, F.S.B.",https://www.consumerfinance.gov/enforcement/actions/hudson-city-savings-bank-fsb/,"[""Fair Lending"", ""Mortgage Origination""]",true,Discriminatory redlining denied minority neighborhoods access to mortgage loans.,7590d133411f4a09592560c97bd636c1b905b4f2effae0c429ca2c37f0e00dbe,Codex (manual summary/tag review),2026-09-26
portfolio-recovery-associates,2015-09-09,"Portfolio Recovery Associates, LLC",https://www.consumerfinance.gov/enforcement/actions/portfolio-recovery-associates/,"[""Debt Collection""]",false,General debt buying/collection practices.,d7796335df79d3803fa4caca36abd218ab627e30427011315276c5d7c0b47349,Codex (manual summary/tag review),2026-09-26
encore,2015-09-09,"Encore Capital Group, Inc., Midland Funding, LLC, Midland Credit Management, Inc. and Asset Acceptance Capital Corp.,",https://www.consumerfinance.gov/enforcement/actions/encore/,"[""Debt Collection"", ""Furnishing""]",false,General debt-buying/collection tactics.,0d3c8d3091f2c50001dd8757c1eb2f517ab854adbb1fa33044c04a286e0b8487,Codex (manual summary/tag review),2026-09-26
pension-advance-companies,2015-08-20,"Pension Funding, LLC; Pension Income, LLC; Steven Covey; Edwin Lichtig; and Rex Hofelter",https://www.consumerfinance.gov/enforcement/actions/pension-advance-companies/,"[""Other Consumer Lending""]",false,Pension-benefit advances and financing disclosures.,f4ba332b99857ee17220fe99e04c1f5b4cf924ece1e150f9f09e8b4a4d597522,Codex (manual summary/tag review),2026-09-26
springstone-financial,2015-08-19,"Springstone Financial, LLC",https://www.consumerfinance.gov/enforcement/actions/springstone-financial/,"[""Credit Cards""]",false,Consumer credit enrollment tactics; Credit Cards tag and no mortgage nexus.,68e16333091f92cb6f17dce5d49e58577e9052c203efefc117c67d321a7ac010,Codex (manual summary/tag review),2026-09-26
orion-processing-world-law,2015-08-17,"Orion Processing, LLC d/b/a World Law Processing, World Credit Repair and World Law Debt et al.",https://www.consumerfinance.gov/enforcement/actions/orion-processing-world-law/,"[""Debt Relief""]",false,Unsecured debt settlement and advance-fee legal-service representations.,3f36125a38b73e3ec7b45730fc7c6e16d97d4cf8a5ffa8c3cd076bdbb9d2d344,Codex (manual summary/tag review),2026-09-26
citizens-financial-group,2015-08-12,"RBS Citizens Financial Group, Inc. ( N/K/A) Citizens Financial Group, Inc.), RBS Citizens, N.A. ( N/K/A Citizens Bank, N.A.), and Citizens Bank of Pennsylvania",https://www.consumerfinance.gov/enforcement/actions/citizens-financial-group/,"[""Deposits""]",false,Deposit discrepancies and failure to credit deposited funds.,52da7d31f81e63c35e8b1baff7c274cfe8cb2ebc5ac236fd11bf627d2014a83a,Codex (manual summary/tag review),2026-09-26
northway-financial-corporation-aka-ndg-enterprise,2015-07-31,"NDG Financial Corp., Northway Financial Corp., Ltd., Northway Broker, Ltd. Et al.",https://www.consumerfinance.gov/enforcement/actions/northway-financial-corporation-aka-ndg-enterprise/,"[""Debt Collection"", ""Short Term, Small Dollar""]",false,Online small-dollar loans and debt collection.,47759b5d5e86dc1c7050a39e40b73a82e77ec20cae0a4fa04f228769cddd8175,Codex (manual summary/tag review),2026-09-26
residential-credit-solutions,2015-07-30,"Residential Credit Solutions, Inc.",https://www.consumerfinance.gov/enforcement/actions/residential-credit-solutions/,"[""Mortgage Servicing""]",true,Mortgage servicer obstructed foreclosure avoidance.,4b40e362d7de9af2a8c449efb0c10672243ecee6f78211e70bad32ceba712371,Codex (manual summary/tag review),2026-09-26
paymap,2015-07-28,"Paymap, Inc.",https://www.consumerfinance.gov/enforcement/actions/paymap/,"[""Mortgage Servicing""]",true,Misleading advertised mortgage-payment program savings.,6980c05d0cde1b4f4f167fc351e665d0d06cf7158d44685005cbac9ac107561c,Codex (manual summary/tag review),2026-09-26
loancare-servicing,2015-07-28,LoanCare LLC.,https://www.consumerfinance.gov/enforcement/actions/loancare-servicing/,"[""Mortgage Servicing""]",true,Misleading advertised mortgage-payment program savings.,6980c05d0cde1b4f4f167fc351e665d0d06cf7158d44685005cbac9ac107561c,Codex (manual summary/tag review),2026-09-26
student-financial-aid-services-fafsa-com,2015-07-23,"Student Financial Aid Services, Inc.",https://www.consumerfinance.gov/enforcement/actions/student-financial-aid-services-fafsa-com/,"[""Other Consumer Product (not lending)""]",false,Student financial-aid application service sales/billing.,6ae24b7bee523a5240c397f4cd7748c41ad3b0ee6e0ae008e0954677ad515d72,Codex (manual summary/tag review),2026-09-26
discover-bank-student-loan-corporation-discover-products,2015-07-22,"Discover Bank, the Student Loan Corporation, and Discover Products, Inc.",https://www.consumerfinance.gov/enforcement/actions/discover-bank-student-loan-corporation-discover-products/,"[""Debt Collection"", ""Student Loan Servicing""]",false,Private student-loan servicing and collection.,1bb5b5db276818ecd05929228f99a1e37d844af51f857f74fbb49163c97d63f2,Codex (manual summary/tag review),2026-09-26
citi-credit-card-add-ons,2015-07-21,"Citibank, N.A.; Department Stores National Bank; and Citicorp Credit Services, Inc. (USA)",https://www.consumerfinance.gov/enforcement/actions/citi-credit-card-add-ons/,"[""Credit Cards""]",false,Credit-card add-on products and services.,453a9ba47e672f94b2cb9212bb664c3407cb4c8d8c54681604087aa43757dc42,Codex (manual summary/tag review),2026-09-26
american-honda-finance-corporation,2015-07-14,American Honda Finance Corporation,https://www.consumerfinance.gov/enforcement/actions/american-honda-finance-corporation/,"[""Auto Finance Origination"", ""Fair Lending""]",false,"Discriminatory auto-finance pricing, not mortgage lending.",8474846dd3684ba8dd371b88a01c8465b8847f9cb0c2b81368a8271204ed23e8,Codex (manual summary/tag review),2026-09-26
jp-morgan-chase-debt-collection,2015-07-08,"Chase Bank, USA N.A. and Chase BankCard Services, Inc.",https://www.consumerfinance.gov/enforcement/actions/jp-morgan-chase-debt-collection/,"[""Debt Collection""]",false,Credit-card debt sales and robo-signed collection documents.,c2193d75b12e531d9a42013a60326a7fb7cc3cee29b8c81d01f1eb1f2a93996c,Codex (manual summary/tag review),2026-09-26
intersections,2015-07-01,"Intersections, Inc.",https://www.consumerfinance.gov/enforcement/actions/intersections/,"[""Credit Cards""]",false,Credit-card add-on vendors and undelivered benefits.,05156b0fe6389892738a370893f1f92516a420d5760ba6090ca1114375fed729,Codex (manual summary/tag review),2026-09-26
affinion,2015-07-01,"Affinion Group Holdings, Inc., Affinion Group Inc., Affinion Group, LLC, et al.",https://www.consumerfinance.gov/enforcement/actions/affinion/,"[""Credit Cards""]",false,Credit-card add-on benefits and billing; order modifications are unrelated to loan modification.,3d6cf35513ffa15a5178250e2327bae98ac16d45e501f9342a03301f32c87756,Codex (manual summary/tag review),2026-09-26
syndicated-office-systems,2015-06-18,"Syndicated Office Systems, LLC, d/b/a Central Financial Control",https://www.consumerfinance.gov/enforcement/actions/syndicated-office-systems/,"[""Debt Collection"", ""Furnishing""]",false,Medical-debt credit-reporting disputes and collection rights.,1374fdaf892e1dca80446553c8f11ce06791fb558944e2ccaa3e8e2d5dde550e,Codex (manual summary/tag review),2026-09-26
guarantee-mortgage,2015-06-05,Guarantee Mortgage Corporation,https://www.consumerfinance.gov/enforcement/actions/guarantee-mortgage/,"[""Mortgage Origination""]",true,Mortgage loan-originator compensation tied to interest rates.,91b20bc7da39628ad3b8eb388e357992183c80a5d575b927e2e78f00139fe231,Codex (manual summary/tag review),2026-09-26
rpm-mortgage,2015-06-04,"RPM Mortgage, Inc. and Erwin Robert Hirt",https://www.consumerfinance.gov/enforcement/actions/rpm-mortgage/,"[""Mortgage Origination""]",true,Mortgage-originator bonuses and steering borrowers into costlier loans.,42df10bdd54ad65fd49314ca93b6bc8175414b95af07683c31eec42a3dbacbda,Codex (manual summary/tag review),2026-09-26
provident-funding-associates-lp,2015-05-28,"Provident Funding Associates, L.P.",https://www.consumerfinance.gov/enforcement/actions/provident-funding-associates-lp/,"[""Fair Lending"", ""Mortgage Origination""]",true,Discriminatory mortgage pricing by borrower race/ethnicity.,ef429efc2aee0dffdfd97f8002c4f8d4b7c46054fa2e1ab6fce8ba7ba4be3191,Codex (manual summary/tag review),2026-09-26
bill-me-later-paypal,2015-05-19,"PayPal, Inc. and Bill Me Later, Inc.",https://www.consumerfinance.gov/enforcement/actions/bill-me-later-paypal/,"[""Payments""]",false,Unauthorized PayPal online credit-product enrollment.,c89b2b3ab93253654739b25c287eb10c3a3a01f2ce0f6b0fcd1fb65f75e60fe7,Codex (manual summary/tag review),2026-09-26
verizon-wireless,2015-05-12,Cellco Partnership d/ba/ Verizon Wireless,https://www.consumerfinance.gov/enforcement/actions/verizon-wireless/,"[""Payments""]",false,Wireless unauthorized third-party billing/payment charges.,4120bd03438ec548bd002b3b30c8340deb9e718abd46aa701e0ea9b5b8851a94,Codex (manual summary/tag review),2026-09-26
nationwide-biweekly-administration,2015-05-11,"Nationwide Biweekly Administration, Inc., Loan Payment Administration LLC, and Daniel S. Lipsky",https://www.consumerfinance.gov/enforcement/actions/nationwide-biweekly-administration/,"[""Mortgage Servicing""]",true,Deceptive mortgage-payment product and promised interest savings.,ca7687e152fc905af0fef77b7e3c4f688b59467cbcf2d85a6babde7b0a69a4c0,Codex (manual summary/tag review),2026-09-26
international-land-consultants,2015-05-01,"International Land Consultants, Inc., Rocco Toscano, Joseph Mazzucco, James Vincent, and James Tague",https://www.consumerfinance.gov/enforcement/actions/international-land-consultants/,"[""Mortgage Origination""]",false,Residential land-development roads and amenities under ILSA; summary does not establish mortgage credit conduct despite Mortgage Origination tag.,97def62e799084823be98b651a1dd9c787c7eb48aad9af5c35a35f0daee58945,Codex (manual summary/tag review),2026-09-26
genuine-title-2,2015-04-29,"Genuine Title, LLC; Brandon Glickstein; Gary Klopp; Adam Mandelberg; William J. Peterson, III; Angela Pobletts; Jay Zukerberg; All County Settlements, LLC; BTS Management and Consulting, LLC; Carroll Abstracts, Inc.; MARC, LLC; Mortgage Services, LLC; and",https://www.consumerfinance.gov/enforcement/actions/genuine-title-2/,"[""Mortgage Origination""]",true,Title company and loan officers exchanged mortgage-referral kickbacks under RESPA.,84dd53cbca28b05f8efadfb834f44f644dfeb1cb75d1bb39955ddf0b32243892,Codex (manual summary/tag review),2026-09-26
regions-bank,2015-04-28,Regions Bank,https://www.consumerfinance.gov/enforcement/actions/regions-bank/,"[""Deposits""]",false,Deposit overdraft fees and Regulation E consent.,0e6cc8a27b12073b18315a12cf9c378130ad093a34f58758303bfb7056e19be7,Codex (manual summary/tag review),2026-09-26
green-tree-servicing-llc,2015-04-21,"Green Tree Servicing, LLC",https://www.consumerfinance.gov/enforcement/actions/green-tree-servicing-llc/,"[""Debt Collection"", ""Furnishing"", ""Mortgage Servicing""]",true,Mortgage servicing abuse of homeowners seeking foreclosure relief.,c3598d627e1be676414a2c1019ef7dce3aeb276d8ff1034774c6b9b66cdc015e,Codex (manual summary/tag review),2026-09-26
military-assistance-company,2015-04-20,"Fort Knox National Company and Military Assistance Company, LLC.",https://www.consumerfinance.gov/enforcement/actions/military-assistance-company/,"[""Other Consumer Lending"", ""Payments""]",false,Military allotment/payment hidden fees.,4de4c81c4d7d899d79e4dbb4bea10c9094003e7e55ecc8a175eb4a624d0f5b62,Codex (manual summary/tag review),2026-09-26
sw-tax-loans-navajo-nation,2015-04-14,"S/W Tax Loans, Inc. formerly d/b/a Fast Refund Loans, Inc.; J Thomas Development of NM, Inc. formerly d/b/a H&R Block; Dennis R. Gonzales; and Jeffrey Scott Thomas",https://www.consumerfinance.gov/enforcement/actions/sw-tax-loans-navajo-nation/,"[""Short Term, Small Dollar""]",false,Tax-refund loans/scheme on Navajo Nation.,deb2c15bdfadd133d208dbfdb067f3d860763ebd62a8dd66a37b56459b468b36,Codex (manual summary/tag review),2026-09-26
rmk-financial-corporation,2015-04-09,R M K Financial Corporation d/b/a Majestic Home Loans,https://www.consumerfinance.gov/enforcement/actions/rmk-financial-corporation/,"[""Mortgage Origination""]",true,Deceptive mortgage advertisements and variable-rate disclosures.,a07a7b0147c9b09f8a65e51460fb187b2d8f4f596b29a2aa51f05c131e7cb49e,Codex (manual summary/tag review),2026-09-26
national-corrective-group,2015-03-30,"National Corrective Group, Inc. (NCG), American Justice Solutions, Inc. d/b/a Corrective Solutions, et al.",https://www.consumerfinance.gov/enforcement/actions/national-corrective-group/,"[""Debt Collection""]",false,Bad-check debt collection and threats of criminal prosecution.,93290cb3512c8a026c4ba14c6805326432489215f3c9d1e14a71467cbc0c444c,Codex (manual summary/tag review),2026-09-26
universal-debt-payment-solutions-llc-et-al,2015-03-26,"Universal Debt & Payment Solutions, LLC, Universal Debt Solutions, LLC, WNY Account Solutions, LLC, and Associated Companies and Individuals",https://www.consumerfinance.gov/enforcement/actions/universal-debt-payment-solutions-llc-et-al/,"[""Debt Collection""]",false,"Phantom-debt collection, payment processors and telemarketing.",049101fdb79e1af6d98abf5dd9c94112bfa63873ff7ff9967ee416fbd2908949,Codex (manual summary/tag review),2026-09-26
flagship-financial,2015-02-12,"Flagship Financial Group, LLC",https://www.consumerfinance.gov/enforcement/actions/flagship-financial/,"[""Mortgage Origination""]",true,Reverse-mortgage advertisements implying government endorsement.,aa71f096f7efbc6fe20c42b222ed2c3e56fcb33f093da899c67b023e208687d7,Codex (manual summary/tag review),2026-09-26
american-preferred,2015-02-12,"American Preferred Lending, Inc.",https://www.consumerfinance.gov/enforcement/actions/american-preferred/,"[""Mortgage Origination""]",true,Reverse-mortgage advertisements implying government endorsement.,aa71f096f7efbc6fe20c42b222ed2c3e56fcb33f093da899c67b023e208687d7,Codex (manual summary/tag review),2026-09-26
all-financial-services,2015-02-12,"All Financial Services, LLC",https://www.consumerfinance.gov/enforcement/actions/all-financial-services/,"[""Mortgage Origination""]",true,Reverse-mortgage advertisements implying government endorsement.,5d421a5a95e3a4d5f1b84e6a47783c8125941888fd9e73fb7d157c916f2ca440,Codex (manual summary/tag review),2026-09-26
new-day-financial,2015-02-10,"New Day Financial, LLC",https://www.consumerfinance.gov/enforcement/actions/new-day-financial/,"[""Mortgage Origination""]",true,VA mortgage-refinance lender and illegal referral-marketing arrangement.,0f184b302b0bbab50cf45521618021ed0f525c01b1dab7e65ee276da230bdbeb,Codex (manual summary/tag review),2026-09-26
continental-finance-company,2015-02-04,"Continental Finance Company, LLC",https://www.consumerfinance.gov/enforcement/actions/continental-finance-company/,"[""Credit Cards""]",false,Subprime credit-card fees.,95893ae9874959bd5d8a72e2f2c88c8691de39a42bac6382d8f928dd5209bb90,Codex (manual summary/tag review),2026-09-26
genuine-title-jp-morgan,2015-01-22,"JPMorgan Chase Bank, N.A.",https://www.consumerfinance.gov/enforcement/actions/genuine-title-jp-morgan/,"[""Mortgage Origination""]",true,JPMorgan mortgage-referral marketing-services kickbacks involving Genuine Title.,1d9c4e881ceca823b2d5c1df7d377395a8c31695ae95e20f8a89bf4aa8e01aec,Codex (manual summary/tag review),2026-09-26
genuine-title,2015-01-22,"Wells Fargo Bank, N.A., JPMorgan Chase Bank, N.A., Elaine Oliphant Cohen, and Todd Cohen",https://www.consumerfinance.gov/enforcement/actions/genuine-title/,"[""Mortgage Origination""]",true,Joint civil mortgage-referral kickback case against banks and individual loan officers.,f4ee094fdc4372c4c2f6435e82702b3ea5bebdeb62b363034d0a323d4d861e37,Codex (manual summary/tag review),2026-09-26
genuine-title-wells-fargo,2015-01-22,"Wells Fargo Bank, N.A.",https://www.consumerfinance.gov/enforcement/actions/genuine-title-wells-fargo/,"[""Mortgage Origination""]",true,Wells Fargo mortgage-referral marketing-services kickbacks involving Genuine Title.,1d9c4e881ceca823b2d5c1df7d377395a8c31695ae95e20f8a89bf4aa8e01aec,Codex (manual summary/tag review),2026-09-26
freedom-furniture,2014-12-18,"Freedom Stores, Inc., Freedom Acceptance Corporation, Military Credit Services LLC, John F.  Melley, and Leonard B. Melley, Jr.",https://www.consumerfinance.gov/enforcement/actions/freedom-furniture/,"[""Debt Collection""]",false,Military retail financing and illegal debt collection.,4b9e1aa92fec204a7a05864400dda1da5a6c526e3cb65ebe354e7ff9383bd764,Codex (manual summary/tag review),2026-09-26
union-workers-credit-services,2014-12-17,"Union Workers Credit Services, Inc.",https://www.consumerfinance.gov/enforcement/actions/union-workers-credit-services/,"[""Consumer Reporting - User"", ""Credit Cards""]",false,Sham credit-card fees and consumer reports.,18c19ccaf3aec57e0b54edf3f92a5b6c02721d009c753e20d78a0c5204079f79,Codex (manual summary/tag review),2026-09-26
sprint-2,2014-12-17,Sprint Corporation,https://www.consumerfinance.gov/enforcement/actions/sprint-2/,"[""Payments""]",false,Wireless unauthorized third-party billing charges.,88be3cb826c8d68f5becf76d86c56db6a6e7cd2e993636733e03f2e8552f64ce,Codex (manual summary/tag review),2026-09-26
college-education-services-marcia-elena-vargas-and-frank-liz,2014-12-11,College Education Services; Marcia Elena Vargas; and Frank Liz,https://www.consumerfinance.gov/enforcement/actions/college-education-services-marcia-elena-vargas-and-frank-liz/,"[""Debt Relief""]",false,Student-loan debt-relief scam and upfront fees.,345b093fc99fa09983104e6fd0d0f8a94dd7239d0c055d742a659509e062a951,Codex (manual summary/tag review),2026-09-26
irvinewebworks-student-loan-processing,2014-12-11,"IrvineWebWorks, Inc. d/b/a Student Loan Processing. US, et al.",https://www.consumerfinance.gov/enforcement/actions/irvinewebworks-student-loan-processing/,"[""Debt Relief""]",false,Student-loan debt-relief scam and upfront fees.,345b093fc99fa09983104e6fd0d0f8a94dd7239d0c055d742a659509e062a951,Codex (manual summary/tag review),2026-09-26
drivetime,2014-11-19,"DriveTime Automotive Group, Inc. and DT Acceptance Corp",https://www.consumerfinance.gov/enforcement/actions/drivetime/,"[""Auto Finance Servicing"", ""Debt Collection"", ""Furnishing""]",false,"Auto-dealer servicing, collection and furnishing.",474a6683f582f21e169e8e2b104d109d46518822dbc905c15fe5d3cfa5480b98,Codex (manual summary/tag review),2026-09-26
franklin-loan-corporation,2014-11-13,Franklin Loan Corporation,https://www.consumerfinance.gov/enforcement/actions/franklin-loan-corporation/,"[""Mortgage Origination""]",true,Mortgage-originator bonuses for steering borrowers into higher-rate loans.,296de329aba6b515142fbc13dc9b502998dc5289785ee1f79f2ceb5e1815ec81,Codex (manual summary/tag review),2026-09-26
mt-bank,2014-10-09,Manufacturers and Traders Trust Company,https://www.consumerfinance.gov/enforcement/actions/mt-bank/,"[""Deposits""]",false,Misleading free-checking deposit advertisements.,e757808e2837a0aa8019ebad089db54ad65d56bf51df9d7e2f7943816248221b,Codex (manual summary/tag review),2026-09-26
lighthouse-title,2014-09-30,"Lighthouse Title, Inc.",https://www.consumerfinance.gov/enforcement/actions/lighthouse-title/,"[""Mortgage Origination""]",true,Title-insurance mortgage-settlement referral agreements.,dcf5eb548b54e4b8d023ff91504aab567b528832cf0c9474bb4e5ee987a77716,Codex (manual summary/tag review),2026-09-26
flagstar,2014-09-29,"Flagstar Bank, F.S.B.",https://www.consumerfinance.gov/enforcement/actions/flagstar/,"[""Mortgage Servicing""]",true,Mortgage servicing and foreclosure-avoidance protections.,0bd7f1d1b5408a08b6740bc16542a38cc7e4c54386897dae1571dee82f83ddd2,Codex (manual summary/tag review),2026-09-26
us-bank,2014-09-25,U.S. Bank National Association,https://www.consumerfinance.gov/enforcement/actions/us-bank/,"[""Credit Cards""]",false,Credit-card identity-protection/monitoring add-on billing.,2fc2b91108f493a4c6561307e91da68e3af517f2a73bc23b6f8a1be4bde5e9c6,Codex (manual summary/tag review),2026-09-26
corinthian-colleges,2014-09-16,"Corinthian Colleges, Inc. d/b/a Everest College, WyoTech, and Heald College",https://www.consumerfinance.gov/enforcement/actions/corinthian-colleges/,"[""Debt Collection"", ""Student Loan Origination""]",false,For-profit-college private student loans and collection.,b0accfc13d190a2a4c1a72e7d381755c9bffe328023b9c0dcff8628f8ccf68c1,Codex (manual summary/tag review),2026-09-26
ssmhydra-group,2014-09-08,"SSM Group, Hydra Financial Limited Fund, CMG Group, LLC, DJR Group, LLC, BCD Group, LLC, et al.",https://www.consumerfinance.gov/enforcement/actions/ssmhydra-group/,"[""Short Term, Small Dollar""]",false,Online payday-loan operation.,d6558769355462e9c83619e684586b47b4ecba468afa102c6bb97a613156f46a,Codex (manual summary/tag review),2026-09-26
global-client-solutions,2014-08-25,"Global Client Solutions, LLC, Global Holdings LLC, Robert Merrick, and Michael Hendrix",https://www.consumerfinance.gov/enforcement/actions/global-client-solutions/,"[""Debt Relief""]",false,Unsecured debt-settlement payment processor and advance fees.,34299a618ef763d68627769b7bfa53d3ec29dc979d5bf3e080b765247268c596,Codex (manual summary/tag review),2026-09-26
first-investors-financial-services,2014-08-20,First Investors Financial Services Group Inc.,https://www.consumerfinance.gov/enforcement/actions/first-investors-financial-services/,"[""Auto Finance Origination"", ""Furnishing""]",false,Auto-finance credit furnishing.,c222099803879c3caa61b99c6213e2af1ecef5a6c18aaf3d21b59772b5dffd90,Codex (manual summary/tag review),2026-09-26
usa-discounters-ltd,2014-08-14,"USA Discounters, Ltd.",https://www.consumerfinance.gov/enforcement/actions/usa-discounters-ltd/,"[""Other Consumer Lending""]",false,Military retail financing fee scam.,1a30a199a6c7a7b1f2145990e82a1b755abdfe748373c3459569c9190d3e7837,Codex (manual summary/tag review),2026-09-26
amerisave-mortgage-novo-appraisal-patrick-markert,2014-08-12,"Amerisave Mortgage Corp., Novo Appraisal Management Co., and Patrick Markert",https://www.consumerfinance.gov/enforcement/actions/amerisave-mortgage-novo-appraisal-patrick-markert/,"[""Mortgage Origination""]",true,Mortgage bait-and-switch lending and affiliated appraisal charges.,cc65e75a624bec8ee8f325e24d19ad81644a35122155d23a13e2cf6ddd355064,Codex (manual summary/tag review),2026-09-26
colfax-capital-corporation-culver-capital-llc-ronald-wilson-william-collins,2014-07-29,"Colfax Capital Corporation, Culver Capital, LLC, Ronald Wilson, and William Collins",https://www.consumerfinance.gov/enforcement/actions/colfax-capital-corporation-culver-capital-llc-ronald-wilson-william-collins/,"[""Debt Collection"", ""Other Consumer Lending""]",false,"Military retail/consumer-finance predatory lending, not mortgages.",e846a7ca395be8e177d46682bcc0c34de6c891960c371bdb12026c3b6783a8c7,Codex (manual summary/tag review),2026-09-26
the-mortgage-law-group-llp-et-al,2014-07-22,"The Mortgage Law Group, LLP d/b/a The Law Firm of Macey, Aleman & Searns, Consumer First Legal Group LLC, Thomas G. Macey, Jeffrey J. Aleman, Jason Searns, and Harold E. Stafford",https://www.consumerfinance.gov/enforcement/actions/the-mortgage-law-group-llp-et-al/,"[""Debt Relief""]",true,"Mortgage-modification assistance advance fees, deception and Regulation O.",708c9cad10a269071c378f011e3cee0d670106aa75dc5f294794b68bba8c2493,Codex (manual summary/tag review),2026-09-26
stephen-siringoringo-alfred-clausen-joshua-cobb-and-corporation-clausen-and-cobb-man,2014-07-22,"Stephen Lyster Siringoringo also d/b/a Siringoringo Law Firm, Clausen & Cobb Management Company, Inc., and Joshua Cobb",https://www.consumerfinance.gov/enforcement/actions/stephen-siringoringo-alfred-clausen-joshua-cobb-and-corporation-clausen-and-cobb-man/,"[""Debt Relief""]",true,"Purported home-loan modifications, advance fees and Regulation O disclosures.",5b8f04d8b13f3d3983a066639158536783d7fd0c7c0ae127edf6fba30b30b418,Codex (manual summary/tag review),2026-09-26
frederick-hanna-associates,2014-07-14,"Frederick J. Hanna & Associates, P.C., Frederick J. Hanna, Joseph C. Cooling, and Robert A. Winter",https://www.consumerfinance.gov/enforcement/actions/frederick-hanna-associates/,"[""Debt Collection""]",false,"Debt-collection lawsuit mill, not mortgage-specific conduct.",e3a4645d8b655ffca2deaf84d8f711932bfc22acb73875037cf569b899956740,Codex (manual summary/tag review),2026-09-26
residential-litigation-group-aka-hoffman-law,2014-07-14,"Michael Harper, Ben Wilcox, Marc Hoffman et al.",https://www.consumerfinance.gov/enforcement/actions/residential-litigation-group-aka-hoffman-law/,"[""Debt Relief""]",true,False foreclosure prevention/mortgage-renegotiation services and illegal advance fees.,eae78ed02c64f720094db5b2572e6eb6fe7f9102f8cd10512975765c1463d859,Codex (manual summary/tag review),2026-09-26
ace-cash-express,2014-07-10,"ACE Cash Express, Inc.",https://www.consumerfinance.gov/enforcement/actions/ace-cash-express/,"[""Debt Collection"", ""Short Term, Small Dollar""]",false,Payday borrowing and debt collection.,8aaaab4ae1892712cf1fa719cc03e396f353a16810289473210fd2ead07d5580,Codex (manual summary/tag review),2026-09-26
synchrony-bank-fka-ge-capital-retail-bank,2014-06-19,"Synchrony Bank, f/k/a GE Capital Retail Bank",https://www.consumerfinance.gov/enforcement/actions/synchrony-bank-fka-ge-capital-retail-bank/,"[""Credit Cards"", ""Fair Lending""]",false,Discriminatory credit-card practices and marketing.,9f2270dca39f179be9338015168c296fd266e96714857c0db78e53bb0f881a42,Codex (manual summary/tag review),2026-09-26
suntrust-mortgage-inc,2014-06-17,"SunTrust Mortgage, Inc.",https://www.consumerfinance.gov/enforcement/actions/suntrust-mortgage-inc/,"[""Mortgage Servicing""]",true,"Mortgage loss mitigation, foreclosure and servicing settlement.",ced33800432543b5f58f3dc00d6e92593c567d02366d4fd3028f43ea0b1e72f4,Codex (manual summary/tag review),2026-09-26
stonebridge-title-services,2014-06-12,"Stonebridge Title Services, Inc.",https://www.consumerfinance.gov/enforcement/actions/stonebridge-title-services/,"[""Mortgage Origination""]",true,Title company mortgage-settlement referral kickbacks.,b3664a70e2bfb699866eb3e4f5432f608c999127d5fcb042179bdc0f4df1f323,Codex (manual summary/tag review),2026-09-26
jrhbw-realty-inc-dba-realtysouth-titlesouth-llc,2014-05-28,"JRHBW Realty, Inc., d/b/a RealtySouth;  TitleSouth, LLC",https://www.consumerfinance.gov/enforcement/actions/jrhbw-realty-inc-dba-realtysouth-titlesouth-llc/,"[""Mortgage Origination""]",true,Home-buying settlement-service affiliated disclosures under mortgage-origination tag.,9c73ff5f8bf82fb3caed4797debdf26d55ce0b279909b85ba77cf4d5aec25a46,Codex (manual summary/tag review),2026-09-26
bank-america-fia-card-services,2014-04-09,"Bank of America, N.A. and FIA Card Services, N.A.",https://www.consumerfinance.gov/enforcement/actions/bank-america-fia-card-services/,"[""Credit Cards""]",false,"Credit-card add-on practices, not mortgage lending.",730bca55bad0bc1aa906d4b90a7e5620420be3f5c73ae0587aea9f06da647314,Codex (manual summary/tag review),2026-09-26
itt-educational-services,2014-02-26,"ITT Educational Services, Inc.",https://www.consumerfinance.gov/enforcement/actions/itt-educational-services/,"[""Student Loan Origination""]",false,For-profit-college private student loans.,e8426af6afea7ec4d954b5a599f3c81430752a1312eae5a440a0806a3fca5e93,Codex (manual summary/tag review),2026-09-26
1st-alliance-lending,2014-02-24,"1st Alliance Lending, LLC (First Alliance)",https://www.consumerfinance.gov/enforcement/actions/1st-alliance-lending/,"[""Mortgage Origination""]",true,Mortgage lender illegally split real-estate settlement fees.,333af70066e8fd9ad8f2220929e1575ee577b76d024fc92a5155b0797104087f,Codex (manual summary/tag review),2026-09-26
phh-corporation,2014-01-29,"PHH Corporation, PHH Mortgage Corporation, PHH Home Loans, LLC, Atrium Insurance Corporation, and Atrium Reinsurance Corporation",https://www.consumerfinance.gov/enforcement/actions/phh-corporation/,"[""Mortgage Origination""]",true,Mortgage-insurance kickback scheme under RESPA.,a4ebc2aa0209e223956569739e9c62219dd78b5dfc55455c32c9e9be4664374c,Codex (manual summary/tag review),2026-09-26
fidelity-mortgage-corporation-mark-figert,2014-01-16,Fidelity Mortgage Corporation and Mark Figert,https://www.consumerfinance.gov/enforcement/actions/fidelity-mortgage-corporation-mark-figert/,"[""Mortgage Origination""]",true,Mortgage lender paid bank kickbacks for real-estate referrals.,b1522af10d26ed3424eb088976d00ca66346ccf7b4aac47382b222627202b8e9,Codex (manual summary/tag review),2026-09-26
american-express-travel-related-services-company,2013-12-24,"American Express Travel Related Services Company, Inc.",https://www.consumerfinance.gov/enforcement/actions/american-express-travel-related-services-company/,"[""Credit Cards""]",false,Credit-card add-on billing and marketing.,12c5078a3b83ad5725763dcae299da9451b19fb4c768982d8e3972544668050f,Codex (manual summary/tag review),2026-09-26
american-express-centurion-bank-2,2013-12-24,American Express Centurion Bank,https://www.consumerfinance.gov/enforcement/actions/american-express-centurion-bank-2/,"[""Credit Cards""]",false,Credit-card add-on billing and marketing.,12c5078a3b83ad5725763dcae299da9451b19fb4c768982d8e3972544668050f,Codex (manual summary/tag review),2026-09-26
american-express-bank-fsb-2,2013-12-24,"American Express Bank, FSB",https://www.consumerfinance.gov/enforcement/actions/american-express-bank-fsb-2/,"[""Credit Cards""]",false,Credit-card add-on billing and marketing.,12c5078a3b83ad5725763dcae299da9451b19fb4c768982d8e3972544668050f,Codex (manual summary/tag review),2026-09-26
national-city-bank-natcity-through-successor-in-interest-pnc,2013-12-23,National City Bank,https://www.consumerfinance.gov/enforcement/actions/national-city-bank-natcity-through-successor-in-interest-pnc/,"[""Fair Lending"", ""Mortgage Origination""]",true,Discriminatory mortgage-loan pricing by race/ethnicity.,3d5c87728342edff722a41d4fe739891f4acd0597b0934890f6aded6ff28094c,Codex (manual summary/tag review),2026-09-26
ally-financial-ally-bank,2013-12-20,Ally Financial Inc. and Ally Bank,https://www.consumerfinance.gov/enforcement/actions/ally-financial-ally-bank/,"[""Auto Finance Origination"", ""Fair Lending""]",false,"Discriminatory auto-loan pricing, not mortgage lending.",807de08b3a82c714c6b6355dd5d5b4b06c68ac3a4ccfd1c15612e079d5d4908b,Codex (manual summary/tag review),2026-09-26
ocwen-financial-corp-and-ocwen-loan-servicing-llc,2013-12-19,"Ocwen Financial Corp. and Ocwen Loan Servicing, LLC",https://www.consumerfinance.gov/enforcement/actions/ocwen-financial-corp-and-ocwen-loan-servicing-llc/,"[""Mortgage Servicing""]",true,Mortgage servicing settlement and principal reduction for underwater borrowers.,ab95488699c9a71abc903ad9240bdce0eb939333016119ae807ba1fc6a9fbe6a,Codex (manual summary/tag review),2026-09-26
cashcall-inc-ws-funding-and-delbert-services,2013-12-16,"CashCall, Inc.; WS Funding, LLC; Delbert Services Corporation; and J. Paul Reddam",https://www.consumerfinance.gov/enforcement/actions/cashcall-inc-ws-funding-and-delbert-services/,"[""Short Term, Small Dollar""]",false,Online small-dollar loan servicing and unlawful collection.,e5b6f516b1997436bdfdb3154818cff8ae8bccee47a7cb19a56f866defb51e35,Codex (manual summary/tag review),2026-09-26
ge-capital-retail-bank-carecredit,2013-12-10,GE Capital Retail Bank and CareCredit LLC,https://www.consumerfinance.gov/enforcement/actions/ge-capital-retail-bank-carecredit/,"[""Credit Cards""]",false,Credit-card enrollment and CareCredit marketing.,bbdccceb6593402f9806e6660a01e34a926b7091d260c8e501d8bc84a639ea1e,Codex (manual summary/tag review),2026-09-26
cash-america-international,2013-11-21,"Cash America International, Inc.",https://www.consumerfinance.gov/enforcement/actions/cash-america-international/,"[""Debt Collection"", ""Short Term, Small Dollar""]",false,"Small-dollar lending, military protections and debt collection.",3c0c02ff67abe8cad9866cd322eeeaf46e32f62d9a4d9e276a22df55d501132a,Codex (manual summary/tag review),2026-09-26
republic-mortgage-insurance-company,2013-11-15,Republic Mortgage Insurance Company,https://www.consumerfinance.gov/enforcement/actions/republic-mortgage-insurance-company/,"[""Mortgage Origination""]",true,Mortgage insurer paid referral kickbacks to lenders.,bf7a107ebcfb2c119753329e413fc56b0cffa9aab3495a20bb9b9e1e6dc97026,Codex (manual summary/tag review),2026-09-26
borders-and-borders-plc-harry-borders-john-borders-jr-j-david-borders,2013-10-24,"Borders & Borders, PLC; Harry Borders; John Borders, Jr.; and J. David Borders",https://www.consumerfinance.gov/enforcement/actions/borders-and-borders-plc-harry-borders-john-borders-jr-j-david-borders/,"[""Mortgage Origination""]",true,Real-estate settlement/title-insurance referral kickbacks by law firm and principals.,a872ed5c48a7966697d6a151cac6d66ad4aaae32835fa4a7b2e89f0bd81325b8,Codex (manual summary/tag review),2026-09-26
mortgage-master-inc,2013-10-09,"Mortgage Master, Inc.",https://www.consumerfinance.gov/enforcement/actions/mortgage-master-inc/,"[""Fair Lending"", ""Mortgage Origination""]",true,Mortgage lender HMDA reporting and compliance.,11eeba8160fa368e57fd3621ce0e43a1e32770546e39b0e7d319c0d4bb93d3ed,Codex (manual summary/tag review),2026-09-26
washington-federal,2013-10-09,Washington Federal,https://www.consumerfinance.gov/enforcement/actions/washington-federal/,"[""Fair Lending"", ""Mortgage Origination""]",true,HMDA mortgage-transaction reporting for 2011.,5a1cdc4c9f1628a0646cd53e4a0c97b4a582ca498a11e5b95d878698d1949eff,Codex (manual summary/tag review),2026-09-26
meracord-llc-linda-remsberg,2013-10-03,Meracord LLC and Linda Remsberg,https://www.consumerfinance.gov/enforcement/actions/meracord-llc-linda-remsberg/,"[""Debt Relief""]",false,Unsecured debt-settlement payment processing and advance fees.,8420ae3e5b351fe94d300e962a27df7d6ffe61b2b7c62f54ef676ca8359cd436,Codex (manual summary/tag review),2026-09-26
jpmorgan-chase-bank-usa,2013-09-09,"JPMorgan Chase Bank, N.A.; and Chase Bank USA, N.A.",https://www.consumerfinance.gov/enforcement/actions/jpmorgan-chase-bank-usa/,"[""Credit Cards""]",false,Credit-card add-on products and practices.,8f9170870156068e034a66f2f6599cdd65514ec8595c9b32581e56d352453608,Codex (manual summary/tag review),2026-09-26
morgan-drexen-inc-walter-ledda,2013-08-20,"Morgan Drexen, Inc. and Walter Ledda",https://www.consumerfinance.gov/enforcement/actions/morgan-drexen-inc-walter-ledda/,"[""Debt Relief""]",false,Unsecured debt-relief advance fees; no mortgage-specific conduct in summary.,e4c216cdbbca8057b9cec5ecf5d739b4b5f56d121838b715f255d2648f112031,Codex (manual summary/tag review),2026-09-26
castle-cooke-mortgage,2013-07-23,"Castle & Cooke Mortgage, LLC; Matthew A. Pineda, individually; and Buck L. Hawkins",https://www.consumerfinance.gov/enforcement/actions/castle-cooke-mortgage/,"[""Mortgage Origination""]",true,Mortgage loan-officer bonuses for steering consumers into higher-rate loans.,60e353f6beb93fc87eb57ee3b895a52ff3eab06f8c75c3b6f4d76f98e44040a9,Codex (manual summary/tag review),2026-09-26
dealers-financial-services-llc,2013-06-26,"Dealers’ Financial Services, LLC",https://www.consumerfinance.gov/enforcement/actions/dealers-financial-services-llc/,"[""Auto Finance Origination""]",false,"Military auto loans, add-ons and deceptive lending disclosures.",d393a473799aba5906bcebed7f053ccfa174e05774aadd3f0e4fbfc8693cb87d,Codex (manual summary/tag review),2026-09-26
dealers-financial-services,2013-06-26,U.S. Bank National Association,https://www.consumerfinance.gov/enforcement/actions/dealers-financial-services/,"[""Auto Finance Origination""]",false,"Military auto loans, add-ons and deceptive lending disclosures.",d393a473799aba5906bcebed7f053ccfa174e05774aadd3f0e4fbfc8693cb87d,Codex (manual summary/tag review),2026-09-26
3d-resorts-bluegrass,2013-06-14,"3D Resorts-Bluegrass, LLC (Green Farm)",https://www.consumerfinance.gov/enforcement/actions/3d-resorts-bluegrass/,"[""Other Consumer Product (not lending)""]",false,"Resort lot-sales registration/marketing under ILSA, not mortgage origination or servicing.",89221a5206b73e2e489a849d4298238649580ad142594f6b5d58ddb84209cf77,Codex (manual summary/tag review),2026-09-26
american-debt-settlement-solutions-inc-michael-depanni,2013-05-30,"American Debt Settlement Solutions, Inc.,and Michael DiPanni",https://www.consumerfinance.gov/enforcement/actions/american-debt-settlement-solutions-inc-michael-depanni/,"[""Debt Relief""]",false,General debt-relief company advance fees; no mortgage nexus.,d10a741fd633007feb87b0adceff611479df151f582fce480bd2dcf8f2782e22,Codex (manual summary/tag review),2026-09-26
paul-taylor-paul-taylor-homes-limited-paul-taylor-corp,2013-05-17,"Paul Taylor, Paul Taylor Homes Limited, and Paul Taylor Corp",https://www.consumerfinance.gov/enforcement/actions/paul-taylor-paul-taylor-homes-limited-paul-taylor-corp/,"[""Mortgage Origination""]",true,Homebuilder mortgage-business referral kickbacks.,9c6022f3e1c6ad2eef8b9ce04d41aca6154986283e9095acfc253ecd41c3cc53,Codex (manual summary/tag review),2026-09-26
premier-consulting-group-llc-and-law-office-michael-lupolover,2013-05-07,Premier Consulting Group LLC and Law Office of Michael Lupolover,https://www.consumerfinance.gov/enforcement/actions/premier-consulting-group-llc-and-law-office-michael-lupolover/,"[""Debt Relief""]",false,Debt-settlement advance fees; no mortgage-specific conduct.,67265b8ad62076e9c9fd04009a74abcfb9d318a55fd402fd743aebce25018819,Codex (manual summary/tag review),2026-09-26
united-guaranty-corporation,2013-04-04,United Guaranty Corporation,https://www.consumerfinance.gov/enforcement/actions/united-guaranty-corporation/,"[""Mortgage Origination""]",true,Mortgage-insurance referral kickbacks to lenders.,6cfe0d2c04bc263ec05ee066e814fff996ca95abcef85c53952a1d2ab37bb90e,Codex (manual summary/tag review),2026-09-26
mortgage-guaranty-insurance-corporation,2013-04-04,Mortgage Guaranty Insurance Corporation,https://www.consumerfinance.gov/enforcement/actions/mortgage-guaranty-insurance-corporation/,"[""Mortgage Origination""]",true,Mortgage-insurance referral kickbacks to lenders.,6cfe0d2c04bc263ec05ee066e814fff996ca95abcef85c53952a1d2ab37bb90e,Codex (manual summary/tag review),2026-09-26
genworth-mortgage-insurance-corporation,2013-04-04,Genworth Mortgage Insurance Corporation,https://www.consumerfinance.gov/enforcement/actions/genworth-mortgage-insurance-corporation/,"[""Mortgage Origination""]",true,Mortgage-insurance referral kickbacks to lenders.,6cfe0d2c04bc263ec05ee066e814fff996ca95abcef85c53952a1d2ab37bb90e,Codex (manual summary/tag review),2026-09-26
radian-guaranty-inc,2013-04-04,"Radian Guaranty, Inc.",https://www.consumerfinance.gov/enforcement/actions/radian-guaranty-inc/,"[""Mortgage Origination""]",true,Mortgage-insurance referral kickbacks to lenders.,6cfe0d2c04bc263ec05ee066e814fff996ca95abcef85c53952a1d2ab37bb90e,Codex (manual summary/tag review),2026-09-26
payday-loan-debt-solution,2012-12-14,"Payday Loan Debt Solution, Inc., and Sanjeet Parvani",https://www.consumerfinance.gov/enforcement/actions/payday-loan-debt-solution/,"[""Debt Relief""]",false,"Debt-settlement advance fees, not mortgage assistance.",ddd0573bbacdf745921aa345df59ccbddf65182eb6e114851c8d6b8fbb350a6b,Codex (manual summary/tag review),2026-09-26
national-legal-help-center,2012-12-03,"Najia Jalan, National Legal Help Center, Inc., and Richard K. Nelson",https://www.consumerfinance.gov/enforcement/actions/national-legal-help-center/,"[""Debt Relief""]",true,False mortgage-relief/legal-representation promises to homeowners.,c86eb87815e89b737fa1011baa38ad39a747277fb9da299d1062919b02bf1d38,Codex (manual summary/tag review),2026-09-26
american-express-centurion-bank,2012-10-01,American Express Centurion Bank,https://www.consumerfinance.gov/enforcement/actions/american-express-centurion-bank/,"[""Credit Cards"", ""Debt Collection"", ""Fair Lending"", ""Furnishing""]",false,"Credit-card consumer-protection investigation, not mortgage conduct.",9ee624cb9fa6962e886f5f396d0dac3be1730241451ce56b2a1188471dc9d0ad,Codex (manual summary/tag review),2026-09-26
american-express-bank-fsb,2012-10-01,"American Express Bank, FSB",https://www.consumerfinance.gov/enforcement/actions/american-express-bank-fsb/,"[""Credit Cards"", ""Debt Collection"", ""Furnishing""]",false,"Credit-card consumer-protection investigation, not mortgage conduct.",9ee624cb9fa6962e886f5f396d0dac3be1730241451ce56b2a1188471dc9d0ad,Codex (manual summary/tag review),2026-09-26
american-express-travel-related-services,2012-10-01,"American Express Travel Related Services Company, Inc.",https://www.consumerfinance.gov/enforcement/actions/american-express-travel-related-services/,"[""Credit Cards""]",false,"Credit-card consumer-protection investigation, not mortgage conduct.",9ee624cb9fa6962e886f5f396d0dac3be1730241451ce56b2a1188471dc9d0ad,Codex (manual summary/tag review),2026-09-26
discover-bank,2012-09-24,Discover Bank,https://www.consumerfinance.gov/enforcement/actions/discover-bank/,"[""Payments""]",false,Credit-card add-on telemarketing despite Payments tag.,164cde96b23e51c59e63097dfdc65fe36eeb94b8e8cc102eaca788feed38e405,Codex (manual summary/tag review),2026-09-26
capital-one-bank,2012-07-18,Capital One Bank,https://www.consumerfinance.gov/enforcement/actions/capital-one-bank/,"[""Credit Cards""]",false,Credit-card add-on product marketing.,50054ad54ef146c2d51416f1ff27672bfae30d74184c71fcd6f0179140ba90c6,Codex (manual summary/tag review),2026-09-26
chance-edward-gordon-dba-gordon-associates,2012-07-17,"Chance Edward Gordon d/b/a Gordon & Associates, Abraham Michael Pessar et al.",https://www.consumerfinance.gov/enforcement/actions/chance-edward-gordon-dba-gordon-associates/,"[""Debt Relief""]",true,Mortgage-modification/foreclosure-prevention scams and advance fees.,ea857ce1e6feee1d2a084350a1aa9e57b8083a8f6f0bf2875f3f16b4d43c53e3,Codex (manual summary/tag review),2026-09-26
